Asset Family,Asset/Technology,Recon,Scanning/Enumeration,Vulnerability Assessment,Identity/Auth,Web/API/Application,OT/ICS,Validation/Business Impact,Reporting/Retest,Safety,Knowledge_Unit_IDs,Standards_References,Assessment_Mode,Preconditions,Evidence_Expected
External / Internet-Facing,domains,Y,Y,Y,Context,Context,N/A,Y,Y,Controlled,MFG-E011;MFG-E020;MFG-E021;MFG-E022;MFG-E045;MFG-E071;MFG-E252;MFG-E266,NIST SP 800-115; OWASP WSTG; OWASP Top 10; OWASP API Security Top 10,Active + manual validation where authorized; non-destructive by default,Written authorization; confirmed scope; test accounts/access; testing window; logging/evidence plan,Asset inventory; architecture/trust-boundary notes; configuration or request/response evidence; timestamps; approved screenshots/logs; finding references as applicable
External / Internet-Facing,subdomains,Y,Y,Y,Context,Context,N/A,Y,Y,Controlled,MFG-E011;MFG-E020;MFG-E021;MFG-E022;MFG-E045;MFG-E071;MFG-E252;MFG-E266,NIST SP 800-115; OWASP WSTG; OWASP Top 10; OWASP API Security Top 10,Active + manual validation where authorized; non-destructive by default,Written authorization; confirmed scope; test accounts/access; testing window; logging/evidence plan,Asset inventory; architecture/trust-boundary notes; configuration or request/response evidence; timestamps; approved screenshots/logs; finding references as applicable
External / Internet-Facing,DNS,Y,Y,Y,Context,Context,N/A,Y,Y,Controlled,MFG-E011;MFG-E013;MFG-E020;MFG-E021;MFG-E022;MFG-E045;MFG-E052;MFG-E071;MFG-E252;MFG-E266,NIST SP 800-115; OWASP WSTG; OWASP Top 10; OWASP API Security Top 10,Active + manual validation where authorized; non-destructive by default,Written authorization; confirmed scope; test accounts/access; testing window; logging/evidence plan,Asset inventory; architecture/trust-boundary notes; configuration or request/response evidence; timestamps; approved screenshots/logs; finding references as applicable
External / Internet-Facing,public IPs,Y,Y,Y,Context,Context,N/A,Y,Y,Controlled,MFG-E011;MFG-E020;MFG-E021;MFG-E022;MFG-E045;MFG-E071;MFG-E238;MFG-E252;MFG-E266,NIST SP 800-115; OWASP WSTG; OWASP Top 10; OWASP API Security Top 10,Active + manual validation where authorized; non-destructive by default,Written authorization; confirmed scope; test accounts/access; testing window; logging/evidence plan,Asset inventory; architecture/trust-boundary notes; configuration or request/response evidence; timestamps; approved screenshots/logs; finding references as applicable
External / Internet-Facing,internet gateways,Y,Y,Y,Context,Context,N/A,Y,Y,Controlled,MFG-E011;MFG-E020;MFG-E021;MFG-E022;MFG-E045;MFG-E071;MFG-E252;MFG-E266,NIST SP 800-115; OWASP WSTG; OWASP Top 10; OWASP API Security Top 10,Active + manual validation where authorized; non-destructive by default,Written authorization; confirmed scope; test accounts/access; testing window; logging/evidence plan,Asset inventory; architecture/trust-boundary notes; configuration or request/response evidence; timestamps; approved screenshots/logs; finding references as applicable
External / Internet-Facing,edge routers,Y,Y,Y,Context,Context,N/A,Y,Y,Controlled,MFG-E011;MFG-E020;MFG-E021;MFG-E022;MFG-E045;MFG-E071;MFG-E252;MFG-E266,NIST SP 800-115; OWASP WSTG; OWASP Top 10; OWASP API Security Top 10,Active + manual validation where authorized; non-destructive by default,Written authorization; confirmed scope; test accounts/access; testing window; logging/evidence plan,Asset inventory; architecture/trust-boundary notes; configuration or request/response evidence; timestamps; approved screenshots/logs; finding references as applicable
External / Internet-Facing,firewalls,Y,Y,Y,Context,Context,N/A,Y,Y,Controlled,MFG-E011;MFG-E020;MFG-E021;MFG-E022;MFG-E045;MFG-E060;MFG-E071;MFG-E156;MFG-E197;MFG-E252;MFG-E266,NIST SP 800-115; OWASP WSTG; OWASP Top 10; OWASP API Security Top 10,Active + manual validation where authorized; non-destructive by default,Written authorization; confirmed scope; test accounts/access; testing window; logging/evidence plan,Asset inventory; architecture/trust-boundary notes; configuration or request/response evidence; timestamps; approved screenshots/logs; finding references as applicable
External / Internet-Facing,WAF,Y,Y,Y,Context,Context,N/A,Y,Y,Controlled,MFG-E011;MFG-E020;MFG-E021;MFG-E022;MFG-E045;MFG-E071;MFG-E252;MFG-E266,NIST SP 800-115; OWASP WSTG; OWASP Top 10; OWASP API Security Top 10,Active + manual validation where authorized; non-destructive by default,Written authorization; confirmed scope; test accounts/access; testing window; logging/evidence plan,Asset inventory; architecture/trust-boundary notes; configuration or request/response evidence; timestamps; approved screenshots/logs; finding references as applicable
External / Internet-Facing,load balancers,Y,Y,Y,Y,Context,N/A,Y,Y,Controlled,MFG-E011;MFG-E020;MFG-E021;MFG-E022;MFG-E045;MFG-E071;MFG-E097;MFG-E252;MFG-E266,NIST SP 800-115; OWASP WSTG; OWASP Top 10; OWASP API Security Top 10,Active + manual validation where authorized; non-destructive by default,Written authorization; confirmed scope; test accounts/access; testing window; logging/evidence plan,Asset inventory; architecture/trust-boundary notes; configuration or request/response evidence; timestamps; approved screenshots/logs; finding references as applicable
External / Internet-Facing,reverse proxies,Y,Y,Y,Context,Context,N/A,Y,Y,Controlled,MFG-E011;MFG-E020;MFG-E021;MFG-E022;MFG-E045;MFG-E071;MFG-E252;MFG-E266,NIST SP 800-115; OWASP WSTG; OWASP Top 10; OWASP API Security Top 10,Active + manual validation where authorized; non-destructive by default,Written authorization; confirmed scope; test accounts/access; testing window; logging/evidence plan,Asset inventory; architecture/trust-boundary notes; configuration or request/response evidence; timestamps; approved screenshots/logs; finding references as applicable
External / Internet-Facing,CDN,Y,Y,Y,Context,Context,N/A,Y,Y,Controlled,MFG-E011;MFG-E020;MFG-E021;MFG-E022;MFG-E045;MFG-E071;MFG-E252;MFG-E266,NIST SP 800-115; OWASP WSTG; OWASP Top 10; OWASP API Security Top 10,Active + manual validation where authorized; non-destructive by default,Written authorization; confirmed scope; test accounts/access; testing window; logging/evidence plan,Asset inventory; architecture/trust-boundary notes; configuration or request/response evidence; timestamps; approved screenshots/logs; finding references as applicable
External / Internet-Facing,API gateways,Y,Y,Y,Y,Y,N/A,Y,Y,Controlled,MFG-E011;MFG-E020;MFG-E021;MFG-E022;MFG-E045;MFG-E048;MFG-E071;MFG-E074;MFG-E097;MFG-E109;MFG-E117;MFG-E118;MFG-E141;MFG-E191;MFG-E233;MFG-E247;MFG-E252;MFG-E266;MFG-X452,NIST SP 800-115; OWASP WSTG; OWASP Top 10; OWASP API Security Top 10,Active + manual validation where authorized; non-destructive by default,Written authorization; confirmed scope; test accounts/access; testing window; logging/evidence plan,Asset inventory; architecture/trust-boundary notes; configuration or request/response evidence; timestamps; approved screenshots/logs; finding references as applicable
External / Internet-Facing,web applications,Y,Y,Y,Y,Y,N/A,Y,Y,Controlled,MFG-E011;MFG-E020;MFG-E021;MFG-E022;MFG-E045;MFG-E071;MFG-E097;MFG-E117;MFG-E252;MFG-E266,NIST SP 800-115; OWASP WSTG; OWASP Top 10; OWASP API Security Top 10,Active + manual validation where authorized; non-destructive by default,Written authorization; confirmed scope; test accounts/access; testing window; logging/evidence plan,Asset inventory; architecture/trust-boundary notes; configuration or request/response evidence; timestamps; approved screenshots/logs; finding references as applicable
External / Internet-Facing,admin panels,Y,Y,Y,Y,Context,N/A,Y,Y,Controlled,MFG-E011;MFG-E020;MFG-E021;MFG-E022;MFG-E045;MFG-E071;MFG-E097;MFG-E252;MFG-E266,NIST SP 800-115; OWASP WSTG; OWASP Top 10; OWASP API Security Top 10,Active + manual validation where authorized; non-destructive by default,Written authorization; confirmed scope; test accounts/access; testing window; logging/evidence plan,Asset inventory; architecture/trust-boundary notes; configuration or request/response evidence; timestamps; approved screenshots/logs; finding references as applicable
External / Internet-Facing,cPanel/hosting panels,Y,Y,Y,Context,Context,N/A,Y,Y,Controlled,MFG-E011;MFG-E020;MFG-E021;MFG-E022;MFG-E045;MFG-E071;MFG-E252;MFG-E266,NIST SP 800-115; OWASP WSTG; OWASP Top 10; OWASP API Security Top 10,Active + manual validation where authorized; non-destructive by default,Written authorization; confirmed scope; test accounts/access; testing window; logging/evidence plan,Asset inventory; architecture/trust-boundary notes; configuration or request/response evidence; timestamps; approved screenshots/logs; finding references as applicable
External / Internet-Facing,webmail,Y,Y,Y,Y,Y,N/A,Y,Y,Controlled,MFG-E011;MFG-E020;MFG-E021;MFG-E022;MFG-E045;MFG-E071;MFG-E097;MFG-E117;MFG-E252;MFG-E266,NIST SP 800-115; OWASP WSTG; OWASP Top 10; OWASP API Security Top 10,Active + manual validation where authorized; non-destructive by default,Written authorization; confirmed scope; test accounts/access; testing window; logging/evidence plan,Asset inventory; architecture/trust-boundary notes; configuration or request/response evidence; timestamps; approved screenshots/logs; finding references as applicable
External / Internet-Facing,customer portals,Y,Y,Y,Y,Y,N/A,Y,Y,Controlled,MFG-E011;MFG-E020;MFG-E021;MFG-E022;MFG-E045;MFG-E071;MFG-E097;MFG-E117;MFG-E252;MFG-E266,NIST SP 800-115; OWASP WSTG; OWASP Top 10; OWASP API Security Top 10,Active + manual validation where authorized; non-destructive by default,Written authorization; confirmed scope; test accounts/access; testing window; logging/evidence plan,Asset inventory; architecture/trust-boundary notes; configuration or request/response evidence; timestamps; approved screenshots/logs; finding references as applicable
External / Internet-Facing,supplier portals,Y,Y,Y,Y,Y,N/A,Y,Y,Controlled,MFG-E011;MFG-E020;MFG-E021;MFG-E022;MFG-E045;MFG-E071;MFG-E097;MFG-E117;MFG-E252;MFG-E266,NIST SP 800-115; OWASP WSTG; OWASP Top 10; OWASP API Security Top 10,Active + manual validation where authorized; non-destructive by default,Written authorization; confirmed scope; test accounts/access; testing window; logging/evidence plan,Asset inventory; architecture/trust-boundary notes; configuration or request/response evidence; timestamps; approved screenshots/logs; finding references as applicable
External / Internet-Facing,RFQ portals,Y,Y,Y,Y,Y,N/A,Y,Y,Controlled,MFG-E011;MFG-E020;MFG-E021;MFG-E022;MFG-E045;MFG-E071;MFG-E097;MFG-E117;MFG-E252;MFG-E266,NIST SP 800-115; OWASP WSTG; OWASP Top 10; OWASP API Security Top 10,Active + manual validation where authorized; non-destructive by default,Written authorization; confirmed scope; test accounts/access; testing window; logging/evidence plan,Asset inventory; architecture/trust-boundary notes; configuration or request/response evidence; timestamps; approved screenshots/logs; finding references as applicable
External / Internet-Facing,authentication portals,Y,Y,Y,Y,Y,N/A,Y,Y,Controlled,MFG-E011;MFG-E020;MFG-E021;MFG-E022;MFG-E045;MFG-E071;MFG-E097;MFG-E117;MFG-E252;MFG-E266,NIST SP 800-115; OWASP WSTG; OWASP Top 10; OWASP API Security Top 10,Active + manual validation where authorized; non-destructive by default,Written authorization; confirmed scope; test accounts/access; testing window; logging/evidence plan,Asset inventory; architecture/trust-boundary notes; configuration or request/response evidence; timestamps; approved screenshots/logs; finding references as applicable
External / Internet-Facing,VPN gateways,Y,Y,Y,Y,Context,N/A,Y,Y,Controlled,MFG-E011;MFG-E019;MFG-E020;MFG-E021;MFG-E022;MFG-E045;MFG-E050;MFG-E071;MFG-E075;MFG-E097;MFG-E200;MFG-E246;MFG-E252;MFG-E266,NIST SP 800-115; OWASP WSTG; OWASP Top 10; OWASP API Security Top 10,Active + manual validation where authorized; non-destructive by default,Written authorization; confirmed scope; test accounts/access; testing window; logging/evidence plan,Asset inventory; architecture/trust-boundary notes; configuration or request/response evidence; timestamps; approved screenshots/logs; finding references as applicable
External / Internet-Facing,remote-access portals,Y,Y,Y,Y,Y,N/A,Y,Y,Controlled,MFG-E011;MFG-E020;MFG-E021;MFG-E022;MFG-E045;MFG-E071;MFG-E097;MFG-E117;MFG-E252;MFG-E266,NIST SP 800-115; OWASP WSTG; OWASP Top 10; OWASP API Security Top 10,Active + manual validation where authorized; non-destructive by default,Written authorization; confirmed scope; test accounts/access; testing window; logging/evidence plan,Asset inventory; architecture/trust-boundary notes; configuration or request/response evidence; timestamps; approved screenshots/logs; finding references as applicable
External / Internet-Facing,public cloud endpoints,Y,Y,Y,Y,Y,N/A,Y,Y,Controlled,MFG-E011;MFG-E020;MFG-E021;MFG-E022;MFG-E045;MFG-E071;MFG-E097;MFG-E117;MFG-E248;MFG-E252;MFG-E266;MFG-X305;MFG-X389;MFG-X433;MFG-X434;MFG-X435;MFG-X436;MFG-X437;MFG-X438;MFG-X440;MFG-X445,NIST SP 800-115; OWASP WSTG; OWASP Top 10; OWASP API Security Top 10,Active + manual validation where authorized; non-destructive by default,Written authorization; confirmed scope; test accounts/access; testing window; logging/evidence plan,Asset inventory; architecture/trust-boundary notes; configuration or request/response evidence; timestamps; approved screenshots/logs; finding references as applicable
External / Internet-Facing,public storage,Y,Y,Y,Context,Context,N/A,Y,Y,Controlled,MFG-E011;MFG-E020;MFG-E021;MFG-E022;MFG-E045;MFG-E071;MFG-E252;MFG-E266,NIST SP 800-115; OWASP WSTG; OWASP Top 10; OWASP API Security Top 10,Active + manual validation where authorized; non-destructive by default,Written authorization; confirmed scope; test accounts/access; testing window; logging/evidence plan,Asset inventory; architecture/trust-boundary notes; configuration or request/response evidence; timestamps; approved screenshots/logs; finding references as applicable
Corporate IT,Windows servers,Y,Y,Y,Y,Context,N/A,Y,Y,Controlled,MFG-E011;MFG-E045;MFG-E071;MFG-E073;MFG-E074;MFG-E075;MFG-E097;MFG-E252;MFG-E266,NIST SP 800-115; CIS Controls,Active + manual validation where authorized; non-destructive by default,Written authorization; confirmed scope; test accounts/access; testing window; logging/evidence plan,Asset inventory; architecture/trust-boundary notes; configuration or request/response evidence; timestamps; approved screenshots/logs; finding references as applicable
Corporate IT,Linux servers,Y,Y,Y,Y,Context,N/A,Y,Y,Controlled,MFG-E011;MFG-E045;MFG-E071;MFG-E073;MFG-E074;MFG-E075;MFG-E097;MFG-E252;MFG-E266,NIST SP 800-115; CIS Controls,Active + manual validation where authorized; non-destructive by default,Written authorization; confirmed scope; test accounts/access; testing window; logging/evidence plan,Asset inventory; architecture/trust-boundary notes; configuration or request/response evidence; timestamps; approved screenshots/logs; finding references as applicable
Corporate IT,application servers,Y,Y,Y,Y,Context,N/A,Y,Y,Controlled,MFG-E011;MFG-E045;MFG-E071;MFG-E073;MFG-E074;MFG-E075;MFG-E097;MFG-E252;MFG-E266,NIST SP 800-115; CIS Controls,Active + manual validation where authorized; non-destructive by default,Written authorization; confirmed scope; test accounts/access; testing window; logging/evidence plan,Asset inventory; architecture/trust-boundary notes; configuration or request/response evidence; timestamps; approved screenshots/logs; finding references as applicable
Corporate IT,web servers,Y,Y,Y,Y,Y,N/A,Y,Y,Controlled,MFG-E011;MFG-E045;MFG-E071;MFG-E073;MFG-E074;MFG-E075;MFG-E097;MFG-E117;MFG-E252;MFG-E266,NIST SP 800-115; OWASP WSTG; OWASP Top 10; OWASP API Security Top 10; CIS Controls,Active + manual validation where authorized; non-destructive by default,Written authorization; confirmed scope; test accounts/access; testing window; logging/evidence plan,Asset inventory; architecture/trust-boundary notes; configuration or request/response evidence; timestamps; approved screenshots/logs; finding references as applicable
Corporate IT,database servers,Y,Y,Y,Y,Y,N/A,Y,Y,Controlled,MFG-E011;MFG-E045;MFG-E071;MFG-E073;MFG-E074;MFG-E075;MFG-E097;MFG-E117;MFG-E252;MFG-E266,NIST SP 800-115; CIS Controls,Active + manual validation where authorized; non-destructive by default,Written authorization; confirmed scope; test accounts/access; testing window; logging/evidence plan,Asset inventory; architecture/trust-boundary notes; configuration or request/response evidence; timestamps; approved screenshots/logs; finding references as applicable
Corporate IT,file servers,Y,Y,Y,Y,Context,N/A,Y,Y,Controlled,MFG-E011;MFG-E045;MFG-E071;MFG-E073;MFG-E074;MFG-E075;MFG-E097;MFG-E252;MFG-E266,NIST SP 800-115; CIS Controls,Active + manual validation where authorized; non-destructive by default,Written authorization; confirmed scope; test accounts/access; testing window; logging/evidence plan,Asset inventory; architecture/trust-boundary notes; configuration or request/response evidence; timestamps; approved screenshots/logs; finding references as applicable
Corporate IT,backup servers,Y,Y,Y,Y,Context,N/A,Y,Y,Controlled,MFG-E011;MFG-E045;MFG-E070;MFG-E071;MFG-E073;MFG-E074;MFG-E075;MFG-E086;MFG-E097;MFG-E168;MFG-E231;MFG-E252;MFG-E266;MFG-X361;MFG-X362;MFG-X365;MFG-X366;MFG-X367;MFG-X368;MFG-X369,NIST SP 800-115; CIS Controls,Active + manual validation where authorized; non-destructive by default,Written authorization; confirmed scope; test accounts/access; testing window; logging/evidence plan,Asset inventory; architecture/trust-boundary notes; configuration or request/response evidence; timestamps; approved screenshots/logs; finding references as applicable
Corporate IT,DNS/DHCP/NTP,Y,Y,Y,Context,Context,N/A,Y,Y,Controlled,MFG-E011;MFG-E045;MFG-E071;MFG-E073;MFG-E074;MFG-E075;MFG-E252;MFG-E266,NIST SP 800-115; CIS Controls,Active + manual validation where authorized; non-destructive by default,Written authorization; confirmed scope; test accounts/access; testing window; logging/evidence plan,Asset inventory; architecture/trust-boundary notes; configuration or request/response evidence; timestamps; approved screenshots/logs; finding references as applicable
Corporate IT,Active Directory,Y,Y,Y,Context,Context,N/A,Y,Y,Controlled,MFG-E011;MFG-E045;MFG-E057;MFG-E071;MFG-E073;MFG-E074;MFG-E075;MFG-E082;MFG-E104;MFG-E252;MFG-E266,NIST SP 800-115; CIS Controls,Active + manual validation where authorized; non-destructive by default,Written authorization; confirmed scope; test accounts/access; testing window; logging/evidence plan,Asset inventory; architecture/trust-boundary notes; configuration or request/response evidence; timestamps; approved screenshots/logs; finding references as applicable
Corporate IT,Domain Controllers,Y,Y,Y,Context,Context,N/A,Y,Y,Controlled,MFG-E011;MFG-E012;MFG-E045;MFG-E071;MFG-E073;MFG-E074;MFG-E075;MFG-E252;MFG-E266,NIST SP 800-115; CIS Controls,Active + manual validation where authorized; non-destructive by default,Written authorization; confirmed scope; test accounts/access; testing window; logging/evidence plan,Asset inventory; architecture/trust-boundary notes; configuration or request/response evidence; timestamps; approved screenshots/logs; finding references as applicable
Corporate IT,LDAP,Y,Y,Y,Y,Context,N/A,Y,Y,Controlled,MFG-E011;MFG-E045;MFG-E071;MFG-E073;MFG-E074;MFG-E075;MFG-E097;MFG-E105;MFG-E252;MFG-E266,NIST SP 800-115; CIS Controls,Active + manual validation where authorized; non-destructive by default,Written authorization; confirmed scope; test accounts/access; testing window; logging/evidence plan,Asset inventory; architecture/trust-boundary notes; configuration or request/response evidence; timestamps; approved screenshots/logs; finding references as applicable
Corporate IT,Entra ID/IdP,Y,Y,Y,Context,Context,N/A,Y,Y,Controlled,MFG-E011;MFG-E045;MFG-E071;MFG-E073;MFG-E074;MFG-E075;MFG-E252;MFG-E266,NIST SP 800-115; CIS Controls,Active + manual validation where authorized; non-destructive by default,Written authorization; confirmed scope; test accounts/access; testing window; logging/evidence plan,Asset inventory; architecture/trust-boundary notes; configuration or request/response evidence; timestamps; approved screenshots/logs; finding references as applicable
Corporate IT,SSO,Y,Y,Y,Context,Context,N/A,Y,Y,Controlled,MFG-E011;MFG-E045;MFG-E071;MFG-E073;MFG-E074;MFG-E075;MFG-E252;MFG-E266,NIST SP 800-115; CIS Controls,Active + manual validation where authorized; non-destructive by default,Written authorization; confirmed scope; test accounts/access; testing window; logging/evidence plan,Asset inventory; architecture/trust-boundary notes; configuration or request/response evidence; timestamps; approved screenshots/logs; finding references as applicable
Corporate IT,MFA infrastructure,Y,Y,Y,Context,Context,N/A,Y,Y,Controlled,MFG-E011;MFG-E045;MFG-E071;MFG-E073;MFG-E074;MFG-E075;MFG-E100;MFG-E252;MFG-E266,NIST SP 800-115; CIS Controls,Active + manual validation where authorized; non-destructive by default,Written authorization; confirmed scope; test accounts/access; testing window; logging/evidence plan,Asset inventory; architecture/trust-boundary notes; configuration or request/response evidence; timestamps; approved screenshots/logs; finding references as applicable
Corporate IT,PKI/certificate authorities,Y,Y,Y,Context,Context,N/A,Y,Y,Controlled,MFG-E011;MFG-E045;MFG-E071;MFG-E073;MFG-E074;MFG-E075;MFG-E252;MFG-E266,NIST SP 800-115; CIS Controls,Active + manual validation where authorized; non-destructive by default,Written authorization; confirmed scope; test accounts/access; testing window; logging/evidence plan,Asset inventory; architecture/trust-boundary notes; configuration or request/response evidence; timestamps; approved screenshots/logs; finding references as applicable
Corporate IT,PAM,Y,Y,Y,Context,Context,N/A,Y,Y,Controlled,MFG-E011;MFG-E045;MFG-E071;MFG-E073;MFG-E074;MFG-E075;MFG-E252;MFG-E266,NIST SP 800-115; CIS Controls,Active + manual validation where authorized; non-destructive by default,Written authorization; confirmed scope; test accounts/access; testing window; logging/evidence plan,Asset inventory; architecture/trust-boundary notes; configuration or request/response evidence; timestamps; approved screenshots/logs; finding references as applicable
Corporate IT,endpoints,Y,Y,Y,Context,Context,N/A,Y,Y,Controlled,MFG-E011;MFG-E045;MFG-E071;MFG-E073;MFG-E074;MFG-E075;MFG-E252;MFG-E266,NIST SP 800-115; CIS Controls,Active + manual validation where authorized; non-destructive by default,Written authorization; confirmed scope; test accounts/access; testing window; logging/evidence plan,Asset inventory; architecture/trust-boundary notes; configuration or request/response evidence; timestamps; approved screenshots/logs; finding references as applicable
Corporate IT,engineering laptops,Y,Y,Y,Context,Context,N/A,Y,Y,Controlled,MFG-E011;MFG-E045;MFG-E071;MFG-E073;MFG-E074;MFG-E075;MFG-E252;MFG-E266,NIST SP 800-115; CIS Controls,Active + manual validation where authorized; non-destructive by default,Written authorization; confirmed scope; test accounts/access; testing window; logging/evidence plan,Asset inventory; architecture/trust-boundary notes; configuration or request/response evidence; timestamps; approved screenshots/logs; finding references as applicable
Corporate IT,thin clients,Y,Y,Y,Context,Context,N/A,Y,Y,Controlled,MFG-E011;MFG-E045;MFG-E071;MFG-E073;MFG-E074;MFG-E075;MFG-E252;MFG-E266,NIST SP 800-115; CIS Controls,Active + manual validation where authorized; non-destructive by default,Written authorization; confirmed scope; test accounts/access; testing window; logging/evidence plan,Asset inventory; architecture/trust-boundary notes; configuration or request/response evidence; timestamps; approved screenshots/logs; finding references as applicable
Corporate IT,mobile devices,Y,Y,Y,Context,Context,N/A,Y,Y,Controlled,MFG-E011;MFG-E045;MFG-E071;MFG-E073;MFG-E074;MFG-E075;MFG-E252;MFG-E266,NIST SP 800-115; OWASP WSTG; OWASP Top 10; OWASP API Security Top 10; CIS Controls,Active + manual validation where authorized; non-destructive by default,Written authorization; confirmed scope; test accounts/access; testing window; logging/evidence plan,Asset inventory; architecture/trust-boundary notes; configuration or request/response evidence; timestamps; approved screenshots/logs; finding references as applicable
Corporate IT,printers,Y,Y,Y,Context,Context,N/A,Y,Y,Controlled,MFG-E011;MFG-E045;MFG-E071;MFG-E073;MFG-E074;MFG-E075;MFG-E252;MFG-E266;MFG-X462,NIST SP 800-115; CIS Controls,Active + manual validation where authorized; non-destructive by default,Written authorization; confirmed scope; test accounts/access; testing window; logging/evidence plan,Asset inventory; architecture/trust-boundary notes; configuration or request/response evidence; timestamps; approved screenshots/logs; finding references as applicable
Corporate IT,scanners,Y,Y,Y,Context,Context,N/A,Y,Y,Controlled,MFG-E011;MFG-E045;MFG-E071;MFG-E073;MFG-E074;MFG-E075;MFG-E252;MFG-E266,NIST SP 800-115; CIS Controls,Active + manual validation where authorized; non-destructive by default,Written authorization; confirmed scope; test accounts/access; testing window; logging/evidence plan,Asset inventory; architecture/trust-boundary notes; configuration or request/response evidence; timestamps; approved screenshots/logs; finding references as applicable
Corporate IT,NAS,Y,Y,Y,Context,Context,N/A,Y,Y,Controlled,MFG-E011;MFG-E045;MFG-E071;MFG-E073;MFG-E074;MFG-E075;MFG-E230;MFG-E252;MFG-E266,NIST SP 800-115; CIS Controls,Active + manual validation where authorized; non-destructive by default,Written authorization; confirmed scope; test accounts/access; testing window; logging/evidence plan,Asset inventory; architecture/trust-boundary notes; configuration or request/response evidence; timestamps; approved screenshots/logs; finding references as applicable
Corporate IT,SAN,Y,Y,Y,Context,Context,N/A,Y,Y,Controlled,MFG-E011;MFG-E012;MFG-E013;MFG-E017;MFG-E018;MFG-E037;MFG-E042;MFG-E043;MFG-E045;MFG-E071;MFG-E073;MFG-E074;MFG-E075;MFG-E230;MFG-E252;MFG-E266,NIST SP 800-115; CIS Controls,Active + manual validation where authorized; non-destructive by default,Written authorization; confirmed scope; test accounts/access; testing window; logging/evidence plan,Asset inventory; architecture/trust-boundary notes; configuration or request/response evidence; timestamps; approved screenshots/logs; finding references as applicable
Corporate IT,VMware,Y,Y,Y,Context,Context,N/A,Y,Y,Controlled,MFG-E011;MFG-E045;MFG-E071;MFG-E073;MFG-E074;MFG-E075;MFG-E252;MFG-E266,NIST SP 800-115; CIS Controls,Active + manual validation where authorized; non-destructive by default,Written authorization; confirmed scope; test accounts/access; testing window; logging/evidence plan,Asset inventory; architecture/trust-boundary notes; configuration or request/response evidence; timestamps; approved screenshots/logs; finding references as applicable
Corporate IT,Hyper-V,Y,Y,Y,Context,Context,N/A,Y,Y,Controlled,MFG-E011;MFG-E045;MFG-E071;MFG-E073;MFG-E074;MFG-E075;MFG-E252;MFG-E266,NIST SP 800-115; CIS Controls,Active + manual validation where authorized; non-destructive by default,Written authorization; confirmed scope; test accounts/access; testing window; logging/evidence plan,Asset inventory; architecture/trust-boundary notes; configuration or request/response evidence; timestamps; approved screenshots/logs; finding references as applicable
Corporate IT,KVM,Y,Y,Y,Context,Context,N/A,Y,Y,Controlled,MFG-E011;MFG-E045;MFG-E071;MFG-E073;MFG-E074;MFG-E075;MFG-E252;MFG-E266,NIST SP 800-115; CIS Controls,Active + manual validation where authorized; non-destructive by default,Written authorization; confirmed scope; test accounts/access; testing window; logging/evidence plan,Asset inventory; architecture/trust-boundary notes; configuration or request/response evidence; timestamps; approved screenshots/logs; finding references as applicable
Corporate IT,management servers,Y,Y,Y,Y,Context,N/A,Y,Y,Controlled,MFG-E011;MFG-E045;MFG-E071;MFG-E073;MFG-E074;MFG-E075;MFG-E097;MFG-E252;MFG-E266,NIST SP 800-115; CIS Controls,Active + manual validation where authorized; non-destructive by default,Written authorization; confirmed scope; test accounts/access; testing window; logging/evidence plan,Asset inventory; architecture/trust-boundary notes; configuration or request/response evidence; timestamps; approved screenshots/logs; finding references as applicable
Corporate IT,patch-management,Y,Y,Y,Context,Context,N/A,Y,Y,Controlled,MFG-E011;MFG-E045;MFG-E071;MFG-E073;MFG-E074;MFG-E075;MFG-E169;MFG-E241;MFG-E252;MFG-E266;MFG-X330,NIST SP 800-115; CIS Controls,Active + manual validation where authorized; non-destructive by default,Written authorization; confirmed scope; test accounts/access; testing window; logging/evidence plan,Asset inventory; architecture/trust-boundary notes; configuration or request/response evidence; timestamps; approved screenshots/logs; finding references as applicable
Corporate IT,software-deployment,Y,Y,Y,Context,Context,N/A,Y,Y,Controlled,MFG-E011;MFG-E045;MFG-E071;MFG-E073;MFG-E074;MFG-E075;MFG-E252;MFG-E266,NIST SP 800-115; CIS Controls,Active + manual validation where authorized; non-destructive by default,Written authorization; confirmed scope; test accounts/access; testing window; logging/evidence plan,Asset inventory; architecture/trust-boundary notes; configuration or request/response evidence; timestamps; approved screenshots/logs; finding references as applicable
Corporate IT,MDM,Y,Y,Y,Context,Context,N/A,Y,Y,Controlled,MFG-E011;MFG-E045;MFG-E071;MFG-E073;MFG-E074;MFG-E075;MFG-E252;MFG-E266,NIST SP 800-115; CIS Controls,Active + manual validation where authorized; non-destructive by default,Written authorization; confirmed scope; test accounts/access; testing window; logging/evidence plan,Asset inventory; architecture/trust-boundary notes; configuration or request/response evidence; timestamps; approved screenshots/logs; finding references as applicable
Enterprise & Business Applications,ERP,Y,Y,Y,Y,Y,N/A,Y,Y,Controlled,MFG-E011;MFG-E016;MFG-E027;MFG-E045;MFG-E071;MFG-E097;MFG-E110;MFG-E117;MFG-E118;MFG-E119;MFG-E120;MFG-E127;MFG-E128;MFG-E252;MFG-E266;MFG-X305;MFG-X318,NIST SP 800-115; OWASP WSTG; OWASP Top 10; OWASP API Security Top 10,Active + manual validation where authorized; non-destructive by default,Written authorization; confirmed scope; test accounts/access; testing window; logging/evidence plan,Asset inventory; architecture/trust-boundary notes; configuration or request/response evidence; timestamps; approved screenshots/logs; finding references as applicable
Enterprise & Business Applications,SAP,Y,Y,Y,Context,Y,N/A,Y,Y,Controlled,MFG-E011;MFG-E016;MFG-E027;MFG-E045;MFG-E071;MFG-E110;MFG-E117;MFG-E118;MFG-E119;MFG-E120;MFG-E127;MFG-E128;MFG-E252;MFG-E266;MFG-X305;MFG-X318,NIST SP 800-115; OWASP WSTG; OWASP Top 10; OWASP API Security Top 10,Active + manual validation where authorized; non-destructive by default,Written authorization; confirmed scope; test accounts/access; testing window; logging/evidence plan,Asset inventory; architecture/trust-boundary notes; configuration or request/response evidence; timestamps; approved screenshots/logs; finding references as applicable
Enterprise & Business Applications,SAP HANA,Y,Y,Y,Context,Y,N/A,Y,Y,Controlled,MFG-E011;MFG-E016;MFG-E027;MFG-E045;MFG-E071;MFG-E110;MFG-E117;MFG-E118;MFG-E119;MFG-E120;MFG-E127;MFG-E128;MFG-E252;MFG-E266;MFG-X305;MFG-X318,NIST SP 800-115; OWASP WSTG; OWASP Top 10; OWASP API Security Top 10,Active + manual validation where authorized; non-destructive by default,Written authorization; confirmed scope; test accounts/access; testing window; logging/evidence plan,Asset inventory; architecture/trust-boundary notes; configuration or request/response evidence; timestamps; approved screenshots/logs; finding references as applicable
Enterprise & Business Applications,Oracle ERP,Y,Y,Y,Y,Y,N/A,Y,Y,Controlled,MFG-E011;MFG-E016;MFG-E027;MFG-E045;MFG-E071;MFG-E097;MFG-E110;MFG-E117;MFG-E118;MFG-E119;MFG-E120;MFG-E127;MFG-E128;MFG-E252;MFG-E266;MFG-X305;MFG-X318,NIST SP 800-115; OWASP WSTG; OWASP Top 10; OWASP API Security Top 10,Active + manual validation where authorized; non-destructive by default,Written authorization; confirmed scope; test accounts/access; testing window; logging/evidence plan,Asset inventory; architecture/trust-boundary notes; configuration or request/response evidence; timestamps; approved screenshots/logs; finding references as applicable
Enterprise & Business Applications,Dynamics,Y,Y,Y,Context,Context,N/A,Y,Y,Controlled,MFG-E011;MFG-E045;MFG-E071;MFG-E118;MFG-E119;MFG-E120;MFG-E252;MFG-E266,NIST SP 800-115; OWASP WSTG; OWASP Top 10; OWASP API Security Top 10,Active + manual validation where authorized; non-destructive by default,Written authorization; confirmed scope; test accounts/access; testing window; logging/evidence plan,Asset inventory; architecture/trust-boundary notes; configuration or request/response evidence; timestamps; approved screenshots/logs; finding references as applicable
Enterprise & Business Applications,CRM,Y,Y,Y,Context,Y,N/A,Y,Y,Controlled,MFG-E011;MFG-E033;MFG-E045;MFG-E071;MFG-E117;MFG-E118;MFG-E119;MFG-E120;MFG-E133;MFG-E252;MFG-E266,NIST SP 800-115; OWASP WSTG; OWASP Top 10; OWASP API Security Top 10,Active + manual validation where authorized; non-destructive by default,Written authorization; confirmed scope; test accounts/access; testing window; logging/evidence plan,Asset inventory; architecture/trust-boundary notes; configuration or request/response evidence; timestamps; approved screenshots/logs; finding references as applicable
Enterprise & Business Applications,HRMS,Y,Y,Y,Context,Y,N/A,Y,Y,Controlled,MFG-E011;MFG-E034;MFG-E045;MFG-E071;MFG-E117;MFG-E118;MFG-E119;MFG-E120;MFG-E134;MFG-E252;MFG-E266,NIST SP 800-115; OWASP WSTG; OWASP Top 10; OWASP API Security Top 10,Active + manual validation where authorized; non-destructive by default,Written authorization; confirmed scope; test accounts/access; testing window; logging/evidence plan,Asset inventory; architecture/trust-boundary notes; configuration or request/response evidence; timestamps; approved screenshots/logs; finding references as applicable
Enterprise & Business Applications,finance systems,Y,Y,Y,Context,Context,N/A,Y,Y,Controlled,MFG-E011;MFG-E045;MFG-E071;MFG-E118;MFG-E119;MFG-E120;MFG-E252;MFG-E266,NIST SP 800-115; OWASP WSTG; OWASP Top 10; OWASP API Security Top 10,Active + manual validation where authorized; non-destructive by default,Written authorization; confirmed scope; test accounts/access; testing window; logging/evidence plan,Asset inventory; architecture/trust-boundary notes; configuration or request/response evidence; timestamps; approved screenshots/logs; finding references as applicable
Enterprise & Business Applications,procurement systems,Y,Y,Y,Context,Context,N/A,Y,Y,Controlled,MFG-E011;MFG-E045;MFG-E071;MFG-E118;MFG-E119;MFG-E120;MFG-E252;MFG-E266,NIST SP 800-115; OWASP WSTG; OWASP Top 10; OWASP API Security Top 10,Active + manual validation where authorized; non-destructive by default,Written authorization; confirmed scope; test accounts/access; testing window; logging/evidence plan,Asset inventory; architecture/trust-boundary notes; configuration or request/response evidence; timestamps; approved screenshots/logs; finding references as applicable
Enterprise & Business Applications,supply-chain systems,Y,Y,Y,Context,Context,N/A,Y,Y,Controlled,MFG-E011;MFG-E043;MFG-E045;MFG-E071;MFG-E118;MFG-E119;MFG-E120;MFG-E208;MFG-E209;MFG-E252;MFG-E263;MFG-E266;MFG-X454,NIST SP 800-115; OWASP WSTG; OWASP Top 10; OWASP API Security Top 10,Active + manual validation where authorized; non-destructive by default,Written authorization; confirmed scope; test accounts/access; testing window; logging/evidence plan,Asset inventory; architecture/trust-boundary notes; configuration or request/response evidence; timestamps; approved screenshots/logs; finding references as applicable
Enterprise & Business Applications,document management,Y,Y,Y,Context,Context,N/A,Y,Y,Controlled,MFG-E011;MFG-E045;MFG-E071;MFG-E118;MFG-E119;MFG-E120;MFG-E143;MFG-E252;MFG-E266,NIST SP 800-115; OWASP WSTG; OWASP Top 10; OWASP API Security Top 10,Active + manual validation where authorized; non-destructive by default,Written authorization; confirmed scope; test accounts/access; testing window; logging/evidence plan,Asset inventory; architecture/trust-boundary notes; configuration or request/response evidence; timestamps; approved screenshots/logs; finding references as applicable
Enterprise & Business Applications,collaboration,Y,Y,Y,Context,Context,N/A,Y,Y,Controlled,MFG-E011;MFG-E045;MFG-E071;MFG-E118;MFG-E119;MFG-E120;MFG-E252;MFG-E266,NIST SP 800-115; OWASP WSTG; OWASP Top 10; OWASP API Security Top 10,Active + manual validation where authorized; non-destructive by default,Written authorization; confirmed scope; test accounts/access; testing window; logging/evidence plan,Asset inventory; architecture/trust-boundary notes; configuration or request/response evidence; timestamps; approved screenshots/logs; finding references as applicable
Enterprise & Business Applications,email,Y,Y,Y,Context,Context,N/A,Y,Y,Controlled,MFG-E011;MFG-E018;MFG-E045;MFG-E071;MFG-E118;MFG-E119;MFG-E120;MFG-E252;MFG-E266;MFG-X347,NIST SP 800-115; OWASP WSTG; OWASP Top 10; OWASP API Security Top 10,Active + manual validation where authorized; non-destructive by default,Written authorization; confirmed scope; test accounts/access; testing window; logging/evidence plan,Asset inventory; architecture/trust-boundary notes; configuration or request/response evidence; timestamps; approved screenshots/logs; finding references as applicable
Enterprise & Business Applications,Microsoft 365/Google Workspace,Y,Y,Y,Context,Context,N/A,Y,Y,Controlled,MFG-E011;MFG-E045;MFG-E071;MFG-E118;MFG-E119;MFG-E120;MFG-E252;MFG-E266,NIST SP 800-115; OWASP WSTG; OWASP Top 10; OWASP API Security Top 10,Active + manual validation where authorized; non-destructive by default,Written authorization; confirmed scope; test accounts/access; testing window; logging/evidence plan,Asset inventory; architecture/trust-boundary notes; configuration or request/response evidence; timestamps; approved screenshots/logs; finding references as applicable
Manufacturing Operations,MES,Y,Y,Y,Y,Y,N/A,Y,Y,Controlled,MFG-E011;MFG-E028;MFG-E045;MFG-E071;MFG-E097;MFG-E111;MFG-E117;MFG-E121;MFG-E122;MFG-E123;MFG-E129;MFG-E140;MFG-E252;MFG-E266,NIST SP 800-115; OWASP WSTG; OWASP Top 10; OWASP API Security Top 10,Active + manual validation where authorized; non-destructive by default,Written authorization; confirmed scope; test accounts/access; testing window; logging/evidence plan,Asset inventory; architecture/trust-boundary notes; configuration or request/response evidence; timestamps; approved screenshots/logs; finding references as applicable
Manufacturing Operations,MOM,Y,Y,Y,Context,Context,N/A,Y,Y,Controlled,MFG-E011;MFG-E028;MFG-E045;MFG-E071;MFG-E121;MFG-E122;MFG-E123;MFG-E252;MFG-E266,NIST SP 800-115; OWASP WSTG; OWASP Top 10; OWASP API Security Top 10,Active + manual validation where authorized; non-destructive by default,Written authorization; confirmed scope; test accounts/access; testing window; logging/evidence plan,Asset inventory; architecture/trust-boundary notes; configuration or request/response evidence; timestamps; approved screenshots/logs; finding references as applicable
Manufacturing Operations,QMS,Y,Y,Y,Y,Y,N/A,Y,Y,Controlled,MFG-E011;MFG-E029;MFG-E045;MFG-E071;MFG-E097;MFG-E111;MFG-E117;MFG-E121;MFG-E122;MFG-E123;MFG-E130;MFG-E252;MFG-E266,NIST SP 800-115; OWASP WSTG; OWASP Top 10; OWASP API Security Top 10,Active + manual validation where authorized; non-destructive by default,Written authorization; confirmed scope; test accounts/access; testing window; logging/evidence plan,Asset inventory; architecture/trust-boundary notes; configuration or request/response evidence; timestamps; approved screenshots/logs; finding references as applicable
Manufacturing Operations,WMS,Y,Y,Y,Y,Y,N/A,Y,Y,Controlled,MFG-E011;MFG-E030;MFG-E045;MFG-E071;MFG-E097;MFG-E117;MFG-E121;MFG-E122;MFG-E123;MFG-E131;MFG-E252;MFG-E266,NIST SP 800-115; OWASP WSTG; OWASP Top 10; OWASP API Security Top 10,Active + manual validation where authorized; non-destructive by default,Written authorization; confirmed scope; test accounts/access; testing window; logging/evidence plan,Asset inventory; architecture/trust-boundary notes; configuration or request/response evidence; timestamps; approved screenshots/logs; finding references as applicable
Manufacturing Operations,CMMS,Y,Y,Y,Y,Y,N/A,Y,Y,Controlled,MFG-E011;MFG-E031;MFG-E045;MFG-E071;MFG-E097;MFG-E117;MFG-E121;MFG-E122;MFG-E123;MFG-E132;MFG-E252;MFG-E266,NIST SP 800-115; OWASP WSTG; OWASP Top 10; OWASP API Security Top 10,Active + manual validation where authorized; non-destructive by default,Written authorization; confirmed scope; test accounts/access; testing window; logging/evidence plan,Asset inventory; architecture/trust-boundary notes; configuration or request/response evidence; timestamps; approved screenshots/logs; finding references as applicable
Manufacturing Operations,LIMS,Y,Y,Y,Context,Context,N/A,Y,Y,Controlled,MFG-E011;MFG-E045;MFG-E071;MFG-E121;MFG-E122;MFG-E123;MFG-E252;MFG-E266,NIST SP 800-115; OWASP WSTG; OWASP Top 10; OWASP API Security Top 10,Active + manual validation where authorized; non-destructive by default,Written authorization; confirmed scope; test accounts/access; testing window; logging/evidence plan,Asset inventory; architecture/trust-boundary notes; configuration or request/response evidence; timestamps; approved screenshots/logs; finding references as applicable
Manufacturing Operations,SCM,Y,Y,Y,Context,Context,N/A,Y,Y,Controlled,MFG-E011;MFG-E032;MFG-E045;MFG-E071;MFG-E121;MFG-E122;MFG-E123;MFG-E252;MFG-E266,NIST SP 800-115; OWASP WSTG; OWASP Top 10; OWASP API Security Top 10,Active + manual validation where authorized; non-destructive by default,Written authorization; confirmed scope; test accounts/access; testing window; logging/evidence plan,Asset inventory; architecture/trust-boundary notes; configuration or request/response evidence; timestamps; approved screenshots/logs; finding references as applicable
Manufacturing Operations,production scheduling,Y,Y,Y,Context,Context,N/A,Y,Y,Controlled,MFG-E011;MFG-E045;MFG-E071;MFG-E121;MFG-E122;MFG-E123;MFG-E252;MFG-E266,NIST SP 800-115; OWASP WSTG; OWASP Top 10; OWASP API Security Top 10,Active + manual validation where authorized; non-destructive by default,Written authorization; confirmed scope; test accounts/access; testing window; logging/evidence plan,Asset inventory; architecture/trust-boundary notes; configuration or request/response evidence; timestamps; approved screenshots/logs; finding references as applicable
Manufacturing Operations,OEE,Y,Y,Y,Context,Context,N/A,Y,Y,Controlled,MFG-E011;MFG-E045;MFG-E071;MFG-E121;MFG-E122;MFG-E123;MFG-E252;MFG-E266,NIST SP 800-115; OWASP WSTG; OWASP Top 10; OWASP API Security Top 10,Active + manual validation where authorized; non-destructive by default,Written authorization; confirmed scope; test accounts/access; testing window; logging/evidence plan,Asset inventory; architecture/trust-boundary notes; configuration or request/response evidence; timestamps; approved screenshots/logs; finding references as applicable
Manufacturing Operations,traceability,Y,Y,Y,Context,Context,N/A,Y,Y,Controlled,MFG-E011;MFG-E045;MFG-E071;MFG-E121;MFG-E122;MFG-E123;MFG-E252;MFG-E266,NIST SP 800-115; OWASP WSTG; OWASP Top 10; OWASP API Security Top 10,Active + manual validation where authorized; non-destructive by default,Written authorization; confirmed scope; test accounts/access; testing window; logging/evidence plan,Asset inventory; architecture/trust-boundary notes; configuration or request/response evidence; timestamps; approved screenshots/logs; finding references as applicable
Manufacturing Operations,work instructions,Y,Y,Y,Context,Context,N/A,Y,Y,Controlled,MFG-E011;MFG-E045;MFG-E071;MFG-E121;MFG-E122;MFG-E123;MFG-E252;MFG-E266;MFG-X466,NIST SP 800-115; OWASP WSTG; OWASP Top 10; OWASP API Security Top 10,Active + manual validation where authorized; non-destructive by default,Written authorization; confirmed scope; test accounts/access; testing window; logging/evidence plan,Asset inventory; architecture/trust-boundary notes; configuration or request/response evidence; timestamps; approved screenshots/logs; finding references as applicable
Manufacturing Operations,recipe management,Y,Y,Y,Context,Context,N/A,Y,Y,Controlled,MFG-E011;MFG-E045;MFG-E071;MFG-E121;MFG-E122;MFG-E123;MFG-E252;MFG-E266,NIST SP 800-115; OWASP WSTG; OWASP Top 10; OWASP API Security Top 10,Active + manual validation where authorized; non-destructive by default,Written authorization; confirmed scope; test accounts/access; testing window; logging/evidence plan,Asset inventory; architecture/trust-boundary notes; configuration or request/response evidence; timestamps; approved screenshots/logs; finding references as applicable
Manufacturing Operations,quality inspection,Y,Y,Y,Context,Context,N/A,Y,Y,Controlled,MFG-E011;MFG-E045;MFG-E071;MFG-E121;MFG-E122;MFG-E123;MFG-E224;MFG-E252;MFG-E266;MFG-X489,NIST SP 800-115; OWASP WSTG; OWASP Top 10; OWASP API Security Top 10,Active + manual validation where authorized; non-destructive by default,Written authorization; confirmed scope; test accounts/access; testing window; logging/evidence plan,Asset inventory; architecture/trust-boundary notes; configuration or request/response evidence; timestamps; approved screenshots/logs; finding references as applicable
Manufacturing Operations,maintenance systems,Y,Y,Y,Context,Context,N/A,Y,Y,Controlled,MFG-E011;MFG-E045;MFG-E071;MFG-E121;MFG-E122;MFG-E123;MFG-E252;MFG-E266;MFG-X478,NIST SP 800-115; OWASP WSTG; OWASP Top 10; OWASP API Security Top 10,Active + manual validation where authorized; non-destructive by default,Written authorization; confirmed scope; test accounts/access; testing window; logging/evidence plan,Asset inventory; architecture/trust-boundary notes; configuration or request/response evidence; timestamps; approved screenshots/logs; finding references as applicable
Manufacturing Operations,electronic batch records,Y,Y,Y,Context,Context,N/A,Y,Y,Controlled,MFG-E011;MFG-E045;MFG-E071;MFG-E121;MFG-E122;MFG-E123;MFG-E252;MFG-E266;MFG-X469,NIST SP 800-115; OWASP WSTG; OWASP Top 10; OWASP API Security Top 10,Active + manual validation where authorized; non-destructive by default,Written authorization; confirmed scope; test accounts/access; testing window; logging/evidence plan,Asset inventory; architecture/trust-boundary notes; configuration or request/response evidence; timestamps; approved screenshots/logs; finding references as applicable
Manufacturing Operations,production dashboards,Y,Y,Y,Context,Context,N/A,Y,Y,Controlled,MFG-E011;MFG-E045;MFG-E071;MFG-E121;MFG-E122;MFG-E123;MFG-E252;MFG-E266,NIST SP 800-115; OWASP WSTG; OWASP Top 10; OWASP API Security Top 10,Active + manual validation where authorized; non-destructive by default,Written authorization; confirmed scope; test accounts/access; testing window; logging/evidence plan,Asset inventory; architecture/trust-boundary notes; configuration or request/response evidence; timestamps; approved screenshots/logs; finding references as applicable
Engineering & IP,CAD,Y,Y,Y,Y,Y,N/A,Y,Y,Controlled,MFG-E011;MFG-E035;MFG-E038;MFG-E045;MFG-E063;MFG-E071;MFG-E092;MFG-E097;MFG-E117;MFG-E148;MFG-E172;MFG-E173;MFG-E174;MFG-E225;MFG-E249;MFG-E252;MFG-E266;MFG-X366,NIST SP 800-115,Active + manual validation where authorized; non-destructive by default,Written authorization; confirmed scope; test accounts/access; testing window; logging/evidence plan,Asset inventory; architecture/trust-boundary notes; configuration or request/response evidence; timestamps; approved screenshots/logs; finding references as applicable
Engineering & IP,CAM,Y,Y,Y,Context,Context,N/A,Y,Y,Controlled,MFG-E011;MFG-E035;MFG-E045;MFG-E071;MFG-E172;MFG-E173;MFG-E174;MFG-E252;MFG-E266,NIST SP 800-115,Active + manual validation where authorized; non-destructive by default,Written authorization; confirmed scope; test accounts/access; testing window; logging/evidence plan,Asset inventory; architecture/trust-boundary notes; configuration or request/response evidence; timestamps; approved screenshots/logs; finding references as applicable
Engineering & IP,CAE,Y,Y,Y,Context,Context,N/A,Y,Y,Controlled,MFG-E011;MFG-E045;MFG-E071;MFG-E172;MFG-E173;MFG-E174;MFG-E252;MFG-E266,NIST SP 800-115,Active + manual validation where authorized; non-destructive by default,Written authorization; confirmed scope; test accounts/access; testing window; logging/evidence plan,Asset inventory; architecture/trust-boundary notes; configuration or request/response evidence; timestamps; approved screenshots/logs; finding references as applicable
Engineering & IP,PLM,Y,Y,Y,Context,Y,N/A,Y,Y,Controlled,MFG-E011;MFG-E035;MFG-E045;MFG-E071;MFG-E117;MFG-E172;MFG-E173;MFG-E174;MFG-E252;MFG-E266,NIST SP 800-115,Active + manual validation where authorized; non-destructive by default,Written authorization; confirmed scope; test accounts/access; testing window; logging/evidence plan,Asset inventory; architecture/trust-boundary notes; configuration or request/response evidence; timestamps; approved screenshots/logs; finding references as applicable
Engineering & IP,PDM,Y,Y,Y,Context,Context,N/A,Y,Y,Controlled,MFG-E011;MFG-E045;MFG-E071;MFG-E172;MFG-E173;MFG-E174;MFG-E252;MFG-E266,NIST SP 800-115,Active + manual validation where authorized; non-destructive by default,Written authorization; confirmed scope; test accounts/access; testing window; logging/evidence plan,Asset inventory; architecture/trust-boundary notes; configuration or request/response evidence; timestamps; approved screenshots/logs; finding references as applicable
Engineering & IP,engineering workstations,Y,Y,Y,Context,Context,N/A,Y,Y,Controlled,MFG-E011;MFG-E045;MFG-E071;MFG-E172;MFG-E173;MFG-E174;MFG-E252;MFG-E266,NIST SP 800-115,Active + manual validation where authorized; non-destructive by default,Written authorization; confirmed scope; test accounts/access; testing window; logging/evidence plan,Asset inventory; architecture/trust-boundary notes; configuration or request/response evidence; timestamps; approved screenshots/logs; finding references as applicable
Engineering & IP,CNC programming,Y,Y,Y,Context,Context,N/A,Y,Y,Controlled,MFG-E011;MFG-E045;MFG-E071;MFG-E172;MFG-E173;MFG-E174;MFG-E176;MFG-E252;MFG-E266;MFG-X456,NIST SP 800-115,Active + manual validation where authorized; non-destructive by default,Written authorization; confirmed scope; test accounts/access; testing window; logging/evidence plan,Asset inventory; architecture/trust-boundary notes; configuration or request/response evidence; timestamps; approved screenshots/logs; finding references as applicable
Engineering & IP,PLC programming,Y,Y,Y,Y,Context,N/A,Y,Y,Controlled,MFG-E011;MFG-E039;MFG-E045;MFG-E064;MFG-E071;MFG-E093;MFG-E097;MFG-E150;MFG-E172;MFG-E173;MFG-E174;MFG-E252;MFG-E266;MFG-X310;MFG-X365,NIST SP 800-115,Active + manual validation where authorized; non-destructive by default,Written authorization; confirmed scope; test accounts/access; testing window; logging/evidence plan,Asset inventory; architecture/trust-boundary notes; configuration or request/response evidence; timestamps; approved screenshots/logs; finding references as applicable
Engineering & IP,design repositories,Y,Y,Y,Context,Context,N/A,Y,Y,Controlled,MFG-E011;MFG-E045;MFG-E071;MFG-E172;MFG-E173;MFG-E174;MFG-E252;MFG-E266,NIST SP 800-115,Active + manual validation where authorized; non-destructive by default,Written authorization; confirmed scope; test accounts/access; testing window; logging/evidence plan,Asset inventory; architecture/trust-boundary notes; configuration or request/response evidence; timestamps; approved screenshots/logs; finding references as applicable
Engineering & IP,CAD repositories,Y,Y,Y,Y,Y,N/A,Y,Y,Controlled,MFG-E011;MFG-E035;MFG-E045;MFG-E071;MFG-E097;MFG-E117;MFG-E172;MFG-E173;MFG-E174;MFG-E225;MFG-E252;MFG-E266,NIST SP 800-115,Active + manual validation where authorized; non-destructive by default,Written authorization; confirmed scope; test accounts/access; testing window; logging/evidence plan,Asset inventory; architecture/trust-boundary notes; configuration or request/response evidence; timestamps; approved screenshots/logs; finding references as applicable
Engineering & IP,BOM repositories,Y,Y,Y,Context,Context,N/A,Y,Y,Controlled,MFG-E011;MFG-E045;MFG-E071;MFG-E172;MFG-E173;MFG-E174;MFG-E252;MFG-E266,NIST SP 800-115,Active + manual validation where authorized; non-destructive by default,Written authorization; confirmed scope; test accounts/access; testing window; logging/evidence plan,Asset inventory; architecture/trust-boundary notes; configuration or request/response evidence; timestamps; approved screenshots/logs; finding references as applicable
Engineering & IP,technical drawings,Y,Y,Y,Context,Context,N/A,Y,Y,Controlled,MFG-E011;MFG-E045;MFG-E071;MFG-E172;MFG-E173;MFG-E174;MFG-E226;MFG-E252;MFG-E266;MFG-X366,NIST SP 800-115,Active + manual validation where authorized; non-destructive by default,Written authorization; confirmed scope; test accounts/access; testing window; logging/evidence plan,Asset inventory; architecture/trust-boundary notes; configuration or request/response evidence; timestamps; approved screenshots/logs; finding references as applicable
Engineering & IP,product specifications,Y,Y,Y,Context,Context,N/A,Y,Y,Controlled,MFG-E011;MFG-E045;MFG-E071;MFG-E172;MFG-E173;MFG-E174;MFG-E252;MFG-E266,NIST SP 800-115,Active + manual validation where authorized; non-destructive by default,Written authorization; confirmed scope; test accounts/access; testing window; logging/evidence plan,Asset inventory; architecture/trust-boundary notes; configuration or request/response evidence; timestamps; approved screenshots/logs; finding references as applicable
Engineering & IP,firmware repositories,Y,Y,Y,Context,Context,N/A,Y,Y,Controlled,MFG-E011;MFG-E045;MFG-E071;MFG-E172;MFG-E173;MFG-E174;MFG-E177;MFG-E210;MFG-E227;MFG-E252;MFG-E266;MFG-X423,NIST SP 800-115,Active + manual validation where authorized; non-destructive by default,Written authorization; confirmed scope; test accounts/access; testing window; logging/evidence plan,Asset inventory; architecture/trust-boundary notes; configuration or request/response evidence; timestamps; approved screenshots/logs; finding references as applicable
Engineering & IP,source-code repositories,Y,Y,Y,Context,Context,N/A,Y,Y,Controlled,MFG-E011;MFG-E045;MFG-E071;MFG-E172;MFG-E173;MFG-E174;MFG-E178;MFG-E227;MFG-E252;MFG-E266,NIST SP 800-115,Active + manual validation where authorized; non-destructive by default,Written authorization; confirmed scope; test accounts/access; testing window; logging/evidence plan,Asset inventory; architecture/trust-boundary notes; configuration or request/response evidence; timestamps; approved screenshots/logs; finding references as applicable
Engineering & IP,R&D systems,Y,Y,Y,Context,Context,N/A,Y,Y,Controlled,MFG-E011;MFG-E045;MFG-E071;MFG-E172;MFG-E173;MFG-E174;MFG-E252;MFG-E266,NIST SP 800-115,Active + manual validation where authorized; non-destructive by default,Written authorization; confirmed scope; test accounts/access; testing window; logging/evidence plan,Asset inventory; architecture/trust-boundary notes; configuration or request/response evidence; timestamps; approved screenshots/logs; finding references as applicable
Engineering & IP,simulation systems,Y,Y,Y,Context,Context,N/A,Y,Y,Controlled,MFG-E011;MFG-E045;MFG-E071;MFG-E172;MFG-E173;MFG-E174;MFG-E252;MFG-E266,NIST SP 800-115,Active + manual validation where authorized; non-destructive by default,Written authorization; confirmed scope; test accounts/access; testing window; logging/evidence plan,Asset inventory; architecture/trust-boundary notes; configuration or request/response evidence; timestamps; approved screenshots/logs; finding references as applicable
OT / ICS,SCADA,Y,Y,Y,Y,Y,Y,Y,Y,Restricted,MFG-E011;MFG-E038;MFG-E045;MFG-E063;MFG-E071;MFG-E092;MFG-E097;MFG-E117;MFG-E144;MFG-E145;MFG-E146;MFG-E147;MFG-E148;MFG-E249;MFG-E252;MFG-E266;MFG-X366,NIST SP 800-115; NIST SP 800-82 Rev. 3; ISA/IEC 62443; MITRE ATT&CK for ICS,Passive/read-only by default; controlled validation only with explicit authorization and safety gate,Written authorization; asset owner; production status; OT safety approval; maintenance window; emergency contact; stop conditions,Asset inventory; architecture/trust-boundary notes; configuration or request/response evidence; timestamps; approved screenshots/logs; finding references as applicable; OT-safe observations; approved controller/HMI/SCADA logs; change records where applicable
OT / ICS,SCADA servers,Y,Y,Y,Y,Y,Y,Y,Y,Restricted,MFG-E011;MFG-E038;MFG-E045;MFG-E063;MFG-E071;MFG-E092;MFG-E097;MFG-E117;MFG-E144;MFG-E145;MFG-E146;MFG-E147;MFG-E148;MFG-E249;MFG-E252;MFG-E266;MFG-X366,NIST SP 800-115; NIST SP 800-82 Rev. 3; ISA/IEC 62443; MITRE ATT&CK for ICS,Passive/read-only by default; controlled validation only with explicit authorization and safety gate,Written authorization; asset owner; production status; OT safety approval; maintenance window; emergency contact; stop conditions,Asset inventory; architecture/trust-boundary notes; configuration or request/response evidence; timestamps; approved screenshots/logs; finding references as applicable; OT-safe observations; approved controller/HMI/SCADA logs; change records where applicable
OT / ICS,SCADA clients,Y,Y,Y,Y,Y,Y,Y,Y,Restricted,MFG-E011;MFG-E038;MFG-E045;MFG-E063;MFG-E071;MFG-E092;MFG-E097;MFG-E117;MFG-E144;MFG-E145;MFG-E146;MFG-E147;MFG-E148;MFG-E249;MFG-E252;MFG-E266;MFG-X366,NIST SP 800-115; NIST SP 800-82 Rev. 3; ISA/IEC 62443; MITRE ATT&CK for ICS,Passive/read-only by default; controlled validation only with explicit authorization and safety gate,Written authorization; asset owner; production status; OT safety approval; maintenance window; emergency contact; stop conditions,Asset inventory; architecture/trust-boundary notes; configuration or request/response evidence; timestamps; approved screenshots/logs; finding references as applicable; OT-safe observations; approved controller/HMI/SCADA logs; change records where applicable
OT / ICS,DCS,Y,Y,Y,Context,Context,Y,Y,Y,Restricted,MFG-E011;MFG-E038;MFG-E045;MFG-E063;MFG-E071;MFG-E092;MFG-E144;MFG-E145;MFG-E146;MFG-E147;MFG-E149;MFG-E252;MFG-E266,NIST SP 800-115; NIST SP 800-82 Rev. 3; ISA/IEC 62443; MITRE ATT&CK for ICS,Passive/read-only by default; controlled validation only with explicit authorization and safety gate,Written authorization; asset owner; production status; OT safety approval; maintenance window; emergency contact; stop conditions,Asset inventory; architecture/trust-boundary notes; configuration or request/response evidence; timestamps; approved screenshots/logs; finding references as applicable; OT-safe observations; approved controller/HMI/SCADA logs; change records where applicable
OT / ICS,DCS servers,Y,Y,Y,Y,Context,Y,Y,Y,Restricted,MFG-E011;MFG-E038;MFG-E045;MFG-E063;MFG-E071;MFG-E092;MFG-E097;MFG-E144;MFG-E145;MFG-E146;MFG-E147;MFG-E149;MFG-E252;MFG-E266,NIST SP 800-115; NIST SP 800-82 Rev. 3; ISA/IEC 62443; MITRE ATT&CK for ICS,Passive/read-only by default; controlled validation only with explicit authorization and safety gate,Written authorization; asset owner; production status; OT safety approval; maintenance window; emergency contact; stop conditions,Asset inventory; architecture/trust-boundary notes; configuration or request/response evidence; timestamps; approved screenshots/logs; finding references as applicable; OT-safe observations; approved controller/HMI/SCADA logs; change records where applicable
OT / ICS,PLC,Y,Y,Y,Y,Context,Y,Y,Y,Restricted,MFG-E011;MFG-E039;MFG-E045;MFG-E064;MFG-E071;MFG-E093;MFG-E097;MFG-E144;MFG-E145;MFG-E146;MFG-E147;MFG-E150;MFG-E252;MFG-E266;MFG-X310;MFG-X365,NIST SP 800-115; NIST SP 800-82 Rev. 3; ISA/IEC 62443; MITRE ATT&CK for ICS,Passive/read-only by default; controlled validation only with explicit authorization and safety gate,Written authorization; asset owner; production status; OT safety approval; maintenance window; emergency contact; stop conditions,Asset inventory; architecture/trust-boundary notes; configuration or request/response evidence; timestamps; approved screenshots/logs; finding references as applicable; OT-safe observations; approved controller/HMI/SCADA logs; change records where applicable
OT / ICS,PAC,Y,Y,Y,Context,Context,Y,Y,Y,Restricted,MFG-E011;MFG-E045;MFG-E071;MFG-E144;MFG-E145;MFG-E146;MFG-E147;MFG-E214;MFG-E252;MFG-E256;MFG-E257;MFG-E258;MFG-E259;MFG-E260;MFG-E261;MFG-E262;MFG-E263;MFG-E266;MFG-E274;MFG-X395,NIST SP 800-115; NIST SP 800-82 Rev. 3; ISA/IEC 62443; MITRE ATT&CK for ICS,Passive/read-only by default; controlled validation only with explicit authorization and safety gate,Written authorization; asset owner; production status; OT safety approval; maintenance window; emergency contact; stop conditions,Asset inventory; architecture/trust-boundary notes; configuration or request/response evidence; timestamps; approved screenshots/logs; finding references as applicable; OT-safe observations; approved controller/HMI/SCADA logs; change records where applicable
OT / ICS,RTU,Y,Y,Y,Context,Context,Y,Y,Y,Restricted,MFG-E011;MFG-E045;MFG-E071;MFG-E144;MFG-E145;MFG-E146;MFG-E147;MFG-E152;MFG-E252;MFG-E266,NIST SP 800-115; NIST SP 800-82 Rev. 3; ISA/IEC 62443; MITRE ATT&CK for ICS,Passive/read-only by default; controlled validation only with explicit authorization and safety gate,Written authorization; asset owner; production status; OT safety approval; maintenance window; emergency contact; stop conditions,Asset inventory; architecture/trust-boundary notes; configuration or request/response evidence; timestamps; approved screenshots/logs; finding references as applicable; OT-safe observations; approved controller/HMI/SCADA logs; change records where applicable
OT / ICS,HMI,Y,Y,Y,Y,Context,Y,Y,Y,Restricted,MFG-E011;MFG-E039;MFG-E045;MFG-E064;MFG-E071;MFG-E093;MFG-E097;MFG-E144;MFG-E145;MFG-E146;MFG-E147;MFG-E151;MFG-E249;MFG-E252;MFG-E266;MFG-X367,NIST SP 800-115; NIST SP 800-82 Rev. 3; ISA/IEC 62443; MITRE ATT&CK for ICS,Passive/read-only by default; controlled validation only with explicit authorization and safety gate,Written authorization; asset owner; production status; OT safety approval; maintenance window; emergency contact; stop conditions,Asset inventory; architecture/trust-boundary notes; configuration or request/response evidence; timestamps; approved screenshots/logs; finding references as applicable; OT-safe observations; approved controller/HMI/SCADA logs; change records where applicable
OT / ICS,historian,Y,Y,Y,Context,Context,Y,Y,Y,Restricted,MFG-E011;MFG-E040;MFG-E045;MFG-E065;MFG-E071;MFG-E094;MFG-E144;MFG-E145;MFG-E146;MFG-E147;MFG-E153;MFG-E252;MFG-E266,NIST SP 800-115; NIST SP 800-82 Rev. 3; ISA/IEC 62443; MITRE ATT&CK for ICS,Passive/read-only by default; controlled validation only with explicit authorization and safety gate,Written authorization; asset owner; production status; OT safety approval; maintenance window; emergency contact; stop conditions,Asset inventory; architecture/trust-boundary notes; configuration or request/response evidence; timestamps; approved screenshots/logs; finding references as applicable; OT-safe observations; approved controller/HMI/SCADA logs; change records where applicable
OT / ICS,alarm servers,Y,Y,Y,Y,Context,Y,Y,Y,Restricted,MFG-E011;MFG-E045;MFG-E071;MFG-E097;MFG-E144;MFG-E145;MFG-E146;MFG-E147;MFG-E252;MFG-E266,NIST SP 800-115; NIST SP 800-82 Rev. 3; ISA/IEC 62443; MITRE ATT&CK for ICS,Passive/read-only by default; controlled validation only with explicit authorization and safety gate,Written authorization; asset owner; production status; OT safety approval; maintenance window; emergency contact; stop conditions,Asset inventory; architecture/trust-boundary notes; configuration or request/response evidence; timestamps; approved screenshots/logs; finding references as applicable; OT-safe observations; approved controller/HMI/SCADA logs; change records where applicable
OT / ICS,event servers,Y,Y,Y,Y,Context,Y,Y,Y,Restricted,MFG-E011;MFG-E045;MFG-E071;MFG-E097;MFG-E144;MFG-E145;MFG-E146;MFG-E147;MFG-E252;MFG-E266,NIST SP 800-115; NIST SP 800-82 Rev. 3; ISA/IEC 62443; MITRE ATT&CK for ICS,Passive/read-only by default; controlled validation only with explicit authorization and safety gate,Written authorization; asset owner; production status; OT safety approval; maintenance window; emergency contact; stop conditions,Asset inventory; architecture/trust-boundary notes; configuration or request/response evidence; timestamps; approved screenshots/logs; finding references as applicable; OT-safe observations; approved controller/HMI/SCADA logs; change records where applicable
OT / ICS,engineering stations,Y,Y,Y,Context,Context,Y,Y,Y,Restricted,MFG-E011;MFG-E045;MFG-E071;MFG-E144;MFG-E145;MFG-E146;MFG-E147;MFG-E252;MFG-E266,NIST SP 800-115; NIST SP 800-82 Rev. 3; ISA/IEC 62443; MITRE ATT&CK for ICS,Passive/read-only by default; controlled validation only with explicit authorization and safety gate,Written authorization; asset owner; production status; OT safety approval; maintenance window; emergency contact; stop conditions,Asset inventory; architecture/trust-boundary notes; configuration or request/response evidence; timestamps; approved screenshots/logs; finding references as applicable; OT-safe observations; approved controller/HMI/SCADA logs; change records where applicable
OT / ICS,control servers,Y,Y,Y,Y,Context,Y,Y,Y,Restricted,MFG-E011;MFG-E045;MFG-E071;MFG-E097;MFG-E144;MFG-E145;MFG-E146;MFG-E147;MFG-E252;MFG-E266,NIST SP 800-115; NIST SP 800-82 Rev. 3; ISA/IEC 62443; MITRE ATT&CK for ICS,Passive/read-only by default; controlled validation only with explicit authorization and safety gate,Written authorization; asset owner; production status; OT safety approval; maintenance window; emergency contact; stop conditions,Asset inventory; architecture/trust-boundary notes; configuration or request/response evidence; timestamps; approved screenshots/logs; finding references as applicable; OT-safe observations; approved controller/HMI/SCADA logs; change records where applicable
OT / ICS,application servers,Y,Y,Y,Y,Context,Y,Y,Y,Restricted,MFG-E011;MFG-E045;MFG-E071;MFG-E097;MFG-E144;MFG-E145;MFG-E146;MFG-E147;MFG-E252;MFG-E266,NIST SP 800-115; NIST SP 800-82 Rev. 3; ISA/IEC 62443; MITRE ATT&CK for ICS,Passive/read-only by default; controlled validation only with explicit authorization and safety gate,Written authorization; asset owner; production status; OT safety approval; maintenance window; emergency contact; stop conditions,Asset inventory; architecture/trust-boundary notes; configuration or request/response evidence; timestamps; approved screenshots/logs; finding references as applicable; OT-safe observations; approved controller/HMI/SCADA logs; change records where applicable
OT / ICS,data gateways,Y,Y,Y,Context,Context,Y,Y,Y,Restricted,MFG-E011;MFG-E045;MFG-E071;MFG-E144;MFG-E145;MFG-E146;MFG-E147;MFG-E252;MFG-E266,NIST SP 800-115; NIST SP 800-82 Rev. 3; ISA/IEC 62443; MITRE ATT&CK for ICS,Passive/read-only by default; controlled validation only with explicit authorization and safety gate,Written authorization; asset owner; production status; OT safety approval; maintenance window; emergency contact; stop conditions,Asset inventory; architecture/trust-boundary notes; configuration or request/response evidence; timestamps; approved screenshots/logs; finding references as applicable; OT-safe observations; approved controller/HMI/SCADA logs; change records where applicable
OT / ICS,industrial PCs,Y,Y,Y,Context,Context,Y,Y,Y,Restricted,MFG-E011;MFG-E045;MFG-E071;MFG-E144;MFG-E145;MFG-E146;MFG-E147;MFG-E252;MFG-E266,NIST SP 800-115; NIST SP 800-82 Rev. 3; ISA/IEC 62443; MITRE ATT&CK for ICS,Passive/read-only by default; controlled validation only with explicit authorization and safety gate,Written authorization; asset owner; production status; OT safety approval; maintenance window; emergency contact; stop conditions,Asset inventory; architecture/trust-boundary notes; configuration or request/response evidence; timestamps; approved screenshots/logs; finding references as applicable; OT-safe observations; approved controller/HMI/SCADA logs; change records where applicable
OT / ICS,safety controllers,Y,Y,Y,Context,Context,Y,Y,Y,Restricted,MFG-E006;MFG-E011;MFG-E045;MFG-E071;MFG-E144;MFG-E145;MFG-E146;MFG-E147;MFG-E167;MFG-E252;MFG-E259;MFG-E266;MFG-X309;MFG-X310;MFG-X311;MFG-X312;MFG-X395;MFG-X479,NIST SP 800-115; NIST SP 800-82 Rev. 3; ISA/IEC 62443; MITRE ATT&CK for ICS,Passive/read-only by default; controlled validation only with explicit authorization and safety gate,Written authorization; asset owner; production status; OT safety approval; maintenance window; emergency contact; stop conditions,Asset inventory; architecture/trust-boundary notes; configuration or request/response evidence; timestamps; approved screenshots/logs; finding references as applicable; OT-safe observations; approved controller/HMI/SCADA logs; change records where applicable
OT / ICS,industrial gateways,Y,Y,Y,Context,Context,Y,Y,Y,Restricted,MFG-E011;MFG-E045;MFG-E071;MFG-E144;MFG-E145;MFG-E146;MFG-E147;MFG-E252;MFG-E266,NIST SP 800-115; NIST SP 800-82 Rev. 3; ISA/IEC 62443; MITRE ATT&CK for ICS,Passive/read-only by default; controlled validation only with explicit authorization and safety gate,Written authorization; asset owner; production status; OT safety approval; maintenance window; emergency contact; stop conditions,Asset inventory; architecture/trust-boundary notes; configuration or request/response evidence; timestamps; approved screenshots/logs; finding references as applicable; OT-safe observations; approved controller/HMI/SCADA logs; change records where applicable
Industrial / Cyber-Physical,CNC machines,Y,Y,Y,Context,Context,Y,Y,Y,Restricted,MFG-E011;MFG-E045;MFG-E071;MFG-E144;MFG-E154;MFG-E155;MFG-E156;MFG-E176;MFG-E252;MFG-E266;MFG-X456,NIST SP 800-115; NIST SP 800-82 Rev. 3; ISA/IEC 62443; MITRE ATT&CK for ICS,Passive/read-only by default; controlled validation only with explicit authorization and safety gate,Written authorization; asset owner; production status; OT safety approval; maintenance window; emergency contact; stop conditions,Asset inventory; architecture/trust-boundary notes; configuration or request/response evidence; timestamps; approved screenshots/logs; finding references as applicable; OT-safe observations; approved controller/HMI/SCADA logs; change records where applicable
Industrial / Cyber-Physical,industrial robots,Y,Y,Y,Context,Context,Y,Y,Y,Restricted,MFG-E011;MFG-E045;MFG-E071;MFG-E144;MFG-E154;MFG-E155;MFG-E156;MFG-E252;MFG-E266,NIST SP 800-115; NIST SP 800-82 Rev. 3; ISA/IEC 62443; MITRE ATT&CK for ICS,Passive/read-only by default; controlled validation only with explicit authorization and safety gate,Written authorization; asset owner; production status; OT safety approval; maintenance window; emergency contact; stop conditions,Asset inventory; architecture/trust-boundary notes; configuration or request/response evidence; timestamps; approved screenshots/logs; finding references as applicable; OT-safe observations; approved controller/HMI/SCADA logs; change records where applicable
Industrial / Cyber-Physical,robot controllers,Y,Y,Y,Context,Context,Y,Y,Y,Restricted,MFG-E011;MFG-E045;MFG-E071;MFG-E144;MFG-E154;MFG-E155;MFG-E156;MFG-E176;MFG-E252;MFG-E266,NIST SP 800-115; NIST SP 800-82 Rev. 3; ISA/IEC 62443; MITRE ATT&CK for ICS,Passive/read-only by default; controlled validation only with explicit authorization and safety gate,Written authorization; asset owner; production status; OT safety approval; maintenance window; emergency contact; stop conditions,Asset inventory; architecture/trust-boundary notes; configuration or request/response evidence; timestamps; approved screenshots/logs; finding references as applicable; OT-safe observations; approved controller/HMI/SCADA logs; change records where applicable
Industrial / Cyber-Physical,AGVs,Y,Y,Y,Context,Context,Y,Y,Y,Restricted,MFG-E011;MFG-E045;MFG-E071;MFG-E144;MFG-E154;MFG-E155;MFG-E156;MFG-E252;MFG-E266;MFG-X458,NIST SP 800-115; NIST SP 800-82 Rev. 3; ISA/IEC 62443; MITRE ATT&CK for ICS,Passive/read-only by default; controlled validation only with explicit authorization and safety gate,Written authorization; asset owner; production status; OT safety approval; maintenance window; emergency contact; stop conditions,Asset inventory; architecture/trust-boundary notes; configuration or request/response evidence; timestamps; approved screenshots/logs; finding references as applicable; OT-safe observations; approved controller/HMI/SCADA logs; change records where applicable
Industrial / Cyber-Physical,AMRs,Y,Y,Y,Context,Context,Y,Y,Y,Restricted,MFG-E011;MFG-E045;MFG-E071;MFG-E144;MFG-E154;MFG-E155;MFG-E156;MFG-E252;MFG-E266;MFG-X459,NIST SP 800-115; NIST SP 800-82 Rev. 3; ISA/IEC 62443; MITRE ATT&CK for ICS,Passive/read-only by default; controlled validation only with explicit authorization and safety gate,Written authorization; asset owner; production status; OT safety approval; maintenance window; emergency contact; stop conditions,Asset inventory; architecture/trust-boundary notes; configuration or request/response evidence; timestamps; approved screenshots/logs; finding references as applicable; OT-safe observations; approved controller/HMI/SCADA logs; change records where applicable
Industrial / Cyber-Physical,assembly machines,Y,Y,Y,Context,Context,Y,Y,Y,Restricted,MFG-E011;MFG-E045;MFG-E071;MFG-E144;MFG-E154;MFG-E155;MFG-E156;MFG-E252;MFG-E266,NIST SP 800-115; NIST SP 800-82 Rev. 3; ISA/IEC 62443; MITRE ATT&CK for ICS,Passive/read-only by default; controlled validation only with explicit authorization and safety gate,Written authorization; asset owner; production status; OT safety approval; maintenance window; emergency contact; stop conditions,Asset inventory; architecture/trust-boundary notes; configuration or request/response evidence; timestamps; approved screenshots/logs; finding references as applicable; OT-safe observations; approved controller/HMI/SCADA logs; change records where applicable
Industrial / Cyber-Physical,welding systems,Y,Y,Y,Context,Context,Y,Y,Y,Restricted,MFG-E011;MFG-E045;MFG-E071;MFG-E144;MFG-E154;MFG-E155;MFG-E156;MFG-E252;MFG-E266,NIST SP 800-115; NIST SP 800-82 Rev. 3; ISA/IEC 62443; MITRE ATT&CK for ICS,Passive/read-only by default; controlled validation only with explicit authorization and safety gate,Written authorization; asset owner; production status; OT safety approval; maintenance window; emergency contact; stop conditions,Asset inventory; architecture/trust-boundary notes; configuration or request/response evidence; timestamps; approved screenshots/logs; finding references as applicable; OT-safe observations; approved controller/HMI/SCADA logs; change records where applicable
Industrial / Cyber-Physical,cutting machines,Y,Y,Y,Context,Context,Y,Y,Y,Restricted,MFG-E011;MFG-E045;MFG-E071;MFG-E144;MFG-E154;MFG-E155;MFG-E156;MFG-E252;MFG-E266,NIST SP 800-115; NIST SP 800-82 Rev. 3; ISA/IEC 62443; MITRE ATT&CK for ICS,Passive/read-only by default; controlled validation only with explicit authorization and safety gate,Written authorization; asset owner; production status; OT safety approval; maintenance window; emergency contact; stop conditions,Asset inventory; architecture/trust-boundary notes; configuration or request/response evidence; timestamps; approved screenshots/logs; finding references as applicable; OT-safe observations; approved controller/HMI/SCADA logs; change records where applicable
Industrial / Cyber-Physical,press machines,Y,Y,Y,Context,Context,Y,Y,Y,Restricted,MFG-E011;MFG-E045;MFG-E071;MFG-E144;MFG-E154;MFG-E155;MFG-E156;MFG-E252;MFG-E266,NIST SP 800-115; NIST SP 800-82 Rev. 3; ISA/IEC 62443; MITRE ATT&CK for ICS,Passive/read-only by default; controlled validation only with explicit authorization and safety gate,Written authorization; asset owner; production status; OT safety approval; maintenance window; emergency contact; stop conditions,Asset inventory; architecture/trust-boundary notes; configuration or request/response evidence; timestamps; approved screenshots/logs; finding references as applicable; OT-safe observations; approved controller/HMI/SCADA logs; change records where applicable
Industrial / Cyber-Physical,packaging machines,Y,Y,Y,Context,Context,Y,Y,Y,Restricted,MFG-E011;MFG-E045;MFG-E071;MFG-E144;MFG-E154;MFG-E155;MFG-E156;MFG-E252;MFG-E266,NIST SP 800-115; NIST SP 800-82 Rev. 3; ISA/IEC 62443; MITRE ATT&CK for ICS,Passive/read-only by default; controlled validation only with explicit authorization and safety gate,Written authorization; asset owner; production status; OT safety approval; maintenance window; emergency contact; stop conditions,Asset inventory; architecture/trust-boundary notes; configuration or request/response evidence; timestamps; approved screenshots/logs; finding references as applicable; OT-safe observations; approved controller/HMI/SCADA logs; change records where applicable
Industrial / Cyber-Physical,inspection machines,Y,Y,Y,Context,Context,Y,Y,Y,Restricted,MFG-E011;MFG-E045;MFG-E071;MFG-E144;MFG-E154;MFG-E155;MFG-E156;MFG-E252;MFG-E266,NIST SP 800-115; NIST SP 800-82 Rev. 3; ISA/IEC 62443; MITRE ATT&CK for ICS,Passive/read-only by default; controlled validation only with explicit authorization and safety gate,Written authorization; asset owner; production status; OT safety approval; maintenance window; emergency contact; stop conditions,Asset inventory; architecture/trust-boundary notes; configuration or request/response evidence; timestamps; approved screenshots/logs; finding references as applicable; OT-safe observations; approved controller/HMI/SCADA logs; change records where applicable
Industrial / Cyber-Physical,machine vision,Y,Y,Y,Context,Context,Y,Y,Y,Restricted,MFG-E011;MFG-E045;MFG-E071;MFG-E144;MFG-E154;MFG-E155;MFG-E156;MFG-E252;MFG-E266;MFG-X457,NIST SP 800-115; NIST SP 800-82 Rev. 3; ISA/IEC 62443; MITRE ATT&CK for ICS,Passive/read-only by default; controlled validation only with explicit authorization and safety gate,Written authorization; asset owner; production status; OT safety approval; maintenance window; emergency contact; stop conditions,Asset inventory; architecture/trust-boundary notes; configuration or request/response evidence; timestamps; approved screenshots/logs; finding references as applicable; OT-safe observations; approved controller/HMI/SCADA logs; change records where applicable
Industrial / Cyber-Physical,3D printers,Y,Y,Y,Context,Context,Y,Y,Y,Restricted,MFG-E011;MFG-E045;MFG-E071;MFG-E144;MFG-E154;MFG-E155;MFG-E156;MFG-E252;MFG-E266,NIST SP 800-115; NIST SP 800-82 Rev. 3; ISA/IEC 62443; MITRE ATT&CK for ICS,Passive/read-only by default; controlled validation only with explicit authorization and safety gate,Written authorization; asset owner; production status; OT safety approval; maintenance window; emergency contact; stop conditions,Asset inventory; architecture/trust-boundary notes; configuration or request/response evidence; timestamps; approved screenshots/logs; finding references as applicable; OT-safe observations; approved controller/HMI/SCADA logs; change records where applicable
Industrial / Cyber-Physical,conveyors,Y,Y,Y,Context,Context,Y,Y,Y,Restricted,MFG-E011;MFG-E045;MFG-E071;MFG-E144;MFG-E154;MFG-E155;MFG-E156;MFG-E252;MFG-E266,NIST SP 800-115; NIST SP 800-82 Rev. 3; ISA/IEC 62443; MITRE ATT&CK for ICS,Passive/read-only by default; controlled validation only with explicit authorization and safety gate,Written authorization; asset owner; production status; OT safety approval; maintenance window; emergency contact; stop conditions,Asset inventory; architecture/trust-boundary notes; configuration or request/response evidence; timestamps; approved screenshots/logs; finding references as applicable; OT-safe observations; approved controller/HMI/SCADA logs; change records where applicable
Industrial / Cyber-Physical,automated storage,Y,Y,Y,Context,Context,Y,Y,Y,Restricted,MFG-E011;MFG-E045;MFG-E071;MFG-E144;MFG-E154;MFG-E155;MFG-E156;MFG-E252;MFG-E266;MFG-X471,NIST SP 800-115; NIST SP 800-82 Rev. 3; ISA/IEC 62443; MITRE ATT&CK for ICS,Passive/read-only by default; controlled validation only with explicit authorization and safety gate,Written authorization; asset owner; production status; OT safety approval; maintenance window; emergency contact; stop conditions,Asset inventory; architecture/trust-boundary notes; configuration or request/response evidence; timestamps; approved screenshots/logs; finding references as applicable; OT-safe observations; approved controller/HMI/SCADA logs; change records where applicable
Industrial / Cyber-Physical,test equipment,Y,Y,Y,Context,Context,Y,Y,Y,Restricted,MFG-E011;MFG-E045;MFG-E071;MFG-E144;MFG-E154;MFG-E155;MFG-E156;MFG-E252;MFG-E266,NIST SP 800-115; NIST SP 800-82 Rev. 3; ISA/IEC 62443; MITRE ATT&CK for ICS,Passive/read-only by default; controlled validation only with explicit authorization and safety gate,Written authorization; asset owner; production status; OT safety approval; maintenance window; emergency contact; stop conditions,Asset inventory; architecture/trust-boundary notes; configuration or request/response evidence; timestamps; approved screenshots/logs; finding references as applicable; OT-safe observations; approved controller/HMI/SCADA logs; change records where applicable
Industrial / Cyber-Physical,calibration equipment,Y,Y,Y,Context,Context,Y,Y,Y,Restricted,MFG-E011;MFG-E045;MFG-E071;MFG-E144;MFG-E154;MFG-E155;MFG-E156;MFG-E252;MFG-E266,NIST SP 800-115; NIST SP 800-82 Rev. 3; ISA/IEC 62443; MITRE ATT&CK for ICS,Passive/read-only by default; controlled validation only with explicit authorization and safety gate,Written authorization; asset owner; production status; OT safety approval; maintenance window; emergency contact; stop conditions,Asset inventory; architecture/trust-boundary notes; configuration or request/response evidence; timestamps; approved screenshots/logs; finding references as applicable; OT-safe observations; approved controller/HMI/SCADA logs; change records where applicable
Industrial / Cyber-Physical,machine tools,Y,Y,Y,Context,Context,Y,Y,Y,Restricted,MFG-E011;MFG-E045;MFG-E071;MFG-E144;MFG-E154;MFG-E155;MFG-E156;MFG-E252;MFG-E266,NIST SP 800-115; NIST SP 800-82 Rev. 3; ISA/IEC 62443; MITRE ATT&CK for ICS,Passive/read-only by default; controlled validation only with explicit authorization and safety gate,Written authorization; asset owner; production status; OT safety approval; maintenance window; emergency contact; stop conditions,Asset inventory; architecture/trust-boundary notes; configuration or request/response evidence; timestamps; approved screenshots/logs; finding references as applicable; OT-safe observations; approved controller/HMI/SCADA logs; change records where applicable
Industrial / Cyber-Physical,process equipment,Y,Y,Y,Context,Context,Y,Y,Y,Restricted,MFG-E011;MFG-E045;MFG-E071;MFG-E144;MFG-E154;MFG-E155;MFG-E156;MFG-E252;MFG-E266,NIST SP 800-115; NIST SP 800-82 Rev. 3; ISA/IEC 62443; MITRE ATT&CK for ICS,Passive/read-only by default; controlled validation only with explicit authorization and safety gate,Written authorization; asset owner; production status; OT safety approval; maintenance window; emergency contact; stop conditions,Asset inventory; architecture/trust-boundary notes; configuration or request/response evidence; timestamps; approved screenshots/logs; finding references as applicable; OT-safe observations; approved controller/HMI/SCADA logs; change records where applicable
Field Devices & Instrumentation,sensors,Y,Y,Y,Context,Context,Y,Y,Y,Restricted,MFG-E011;MFG-E045;MFG-E071;MFG-E144;MFG-E157;MFG-E158;MFG-E159;MFG-E252;MFG-E266,NIST SP 800-115; NIST SP 800-82 Rev. 3; ISA/IEC 62443; MITRE ATT&CK for ICS,Passive/read-only by default; controlled validation only with explicit authorization and safety gate,Written authorization; asset owner; production status; OT safety approval; maintenance window; emergency contact; stop conditions,Asset inventory; architecture/trust-boundary notes; configuration or request/response evidence; timestamps; approved screenshots/logs; finding references as applicable; OT-safe observations; approved controller/HMI/SCADA logs; change records where applicable
Field Devices & Instrumentation,actuators,Y,Y,Y,Context,Context,Y,Y,Y,Restricted,MFG-E011;MFG-E045;MFG-E071;MFG-E144;MFG-E157;MFG-E158;MFG-E159;MFG-E252;MFG-E266,NIST SP 800-115; NIST SP 800-82 Rev. 3; ISA/IEC 62443; MITRE ATT&CK for ICS,Passive/read-only by default; controlled validation only with explicit authorization and safety gate,Written authorization; asset owner; production status; OT safety approval; maintenance window; emergency contact; stop conditions,Asset inventory; architecture/trust-boundary notes; configuration or request/response evidence; timestamps; approved screenshots/logs; finding references as applicable; OT-safe observations; approved controller/HMI/SCADA logs; change records where applicable
Field Devices & Instrumentation,motors,Y,Y,Y,Context,Context,Y,Y,Y,Restricted,MFG-E011;MFG-E045;MFG-E071;MFG-E144;MFG-E157;MFG-E158;MFG-E159;MFG-E252;MFG-E266,NIST SP 800-115; NIST SP 800-82 Rev. 3; ISA/IEC 62443; MITRE ATT&CK for ICS,Passive/read-only by default; controlled validation only with explicit authorization and safety gate,Written authorization; asset owner; production status; OT safety approval; maintenance window; emergency contact; stop conditions,Asset inventory; architecture/trust-boundary notes; configuration or request/response evidence; timestamps; approved screenshots/logs; finding references as applicable; OT-safe observations; approved controller/HMI/SCADA logs; change records where applicable
Field Devices & Instrumentation,valves,Y,Y,Y,Context,Context,Y,Y,Y,Restricted,MFG-E011;MFG-E045;MFG-E071;MFG-E144;MFG-E157;MFG-E158;MFG-E159;MFG-E252;MFG-E266,NIST SP 800-115; NIST SP 800-82 Rev. 3; ISA/IEC 62443; MITRE ATT&CK for ICS,Passive/read-only by default; controlled validation only with explicit authorization and safety gate,Written authorization; asset owner; production status; OT safety approval; maintenance window; emergency contact; stop conditions,Asset inventory; architecture/trust-boundary notes; configuration or request/response evidence; timestamps; approved screenshots/logs; finding references as applicable; OT-safe observations; approved controller/HMI/SCADA logs; change records where applicable
Field Devices & Instrumentation,drives,Y,Y,Y,Context,Context,Y,Y,Y,Restricted,MFG-E011;MFG-E045;MFG-E071;MFG-E144;MFG-E157;MFG-E158;MFG-E159;MFG-E252;MFG-E266,NIST SP 800-115; NIST SP 800-82 Rev. 3; ISA/IEC 62443; MITRE ATT&CK for ICS,Passive/read-only by default; controlled validation only with explicit authorization and safety gate,Written authorization; asset owner; production status; OT safety approval; maintenance window; emergency contact; stop conditions,Asset inventory; architecture/trust-boundary notes; configuration or request/response evidence; timestamps; approved screenshots/logs; finding references as applicable; OT-safe observations; approved controller/HMI/SCADA logs; change records where applicable
Field Devices & Instrumentation,VFDs,Y,Y,Y,Context,Context,Y,Y,Y,Restricted,MFG-E011;MFG-E045;MFG-E071;MFG-E144;MFG-E157;MFG-E158;MFG-E159;MFG-E252;MFG-E266,NIST SP 800-115; NIST SP 800-82 Rev. 3; ISA/IEC 62443; MITRE ATT&CK for ICS,Passive/read-only by default; controlled validation only with explicit authorization and safety gate,Written authorization; asset owner; production status; OT safety approval; maintenance window; emergency contact; stop conditions,Asset inventory; architecture/trust-boundary notes; configuration or request/response evidence; timestamps; approved screenshots/logs; finding references as applicable; OT-safe observations; approved controller/HMI/SCADA logs; change records where applicable
Field Devices & Instrumentation,servo drives,Y,Y,Y,Context,Context,Y,Y,Y,Restricted,MFG-E011;MFG-E045;MFG-E071;MFG-E144;MFG-E157;MFG-E158;MFG-E159;MFG-E252;MFG-E266,NIST SP 800-115; NIST SP 800-82 Rev. 3; ISA/IEC 62443; MITRE ATT&CK for ICS,Passive/read-only by default; controlled validation only with explicit authorization and safety gate,Written authorization; asset owner; production status; OT safety approval; maintenance window; emergency contact; stop conditions,Asset inventory; architecture/trust-boundary notes; configuration or request/response evidence; timestamps; approved screenshots/logs; finding references as applicable; OT-safe observations; approved controller/HMI/SCADA logs; change records where applicable
Field Devices & Instrumentation,relays,Y,Y,Y,Context,Context,Y,Y,Y,Restricted,MFG-E011;MFG-E045;MFG-E071;MFG-E144;MFG-E157;MFG-E158;MFG-E159;MFG-E252;MFG-E266,NIST SP 800-115; NIST SP 800-82 Rev. 3; ISA/IEC 62443; MITRE ATT&CK for ICS,Passive/read-only by default; controlled validation only with explicit authorization and safety gate,Written authorization; asset owner; production status; OT safety approval; maintenance window; emergency contact; stop conditions,Asset inventory; architecture/trust-boundary notes; configuration or request/response evidence; timestamps; approved screenshots/logs; finding references as applicable; OT-safe observations; approved controller/HMI/SCADA logs; change records where applicable
Field Devices & Instrumentation,contactors,Y,Y,Y,Context,Context,Y,Y,Y,Restricted,MFG-E011;MFG-E045;MFG-E071;MFG-E144;MFG-E157;MFG-E158;MFG-E159;MFG-E252;MFG-E266,NIST SP 800-115; NIST SP 800-82 Rev. 3; ISA/IEC 62443; MITRE ATT&CK for ICS,Passive/read-only by default; controlled validation only with explicit authorization and safety gate,Written authorization; asset owner; production status; OT safety approval; maintenance window; emergency contact; stop conditions,Asset inventory; architecture/trust-boundary notes; configuration or request/response evidence; timestamps; approved screenshots/logs; finding references as applicable; OT-safe observations; approved controller/HMI/SCADA logs; change records where applicable
Field Devices & Instrumentation,smart instruments,Y,Y,Y,Context,Context,Y,Y,Y,Restricted,MFG-E011;MFG-E045;MFG-E071;MFG-E144;MFG-E157;MFG-E158;MFG-E159;MFG-E252;MFG-E266,NIST SP 800-115; NIST SP 800-82 Rev. 3; ISA/IEC 62443; MITRE ATT&CK for ICS,Passive/read-only by default; controlled validation only with explicit authorization and safety gate,Written authorization; asset owner; production status; OT safety approval; maintenance window; emergency contact; stop conditions,Asset inventory; architecture/trust-boundary notes; configuration or request/response evidence; timestamps; approved screenshots/logs; finding references as applicable; OT-safe observations; approved controller/HMI/SCADA logs; change records where applicable
Field Devices & Instrumentation,IEDs,Y,Y,Y,Context,Context,Y,Y,Y,Restricted,MFG-E011;MFG-E045;MFG-E071;MFG-E144;MFG-E157;MFG-E158;MFG-E159;MFG-E252;MFG-E266,NIST SP 800-115; NIST SP 800-82 Rev. 3; ISA/IEC 62443; MITRE ATT&CK for ICS,Passive/read-only by default; controlled validation only with explicit authorization and safety gate,Written authorization; asset owner; production status; OT safety approval; maintenance window; emergency contact; stop conditions,Asset inventory; architecture/trust-boundary notes; configuration or request/response evidence; timestamps; approved screenshots/logs; finding references as applicable; OT-safe observations; approved controller/HMI/SCADA logs; change records where applicable
Field Devices & Instrumentation,remote I/O,Y,Y,Y,Y,Context,Y,Y,Y,Restricted,MFG-E011;MFG-E045;MFG-E071;MFG-E097;MFG-E144;MFG-E157;MFG-E158;MFG-E159;MFG-E252;MFG-E266,NIST SP 800-115; NIST SP 800-82 Rev. 3; ISA/IEC 62443; MITRE ATT&CK for ICS,Passive/read-only by default; controlled validation only with explicit authorization and safety gate,Written authorization; asset owner; production status; OT safety approval; maintenance window; emergency contact; stop conditions,Asset inventory; architecture/trust-boundary notes; configuration or request/response evidence; timestamps; approved screenshots/logs; finding references as applicable; OT-safe observations; approved controller/HMI/SCADA logs; change records where applicable
Field Devices & Instrumentation,industrial meters,Y,Y,Y,Context,Context,Y,Y,Y,Restricted,MFG-E011;MFG-E045;MFG-E071;MFG-E144;MFG-E157;MFG-E158;MFG-E159;MFG-E252;MFG-E266,NIST SP 800-115; NIST SP 800-82 Rev. 3; ISA/IEC 62443; MITRE ATT&CK for ICS,Passive/read-only by default; controlled validation only with explicit authorization and safety gate,Written authorization; asset owner; production status; OT safety approval; maintenance window; emergency contact; stop conditions,Asset inventory; architecture/trust-boundary notes; configuration or request/response evidence; timestamps; approved screenshots/logs; finding references as applicable; OT-safe observations; approved controller/HMI/SCADA logs; change records where applicable
Industrial Networks & Protocols,industrial Ethernet,Y,Y,Y,Context,Context,Y,Y,Y,Restricted,MFG-E011;MFG-E045;MFG-E071;MFG-E144;MFG-E160;MFG-E161;MFG-E162;MFG-E252;MFG-E266,NIST SP 800-115; NIST SP 800-82 Rev. 3; ISA/IEC 62443; MITRE ATT&CK for ICS,Passive/read-only by default; controlled validation only with explicit authorization and safety gate,Written authorization; asset owner; production status; OT safety approval; maintenance window; emergency contact; stop conditions,Asset inventory; architecture/trust-boundary notes; configuration or request/response evidence; timestamps; approved screenshots/logs; finding references as applicable
Industrial Networks & Protocols,managed switches,Y,Y,Y,Context,Context,Y,Y,Y,Restricted,MFG-E011;MFG-E045;MFG-E071;MFG-E144;MFG-E160;MFG-E161;MFG-E162;MFG-E252;MFG-E266,NIST SP 800-115; NIST SP 800-82 Rev. 3; ISA/IEC 62443; MITRE ATT&CK for ICS,Passive/read-only by default; controlled validation only with explicit authorization and safety gate,Written authorization; asset owner; production status; OT safety approval; maintenance window; emergency contact; stop conditions,Asset inventory; architecture/trust-boundary notes; configuration or request/response evidence; timestamps; approved screenshots/logs; finding references as applicable
Industrial Networks & Protocols,industrial switches,Y,Y,Y,Context,Context,Y,Y,Y,Restricted,MFG-E011;MFG-E045;MFG-E071;MFG-E144;MFG-E160;MFG-E161;MFG-E162;MFG-E252;MFG-E266,NIST SP 800-115; NIST SP 800-82 Rev. 3; ISA/IEC 62443; MITRE ATT&CK for ICS,Passive/read-only by default; controlled validation only with explicit authorization and safety gate,Written authorization; asset owner; production status; OT safety approval; maintenance window; emergency contact; stop conditions,Asset inventory; architecture/trust-boundary notes; configuration or request/response evidence; timestamps; approved screenshots/logs; finding references as applicable
Industrial Networks & Protocols,routers,Y,Y,Y,Context,Context,Y,Y,Y,Restricted,MFG-E011;MFG-E045;MFG-E071;MFG-E144;MFG-E160;MFG-E161;MFG-E162;MFG-E252;MFG-E266,NIST SP 800-115; NIST SP 800-82 Rev. 3; ISA/IEC 62443; MITRE ATT&CK for ICS,Passive/read-only by default; controlled validation only with explicit authorization and safety gate,Written authorization; asset owner; production status; OT safety approval; maintenance window; emergency contact; stop conditions,Asset inventory; architecture/trust-boundary notes; configuration or request/response evidence; timestamps; approved screenshots/logs; finding references as applicable
Industrial Networks & Protocols,industrial routers,Y,Y,Y,Context,Context,Y,Y,Y,Restricted,MFG-E011;MFG-E045;MFG-E071;MFG-E144;MFG-E160;MFG-E161;MFG-E162;MFG-E252;MFG-E266,NIST SP 800-115; NIST SP 800-82 Rev. 3; ISA/IEC 62443; MITRE ATT&CK for ICS,Passive/read-only by default; controlled validation only with explicit authorization and safety gate,Written authorization; asset owner; production status; OT safety approval; maintenance window; emergency contact; stop conditions,Asset inventory; architecture/trust-boundary notes; configuration or request/response evidence; timestamps; approved screenshots/logs; finding references as applicable
Industrial Networks & Protocols,industrial firewalls,Y,Y,Y,Context,Context,Y,Y,Y,Restricted,MFG-E011;MFG-E045;MFG-E060;MFG-E071;MFG-E144;MFG-E156;MFG-E160;MFG-E161;MFG-E162;MFG-E197;MFG-E252;MFG-E266,NIST SP 800-115; NIST SP 800-82 Rev. 3; ISA/IEC 62443; MITRE ATT&CK for ICS,Passive/read-only by default; controlled validation only with explicit authorization and safety gate,Written authorization; asset owner; production status; OT safety approval; maintenance window; emergency contact; stop conditions,Asset inventory; architecture/trust-boundary notes; configuration or request/response evidence; timestamps; approved screenshots/logs; finding references as applicable
Industrial Networks & Protocols,wireless bridges,Y,Y,Y,Context,Context,Y,Y,Y,Restricted,MFG-E011;MFG-E045;MFG-E068;MFG-E071;MFG-E096;MFG-E144;MFG-E160;MFG-E161;MFG-E162;MFG-E215;MFG-E216;MFG-E252;MFG-E266,NIST SP 800-115; NIST SP 800-82 Rev. 3; ISA/IEC 62443; MITRE ATT&CK for ICS,Passive/read-only by default; controlled validation only with explicit authorization and safety gate,Written authorization; asset owner; production status; OT safety approval; maintenance window; emergency contact; stop conditions,Asset inventory; architecture/trust-boundary notes; configuration or request/response evidence; timestamps; approved screenshots/logs; finding references as applicable
Industrial Networks & Protocols,network taps,Y,Y,Y,Context,Context,Y,Y,Y,Restricted,MFG-E011;MFG-E045;MFG-E071;MFG-E144;MFG-E160;MFG-E161;MFG-E162;MFG-E252;MFG-E266,NIST SP 800-115; NIST SP 800-82 Rev. 3; ISA/IEC 62443; MITRE ATT&CK for ICS,Passive/read-only by default; controlled validation only with explicit authorization and safety gate,Written authorization; asset owner; production status; OT safety approval; maintenance window; emergency contact; stop conditions,Asset inventory; architecture/trust-boundary notes; configuration or request/response evidence; timestamps; approved screenshots/logs; finding references as applicable
Industrial Networks & Protocols,Modbus,Y,Y,Y,Context,Context,Y,Y,Y,Restricted,MFG-E011;MFG-E045;MFG-E071;MFG-E144;MFG-E160;MFG-E161;MFG-E162;MFG-E252;MFG-E266,NIST SP 800-115; NIST SP 800-82 Rev. 3; ISA/IEC 62443; MITRE ATT&CK for ICS,Passive/read-only by default; controlled validation only with explicit authorization and safety gate,Written authorization; asset owner; production status; OT safety approval; maintenance window; emergency contact; stop conditions,Asset inventory; architecture/trust-boundary notes; configuration or request/response evidence; timestamps; approved screenshots/logs; finding references as applicable
Industrial Networks & Protocols,Modbus TCP,Y,Y,Y,Context,Context,Y,Y,Y,Restricted,MFG-E011;MFG-E045;MFG-E071;MFG-E144;MFG-E160;MFG-E161;MFG-E162;MFG-E252;MFG-E266,NIST SP 800-115; NIST SP 800-82 Rev. 3; ISA/IEC 62443; MITRE ATT&CK for ICS,Passive/read-only by default; controlled validation only with explicit authorization and safety gate,Written authorization; asset owner; production status; OT safety approval; maintenance window; emergency contact; stop conditions,Asset inventory; architecture/trust-boundary notes; configuration or request/response evidence; timestamps; approved screenshots/logs; finding references as applicable
Industrial Networks & Protocols,OPC UA,Y,Y,Y,Context,Context,Y,Y,Y,Restricted,MFG-E011;MFG-E045;MFG-E071;MFG-E144;MFG-E159;MFG-E160;MFG-E161;MFG-E162;MFG-E252;MFG-E266,NIST SP 800-115; NIST SP 800-82 Rev. 3; ISA/IEC 62443; MITRE ATT&CK for ICS,Passive/read-only by default; controlled validation only with explicit authorization and safety gate,Written authorization; asset owner; production status; OT safety approval; maintenance window; emergency contact; stop conditions,Asset inventory; architecture/trust-boundary notes; configuration or request/response evidence; timestamps; approved screenshots/logs; finding references as applicable
Industrial Networks & Protocols,EtherNet/IP,Y,Y,Y,Context,Context,Y,Y,Y,Restricted,MFG-E011;MFG-E045;MFG-E071;MFG-E144;MFG-E160;MFG-E161;MFG-E162;MFG-E252;MFG-E266,NIST SP 800-115; NIST SP 800-82 Rev. 3; ISA/IEC 62443; MITRE ATT&CK for ICS,Passive/read-only by default; controlled validation only with explicit authorization and safety gate,Written authorization; asset owner; production status; OT safety approval; maintenance window; emergency contact; stop conditions,Asset inventory; architecture/trust-boundary notes; configuration or request/response evidence; timestamps; approved screenshots/logs; finding references as applicable
Industrial Networks & Protocols,PROFINET,Y,Y,Y,Context,Context,Y,Y,Y,Restricted,MFG-E011;MFG-E045;MFG-E071;MFG-E144;MFG-E160;MFG-E161;MFG-E162;MFG-E252;MFG-E266,NIST SP 800-115; NIST SP 800-82 Rev. 3; ISA/IEC 62443; MITRE ATT&CK for ICS,Passive/read-only by default; controlled validation only with explicit authorization and safety gate,Written authorization; asset owner; production status; OT safety approval; maintenance window; emergency contact; stop conditions,Asset inventory; architecture/trust-boundary notes; configuration or request/response evidence; timestamps; approved screenshots/logs; finding references as applicable
Industrial Networks & Protocols,DNP3,Y,Y,Y,Context,Context,Y,Y,Y,Restricted,MFG-E011;MFG-E045;MFG-E071;MFG-E144;MFG-E160;MFG-E161;MFG-E162;MFG-E252;MFG-E266,NIST SP 800-115; NIST SP 800-82 Rev. 3; ISA/IEC 62443; MITRE ATT&CK for ICS,Passive/read-only by default; controlled validation only with explicit authorization and safety gate,Written authorization; asset owner; production status; OT safety approval; maintenance window; emergency contact; stop conditions,Asset inventory; architecture/trust-boundary notes; configuration or request/response evidence; timestamps; approved screenshots/logs; finding references as applicable
Industrial Networks & Protocols,MQTT,Y,Y,Y,Context,Context,Y,Y,Y,Restricted,MFG-E011;MFG-E045;MFG-E071;MFG-E144;MFG-E160;MFG-E161;MFG-E162;MFG-E163;MFG-E252;MFG-E266,NIST SP 800-115; NIST SP 800-82 Rev. 3; ISA/IEC 62443; MITRE ATT&CK for ICS,Passive/read-only by default; controlled validation only with explicit authorization and safety gate,Written authorization; asset owner; production status; OT safety approval; maintenance window; emergency contact; stop conditions,Asset inventory; architecture/trust-boundary notes; configuration or request/response evidence; timestamps; approved screenshots/logs; finding references as applicable
Industrial Networks & Protocols,AMQP,Y,Y,Y,Context,Context,Y,Y,Y,Restricted,MFG-E011;MFG-E045;MFG-E071;MFG-E144;MFG-E160;MFG-E161;MFG-E162;MFG-E252;MFG-E266,NIST SP 800-115; NIST SP 800-82 Rev. 3; ISA/IEC 62443; MITRE ATT&CK for ICS,Passive/read-only by default; controlled validation only with explicit authorization and safety gate,Written authorization; asset owner; production status; OT safety approval; maintenance window; emergency contact; stop conditions,Asset inventory; architecture/trust-boundary notes; configuration or request/response evidence; timestamps; approved screenshots/logs; finding references as applicable
Industrial Networks & Protocols,HART,Y,Y,Y,Context,Context,Y,Y,Y,Restricted,MFG-E011;MFG-E045;MFG-E071;MFG-E144;MFG-E160;MFG-E161;MFG-E162;MFG-E252;MFG-E266,NIST SP 800-115; NIST SP 800-82 Rev. 3; ISA/IEC 62443; MITRE ATT&CK for ICS,Passive/read-only by default; controlled validation only with explicit authorization and safety gate,Written authorization; asset owner; production status; OT safety approval; maintenance window; emergency contact; stop conditions,Asset inventory; architecture/trust-boundary notes; configuration or request/response evidence; timestamps; approved screenshots/logs; finding references as applicable
Industrial Networks & Protocols,CAN-related protocols,Y,Y,Y,Context,Context,Y,Y,Y,Restricted,MFG-E011;MFG-E045;MFG-E071;MFG-E144;MFG-E160;MFG-E161;MFG-E162;MFG-E252;MFG-E266,NIST SP 800-115; NIST SP 800-82 Rev. 3; ISA/IEC 62443; MITRE ATT&CK for ICS,Passive/read-only by default; controlled validation only with explicit authorization and safety gate,Written authorization; asset owner; production status; OT safety approval; maintenance window; emergency contact; stop conditions,Asset inventory; architecture/trust-boundary notes; configuration or request/response evidence; timestamps; approved screenshots/logs; finding references as applicable
Industrial Networks & Protocols,serial protocols,Y,Y,Y,Context,Context,Y,Y,Y,Restricted,MFG-E011;MFG-E045;MFG-E071;MFG-E144;MFG-E160;MFG-E161;MFG-E162;MFG-E252;MFG-E266,NIST SP 800-115; NIST SP 800-82 Rev. 3; ISA/IEC 62443; MITRE ATT&CK for ICS,Passive/read-only by default; controlled validation only with explicit authorization and safety gate,Written authorization; asset owner; production status; OT safety approval; maintenance window; emergency contact; stop conditions,Asset inventory; architecture/trust-boundary notes; configuration or request/response evidence; timestamps; approved screenshots/logs; finding references as applicable
Industrial Networks & Protocols,vendor protocols,Y,Y,Y,Context,Context,Y,Y,Y,Restricted,MFG-E011;MFG-E045;MFG-E071;MFG-E144;MFG-E160;MFG-E161;MFG-E162;MFG-E252;MFG-E266,NIST SP 800-115; NIST SP 800-82 Rev. 3; ISA/IEC 62443; MITRE ATT&CK for ICS,Passive/read-only by default; controlled validation only with explicit authorization and safety gate,Written authorization; asset owner; production status; OT safety approval; maintenance window; emergency contact; stop conditions,Asset inventory; architecture/trust-boundary notes; configuration or request/response evidence; timestamps; approved screenshots/logs; finding references as applicable
IIoT / Edge / Industry 4.0,smart sensors,Y,Y,Y,Context,Context,Y,Y,Y,Restricted,MFG-E011;MFG-E045;MFG-E071;MFG-E144;MFG-E179;MFG-E180;MFG-E181;MFG-E252;MFG-E266,NIST SP 800-115; NIST SP 800-82 Rev. 3; ISA/IEC 62443; MITRE ATT&CK for ICS,Active + manual validation where authorized; non-destructive by default,Written authorization; confirmed scope; test accounts/access; testing window; logging/evidence plan,Asset inventory; architecture/trust-boundary notes; configuration or request/response evidence; timestamps; approved screenshots/logs; finding references as applicable
IIoT / Edge / Industry 4.0,IIoT gateways,Y,Y,Y,Context,Y,Y,Y,Y,Restricted,MFG-E011;MFG-E045;MFG-E071;MFG-E117;MFG-E144;MFG-E179;MFG-E180;MFG-E181;MFG-E252;MFG-E266,NIST SP 800-115; NIST SP 800-82 Rev. 3; ISA/IEC 62443; MITRE ATT&CK for ICS,Active + manual validation where authorized; non-destructive by default,Written authorization; confirmed scope; test accounts/access; testing window; logging/evidence plan,Asset inventory; architecture/trust-boundary notes; configuration or request/response evidence; timestamps; approved screenshots/logs; finding references as applicable
IIoT / Edge / Industry 4.0,edge computers,Y,Y,Y,Context,Context,Y,Y,Y,Restricted,MFG-E011;MFG-E045;MFG-E071;MFG-E144;MFG-E179;MFG-E180;MFG-E181;MFG-E252;MFG-E266,NIST SP 800-115; NIST SP 800-82 Rev. 3; ISA/IEC 62443; MITRE ATT&CK for ICS,Active + manual validation where authorized; non-destructive by default,Written authorization; confirmed scope; test accounts/access; testing window; logging/evidence plan,Asset inventory; architecture/trust-boundary notes; configuration or request/response evidence; timestamps; approved screenshots/logs; finding references as applicable
IIoT / Edge / Industry 4.0,industrial PCs,Y,Y,Y,Context,Context,Y,Y,Y,Restricted,MFG-E011;MFG-E045;MFG-E071;MFG-E144;MFG-E179;MFG-E180;MFG-E181;MFG-E252;MFG-E266,NIST SP 800-115; NIST SP 800-82 Rev. 3; ISA/IEC 62443; MITRE ATT&CK for ICS,Active + manual validation where authorized; non-destructive by default,Written authorization; confirmed scope; test accounts/access; testing window; logging/evidence plan,Asset inventory; architecture/trust-boundary notes; configuration or request/response evidence; timestamps; approved screenshots/logs; finding references as applicable
IIoT / Edge / Industry 4.0,device-management platforms,Y,Y,Y,Context,Context,Y,Y,Y,Restricted,MFG-E011;MFG-E045;MFG-E071;MFG-E144;MFG-E179;MFG-E180;MFG-E181;MFG-E252;MFG-E266,NIST SP 800-115; NIST SP 800-82 Rev. 3; ISA/IEC 62443; MITRE ATT&CK for ICS,Active + manual validation where authorized; non-destructive by default,Written authorization; confirmed scope; test accounts/access; testing window; logging/evidence plan,Asset inventory; architecture/trust-boundary notes; configuration or request/response evidence; timestamps; approved screenshots/logs; finding references as applicable
IIoT / Edge / Industry 4.0,machine-monitoring platforms,Y,Y,Y,Context,Context,Y,Y,Y,Restricted,MFG-E011;MFG-E045;MFG-E071;MFG-E144;MFG-E179;MFG-E180;MFG-E181;MFG-E252;MFG-E266,NIST SP 800-115; NIST SP 800-82 Rev. 3; ISA/IEC 62443; MITRE ATT&CK for ICS,Active + manual validation where authorized; non-destructive by default,Written authorization; confirmed scope; test accounts/access; testing window; logging/evidence plan,Asset inventory; architecture/trust-boundary notes; configuration or request/response evidence; timestamps; approved screenshots/logs; finding references as applicable
IIoT / Edge / Industry 4.0,IoT APIs,Y,Y,Y,Y,Y,Y,Y,Y,Restricted,MFG-E011;MFG-E045;MFG-E071;MFG-E097;MFG-E117;MFG-E144;MFG-E179;MFG-E180;MFG-E181;MFG-E252;MFG-E266,NIST SP 800-115; NIST SP 800-82 Rev. 3; ISA/IEC 62443; MITRE ATT&CK for ICS; OWASP WSTG; OWASP Top 10; OWASP API Security Top 10,Active + manual validation where authorized; non-destructive by default,Written authorization; confirmed scope; test accounts/access; testing window; logging/evidence plan,Asset inventory; architecture/trust-boundary notes; configuration or request/response evidence; timestamps; approved screenshots/logs; finding references as applicable
IIoT / Edge / Industry 4.0,MQTT brokers,Y,Y,Y,Context,Context,Y,Y,Y,Restricted,MFG-E011;MFG-E045;MFG-E071;MFG-E144;MFG-E163;MFG-E179;MFG-E180;MFG-E181;MFG-E252;MFG-E266,NIST SP 800-115; NIST SP 800-82 Rev. 3; ISA/IEC 62443; MITRE ATT&CK for ICS,Active + manual validation where authorized; non-destructive by default,Written authorization; confirmed scope; test accounts/access; testing window; logging/evidence plan,Asset inventory; architecture/trust-boundary notes; configuration or request/response evidence; timestamps; approved screenshots/logs; finding references as applicable
IIoT / Edge / Industry 4.0,OPC gateways,Y,Y,Y,Context,Context,Y,Y,Y,Restricted,MFG-E011;MFG-E045;MFG-E071;MFG-E144;MFG-E159;MFG-E179;MFG-E180;MFG-E181;MFG-E252;MFG-E266,NIST SP 800-115; NIST SP 800-82 Rev. 3; ISA/IEC 62443; MITRE ATT&CK for ICS,Active + manual validation where authorized; non-destructive by default,Written authorization; confirmed scope; test accounts/access; testing window; logging/evidence plan,Asset inventory; architecture/trust-boundary notes; configuration or request/response evidence; timestamps; approved screenshots/logs; finding references as applicable
IIoT / Edge / Industry 4.0,remote diagnostics,Y,Y,Y,Y,Context,Y,Y,Y,Restricted,MFG-E011;MFG-E045;MFG-E071;MFG-E097;MFG-E144;MFG-E179;MFG-E180;MFG-E181;MFG-E252;MFG-E266,NIST SP 800-115; NIST SP 800-82 Rev. 3; ISA/IEC 62443; MITRE ATT&CK for ICS,Active + manual validation where authorized; non-destructive by default,Written authorization; confirmed scope; test accounts/access; testing window; logging/evidence plan,Asset inventory; architecture/trust-boundary notes; configuration or request/response evidence; timestamps; approved screenshots/logs; finding references as applicable
IIoT / Edge / Industry 4.0,predictive maintenance,Y,Y,Y,Context,Context,Y,Y,Y,Restricted,MFG-E011;MFG-E045;MFG-E071;MFG-E144;MFG-E179;MFG-E180;MFG-E181;MFG-E252;MFG-E266;MFG-X478,NIST SP 800-115; NIST SP 800-82 Rev. 3; ISA/IEC 62443; MITRE ATT&CK for ICS,Active + manual validation where authorized; non-destructive by default,Written authorization; confirmed scope; test accounts/access; testing window; logging/evidence plan,Asset inventory; architecture/trust-boundary notes; configuration or request/response evidence; timestamps; approved screenshots/logs; finding references as applicable
IIoT / Edge / Industry 4.0,digital twins,Y,Y,Y,Context,Y,Y,Y,Y,Restricted,MFG-E011;MFG-E045;MFG-E071;MFG-E117;MFG-E144;MFG-E179;MFG-E180;MFG-E181;MFG-E194;MFG-E252;MFG-E266;MFG-X449,NIST SP 800-115; NIST SP 800-82 Rev. 3; ISA/IEC 62443; MITRE ATT&CK for ICS,Active + manual validation where authorized; non-destructive by default,Written authorization; confirmed scope; test accounts/access; testing window; logging/evidence plan,Asset inventory; architecture/trust-boundary notes; configuration or request/response evidence; timestamps; approved screenshots/logs; finding references as applicable
IIoT / Edge / Industry 4.0,industrial analytics,Y,Y,Y,Context,Context,Y,Y,Y,Restricted,MFG-E011;MFG-E042;MFG-E045;MFG-E071;MFG-E144;MFG-E179;MFG-E180;MFG-E181;MFG-E195;MFG-E252;MFG-E266,NIST SP 800-115; NIST SP 800-82 Rev. 3; ISA/IEC 62443; MITRE ATT&CK for ICS,Active + manual validation where authorized; non-destructive by default,Written authorization; confirmed scope; test accounts/access; testing window; logging/evidence plan,Asset inventory; architecture/trust-boundary notes; configuration or request/response evidence; timestamps; approved screenshots/logs; finding references as applicable
IIoT / Edge / Industry 4.0,data platforms,Y,Y,Y,Context,Context,Y,Y,Y,Restricted,MFG-E011;MFG-E045;MFG-E071;MFG-E144;MFG-E179;MFG-E180;MFG-E181;MFG-E252;MFG-E266,NIST SP 800-115; NIST SP 800-82 Rev. 3; ISA/IEC 62443; MITRE ATT&CK for ICS,Active + manual validation where authorized; non-destructive by default,Written authorization; confirmed scope; test accounts/access; testing window; logging/evidence plan,Asset inventory; architecture/trust-boundary notes; configuration or request/response evidence; timestamps; approved screenshots/logs; finding references as applicable
Cloud & Digital Infrastructure,AWS,Y,Y,Y,Context,Context,N/A,Y,Y,Controlled,MFG-E011;MFG-E045;MFG-E071;MFG-E182;MFG-E183;MFG-E184;MFG-E252;MFG-E266,NIST SP 800-115; CIS Controls,Active + manual validation where authorized; non-destructive by default,Written authorization; confirmed scope; test accounts/access; testing window; logging/evidence plan,Asset inventory; architecture/trust-boundary notes; configuration or request/response evidence; timestamps; approved screenshots/logs; finding references as applicable
Cloud & Digital Infrastructure,Azure,Y,Y,Y,Context,Context,N/A,Y,Y,Controlled,MFG-E011;MFG-E045;MFG-E071;MFG-E182;MFG-E183;MFG-E184;MFG-E252;MFG-E266,NIST SP 800-115; CIS Controls,Active + manual validation where authorized; non-destructive by default,Written authorization; confirmed scope; test accounts/access; testing window; logging/evidence plan,Asset inventory; architecture/trust-boundary notes; configuration or request/response evidence; timestamps; approved screenshots/logs; finding references as applicable
Cloud & Digital Infrastructure,GCP,Y,Y,Y,Context,Context,N/A,Y,Y,Controlled,MFG-E011;MFG-E045;MFG-E071;MFG-E182;MFG-E183;MFG-E184;MFG-E252;MFG-E266,NIST SP 800-115; CIS Controls,Active + manual validation where authorized; non-destructive by default,Written authorization; confirmed scope; test accounts/access; testing window; logging/evidence plan,Asset inventory; architecture/trust-boundary notes; configuration or request/response evidence; timestamps; approved screenshots/logs; finding references as applicable
Cloud & Digital Infrastructure,private cloud,Y,Y,Y,Y,Y,N/A,Y,Y,Controlled,MFG-E011;MFG-E045;MFG-E071;MFG-E097;MFG-E117;MFG-E182;MFG-E183;MFG-E184;MFG-E248;MFG-E252;MFG-E266;MFG-X305;MFG-X389;MFG-X433;MFG-X434;MFG-X435;MFG-X436;MFG-X437;MFG-X438;MFG-X440;MFG-X445,NIST SP 800-115; CIS Controls,Active + manual validation where authorized; non-destructive by default,Written authorization; confirmed scope; test accounts/access; testing window; logging/evidence plan,Asset inventory; architecture/trust-boundary notes; configuration or request/response evidence; timestamps; approved screenshots/logs; finding references as applicable
Cloud & Digital Infrastructure,hybrid cloud,Y,Y,Y,Y,Y,N/A,Y,Y,Controlled,MFG-E011;MFG-E045;MFG-E071;MFG-E097;MFG-E117;MFG-E182;MFG-E183;MFG-E184;MFG-E248;MFG-E252;MFG-E266;MFG-X305;MFG-X389;MFG-X433;MFG-X434;MFG-X435;MFG-X436;MFG-X437;MFG-X438;MFG-X440;MFG-X445,NIST SP 800-115; CIS Controls,Active + manual validation where authorized; non-destructive by default,Written authorization; confirmed scope; test accounts/access; testing window; logging/evidence plan,Asset inventory; architecture/trust-boundary notes; configuration or request/response evidence; timestamps; approved screenshots/logs; finding references as applicable
Cloud & Digital Infrastructure,VMs,Y,Y,Y,Context,Context,N/A,Y,Y,Controlled,MFG-E011;MFG-E045;MFG-E071;MFG-E182;MFG-E183;MFG-E184;MFG-E252;MFG-E266,NIST SP 800-115; CIS Controls,Active + manual validation where authorized; non-destructive by default,Written authorization; confirmed scope; test accounts/access; testing window; logging/evidence plan,Asset inventory; architecture/trust-boundary notes; configuration or request/response evidence; timestamps; approved screenshots/logs; finding references as applicable
Cloud & Digital Infrastructure,containers,Y,Y,Y,Context,Context,N/A,Y,Y,Controlled,MFG-E011;MFG-E045;MFG-E071;MFG-E087;MFG-E182;MFG-E183;MFG-E184;MFG-E186;MFG-E252;MFG-E266;MFG-X419;MFG-X441,NIST SP 800-115; CIS Controls,Active + manual validation where authorized; non-destructive by default,Written authorization; confirmed scope; test accounts/access; testing window; logging/evidence plan,Asset inventory; architecture/trust-boundary notes; configuration or request/response evidence; timestamps; approved screenshots/logs; finding references as applicable
Cloud & Digital Infrastructure,Kubernetes,Y,Y,Y,Context,Context,N/A,Y,Y,Controlled,MFG-E011;MFG-E045;MFG-E071;MFG-E087;MFG-E182;MFG-E183;MFG-E184;MFG-E187;MFG-E252;MFG-E266;MFG-X442,NIST SP 800-115; CIS Controls,Active + manual validation where authorized; non-destructive by default,Written authorization; confirmed scope; test accounts/access; testing window; logging/evidence plan,Asset inventory; architecture/trust-boundary notes; configuration or request/response evidence; timestamps; approved screenshots/logs; finding references as applicable
Cloud & Digital Infrastructure,registries,Y,Y,Y,Context,Context,N/A,Y,Y,Controlled,MFG-E011;MFG-E045;MFG-E071;MFG-E182;MFG-E183;MFG-E184;MFG-E252;MFG-E266,NIST SP 800-115; CIS Controls,Active + manual validation where authorized; non-destructive by default,Written authorization; confirmed scope; test accounts/access; testing window; logging/evidence plan,Asset inventory; architecture/trust-boundary notes; configuration or request/response evidence; timestamps; approved screenshots/logs; finding references as applicable
Cloud & Digital Infrastructure,serverless,Y,Y,Y,Y,Context,N/A,Y,Y,Controlled,MFG-E011;MFG-E045;MFG-E071;MFG-E097;MFG-E182;MFG-E183;MFG-E184;MFG-E188;MFG-E252;MFG-E266;MFG-X443,NIST SP 800-115; CIS Controls,Active + manual validation where authorized; non-destructive by default,Written authorization; confirmed scope; test accounts/access; testing window; logging/evidence plan,Asset inventory; architecture/trust-boundary notes; configuration or request/response evidence; timestamps; approved screenshots/logs; finding references as applicable
Cloud & Digital Infrastructure,object storage,Y,Y,Y,Context,Context,N/A,Y,Y,Controlled,MFG-E011;MFG-E024;MFG-E045;MFG-E055;MFG-E071;MFG-E080;MFG-E182;MFG-E183;MFG-E184;MFG-E189;MFG-E252;MFG-E266;MFG-X439,NIST SP 800-115; CIS Controls,Active + manual validation where authorized; non-destructive by default,Written authorization; confirmed scope; test accounts/access; testing window; logging/evidence plan,Asset inventory; architecture/trust-boundary notes; configuration or request/response evidence; timestamps; approved screenshots/logs; finding references as applicable
Cloud & Digital Infrastructure,S3,Y,Y,Y,Context,Context,N/A,Y,Y,Controlled,MFG-E011;MFG-E045;MFG-E071;MFG-E182;MFG-E183;MFG-E184;MFG-E189;MFG-E252;MFG-E266,NIST SP 800-115; CIS Controls,Active + manual validation where authorized; non-destructive by default,Written authorization; confirmed scope; test accounts/access; testing window; logging/evidence plan,Asset inventory; architecture/trust-boundary notes; configuration or request/response evidence; timestamps; approved screenshots/logs; finding references as applicable
Cloud & Digital Infrastructure,Azure Blob,Y,Y,Y,Context,Context,N/A,Y,Y,Controlled,MFG-E011;MFG-E045;MFG-E071;MFG-E182;MFG-E183;MFG-E184;MFG-E252;MFG-E266,NIST SP 800-115; CIS Controls,Active + manual validation where authorized; non-destructive by default,Written authorization; confirmed scope; test accounts/access; testing window; logging/evidence plan,Asset inventory; architecture/trust-boundary notes; configuration or request/response evidence; timestamps; approved screenshots/logs; finding references as applicable
Cloud & Digital Infrastructure,cloud databases,Y,Y,Y,Y,Y,N/A,Y,Y,Controlled,MFG-E011;MFG-E045;MFG-E071;MFG-E097;MFG-E117;MFG-E182;MFG-E183;MFG-E184;MFG-E248;MFG-E252;MFG-E266;MFG-X305;MFG-X389;MFG-X433;MFG-X434;MFG-X435;MFG-X436;MFG-X437;MFG-X438;MFG-X440;MFG-X445,NIST SP 800-115; CIS Controls,Active + manual validation where authorized; non-destructive by default,Written authorization; confirmed scope; test accounts/access; testing window; logging/evidence plan,Asset inventory; architecture/trust-boundary notes; configuration or request/response evidence; timestamps; approved screenshots/logs; finding references as applicable
Cloud & Digital Infrastructure,data lakes,Y,Y,Y,Context,Context,N/A,Y,Y,Controlled,MFG-E011;MFG-E045;MFG-E071;MFG-E182;MFG-E183;MFG-E184;MFG-E252;MFG-E266,NIST SP 800-115; CIS Controls,Active + manual validation where authorized; non-destructive by default,Written authorization; confirmed scope; test accounts/access; testing window; logging/evidence plan,Asset inventory; architecture/trust-boundary notes; configuration or request/response evidence; timestamps; approved screenshots/logs; finding references as applicable
Cloud & Digital Infrastructure,data warehouses,Y,Y,Y,Context,Context,N/A,Y,Y,Controlled,MFG-E011;MFG-E045;MFG-E071;MFG-E182;MFG-E183;MFG-E184;MFG-E252;MFG-E266,NIST SP 800-115; CIS Controls,Active + manual validation where authorized; non-destructive by default,Written authorization; confirmed scope; test accounts/access; testing window; logging/evidence plan,Asset inventory; architecture/trust-boundary notes; configuration or request/response evidence; timestamps; approved screenshots/logs; finding references as applicable
Cloud & Digital Infrastructure,VPC/VNet,Y,Y,Y,Context,Context,N/A,Y,Y,Controlled,MFG-E011;MFG-E045;MFG-E071;MFG-E182;MFG-E183;MFG-E184;MFG-E252;MFG-E266,NIST SP 800-115; CIS Controls,Active + manual validation where authorized; non-destructive by default,Written authorization; confirmed scope; test accounts/access; testing window; logging/evidence plan,Asset inventory; architecture/trust-boundary notes; configuration or request/response evidence; timestamps; approved screenshots/logs; finding references as applicable
Cloud & Digital Infrastructure,subnets,Y,Y,Y,Context,Context,N/A,Y,Y,Controlled,MFG-E011;MFG-E045;MFG-E071;MFG-E182;MFG-E183;MFG-E184;MFG-E252;MFG-E266,NIST SP 800-115; CIS Controls,Active + manual validation where authorized; non-destructive by default,Written authorization; confirmed scope; test accounts/access; testing window; logging/evidence plan,Asset inventory; architecture/trust-boundary notes; configuration or request/response evidence; timestamps; approved screenshots/logs; finding references as applicable
Cloud & Digital Infrastructure,security groups,Y,Y,Y,Context,Context,N/A,Y,Y,Controlled,MFG-E011;MFG-E045;MFG-E071;MFG-E182;MFG-E183;MFG-E184;MFG-E252;MFG-E266,NIST SP 800-115; CIS Controls,Active + manual validation where authorized; non-destructive by default,Written authorization; confirmed scope; test accounts/access; testing window; logging/evidence plan,Asset inventory; architecture/trust-boundary notes; configuration or request/response evidence; timestamps; approved screenshots/logs; finding references as applicable
Cloud & Digital Infrastructure,NACLs,Y,Y,Y,Context,Context,N/A,Y,Y,Controlled,MFG-E011;MFG-E045;MFG-E071;MFG-E182;MFG-E183;MFG-E184;MFG-E252;MFG-E266,NIST SP 800-115; CIS Controls,Active + manual validation where authorized; non-destructive by default,Written authorization; confirmed scope; test accounts/access; testing window; logging/evidence plan,Asset inventory; architecture/trust-boundary notes; configuration or request/response evidence; timestamps; approved screenshots/logs; finding references as applicable
Cloud & Digital Infrastructure,load balancers,Y,Y,Y,Y,Context,N/A,Y,Y,Controlled,MFG-E011;MFG-E045;MFG-E071;MFG-E097;MFG-E182;MFG-E183;MFG-E184;MFG-E252;MFG-E266,NIST SP 800-115; CIS Controls,Active + manual validation where authorized; non-destructive by default,Written authorization; confirmed scope; test accounts/access; testing window; logging/evidence plan,Asset inventory; architecture/trust-boundary notes; configuration or request/response evidence; timestamps; approved screenshots/logs; finding references as applicable
Cloud & Digital Infrastructure,API gateways,Y,Y,Y,Y,Y,N/A,Y,Y,Controlled,MFG-E011;MFG-E045;MFG-E048;MFG-E071;MFG-E074;MFG-E097;MFG-E109;MFG-E117;MFG-E118;MFG-E141;MFG-E182;MFG-E183;MFG-E184;MFG-E191;MFG-E233;MFG-E247;MFG-E252;MFG-E266;MFG-X452,NIST SP 800-115; OWASP WSTG; OWASP Top 10; OWASP API Security Top 10; CIS Controls,Active + manual validation where authorized; non-destructive by default,Written authorization; confirmed scope; test accounts/access; testing window; logging/evidence plan,Asset inventory; architecture/trust-boundary notes; configuration or request/response evidence; timestamps; approved screenshots/logs; finding references as applicable
Cloud & Digital Infrastructure,IAM,Y,Y,Y,Y,Context,N/A,Y,Y,Controlled,MFG-E011;MFG-E045;MFG-E071;MFG-E097;MFG-E108;MFG-E182;MFG-E183;MFG-E184;MFG-E252;MFG-E266;MFG-X435,NIST SP 800-115; CIS Controls,Active + manual validation where authorized; non-destructive by default,Written authorization; confirmed scope; test accounts/access; testing window; logging/evidence plan,Asset inventory; architecture/trust-boundary notes; configuration or request/response evidence; timestamps; approved screenshots/logs; finding references as applicable
Cloud & Digital Infrastructure,service accounts,Y,Y,Y,Y,Context,N/A,Y,Y,Controlled,MFG-E011;MFG-E045;MFG-E071;MFG-E097;MFG-E182;MFG-E183;MFG-E184;MFG-E252;MFG-E266,NIST SP 800-115; CIS Controls,Active + manual validation where authorized; non-destructive by default,Written authorization; confirmed scope; test accounts/access; testing window; logging/evidence plan,Asset inventory; architecture/trust-boundary notes; configuration or request/response evidence; timestamps; approved screenshots/logs; finding references as applicable
Cloud & Digital Infrastructure,secrets,Y,Y,Y,Context,Context,N/A,Y,Y,Controlled,MFG-E011;MFG-E045;MFG-E071;MFG-E182;MFG-E183;MFG-E184;MFG-E193;MFG-E232;MFG-E252;MFG-E266;MFG-X425,NIST SP 800-115; CIS Controls,Active + manual validation where authorized; non-destructive by default,Written authorization; confirmed scope; test accounts/access; testing window; logging/evidence plan,Asset inventory; architecture/trust-boundary notes; configuration or request/response evidence; timestamps; approved screenshots/logs; finding references as applicable
Cloud & Digital Infrastructure,cloud keys,Y,Y,Y,Y,Y,N/A,Y,Y,Controlled,MFG-E011;MFG-E045;MFG-E071;MFG-E097;MFG-E117;MFG-E182;MFG-E183;MFG-E184;MFG-E248;MFG-E252;MFG-E266;MFG-X305;MFG-X389;MFG-X433;MFG-X434;MFG-X435;MFG-X436;MFG-X437;MFG-X438;MFG-X440;MFG-X445,NIST SP 800-115; CIS Controls,Active + manual validation where authorized; non-destructive by default,Written authorization; confirmed scope; test accounts/access; testing window; logging/evidence plan,Asset inventory; architecture/trust-boundary notes; configuration or request/response evidence; timestamps; approved screenshots/logs; finding references as applicable
Cloud & Digital Infrastructure,private endpoints,Y,Y,Y,Context,Context,N/A,Y,Y,Controlled,MFG-E011;MFG-E045;MFG-E071;MFG-E182;MFG-E183;MFG-E184;MFG-E252;MFG-E266,NIST SP 800-115; CIS Controls,Active + manual validation where authorized; non-destructive by default,Written authorization; confirmed scope; test accounts/access; testing window; logging/evidence plan,Asset inventory; architecture/trust-boundary notes; configuration or request/response evidence; timestamps; approved screenshots/logs; finding references as applicable
API & Integration,REST,Y,Y,Y,Context,Context,N/A,Y,Y,Controlled,MFG-E011;MFG-E045;MFG-E071;MFG-E124;MFG-E125;MFG-E191;MFG-E252;MFG-E266;MFG-X364;MFG-X430,NIST SP 800-115; OWASP WSTG; OWASP Top 10; OWASP API Security Top 10,Active + manual validation where authorized; non-destructive by default,Written authorization; confirmed scope; test accounts/access; testing window; logging/evidence plan,Asset inventory; architecture/trust-boundary notes; configuration or request/response evidence; timestamps; approved screenshots/logs; finding references as applicable
API & Integration,SOAP,Y,Y,Y,Context,Context,N/A,Y,Y,Controlled,MFG-E011;MFG-E045;MFG-E071;MFG-E124;MFG-E125;MFG-E191;MFG-E252;MFG-E266,NIST SP 800-115; OWASP WSTG; OWASP Top 10; OWASP API Security Top 10,Active + manual validation where authorized; non-destructive by default,Written authorization; confirmed scope; test accounts/access; testing window; logging/evidence plan,Asset inventory; architecture/trust-boundary notes; configuration or request/response evidence; timestamps; approved screenshots/logs; finding references as applicable
API & Integration,GraphQL,Y,Y,Y,Context,Context,N/A,Y,Y,Controlled,MFG-E011;MFG-E045;MFG-E071;MFG-E124;MFG-E125;MFG-E191;MFG-E252;MFG-E266,NIST SP 800-115; OWASP WSTG; OWASP Top 10; OWASP API Security Top 10,Active + manual validation where authorized; non-destructive by default,Written authorization; confirmed scope; test accounts/access; testing window; logging/evidence plan,Asset inventory; architecture/trust-boundary notes; configuration or request/response evidence; timestamps; approved screenshots/logs; finding references as applicable
API & Integration,WebSockets,Y,Y,Y,Y,Y,N/A,Y,Y,Controlled,MFG-E011;MFG-E045;MFG-E071;MFG-E097;MFG-E117;MFG-E124;MFG-E125;MFG-E191;MFG-E252;MFG-E266,NIST SP 800-115; OWASP WSTG; OWASP Top 10; OWASP API Security Top 10,Active + manual validation where authorized; non-destructive by default,Written authorization; confirmed scope; test accounts/access; testing window; logging/evidence plan,Asset inventory; architecture/trust-boundary notes; configuration or request/response evidence; timestamps; approved screenshots/logs; finding references as applicable
API & Integration,gRPC,Y,Y,Y,Context,Context,N/A,Y,Y,Controlled,MFG-E011;MFG-E045;MFG-E071;MFG-E124;MFG-E125;MFG-E191;MFG-E252;MFG-E266,NIST SP 800-115; OWASP WSTG; OWASP Top 10; OWASP API Security Top 10,Active + manual validation where authorized; non-destructive by default,Written authorization; confirmed scope; test accounts/access; testing window; logging/evidence plan,Asset inventory; architecture/trust-boundary notes; configuration or request/response evidence; timestamps; approved screenshots/logs; finding references as applicable
API & Integration,vendor APIs,Y,Y,Y,Y,Y,N/A,Y,Y,Controlled,MFG-E011;MFG-E045;MFG-E071;MFG-E097;MFG-E117;MFG-E124;MFG-E125;MFG-E191;MFG-E252;MFG-E266,NIST SP 800-115; OWASP WSTG; OWASP Top 10; OWASP API Security Top 10,Active + manual validation where authorized; non-destructive by default,Written authorization; confirmed scope; test accounts/access; testing window; logging/evidence plan,Asset inventory; architecture/trust-boundary notes; configuration or request/response evidence; timestamps; approved screenshots/logs; finding references as applicable
API & Integration,cloud APIs,Y,Y,Y,Y,Y,N/A,Y,Y,Controlled,MFG-E011;MFG-E045;MFG-E071;MFG-E097;MFG-E117;MFG-E124;MFG-E125;MFG-E191;MFG-E252;MFG-E266;MFG-X305;MFG-X389;MFG-X433;MFG-X434;MFG-X435;MFG-X436;MFG-X437;MFG-X438;MFG-X440;MFG-X445,NIST SP 800-115; OWASP WSTG; OWASP Top 10; OWASP API Security Top 10,Active + manual validation where authorized; non-destructive by default,Written authorization; confirmed scope; test accounts/access; testing window; logging/evidence plan,Asset inventory; architecture/trust-boundary notes; configuration or request/response evidence; timestamps; approved screenshots/logs; finding references as applicable
API & Integration,mobile APIs,Y,Y,Y,Y,Y,N/A,Y,Y,Controlled,MFG-E011;MFG-E045;MFG-E071;MFG-E097;MFG-E117;MFG-E124;MFG-E125;MFG-E191;MFG-E252;MFG-E266,NIST SP 800-115; OWASP WSTG; OWASP Top 10; OWASP API Security Top 10,Active + manual validation where authorized; non-destructive by default,Written authorization; confirmed scope; test accounts/access; testing window; logging/evidence plan,Asset inventory; architecture/trust-boundary notes; configuration or request/response evidence; timestamps; approved screenshots/logs; finding references as applicable
API & Integration,ERP APIs,Y,Y,Y,Y,Y,N/A,Y,Y,Controlled,MFG-E011;MFG-E016;MFG-E027;MFG-E045;MFG-E071;MFG-E097;MFG-E110;MFG-E117;MFG-E124;MFG-E125;MFG-E127;MFG-E128;MFG-E191;MFG-E252;MFG-E266;MFG-X305;MFG-X318,NIST SP 800-115; OWASP WSTG; OWASP Top 10; OWASP API Security Top 10,Active + manual validation where authorized; non-destructive by default,Written authorization; confirmed scope; test accounts/access; testing window; logging/evidence plan,Asset inventory; architecture/trust-boundary notes; configuration or request/response evidence; timestamps; approved screenshots/logs; finding references as applicable
API & Integration,MES APIs,Y,Y,Y,Y,Y,N/A,Y,Y,Controlled,MFG-E011;MFG-E028;MFG-E045;MFG-E071;MFG-E097;MFG-E111;MFG-E117;MFG-E124;MFG-E125;MFG-E129;MFG-E191;MFG-E252;MFG-E266,NIST SP 800-115; OWASP WSTG; OWASP Top 10; OWASP API Security Top 10,Active + manual validation where authorized; non-destructive by default,Written authorization; confirmed scope; test accounts/access; testing window; logging/evidence plan,Asset inventory; architecture/trust-boundary notes; configuration or request/response evidence; timestamps; approved screenshots/logs; finding references as applicable
API & Integration,PLM APIs,Y,Y,Y,Y,Y,N/A,Y,Y,Controlled,MFG-E011;MFG-E035;MFG-E045;MFG-E071;MFG-E097;MFG-E117;MFG-E124;MFG-E125;MFG-E173;MFG-E191;MFG-E252;MFG-E266,NIST SP 800-115; OWASP WSTG; OWASP Top 10; OWASP API Security Top 10,Active + manual validation where authorized; non-destructive by default,Written authorization; confirmed scope; test accounts/access; testing window; logging/evidence plan,Asset inventory; architecture/trust-boundary notes; configuration or request/response evidence; timestamps; approved screenshots/logs; finding references as applicable
API & Integration,IoT APIs,Y,Y,Y,Y,Y,N/A,Y,Y,Controlled,MFG-E011;MFG-E045;MFG-E071;MFG-E097;MFG-E117;MFG-E124;MFG-E125;MFG-E191;MFG-E252;MFG-E266,NIST SP 800-115; OWASP WSTG; OWASP Top 10; OWASP API Security Top 10,Active + manual validation where authorized; non-destructive by default,Written authorization; confirmed scope; test accounts/access; testing window; logging/evidence plan,Asset inventory; architecture/trust-boundary notes; configuration or request/response evidence; timestamps; approved screenshots/logs; finding references as applicable
API & Integration,webhooks,Y,Y,Y,Y,Y,N/A,Y,Y,Controlled,MFG-E011;MFG-E045;MFG-E071;MFG-E097;MFG-E117;MFG-E124;MFG-E125;MFG-E191;MFG-E252;MFG-E266,NIST SP 800-115; OWASP WSTG; OWASP Top 10; OWASP API Security Top 10,Active + manual validation where authorized; non-destructive by default,Written authorization; confirmed scope; test accounts/access; testing window; logging/evidence plan,Asset inventory; architecture/trust-boundary notes; configuration or request/response evidence; timestamps; approved screenshots/logs; finding references as applicable
API & Integration,ESB,Y,Y,Y,Context,Context,N/A,Y,Y,Controlled,MFG-E011;MFG-E045;MFG-E071;MFG-E124;MFG-E125;MFG-E191;MFG-E252;MFG-E266,NIST SP 800-115; OWASP WSTG; OWASP Top 10; OWASP API Security Top 10,Active + manual validation where authorized; non-destructive by default,Written authorization; confirmed scope; test accounts/access; testing window; logging/evidence plan,Asset inventory; architecture/trust-boundary notes; configuration or request/response evidence; timestamps; approved screenshots/logs; finding references as applicable
API & Integration,message brokers,Y,Y,Y,Y,Y,N/A,Y,Y,Controlled,MFG-E011;MFG-E045;MFG-E071;MFG-E097;MFG-E117;MFG-E124;MFG-E125;MFG-E140;MFG-E191;MFG-E252;MFG-E266,NIST SP 800-115; OWASP WSTG; OWASP Top 10; OWASP API Security Top 10,Active + manual validation where authorized; non-destructive by default,Written authorization; confirmed scope; test accounts/access; testing window; logging/evidence plan,Asset inventory; architecture/trust-boundary notes; configuration or request/response evidence; timestamps; approved screenshots/logs; finding references as applicable
API & Integration,ETL pipelines,Y,Y,Y,Context,Context,N/A,Y,Y,Controlled,MFG-E011;MFG-E045;MFG-E071;MFG-E124;MFG-E125;MFG-E191;MFG-E252;MFG-E266,NIST SP 800-115; OWASP WSTG; OWASP Top 10; OWASP API Security Top 10,Active + manual validation where authorized; non-destructive by default,Written authorization; confirmed scope; test accounts/access; testing window; logging/evidence plan,Asset inventory; architecture/trust-boundary notes; configuration or request/response evidence; timestamps; approved screenshots/logs; finding references as applicable
API & Integration,event buses,Y,Y,Y,Context,Context,N/A,Y,Y,Controlled,MFG-E011;MFG-E045;MFG-E071;MFG-E124;MFG-E125;MFG-E191;MFG-E252;MFG-E266,NIST SP 800-115; OWASP WSTG; OWASP Top 10; OWASP API Security Top 10,Active + manual validation where authorized; non-destructive by default,Written authorization; confirmed scope; test accounts/access; testing window; logging/evidence plan,Asset inventory; architecture/trust-boundary notes; configuration or request/response evidence; timestamps; approved screenshots/logs; finding references as applicable
API & Integration,SFTP/file integrations,Y,Y,Y,Context,Context,N/A,Y,Y,Controlled,MFG-E011;MFG-E045;MFG-E071;MFG-E124;MFG-E125;MFG-E191;MFG-E252;MFG-E266,NIST SP 800-115; OWASP WSTG; OWASP Top 10; OWASP API Security Top 10,Active + manual validation where authorized; non-destructive by default,Written authorization; confirmed scope; test accounts/access; testing window; logging/evidence plan,Asset inventory; architecture/trust-boundary notes; configuration or request/response evidence; timestamps; approved screenshots/logs; finding references as applicable
API & Integration,middleware,Y,Y,Y,Context,Context,N/A,Y,Y,Controlled,MFG-E011;MFG-E045;MFG-E071;MFG-E124;MFG-E125;MFG-E139;MFG-E191;MFG-E252;MFG-E266,NIST SP 800-115; OWASP WSTG; OWASP Top 10; OWASP API Security Top 10,Active + manual validation where authorized; non-destructive by default,Written authorization; confirmed scope; test accounts/access; testing window; logging/evidence plan,Asset inventory; architecture/trust-boundary notes; configuration or request/response evidence; timestamps; approved screenshots/logs; finding references as applicable
Remote Access & Third Parties,SSL VPN,Y,Y,Y,Y,Context,N/A,Y,Y,Controlled,MFG-E011;MFG-E019;MFG-E045;MFG-E050;MFG-E071;MFG-E075;MFG-E097;MFG-E200;MFG-E204;MFG-E205;MFG-E246;MFG-E252;MFG-E266,NIST SP 800-115; CIS Controls,Active + manual validation where authorized; non-destructive by default,Written authorization; confirmed scope; test accounts/access; testing window; logging/evidence plan,Asset inventory; architecture/trust-boundary notes; configuration or request/response evidence; timestamps; approved screenshots/logs; finding references as applicable
Remote Access & Third Parties,IPsec VPN,Y,Y,Y,Y,Context,N/A,Y,Y,Controlled,MFG-E011;MFG-E019;MFG-E045;MFG-E050;MFG-E071;MFG-E075;MFG-E097;MFG-E200;MFG-E204;MFG-E205;MFG-E246;MFG-E252;MFG-E266,NIST SP 800-115; CIS Controls,Active + manual validation where authorized; non-destructive by default,Written authorization; confirmed scope; test accounts/access; testing window; logging/evidence plan,Asset inventory; architecture/trust-boundary notes; configuration or request/response evidence; timestamps; approved screenshots/logs; finding references as applicable
Remote Access & Third Parties,site-to-site VPN,Y,Y,Y,Y,Context,N/A,Y,Y,Controlled,MFG-E011;MFG-E019;MFG-E045;MFG-E050;MFG-E071;MFG-E075;MFG-E097;MFG-E200;MFG-E204;MFG-E205;MFG-E246;MFG-E252;MFG-E266,NIST SP 800-115; CIS Controls,Active + manual validation where authorized; non-destructive by default,Written authorization; confirmed scope; test accounts/access; testing window; logging/evidence plan,Asset inventory; architecture/trust-boundary notes; configuration or request/response evidence; timestamps; approved screenshots/logs; finding references as applicable
Remote Access & Third Parties,vendor VPN,Y,Y,Y,Y,Context,N/A,Y,Y,Controlled,MFG-E011;MFG-E019;MFG-E045;MFG-E050;MFG-E071;MFG-E075;MFG-E097;MFG-E200;MFG-E204;MFG-E205;MFG-E246;MFG-E252;MFG-E266,NIST SP 800-115; CIS Controls,Active + manual validation where authorized; non-destructive by default,Written authorization; confirmed scope; test accounts/access; testing window; logging/evidence plan,Asset inventory; architecture/trust-boundary notes; configuration or request/response evidence; timestamps; approved screenshots/logs; finding references as applicable
Remote Access & Third Parties,RDP,Y,Y,Y,Context,Context,N/A,Y,Y,Controlled,MFG-E011;MFG-E045;MFG-E071;MFG-E200;MFG-E201;MFG-E204;MFG-E205;MFG-E252;MFG-E266,NIST SP 800-115; CIS Controls,Active + manual validation where authorized; non-destructive by default,Written authorization; confirmed scope; test accounts/access; testing window; logging/evidence plan,Asset inventory; architecture/trust-boundary notes; configuration or request/response evidence; timestamps; approved screenshots/logs; finding references as applicable
Remote Access & Third Parties,SSH,Y,Y,Y,Context,Context,N/A,Y,Y,Controlled,MFG-E011;MFG-E045;MFG-E071;MFG-E200;MFG-E202;MFG-E204;MFG-E205;MFG-E252;MFG-E266,NIST SP 800-115; CIS Controls,Active + manual validation where authorized; non-destructive by default,Written authorization; confirmed scope; test accounts/access; testing window; logging/evidence plan,Asset inventory; architecture/trust-boundary notes; configuration or request/response evidence; timestamps; approved screenshots/logs; finding references as applicable
Remote Access & Third Parties,VNC,Y,Y,Y,Context,Context,N/A,Y,Y,Controlled,MFG-E011;MFG-E045;MFG-E071;MFG-E200;MFG-E204;MFG-E205;MFG-E252;MFG-E266,NIST SP 800-115; CIS Controls,Active + manual validation where authorized; non-destructive by default,Written authorization; confirmed scope; test accounts/access; testing window; logging/evidence plan,Asset inventory; architecture/trust-boundary notes; configuration or request/response evidence; timestamps; approved screenshots/logs; finding references as applicable
Remote Access & Third Parties,jump servers,Y,Y,Y,Y,Context,N/A,Y,Y,Controlled,MFG-E011;MFG-E045;MFG-E071;MFG-E097;MFG-E200;MFG-E204;MFG-E205;MFG-E252;MFG-E266,NIST SP 800-115; CIS Controls,Active + manual validation where authorized; non-destructive by default,Written authorization; confirmed scope; test accounts/access; testing window; logging/evidence plan,Asset inventory; architecture/trust-boundary notes; configuration or request/response evidence; timestamps; approved screenshots/logs; finding references as applicable
Remote Access & Third Parties,bastions,Y,Y,Y,Context,Context,N/A,Y,Y,Controlled,MFG-E011;MFG-E045;MFG-E071;MFG-E200;MFG-E204;MFG-E205;MFG-E252;MFG-E266,NIST SP 800-115; CIS Controls,Active + manual validation where authorized; non-destructive by default,Written authorization; confirmed scope; test accounts/access; testing window; logging/evidence plan,Asset inventory; architecture/trust-boundary notes; configuration or request/response evidence; timestamps; approved screenshots/logs; finding references as applicable
Remote Access & Third Parties,remote support platforms,Y,Y,Y,Y,Context,N/A,Y,Y,Controlled,MFG-E011;MFG-E045;MFG-E071;MFG-E097;MFG-E200;MFG-E204;MFG-E205;MFG-E252;MFG-E266,NIST SP 800-115; CIS Controls,Active + manual validation where authorized; non-destructive by default,Written authorization; confirmed scope; test accounts/access; testing window; logging/evidence plan,Asset inventory; architecture/trust-boundary notes; configuration or request/response evidence; timestamps; approved screenshots/logs; finding references as applicable
Remote Access & Third Parties,vendor maintenance,Y,Y,Y,Context,Context,N/A,Y,Y,Controlled,MFG-E011;MFG-E045;MFG-E071;MFG-E200;MFG-E204;MFG-E205;MFG-E252;MFG-E266;MFG-X478,NIST SP 800-115; CIS Controls,Active + manual validation where authorized; non-destructive by default,Written authorization; confirmed scope; test accounts/access; testing window; logging/evidence plan,Asset inventory; architecture/trust-boundary notes; configuration or request/response evidence; timestamps; approved screenshots/logs; finding references as applicable
Remote Access & Third Parties,MSPs,Y,Y,Y,Context,Context,N/A,Y,Y,Controlled,MFG-E011;MFG-E045;MFG-E071;MFG-E200;MFG-E204;MFG-E205;MFG-E252;MFG-E266,NIST SP 800-115; CIS Controls,Active + manual validation where authorized; non-destructive by default,Written authorization; confirmed scope; test accounts/access; testing window; logging/evidence plan,Asset inventory; architecture/trust-boundary notes; configuration or request/response evidence; timestamps; approved screenshots/logs; finding references as applicable
Remote Access & Third Parties,MSSPs,Y,Y,Y,Context,Context,N/A,Y,Y,Controlled,MFG-E011;MFG-E045;MFG-E071;MFG-E200;MFG-E204;MFG-E205;MFG-E252;MFG-E266,NIST SP 800-115; CIS Controls,Active + manual validation where authorized; non-destructive by default,Written authorization; confirmed scope; test accounts/access; testing window; logging/evidence plan,Asset inventory; architecture/trust-boundary notes; configuration or request/response evidence; timestamps; approved screenshots/logs; finding references as applicable
Remote Access & Third Parties,system integrators,Y,Y,Y,Context,Context,N/A,Y,Y,Controlled,MFG-E011;MFG-E045;MFG-E071;MFG-E200;MFG-E204;MFG-E205;MFG-E252;MFG-E266,NIST SP 800-115; CIS Controls,Active + manual validation where authorized; non-destructive by default,Written authorization; confirmed scope; test accounts/access; testing window; logging/evidence plan,Asset inventory; architecture/trust-boundary notes; configuration or request/response evidence; timestamps; approved screenshots/logs; finding references as applicable
Remote Access & Third Parties,equipment vendors,Y,Y,Y,Context,Context,N/A,Y,Y,Controlled,MFG-E011;MFG-E045;MFG-E071;MFG-E200;MFG-E204;MFG-E205;MFG-E252;MFG-E266,NIST SP 800-115; CIS Controls,Active + manual validation where authorized; non-destructive by default,Written authorization; confirmed scope; test accounts/access; testing window; logging/evidence plan,Asset inventory; architecture/trust-boundary notes; configuration or request/response evidence; timestamps; approved screenshots/logs; finding references as applicable
Remote Access & Third Parties,software vendors,Y,Y,Y,Context,Context,N/A,Y,Y,Controlled,MFG-E011;MFG-E045;MFG-E071;MFG-E200;MFG-E204;MFG-E205;MFG-E252;MFG-E266,NIST SP 800-115; CIS Controls,Active + manual validation where authorized; non-destructive by default,Written authorization; confirmed scope; test accounts/access; testing window; logging/evidence plan,Asset inventory; architecture/trust-boundary notes; configuration or request/response evidence; timestamps; approved screenshots/logs; finding references as applicable
Remote Access & Third Parties,maintenance contractors,Y,Y,Y,Context,Context,N/A,Y,Y,Controlled,MFG-E011;MFG-E045;MFG-E071;MFG-E200;MFG-E204;MFG-E205;MFG-E252;MFG-E266;MFG-X478,NIST SP 800-115; CIS Controls,Active + manual validation where authorized; non-destructive by default,Written authorization; confirmed scope; test accounts/access; testing window; logging/evidence plan,Asset inventory; architecture/trust-boundary notes; configuration or request/response evidence; timestamps; approved screenshots/logs; finding references as applicable
Remote Access & Third Parties,remote engineering,Y,Y,Y,Y,Context,N/A,Y,Y,Controlled,MFG-E011;MFG-E045;MFG-E071;MFG-E097;MFG-E200;MFG-E204;MFG-E205;MFG-E252;MFG-E266,NIST SP 800-115; CIS Controls,Active + manual validation where authorized; non-destructive by default,Written authorization; confirmed scope; test accounts/access; testing window; logging/evidence plan,Asset inventory; architecture/trust-boundary notes; configuration or request/response evidence; timestamps; approved screenshots/logs; finding references as applicable
Remote Access & Third Parties,third-party APIs,Y,Y,Y,Y,Y,N/A,Y,Y,Controlled,MFG-E011;MFG-E045;MFG-E071;MFG-E097;MFG-E117;MFG-E200;MFG-E204;MFG-E205;MFG-E252;MFG-E266,NIST SP 800-115; OWASP WSTG; OWASP Top 10; OWASP API Security Top 10; CIS Controls,Active + manual validation where authorized; non-destructive by default,Written authorization; confirmed scope; test accounts/access; testing window; logging/evidence plan,Asset inventory; architecture/trust-boundary notes; configuration or request/response evidence; timestamps; approved screenshots/logs; finding references as applicable
Remote Access & Third Parties,software update channels,Y,Y,Y,Context,Context,N/A,Y,Y,Controlled,MFG-E011;MFG-E045;MFG-E071;MFG-E200;MFG-E204;MFG-E205;MFG-E210;MFG-E252;MFG-E266,NIST SP 800-115; CIS Controls,Active + manual validation where authorized; non-destructive by default,Written authorization; confirmed scope; test accounts/access; testing window; logging/evidence plan,Asset inventory; architecture/trust-boundary notes; configuration or request/response evidence; timestamps; approved screenshots/logs; finding references as applicable
Data & Information,PII,Y,Context,Y,Context,Context,N/A,Y,Y,Controlled,MFG-E011;MFG-E071;MFG-E217;MFG-E218;MFG-E232;MFG-E252;MFG-E266,NIST SP 800-115,Active + manual validation where authorized; non-destructive by default,Written authorization; confirmed scope; test accounts/access; testing window; logging/evidence plan,Asset inventory; architecture/trust-boundary notes; configuration or request/response evidence; timestamps; approved screenshots/logs; finding references as applicable
Data & Information,employee data,Y,Context,Y,Context,Context,N/A,Y,Y,Controlled,MFG-E011;MFG-E071;MFG-E217;MFG-E218;MFG-E219;MFG-E220;MFG-E232;MFG-E252;MFG-E266,NIST SP 800-115,Active + manual validation where authorized; non-destructive by default,Written authorization; confirmed scope; test accounts/access; testing window; logging/evidence plan,Asset inventory; architecture/trust-boundary notes; configuration or request/response evidence; timestamps; approved screenshots/logs; finding references as applicable
Data & Information,customer data,Y,Context,Y,Context,Context,N/A,Y,Y,Controlled,MFG-E011;MFG-E071;MFG-E217;MFG-E218;MFG-E219;MFG-E220;MFG-E232;MFG-E252;MFG-E266,NIST SP 800-115,Active + manual validation where authorized; non-destructive by default,Written authorization; confirmed scope; test accounts/access; testing window; logging/evidence plan,Asset inventory; architecture/trust-boundary notes; configuration or request/response evidence; timestamps; approved screenshots/logs; finding references as applicable
Data & Information,supplier data,Y,Context,Y,Context,Context,N/A,Y,Y,Controlled,MFG-E011;MFG-E071;MFG-E217;MFG-E218;MFG-E221;MFG-E232;MFG-E252;MFG-E266,NIST SP 800-115,Active + manual validation where authorized; non-destructive by default,Written authorization; confirmed scope; test accounts/access; testing window; logging/evidence plan,Asset inventory; architecture/trust-boundary notes; configuration or request/response evidence; timestamps; approved screenshots/logs; finding references as applicable
Data & Information,financial data,Y,Context,Y,Context,Context,N/A,Y,Y,Controlled,MFG-E011;MFG-E071;MFG-E217;MFG-E218;MFG-E222;MFG-E232;MFG-E252;MFG-E266,NIST SP 800-115,Active + manual validation where authorized; non-destructive by default,Written authorization; confirmed scope; test accounts/access; testing window; logging/evidence plan,Asset inventory; architecture/trust-boundary notes; configuration or request/response evidence; timestamps; approved screenshots/logs; finding references as applicable
Data & Information,production data,Y,Context,Y,Context,Context,N/A,Y,Y,Controlled,MFG-E011;MFG-E071;MFG-E217;MFG-E218;MFG-E223;MFG-E232;MFG-E252;MFG-E266,NIST SP 800-115,Active + manual validation where authorized; non-destructive by default,Written authorization; confirmed scope; test accounts/access; testing window; logging/evidence plan,Asset inventory; architecture/trust-boundary notes; configuration or request/response evidence; timestamps; approved screenshots/logs; finding references as applicable
Data & Information,quality data,Y,Context,Y,Context,Context,N/A,Y,Y,Controlled,MFG-E011;MFG-E071;MFG-E217;MFG-E218;MFG-E224;MFG-E232;MFG-E252;MFG-E266;MFG-X489,NIST SP 800-115,Active + manual validation where authorized; non-destructive by default,Written authorization; confirmed scope; test accounts/access; testing window; logging/evidence plan,Asset inventory; architecture/trust-boundary notes; configuration or request/response evidence; timestamps; approved screenshots/logs; finding references as applicable
Data & Information,machine telemetry,Y,Context,Y,Context,Context,N/A,Y,Y,Controlled,MFG-E011;MFG-E071;MFG-E217;MFG-E218;MFG-E232;MFG-E252;MFG-E266,NIST SP 800-115,Active + manual validation where authorized; non-destructive by default,Written authorization; confirmed scope; test accounts/access; testing window; logging/evidence plan,Asset inventory; architecture/trust-boundary notes; configuration or request/response evidence; timestamps; approved screenshots/logs; finding references as applicable
Data & Information,process parameters,Y,Context,Y,Context,Context,N/A,Y,Y,Controlled,MFG-E011;MFG-E071;MFG-E217;MFG-E218;MFG-E232;MFG-E252;MFG-E266,NIST SP 800-115,Active + manual validation where authorized; non-destructive by default,Written authorization; confirmed scope; test accounts/access; testing window; logging/evidence plan,Asset inventory; architecture/trust-boundary notes; configuration or request/response evidence; timestamps; approved screenshots/logs; finding references as applicable
Data & Information,recipes,Y,Context,Y,Context,Context,N/A,Y,Y,Controlled,MFG-E011;MFG-E071;MFG-E217;MFG-E218;MFG-E232;MFG-E252;MFG-E266,NIST SP 800-115,Active + manual validation where authorized; non-destructive by default,Written authorization; confirmed scope; test accounts/access; testing window; logging/evidence plan,Asset inventory; architecture/trust-boundary notes; configuration or request/response evidence; timestamps; approved screenshots/logs; finding references as applicable
Data & Information,CAD/IP,Y,Context,Y,Y,Y,N/A,Y,Y,Controlled,MFG-E011;MFG-E035;MFG-E071;MFG-E097;MFG-E117;MFG-E172;MFG-E217;MFG-E218;MFG-E225;MFG-E232;MFG-E252;MFG-E266,NIST SP 800-115,Active + manual validation where authorized; non-destructive by default,Written authorization; confirmed scope; test accounts/access; testing window; logging/evidence plan,Asset inventory; architecture/trust-boundary notes; configuration or request/response evidence; timestamps; approved screenshots/logs; finding references as applicable
Data & Information,drawings,Y,Context,Y,Context,Context,N/A,Y,Y,Controlled,MFG-E011;MFG-E071;MFG-E217;MFG-E218;MFG-E226;MFG-E232;MFG-E252;MFG-E266;MFG-X366,NIST SP 800-115,Active + manual validation where authorized; non-destructive by default,Written authorization; confirmed scope; test accounts/access; testing window; logging/evidence plan,Asset inventory; architecture/trust-boundary notes; configuration or request/response evidence; timestamps; approved screenshots/logs; finding references as applicable
Data & Information,BOM,Y,Context,Y,Context,Context,N/A,Y,Y,Controlled,MFG-E011;MFG-E071;MFG-E217;MFG-E218;MFG-E232;MFG-E252;MFG-E266;MFG-X418,NIST SP 800-115,Active + manual validation where authorized; non-destructive by default,Written authorization; confirmed scope; test accounts/access; testing window; logging/evidence plan,Asset inventory; architecture/trust-boundary notes; configuration or request/response evidence; timestamps; approved screenshots/logs; finding references as applicable
Data & Information,source code,Y,Context,Y,Context,Context,N/A,Y,Y,Controlled,MFG-E011;MFG-E071;MFG-E178;MFG-E217;MFG-E218;MFG-E227;MFG-E232;MFG-E252;MFG-E266,NIST SP 800-115,Active + manual validation where authorized; non-destructive by default,Written authorization; confirmed scope; test accounts/access; testing window; logging/evidence plan,Asset inventory; architecture/trust-boundary notes; configuration or request/response evidence; timestamps; approved screenshots/logs; finding references as applicable
Data & Information,firmware,Y,Context,Y,Context,Context,N/A,Y,Y,Controlled,MFG-E011;MFG-E071;MFG-E177;MFG-E210;MFG-E217;MFG-E218;MFG-E227;MFG-E232;MFG-E252;MFG-E266;MFG-X423,NIST SP 800-115,Active + manual validation where authorized; non-destructive by default,Written authorization; confirmed scope; test accounts/access; testing window; logging/evidence plan,Asset inventory; architecture/trust-boundary notes; configuration or request/response evidence; timestamps; approved screenshots/logs; finding references as applicable
Data & Information,credentials,Y,Context,Y,Context,Context,N/A,Y,Y,Controlled,MFG-E011;MFG-E071;MFG-E217;MFG-E218;MFG-E232;MFG-E252;MFG-E266,NIST SP 800-115,Active + manual validation where authorized; non-destructive by default,Written authorization; confirmed scope; test accounts/access; testing window; logging/evidence plan,Asset inventory; architecture/trust-boundary notes; configuration or request/response evidence; timestamps; approved screenshots/logs; finding references as applicable
Data & Information,API keys,Y,Context,Y,Y,Y,N/A,Y,Y,Controlled,MFG-E011;MFG-E048;MFG-E071;MFG-E074;MFG-E097;MFG-E109;MFG-E117;MFG-E118;MFG-E141;MFG-E191;MFG-E217;MFG-E218;MFG-E232;MFG-E233;MFG-E247;MFG-E252;MFG-E266;MFG-X452,NIST SP 800-115; OWASP WSTG; OWASP Top 10; OWASP API Security Top 10,Active + manual validation where authorized; non-destructive by default,Written authorization; confirmed scope; test accounts/access; testing window; logging/evidence plan,Asset inventory; architecture/trust-boundary notes; configuration or request/response evidence; timestamps; approved screenshots/logs; finding references as applicable
Data & Information,tokens,Y,Context,Y,Context,Context,N/A,Y,Y,Controlled,MFG-E011;MFG-E071;MFG-E217;MFG-E218;MFG-E232;MFG-E252;MFG-E266,NIST SP 800-115,Active + manual validation where authorized; non-destructive by default,Written authorization; confirmed scope; test accounts/access; testing window; logging/evidence plan,Asset inventory; architecture/trust-boundary notes; configuration or request/response evidence; timestamps; approved screenshots/logs; finding references as applicable
Data & Information,certificates,Y,Context,Y,Context,Context,N/A,Y,Y,Controlled,MFG-E011;MFG-E071;MFG-E217;MFG-E218;MFG-E232;MFG-E252;MFG-E266,NIST SP 800-115,Active + manual validation where authorized; non-destructive by default,Written authorization; confirmed scope; test accounts/access; testing window; logging/evidence plan,Asset inventory; architecture/trust-boundary notes; configuration or request/response evidence; timestamps; approved screenshots/logs; finding references as applicable
Data & Information,private keys,Y,Context,Y,Context,Context,N/A,Y,Y,Controlled,MFG-E011;MFG-E071;MFG-E217;MFG-E218;MFG-E232;MFG-E252;MFG-E266,NIST SP 800-115,Active + manual validation where authorized; non-destructive by default,Written authorization; confirmed scope; test accounts/access; testing window; logging/evidence plan,Asset inventory; architecture/trust-boundary notes; configuration or request/response evidence; timestamps; approved screenshots/logs; finding references as applicable
Data & Information,configuration files,Y,Context,Y,Context,Context,N/A,Y,Y,Controlled,MFG-E011;MFG-E071;MFG-E217;MFG-E218;MFG-E232;MFG-E252;MFG-E266,NIST SP 800-115,Active + manual validation where authorized; non-destructive by default,Written authorization; confirmed scope; test accounts/access; testing window; logging/evidence plan,Asset inventory; architecture/trust-boundary notes; configuration or request/response evidence; timestamps; approved screenshots/logs; finding references as applicable
Data & Information,backups,Y,Context,Y,Context,Context,N/A,Y,Y,Controlled,MFG-E011;MFG-E071;MFG-E217;MFG-E218;MFG-E232;MFG-E252;MFG-E266;MFG-X363,NIST SP 800-115,Active + manual validation where authorized; non-destructive by default,Written authorization; confirmed scope; test accounts/access; testing window; logging/evidence plan,Asset inventory; architecture/trust-boundary notes; configuration or request/response evidence; timestamps; approved screenshots/logs; finding references as applicable
Backup / DR,backup servers,Y,Y,Y,Y,Context,N/A,Y,Y,Controlled,MFG-E011;MFG-E045;MFG-E070;MFG-E071;MFG-E086;MFG-E097;MFG-E168;MFG-E231;MFG-E252;MFG-E266;MFG-X361;MFG-X362;MFG-X365;MFG-X366;MFG-X367;MFG-X368;MFG-X369,NIST SP 800-115,Active + manual validation where authorized; non-destructive by default,Written authorization; confirmed scope; test accounts/access; testing window; logging/evidence plan,Asset inventory; architecture/trust-boundary notes; configuration or request/response evidence; timestamps; approved screenshots/logs; finding references as applicable
Backup / DR,backup repositories,Y,Y,Y,Context,Context,N/A,Y,Y,Controlled,MFG-E011;MFG-E045;MFG-E070;MFG-E071;MFG-E086;MFG-E168;MFG-E231;MFG-E252;MFG-E266;MFG-X361;MFG-X362;MFG-X365;MFG-X366;MFG-X367;MFG-X368;MFG-X369,NIST SP 800-115,Active + manual validation where authorized; non-destructive by default,Written authorization; confirmed scope; test accounts/access; testing window; logging/evidence plan,Asset inventory; architecture/trust-boundary notes; configuration or request/response evidence; timestamps; approved screenshots/logs; finding references as applicable
Backup / DR,offline backups,Y,Y,Y,Context,Context,N/A,Y,Y,Controlled,MFG-E011;MFG-E045;MFG-E070;MFG-E071;MFG-E231;MFG-E252;MFG-E266;MFG-X363,NIST SP 800-115,Active + manual validation where authorized; non-destructive by default,Written authorization; confirmed scope; test accounts/access; testing window; logging/evidence plan,Asset inventory; architecture/trust-boundary notes; configuration or request/response evidence; timestamps; approved screenshots/logs; finding references as applicable
Backup / DR,immutable backups,Y,Y,Y,Context,Context,N/A,Y,Y,Controlled,MFG-E011;MFG-E045;MFG-E070;MFG-E071;MFG-E231;MFG-E252;MFG-E266;MFG-X363,NIST SP 800-115,Active + manual validation where authorized; non-destructive by default,Written authorization; confirmed scope; test accounts/access; testing window; logging/evidence plan,Asset inventory; architecture/trust-boundary notes; configuration or request/response evidence; timestamps; approved screenshots/logs; finding references as applicable
Backup / DR,cloud backups,Y,Y,Y,Y,Y,N/A,Y,Y,Controlled,MFG-E011;MFG-E045;MFG-E070;MFG-E071;MFG-E097;MFG-E117;MFG-E231;MFG-E248;MFG-E252;MFG-E266;MFG-X305;MFG-X363;MFG-X389;MFG-X433;MFG-X434;MFG-X435;MFG-X436;MFG-X437;MFG-X438;MFG-X440;MFG-X445,NIST SP 800-115,Active + manual validation where authorized; non-destructive by default,Written authorization; confirmed scope; test accounts/access; testing window; logging/evidence plan,Asset inventory; architecture/trust-boundary notes; configuration or request/response evidence; timestamps; approved screenshots/logs; finding references as applicable
Backup / DR,replication,Y,Y,Y,Context,Context,N/A,Y,Y,Controlled,MFG-E011;MFG-E045;MFG-E070;MFG-E071;MFG-E231;MFG-E252;MFG-E266,NIST SP 800-115,Active + manual validation where authorized; non-destructive by default,Written authorization; confirmed scope; test accounts/access; testing window; logging/evidence plan,Asset inventory; architecture/trust-boundary notes; configuration or request/response evidence; timestamps; approved screenshots/logs; finding references as applicable
Backup / DR,snapshots,Y,Y,Y,Context,Context,N/A,Y,Y,Controlled,MFG-E011;MFG-E045;MFG-E070;MFG-E071;MFG-E231;MFG-E252;MFG-E266,NIST SP 800-115,Active + manual validation where authorized; non-destructive by default,Written authorization; confirmed scope; test accounts/access; testing window; logging/evidence plan,Asset inventory; architecture/trust-boundary notes; configuration or request/response evidence; timestamps; approved screenshots/logs; finding references as applicable
Backup / DR,database backups,Y,Y,Y,Context,Y,N/A,Y,Y,Controlled,MFG-E011;MFG-E045;MFG-E070;MFG-E071;MFG-E117;MFG-E231;MFG-E252;MFG-E266;MFG-X363,NIST SP 800-115,Active + manual validation where authorized; non-destructive by default,Written authorization; confirmed scope; test accounts/access; testing window; logging/evidence plan,Asset inventory; architecture/trust-boundary notes; configuration or request/response evidence; timestamps; approved screenshots/logs; finding references as applicable
Backup / DR,PLC backups,Y,Y,Y,Y,Context,N/A,Y,Y,Controlled,MFG-E011;MFG-E039;MFG-E045;MFG-E064;MFG-E070;MFG-E071;MFG-E093;MFG-E097;MFG-E150;MFG-E231;MFG-E252;MFG-E266;MFG-X310;MFG-X363;MFG-X365,NIST SP 800-115,Active + manual validation where authorized; non-destructive by default,Written authorization; confirmed scope; test accounts/access; testing window; logging/evidence plan,Asset inventory; architecture/trust-boundary notes; configuration or request/response evidence; timestamps; approved screenshots/logs; finding references as applicable
Backup / DR,SCADA backups,Y,Y,Y,Y,Y,N/A,Y,Y,Controlled,MFG-E011;MFG-E038;MFG-E045;MFG-E063;MFG-E070;MFG-E071;MFG-E092;MFG-E097;MFG-E117;MFG-E148;MFG-E226;MFG-E231;MFG-E249;MFG-E252;MFG-E266;MFG-X363;MFG-X366,NIST SP 800-115,Active + manual validation where authorized; non-destructive by default,Written authorization; confirmed scope; test accounts/access; testing window; logging/evidence plan,Asset inventory; architecture/trust-boundary notes; configuration or request/response evidence; timestamps; approved screenshots/logs; finding references as applicable
Backup / DR,HMI backups,Y,Y,Y,Y,Context,N/A,Y,Y,Controlled,MFG-E011;MFG-E039;MFG-E045;MFG-E064;MFG-E070;MFG-E071;MFG-E093;MFG-E097;MFG-E151;MFG-E231;MFG-E249;MFG-E252;MFG-E266;MFG-X363;MFG-X367,NIST SP 800-115,Active + manual validation where authorized; non-destructive by default,Written authorization; confirmed scope; test accounts/access; testing window; logging/evidence plan,Asset inventory; architecture/trust-boundary notes; configuration or request/response evidence; timestamps; approved screenshots/logs; finding references as applicable
Backup / DR,engineering backups,Y,Y,Y,Context,Context,N/A,Y,Y,Controlled,MFG-E011;MFG-E045;MFG-E070;MFG-E071;MFG-E231;MFG-E252;MFG-E266;MFG-X363;MFG-X368,NIST SP 800-115,Active + manual validation where authorized; non-destructive by default,Written authorization; confirmed scope; test accounts/access; testing window; logging/evidence plan,Asset inventory; architecture/trust-boundary notes; configuration or request/response evidence; timestamps; approved screenshots/logs; finding references as applicable
Backup / DR,disaster-recovery systems,Y,Y,Y,Context,Context,N/A,Y,Y,Controlled,MFG-E011;MFG-E045;MFG-E070;MFG-E071;MFG-E231;MFG-E252;MFG-E266;MFG-X335;MFG-X371;MFG-X416,NIST SP 800-115,Active + manual validation where authorized; non-destructive by default,Written authorization; confirmed scope; test accounts/access; testing window; logging/evidence plan,Asset inventory; architecture/trust-boundary notes; configuration or request/response evidence; timestamps; approved screenshots/logs; finding references as applicable
Security Monitoring,SIEM,Y,Y,Y,Context,Context,N/A,Y,Y,Controlled,MFG-E011;MFG-E045;MFG-E071;MFG-E235;MFG-E242;MFG-E250;MFG-E252;MFG-E266;MFG-X399,NIST SP 800-115,Active + manual validation where authorized; non-destructive by default,Written authorization; confirmed scope; test accounts/access; testing window; logging/evidence plan,Asset inventory; architecture/trust-boundary notes; configuration or request/response evidence; timestamps; approved screenshots/logs; finding references as applicable
Security Monitoring,SOAR,Y,Y,Y,Context,Context,N/A,Y,Y,Controlled,MFG-E011;MFG-E045;MFG-E071;MFG-E235;MFG-E236;MFG-E242;MFG-E250;MFG-E252;MFG-E266,NIST SP 800-115,Active + manual validation where authorized; non-destructive by default,Written authorization; confirmed scope; test accounts/access; testing window; logging/evidence plan,Asset inventory; architecture/trust-boundary notes; configuration or request/response evidence; timestamps; approved screenshots/logs; finding references as applicable
Security Monitoring,EDR,Y,Y,Y,Context,Context,N/A,Y,Y,Controlled,MFG-E011;MFG-E045;MFG-E071;MFG-E235;MFG-E237;MFG-E239;MFG-E242;MFG-E250;MFG-E252;MFG-E266,NIST SP 800-115,Active + manual validation where authorized; non-destructive by default,Written authorization; confirmed scope; test accounts/access; testing window; logging/evidence plan,Asset inventory; architecture/trust-boundary notes; configuration or request/response evidence; timestamps; approved screenshots/logs; finding references as applicable
Security Monitoring,XDR,Y,Y,Y,Context,Context,N/A,Y,Y,Controlled,MFG-E011;MFG-E045;MFG-E071;MFG-E235;MFG-E237;MFG-E239;MFG-E242;MFG-E250;MFG-E252;MFG-E266,NIST SP 800-115,Active + manual validation where authorized; non-destructive by default,Written authorization; confirmed scope; test accounts/access; testing window; logging/evidence plan,Asset inventory; architecture/trust-boundary notes; configuration or request/response evidence; timestamps; approved screenshots/logs; finding references as applicable
Security Monitoring,IDS,Y,Y,Y,Context,Context,N/A,Y,Y,Controlled,MFG-E011;MFG-E045;MFG-E071;MFG-E235;MFG-E238;MFG-E242;MFG-E243;MFG-E250;MFG-E252;MFG-E266;MFG-X400,NIST SP 800-115,Active + manual validation where authorized; non-destructive by default,Written authorization; confirmed scope; test accounts/access; testing window; logging/evidence plan,Asset inventory; architecture/trust-boundary notes; configuration or request/response evidence; timestamps; approved screenshots/logs; finding references as applicable
Security Monitoring,IPS,Y,Y,Y,Context,Context,N/A,Y,Y,Controlled,MFG-E011;MFG-E045;MFG-E071;MFG-E235;MFG-E238;MFG-E242;MFG-E250;MFG-E252;MFG-E266,NIST SP 800-115,Active + manual validation where authorized; non-destructive by default,Written authorization; confirmed scope; test accounts/access; testing window; logging/evidence plan,Asset inventory; architecture/trust-boundary notes; configuration or request/response evidence; timestamps; approved screenshots/logs; finding references as applicable
Security Monitoring,NDR,Y,Y,Y,Context,Context,N/A,Y,Y,Controlled,MFG-E011;MFG-E045;MFG-E071;MFG-E235;MFG-E237;MFG-E239;MFG-E242;MFG-E250;MFG-E252;MFG-E266,NIST SP 800-115,Active + manual validation where authorized; non-destructive by default,Written authorization; confirmed scope; test accounts/access; testing window; logging/evidence plan,Asset inventory; architecture/trust-boundary notes; configuration or request/response evidence; timestamps; approved screenshots/logs; finding references as applicable
Security Monitoring,vulnerability management,Y,Y,Y,Context,Context,N/A,Y,Y,Controlled,MFG-E011;MFG-E045;MFG-E071;MFG-E235;MFG-E240;MFG-E242;MFG-E250;MFG-E252;MFG-E266;MFG-X329,NIST SP 800-115,Active + manual validation where authorized; non-destructive by default,Written authorization; confirmed scope; test accounts/access; testing window; logging/evidence plan,Asset inventory; architecture/trust-boundary notes; configuration or request/response evidence; timestamps; approved screenshots/logs; finding references as applicable
Security Monitoring,patch management,Y,Y,Y,Context,Context,N/A,Y,Y,Controlled,MFG-E011;MFG-E045;MFG-E071;MFG-E169;MFG-E235;MFG-E241;MFG-E242;MFG-E250;MFG-E252;MFG-E266;MFG-X330,NIST SP 800-115,Active + manual validation where authorized; non-destructive by default,Written authorization; confirmed scope; test accounts/access; testing window; logging/evidence plan,Asset inventory; architecture/trust-boundary notes; configuration or request/response evidence; timestamps; approved screenshots/logs; finding references as applicable
Security Monitoring,OT IDS,Y,Y,Y,Context,Context,N/A,Y,Y,Controlled,MFG-E011;MFG-E045;MFG-E071;MFG-E235;MFG-E238;MFG-E242;MFG-E243;MFG-E250;MFG-E252;MFG-E266;MFG-X400,NIST SP 800-115,Active + manual validation where authorized; non-destructive by default,Written authorization; confirmed scope; test accounts/access; testing window; logging/evidence plan,Asset inventory; architecture/trust-boundary notes; configuration or request/response evidence; timestamps; approved screenshots/logs; finding references as applicable
Security Monitoring,OT network monitoring,Y,Y,Y,Context,Context,N/A,Y,Y,Controlled,MFG-E011;MFG-E045;MFG-E071;MFG-E235;MFG-E242;MFG-E250;MFG-E252;MFG-E266,NIST SP 800-115,Active + manual validation where authorized; non-destructive by default,Written authorization; confirmed scope; test accounts/access; testing window; logging/evidence plan,Asset inventory; architecture/trust-boundary notes; configuration or request/response evidence; timestamps; approved screenshots/logs; finding references as applicable
Security Monitoring,asset discovery,Y,Y,Y,Context,Context,N/A,Y,Y,Controlled,MFG-E011;MFG-E023;MFG-E045;MFG-E071;MFG-E235;MFG-E242;MFG-E250;MFG-E252;MFG-E266,NIST SP 800-115,Active + manual validation where authorized; non-destructive by default,Written authorization; confirmed scope; test accounts/access; testing window; logging/evidence plan,Asset inventory; architecture/trust-boundary notes; configuration or request/response evidence; timestamps; approved screenshots/logs; finding references as applicable
Security Monitoring,log servers,Y,Y,Y,Y,Context,N/A,Y,Y,Controlled,MFG-E011;MFG-E045;MFG-E071;MFG-E097;MFG-E235;MFG-E242;MFG-E250;MFG-E252;MFG-E266,NIST SP 800-115,Active + manual validation where authorized; non-destructive by default,Written authorization; confirmed scope; test accounts/access; testing window; logging/evidence plan,Asset inventory; architecture/trust-boundary notes; configuration or request/response evidence; timestamps; approved screenshots/logs; finding references as applicable
Security Monitoring,Windows logs,Y,Y,Y,Context,Context,N/A,Y,Y,Controlled,MFG-E011;MFG-E045;MFG-E071;MFG-E235;MFG-E242;MFG-E250;MFG-E252;MFG-E266,NIST SP 800-115,Active + manual validation where authorized; non-destructive by default,Written authorization; confirmed scope; test accounts/access; testing window; logging/evidence plan,Asset inventory; architecture/trust-boundary notes; configuration or request/response evidence; timestamps; approved screenshots/logs; finding references as applicable
Security Monitoring,firewall logs,Y,Y,Y,Context,Context,N/A,Y,Y,Controlled,MFG-E011;MFG-E045;MFG-E060;MFG-E071;MFG-E156;MFG-E197;MFG-E235;MFG-E242;MFG-E250;MFG-E252;MFG-E266,NIST SP 800-115,Active + manual validation where authorized; non-destructive by default,Written authorization; confirmed scope; test accounts/access; testing window; logging/evidence plan,Asset inventory; architecture/trust-boundary notes; configuration or request/response evidence; timestamps; approved screenshots/logs; finding references as applicable
Security Monitoring,VPN logs,Y,Y,Y,Y,Context,N/A,Y,Y,Controlled,MFG-E011;MFG-E019;MFG-E045;MFG-E050;MFG-E071;MFG-E075;MFG-E097;MFG-E200;MFG-E235;MFG-E242;MFG-E246;MFG-E250;MFG-E252;MFG-E266,NIST SP 800-115,Active + manual validation where authorized; non-destructive by default,Written authorization; confirmed scope; test accounts/access; testing window; logging/evidence plan,Asset inventory; architecture/trust-boundary notes; configuration or request/response evidence; timestamps; approved screenshots/logs; finding references as applicable
Security Monitoring,application logs,Y,Y,Y,Context,Context,N/A,Y,Y,Controlled,MFG-E011;MFG-E045;MFG-E071;MFG-E235;MFG-E242;MFG-E250;MFG-E252;MFG-E266,NIST SP 800-115,Active + manual validation where authorized; non-destructive by default,Written authorization; confirmed scope; test accounts/access; testing window; logging/evidence plan,Asset inventory; architecture/trust-boundary notes; configuration or request/response evidence; timestamps; approved screenshots/logs; finding references as applicable
Security Monitoring,API logs,Y,Y,Y,Y,Y,N/A,Y,Y,Controlled,MFG-E011;MFG-E045;MFG-E048;MFG-E071;MFG-E074;MFG-E097;MFG-E109;MFG-E117;MFG-E118;MFG-E141;MFG-E191;MFG-E233;MFG-E235;MFG-E242;MFG-E247;MFG-E250;MFG-E252;MFG-E266;MFG-X452,NIST SP 800-115; OWASP WSTG; OWASP Top 10; OWASP API Security Top 10,Active + manual validation where authorized; non-destructive by default,Written authorization; confirmed scope; test accounts/access; testing window; logging/evidence plan,Asset inventory; architecture/trust-boundary notes; configuration or request/response evidence; timestamps; approved screenshots/logs; finding references as applicable
Security Monitoring,cloud logs,Y,Y,Y,Y,Y,N/A,Y,Y,Controlled,MFG-E011;MFG-E045;MFG-E071;MFG-E097;MFG-E117;MFG-E235;MFG-E242;MFG-E248;MFG-E250;MFG-E252;MFG-E266;MFG-X305;MFG-X389;MFG-X433;MFG-X434;MFG-X435;MFG-X436;MFG-X437;MFG-X438;MFG-X440;MFG-X445,NIST SP 800-115,Active + manual validation where authorized; non-destructive by default,Written authorization; confirmed scope; test accounts/access; testing window; logging/evidence plan,Asset inventory; architecture/trust-boundary notes; configuration or request/response evidence; timestamps; approved screenshots/logs; finding references as applicable
Security Monitoring,SCADA logs,Y,Y,Y,Y,Y,N/A,Y,Y,Controlled,MFG-E011;MFG-E038;MFG-E045;MFG-E063;MFG-E071;MFG-E092;MFG-E097;MFG-E117;MFG-E148;MFG-E235;MFG-E242;MFG-E249;MFG-E250;MFG-E252;MFG-E266;MFG-X366,NIST SP 800-115,Active + manual validation where authorized; non-destructive by default,Written authorization; confirmed scope; test accounts/access; testing window; logging/evidence plan,Asset inventory; architecture/trust-boundary notes; configuration or request/response evidence; timestamps; approved screenshots/logs; finding references as applicable
Security Monitoring,HMI logs,Y,Y,Y,Y,Context,N/A,Y,Y,Controlled,MFG-E011;MFG-E039;MFG-E045;MFG-E064;MFG-E071;MFG-E093;MFG-E097;MFG-E151;MFG-E235;MFG-E242;MFG-E249;MFG-E250;MFG-E252;MFG-E266;MFG-X367,NIST SP 800-115,Active + manual validation where authorized; non-destructive by default,Written authorization; confirmed scope; test accounts/access; testing window; logging/evidence plan,Asset inventory; architecture/trust-boundary notes; configuration or request/response evidence; timestamps; approved screenshots/logs; finding references as applicable
Security Monitoring,authentication logs,Y,Y,Y,Context,Context,N/A,Y,Y,Controlled,MFG-E011;MFG-E045;MFG-E071;MFG-E235;MFG-E242;MFG-E250;MFG-E252;MFG-E266,NIST SP 800-115,Active + manual validation where authorized; non-destructive by default,Written authorization; confirmed scope; test accounts/access; testing window; logging/evidence plan,Asset inventory; architecture/trust-boundary notes; configuration or request/response evidence; timestamps; approved screenshots/logs; finding references as applicable
Wireless / Mobile,corporate Wi-Fi,Y,Y,Y,Context,Context,N/A,Y,Y,Controlled,MFG-E011;MFG-E045;MFG-E069;MFG-E071;MFG-E215;MFG-E216;MFG-E252;MFG-E266,NIST SP 800-115,Active + manual validation where authorized; non-destructive by default,Written authorization; confirmed scope; test accounts/access; testing window; logging/evidence plan,Asset inventory; architecture/trust-boundary notes; configuration or request/response evidence; timestamps; approved screenshots/logs; finding references as applicable
Wireless / Mobile,industrial Wi-Fi,Y,Y,Y,Context,Context,N/A,Y,Y,Controlled,MFG-E011;MFG-E045;MFG-E069;MFG-E071;MFG-E215;MFG-E216;MFG-E252;MFG-E266,NIST SP 800-115,Active + manual validation where authorized; non-destructive by default,Written authorization; confirmed scope; test accounts/access; testing window; logging/evidence plan,Asset inventory; architecture/trust-boundary notes; configuration or request/response evidence; timestamps; approved screenshots/logs; finding references as applicable
Wireless / Mobile,wireless sensors,Y,Y,Y,Context,Context,N/A,Y,Y,Controlled,MFG-E011;MFG-E045;MFG-E068;MFG-E069;MFG-E071;MFG-E096;MFG-E215;MFG-E216;MFG-E252;MFG-E266,NIST SP 800-115,Active + manual validation where authorized; non-destructive by default,Written authorization; confirmed scope; test accounts/access; testing window; logging/evidence plan,Asset inventory; architecture/trust-boundary notes; configuration or request/response evidence; timestamps; approved screenshots/logs; finding references as applicable
Wireless / Mobile,Bluetooth,Y,Y,Y,Context,Context,N/A,Y,Y,Controlled,MFG-E011;MFG-E045;MFG-E069;MFG-E071;MFG-E215;MFG-E216;MFG-E252;MFG-E266,NIST SP 800-115,Active + manual validation where authorized; non-destructive by default,Written authorization; confirmed scope; test accounts/access; testing window; logging/evidence plan,Asset inventory; architecture/trust-boundary notes; configuration or request/response evidence; timestamps; approved screenshots/logs; finding references as applicable
Wireless / Mobile,BLE,Y,Y,Y,Context,Context,N/A,Y,Y,Controlled,MFG-E011;MFG-E045;MFG-E069;MFG-E071;MFG-E170;MFG-E215;MFG-E216;MFG-E252;MFG-E266;MFG-X343;MFG-X356,NIST SP 800-115,Active + manual validation where authorized; non-destructive by default,Written authorization; confirmed scope; test accounts/access; testing window; logging/evidence plan,Asset inventory; architecture/trust-boundary notes; configuration or request/response evidence; timestamps; approved screenshots/logs; finding references as applicable
Wireless / Mobile,RFID,Y,Y,Y,Context,Context,N/A,Y,Y,Controlled,MFG-E011;MFG-E045;MFG-E069;MFG-E071;MFG-E215;MFG-E216;MFG-E252;MFG-E266;MFG-X461,NIST SP 800-115,Active + manual validation where authorized; non-destructive by default,Written authorization; confirmed scope; test accounts/access; testing window; logging/evidence plan,Asset inventory; architecture/trust-boundary notes; configuration or request/response evidence; timestamps; approved screenshots/logs; finding references as applicable
Wireless / Mobile,NFC,Y,Y,Y,Context,Context,N/A,Y,Y,Controlled,MFG-E011;MFG-E045;MFG-E069;MFG-E071;MFG-E215;MFG-E216;MFG-E252;MFG-E266,NIST SP 800-115,Active + manual validation where authorized; non-destructive by default,Written authorization; confirmed scope; test accounts/access; testing window; logging/evidence plan,Asset inventory; architecture/trust-boundary notes; configuration or request/response evidence; timestamps; approved screenshots/logs; finding references as applicable
Wireless / Mobile,wireless controllers,Y,Y,Y,Context,Context,N/A,Y,Y,Controlled,MFG-E011;MFG-E045;MFG-E068;MFG-E069;MFG-E071;MFG-E096;MFG-E215;MFG-E216;MFG-E252;MFG-E266,NIST SP 800-115,Active + manual validation where authorized; non-destructive by default,Written authorization; confirmed scope; test accounts/access; testing window; logging/evidence plan,Asset inventory; architecture/trust-boundary notes; configuration or request/response evidence; timestamps; approved screenshots/logs; finding references as applicable
Wireless / Mobile,tablets,Y,Y,Y,Context,Context,N/A,Y,Y,Controlled,MFG-E011;MFG-E045;MFG-E069;MFG-E071;MFG-E215;MFG-E216;MFG-E252;MFG-E266,NIST SP 800-115,Active + manual validation where authorized; non-destructive by default,Written authorization; confirmed scope; test accounts/access; testing window; logging/evidence plan,Asset inventory; architecture/trust-boundary notes; configuration or request/response evidence; timestamps; approved screenshots/logs; finding references as applicable
Wireless / Mobile,rugged tablets,Y,Y,Y,Context,Context,N/A,Y,Y,Controlled,MFG-E011;MFG-E045;MFG-E069;MFG-E071;MFG-E215;MFG-E216;MFG-E252;MFG-E266,NIST SP 800-115,Active + manual validation where authorized; non-destructive by default,Written authorization; confirmed scope; test accounts/access; testing window; logging/evidence plan,Asset inventory; architecture/trust-boundary notes; configuration or request/response evidence; timestamps; approved screenshots/logs; finding references as applicable
Wireless / Mobile,barcode scanners,Y,Y,Y,Context,Context,N/A,Y,Y,Controlled,MFG-E011;MFG-E045;MFG-E069;MFG-E071;MFG-E215;MFG-E216;MFG-E252;MFG-E266,NIST SP 800-115,Active + manual validation where authorized; non-destructive by default,Written authorization; confirmed scope; test accounts/access; testing window; logging/evidence plan,Asset inventory; architecture/trust-boundary notes; configuration or request/response evidence; timestamps; approved screenshots/logs; finding references as applicable
Wireless / Mobile,RFID readers,Y,Y,Y,Y,Context,N/A,Y,Y,Controlled,MFG-E011;MFG-E045;MFG-E069;MFG-E071;MFG-E097;MFG-E215;MFG-E216;MFG-E252;MFG-E266;MFG-X461,NIST SP 800-115,Active + manual validation where authorized; non-destructive by default,Written authorization; confirmed scope; test accounts/access; testing window; logging/evidence plan,Asset inventory; architecture/trust-boundary notes; configuration or request/response evidence; timestamps; approved screenshots/logs; finding references as applicable
Wireless / Mobile,mobile printers,Y,Y,Y,Context,Context,N/A,Y,Y,Controlled,MFG-E011;MFG-E045;MFG-E069;MFG-E071;MFG-E215;MFG-E216;MFG-E252;MFG-E266,NIST SP 800-115; OWASP WSTG; OWASP Top 10; OWASP API Security Top 10,Active + manual validation where authorized; non-destructive by default,Written authorization; confirmed scope; test accounts/access; testing window; logging/evidence plan,Asset inventory; architecture/trust-boundary notes; configuration or request/response evidence; timestamps; approved screenshots/logs; finding references as applicable
Wireless / Mobile,forklift terminals,Y,Y,Y,Context,Context,N/A,Y,Y,Controlled,MFG-E011;MFG-E045;MFG-E069;MFG-E071;MFG-E215;MFG-E216;MFG-E252;MFG-E266,NIST SP 800-115,Active + manual validation where authorized; non-destructive by default,Written authorization; confirmed scope; test accounts/access; testing window; logging/evidence plan,Asset inventory; architecture/trust-boundary notes; configuration or request/response evidence; timestamps; approved screenshots/logs; finding references as applicable
Wireless / Mobile,mobile manufacturing applications,Y,Y,Y,Context,Context,N/A,Y,Y,Controlled,MFG-E011;MFG-E045;MFG-E069;MFG-E071;MFG-E215;MFG-E216;MFG-E252;MFG-E266,NIST SP 800-115; OWASP WSTG; OWASP Top 10; OWASP API Security Top 10,Active + manual validation where authorized; non-destructive by default,Written authorization; confirmed scope; test accounts/access; testing window; logging/evidence plan,Asset inventory; architecture/trust-boundary notes; configuration or request/response evidence; timestamps; approved screenshots/logs; finding references as applicable
Physical / Facility / Safety,CCTV,Y,Y,Y,Context,Context,Y,Y,Y,Restricted,MFG-E011;MFG-E045;MFG-E071;MFG-E144;MFG-E252;MFG-E266;MFG-X309;MFG-X310;MFG-X311,NIST SP 800-115,Passive/read-only by default; controlled validation only with explicit authorization and safety gate,Written authorization; asset owner; production status; OT safety approval; maintenance window; emergency contact; stop conditions,Asset inventory; architecture/trust-boundary notes; configuration or request/response evidence; timestamps; approved screenshots/logs; finding references as applicable
Physical / Facility / Safety,NVR,Y,Y,Y,Context,Context,Y,Y,Y,Restricted,MFG-E011;MFG-E045;MFG-E071;MFG-E144;MFG-E252;MFG-E266;MFG-X309;MFG-X310;MFG-X311,NIST SP 800-115,Passive/read-only by default; controlled validation only with explicit authorization and safety gate,Written authorization; asset owner; production status; OT safety approval; maintenance window; emergency contact; stop conditions,Asset inventory; architecture/trust-boundary notes; configuration or request/response evidence; timestamps; approved screenshots/logs; finding references as applicable
Physical / Facility / Safety,DVR,Y,Y,Y,Context,Context,Y,Y,Y,Restricted,MFG-E011;MFG-E045;MFG-E071;MFG-E144;MFG-E252;MFG-E266;MFG-X309;MFG-X310;MFG-X311,NIST SP 800-115,Passive/read-only by default; controlled validation only with explicit authorization and safety gate,Written authorization; asset owner; production status; OT safety approval; maintenance window; emergency contact; stop conditions,Asset inventory; architecture/trust-boundary notes; configuration or request/response evidence; timestamps; approved screenshots/logs; finding references as applicable
Physical / Facility / Safety,access control,Y,Y,Y,Context,Context,Y,Y,Y,Restricted,MFG-E011;MFG-E045;MFG-E071;MFG-E120;MFG-E144;MFG-E252;MFG-E266;MFG-X309;MFG-X310;MFG-X311;MFG-X352;MFG-X485,NIST SP 800-115,Passive/read-only by default; controlled validation only with explicit authorization and safety gate,Written authorization; asset owner; production status; OT safety approval; maintenance window; emergency contact; stop conditions,Asset inventory; architecture/trust-boundary notes; configuration or request/response evidence; timestamps; approved screenshots/logs; finding references as applicable
Physical / Facility / Safety,badge readers,Y,Y,Y,Y,Context,Y,Y,Y,Restricted,MFG-E011;MFG-E045;MFG-E071;MFG-E097;MFG-E144;MFG-E252;MFG-E266;MFG-X309;MFG-X310;MFG-X311;MFG-X352,NIST SP 800-115,Passive/read-only by default; controlled validation only with explicit authorization and safety gate,Written authorization; asset owner; production status; OT safety approval; maintenance window; emergency contact; stop conditions,Asset inventory; architecture/trust-boundary notes; configuration or request/response evidence; timestamps; approved screenshots/logs; finding references as applicable
Physical / Facility / Safety,biometrics,Y,Y,Y,Context,Context,Y,Y,Y,Restricted,MFG-E011;MFG-E045;MFG-E071;MFG-E144;MFG-E252;MFG-E266;MFG-X309;MFG-X310;MFG-X311,NIST SP 800-115,Passive/read-only by default; controlled validation only with explicit authorization and safety gate,Written authorization; asset owner; production status; OT safety approval; maintenance window; emergency contact; stop conditions,Asset inventory; architecture/trust-boundary notes; configuration or request/response evidence; timestamps; approved screenshots/logs; finding references as applicable
Physical / Facility / Safety,turnstiles,Y,Y,Y,Context,Context,Y,Y,Y,Restricted,MFG-E011;MFG-E045;MFG-E071;MFG-E144;MFG-E252;MFG-E266;MFG-X309;MFG-X310;MFG-X311,NIST SP 800-115,Passive/read-only by default; controlled validation only with explicit authorization and safety gate,Written authorization; asset owner; production status; OT safety approval; maintenance window; emergency contact; stop conditions,Asset inventory; architecture/trust-boundary notes; configuration or request/response evidence; timestamps; approved screenshots/logs; finding references as applicable
Physical / Facility / Safety,visitor management,Y,Y,Y,Context,Context,Y,Y,Y,Restricted,MFG-E011;MFG-E045;MFG-E071;MFG-E144;MFG-E252;MFG-E266;MFG-X309;MFG-X310;MFG-X311;MFG-X354,NIST SP 800-115,Passive/read-only by default; controlled validation only with explicit authorization and safety gate,Written authorization; asset owner; production status; OT safety approval; maintenance window; emergency contact; stop conditions,Asset inventory; architecture/trust-boundary notes; configuration or request/response evidence; timestamps; approved screenshots/logs; finding references as applicable
Physical / Facility / Safety,BMS,Y,Y,Y,Context,Context,Y,Y,Y,Restricted,MFG-E011;MFG-E045;MFG-E071;MFG-E144;MFG-E252;MFG-E266;MFG-X309;MFG-X310;MFG-X311,NIST SP 800-115,Passive/read-only by default; controlled validation only with explicit authorization and safety gate,Written authorization; asset owner; production status; OT safety approval; maintenance window; emergency contact; stop conditions,Asset inventory; architecture/trust-boundary notes; configuration or request/response evidence; timestamps; approved screenshots/logs; finding references as applicable
Physical / Facility / Safety,HVAC,Y,Y,Y,Context,Context,Y,Y,Y,Restricted,MFG-E011;MFG-E045;MFG-E071;MFG-E144;MFG-E252;MFG-E266;MFG-X309;MFG-X310;MFG-X311,NIST SP 800-115,Passive/read-only by default; controlled validation only with explicit authorization and safety gate,Written authorization; asset owner; production status; OT safety approval; maintenance window; emergency contact; stop conditions,Asset inventory; architecture/trust-boundary notes; configuration or request/response evidence; timestamps; approved screenshots/logs; finding references as applicable
Physical / Facility / Safety,lighting control,Y,Y,Y,Context,Context,Y,Y,Y,Restricted,MFG-E011;MFG-E045;MFG-E071;MFG-E144;MFG-E252;MFG-E266;MFG-X309;MFG-X310;MFG-X311,NIST SP 800-115,Passive/read-only by default; controlled validation only with explicit authorization and safety gate,Written authorization; asset owner; production status; OT safety approval; maintenance window; emergency contact; stop conditions,Asset inventory; architecture/trust-boundary notes; configuration or request/response evidence; timestamps; approved screenshots/logs; finding references as applicable
Physical / Facility / Safety,fire alarm systems,Y,Y,Y,Context,Context,Y,Y,Y,Restricted,MFG-E011;MFG-E045;MFG-E071;MFG-E144;MFG-E252;MFG-E266;MFG-X309;MFG-X310;MFG-X311,NIST SP 800-115,Passive/read-only by default; controlled validation only with explicit authorization and safety gate,Written authorization; asset owner; production status; OT safety approval; maintenance window; emergency contact; stop conditions,Asset inventory; architecture/trust-boundary notes; configuration or request/response evidence; timestamps; approved screenshots/logs; finding references as applicable
Physical / Facility / Safety,power monitoring,Y,Y,Y,Context,Context,Y,Y,Y,Restricted,MFG-E011;MFG-E045;MFG-E071;MFG-E144;MFG-E252;MFG-E266;MFG-X309;MFG-X310;MFG-X311,NIST SP 800-115,Passive/read-only by default; controlled validation only with explicit authorization and safety gate,Written authorization; asset owner; production status; OT safety approval; maintenance window; emergency contact; stop conditions,Asset inventory; architecture/trust-boundary notes; configuration or request/response evidence; timestamps; approved screenshots/logs; finding references as applicable
Physical / Facility / Safety,UPS,Y,Y,Y,Context,Context,Y,Y,Y,Restricted,MFG-E011;MFG-E045;MFG-E071;MFG-E144;MFG-E252;MFG-E266;MFG-X309;MFG-X310;MFG-X311;MFG-X363,NIST SP 800-115,Passive/read-only by default; controlled validation only with explicit authorization and safety gate,Written authorization; asset owner; production status; OT safety approval; maintenance window; emergency contact; stop conditions,Asset inventory; architecture/trust-boundary notes; configuration or request/response evidence; timestamps; approved screenshots/logs; finding references as applicable
Physical / Facility / Safety,generators,Y,Y,Y,Context,Context,Y,Y,Y,Restricted,MFG-E011;MFG-E045;MFG-E071;MFG-E144;MFG-E252;MFG-E266;MFG-X309;MFG-X310;MFG-X311,NIST SP 800-115,Passive/read-only by default; controlled validation only with explicit authorization and safety gate,Written authorization; asset owner; production status; OT safety approval; maintenance window; emergency contact; stop conditions,Asset inventory; architecture/trust-boundary notes; configuration or request/response evidence; timestamps; approved screenshots/logs; finding references as applicable
Physical / Facility / Safety,environmental monitoring,Y,Y,Y,Context,Context,Y,Y,Y,Restricted,MFG-E011;MFG-E045;MFG-E071;MFG-E144;MFG-E252;MFG-E266;MFG-X309;MFG-X310;MFG-X311;MFG-X474,NIST SP 800-115,Passive/read-only by default; controlled validation only with explicit authorization and safety gate,Written authorization; asset owner; production status; OT safety approval; maintenance window; emergency contact; stop conditions,Asset inventory; architecture/trust-boundary notes; configuration or request/response evidence; timestamps; approved screenshots/logs; finding references as applicable
Physical / Facility / Safety,safety PLC,Y,Y,Y,Y,Context,Y,Y,Y,Restricted,MFG-E011;MFG-E045;MFG-E071;MFG-E097;MFG-E144;MFG-E167;MFG-E252;MFG-E256;MFG-E257;MFG-E259;MFG-E262;MFG-E266;MFG-X309;MFG-X310;MFG-X311;MFG-X312;MFG-X365;MFG-X395;MFG-X479,NIST SP 800-115,Passive/read-only by default; controlled validation only with explicit authorization and safety gate,Written authorization; asset owner; production status; OT safety approval; maintenance window; emergency contact; stop conditions,Asset inventory; architecture/trust-boundary notes; configuration or request/response evidence; timestamps; approved screenshots/logs; finding references as applicable
Physical / Facility / Safety,safety controllers,Y,Y,Y,Context,Context,Y,Y,Y,Restricted,MFG-E006;MFG-E011;MFG-E045;MFG-E071;MFG-E144;MFG-E167;MFG-E252;MFG-E259;MFG-E266;MFG-X309;MFG-X310;MFG-X311;MFG-X312;MFG-X395;MFG-X479,NIST SP 800-115,Passive/read-only by default; controlled validation only with explicit authorization and safety gate,Written authorization; asset owner; production status; OT safety approval; maintenance window; emergency contact; stop conditions,Asset inventory; architecture/trust-boundary notes; configuration or request/response evidence; timestamps; approved screenshots/logs; finding references as applicable
Physical / Facility / Safety,emergency stops,Y,Y,Y,Context,Context,Y,Y,Y,Restricted,MFG-E011;MFG-E045;MFG-E071;MFG-E144;MFG-E252;MFG-E266;MFG-X309;MFG-X310;MFG-X311;MFG-X480,NIST SP 800-115,Passive/read-only by default; controlled validation only with explicit authorization and safety gate,Written authorization; asset owner; production status; OT safety approval; maintenance window; emergency contact; stop conditions,Asset inventory; architecture/trust-boundary notes; configuration or request/response evidence; timestamps; approved screenshots/logs; finding references as applicable
Physical / Facility / Safety,safety interlocks,Y,Y,Y,Context,Context,Y,Y,Y,Restricted,MFG-E006;MFG-E011;MFG-E045;MFG-E071;MFG-E144;MFG-E167;MFG-E252;MFG-E259;MFG-E266;MFG-X309;MFG-X310;MFG-X311;MFG-X312;MFG-X395;MFG-X479,NIST SP 800-115,Passive/read-only by default; controlled validation only with explicit authorization and safety gate,Written authorization; asset owner; production status; OT safety approval; maintenance window; emergency contact; stop conditions,Asset inventory; architecture/trust-boundary notes; configuration or request/response evidence; timestamps; approved screenshots/logs; finding references as applicable
Physical / Facility / Safety,fire/gas systems,Y,Y,Y,Context,Context,Y,Y,Y,Restricted,MFG-E011;MFG-E045;MFG-E071;MFG-E144;MFG-E252;MFG-E266;MFG-X309;MFG-X310;MFG-X311,NIST SP 800-115,Passive/read-only by default; controlled validation only with explicit authorization and safety gate,Written authorization; asset owner; production status; OT safety approval; maintenance window; emergency contact; stop conditions,Asset inventory; architecture/trust-boundary notes; configuration or request/response evidence; timestamps; approved screenshots/logs; finding references as applicable
Software Supply Chain / DevSecOps,Git,Y,Y,Y,Context,Y,N/A,Y,Y,Controlled,MFG-E011;MFG-E045;MFG-E071;MFG-E117;MFG-E194;MFG-E211;MFG-E212;MFG-E213;MFG-E252;MFG-E266;MFG-X449,NIST SP 800-115; CIS Controls,Active + manual validation where authorized; non-destructive by default,Written authorization; confirmed scope; test accounts/access; testing window; logging/evidence plan,Asset inventory; architecture/trust-boundary notes; configuration or request/response evidence; timestamps; approved screenshots/logs; finding references as applicable
Software Supply Chain / DevSecOps,GitHub,Y,Y,Y,Context,Y,N/A,Y,Y,Controlled,MFG-E011;MFG-E045;MFG-E071;MFG-E117;MFG-E211;MFG-E212;MFG-E213;MFG-E252;MFG-E266,NIST SP 800-115; CIS Controls,Active + manual validation where authorized; non-destructive by default,Written authorization; confirmed scope; test accounts/access; testing window; logging/evidence plan,Asset inventory; architecture/trust-boundary notes; configuration or request/response evidence; timestamps; approved screenshots/logs; finding references as applicable
Software Supply Chain / DevSecOps,GitLab,Y,Y,Y,Context,Y,N/A,Y,Y,Controlled,MFG-E011;MFG-E045;MFG-E071;MFG-E117;MFG-E211;MFG-E212;MFG-E213;MFG-E252;MFG-E266,NIST SP 800-115; CIS Controls,Active + manual validation where authorized; non-destructive by default,Written authorization; confirmed scope; test accounts/access; testing window; logging/evidence plan,Asset inventory; architecture/trust-boundary notes; configuration or request/response evidence; timestamps; approved screenshots/logs; finding references as applicable
Software Supply Chain / DevSecOps,Bitbucket,Y,Y,Y,Context,Context,N/A,Y,Y,Controlled,MFG-E011;MFG-E045;MFG-E071;MFG-E211;MFG-E212;MFG-E213;MFG-E252;MFG-E266,NIST SP 800-115; CIS Controls,Active + manual validation where authorized; non-destructive by default,Written authorization; confirmed scope; test accounts/access; testing window; logging/evidence plan,Asset inventory; architecture/trust-boundary notes; configuration or request/response evidence; timestamps; approved screenshots/logs; finding references as applicable
Software Supply Chain / DevSecOps,Jenkins,Y,Y,Y,Context,Y,N/A,Y,Y,Controlled,MFG-E011;MFG-E045;MFG-E071;MFG-E117;MFG-E211;MFG-E212;MFG-E213;MFG-E252;MFG-E266,NIST SP 800-115; CIS Controls,Active + manual validation where authorized; non-destructive by default,Written authorization; confirmed scope; test accounts/access; testing window; logging/evidence plan,Asset inventory; architecture/trust-boundary notes; configuration or request/response evidence; timestamps; approved screenshots/logs; finding references as applicable
Software Supply Chain / DevSecOps,CI/CD,Y,Y,Y,Context,Context,N/A,Y,Y,Controlled,MFG-E011;MFG-E045;MFG-E071;MFG-E088;MFG-E211;MFG-E212;MFG-E213;MFG-E252;MFG-E266;MFG-X420,NIST SP 800-115; CIS Controls,Active + manual validation where authorized; non-destructive by default,Written authorization; confirmed scope; test accounts/access; testing window; logging/evidence plan,Asset inventory; architecture/trust-boundary notes; configuration or request/response evidence; timestamps; approved screenshots/logs; finding references as applicable
Software Supply Chain / DevSecOps,build servers,Y,Y,Y,Y,Context,N/A,Y,Y,Controlled,MFG-E011;MFG-E045;MFG-E071;MFG-E097;MFG-E211;MFG-E212;MFG-E213;MFG-E252;MFG-E266,NIST SP 800-115; CIS Controls,Active + manual validation where authorized; non-destructive by default,Written authorization; confirmed scope; test accounts/access; testing window; logging/evidence plan,Asset inventory; architecture/trust-boundary notes; configuration or request/response evidence; timestamps; approved screenshots/logs; finding references as applicable
Software Supply Chain / DevSecOps,artifact repositories,Y,Y,Y,Context,Y,N/A,Y,Y,Controlled,MFG-E011;MFG-E045;MFG-E071;MFG-E117;MFG-E211;MFG-E212;MFG-E213;MFG-E252;MFG-E266,NIST SP 800-115; CIS Controls,Active + manual validation where authorized; non-destructive by default,Written authorization; confirmed scope; test accounts/access; testing window; logging/evidence plan,Asset inventory; architecture/trust-boundary notes; configuration or request/response evidence; timestamps; approved screenshots/logs; finding references as applicable
Software Supply Chain / DevSecOps,container registries,Y,Y,Y,Context,Context,N/A,Y,Y,Controlled,MFG-E011;MFG-E045;MFG-E071;MFG-E087;MFG-E186;MFG-E211;MFG-E212;MFG-E213;MFG-E252;MFG-E266;MFG-X419;MFG-X441,NIST SP 800-115; CIS Controls,Active + manual validation where authorized; non-destructive by default,Written authorization; confirmed scope; test accounts/access; testing window; logging/evidence plan,Asset inventory; architecture/trust-boundary notes; configuration or request/response evidence; timestamps; approved screenshots/logs; finding references as applicable
Software Supply Chain / DevSecOps,package repositories,Y,Y,Y,Context,Context,N/A,Y,Y,Controlled,MFG-E011;MFG-E045;MFG-E071;MFG-E211;MFG-E212;MFG-E213;MFG-E214;MFG-E252;MFG-E266,NIST SP 800-115; CIS Controls,Active + manual validation where authorized; non-destructive by default,Written authorization; confirmed scope; test accounts/access; testing window; logging/evidence plan,Asset inventory; architecture/trust-boundary notes; configuration or request/response evidence; timestamps; approved screenshots/logs; finding references as applicable
Software Supply Chain / DevSecOps,dependency management,Y,Y,Y,Context,Context,N/A,Y,Y,Controlled,MFG-E011;MFG-E045;MFG-E071;MFG-E211;MFG-E212;MFG-E213;MFG-E252;MFG-E266,NIST SP 800-115; CIS Controls,Active + manual validation where authorized; non-destructive by default,Written authorization; confirmed scope; test accounts/access; testing window; logging/evidence plan,Asset inventory; architecture/trust-boundary notes; configuration or request/response evidence; timestamps; approved screenshots/logs; finding references as applicable
Software Supply Chain / DevSecOps,code signing,Y,Y,Y,Context,Context,N/A,Y,Y,Controlled,MFG-E011;MFG-E045;MFG-E071;MFG-E211;MFG-E212;MFG-E213;MFG-E252;MFG-E266;MFG-X422,NIST SP 800-115; CIS Controls,Active + manual validation where authorized; non-destructive by default,Written authorization; confirmed scope; test accounts/access; testing window; logging/evidence plan,Asset inventory; architecture/trust-boundary notes; configuration or request/response evidence; timestamps; approved screenshots/logs; finding references as applicable
Software Supply Chain / DevSecOps,secrets management,Y,Y,Y,Context,Context,N/A,Y,Y,Controlled,MFG-E011;MFG-E045;MFG-E071;MFG-E211;MFG-E212;MFG-E213;MFG-E252;MFG-E266;MFG-X425,NIST SP 800-115; CIS Controls,Active + manual validation where authorized; non-destructive by default,Written authorization; confirmed scope; test accounts/access; testing window; logging/evidence plan,Asset inventory; architecture/trust-boundary notes; configuration or request/response evidence; timestamps; approved screenshots/logs; finding references as applicable
Software Supply Chain / DevSecOps,Infrastructure-as-Code,Y,Y,Y,Context,Context,N/A,Y,Y,Controlled,MFG-E011;MFG-E045;MFG-E071;MFG-E211;MFG-E212;MFG-E213;MFG-E252;MFG-E266,NIST SP 800-115; CIS Controls,Active + manual validation where authorized; non-destructive by default,Written authorization; confirmed scope; test accounts/access; testing window; logging/evidence plan,Asset inventory; architecture/trust-boundary notes; configuration or request/response evidence; timestamps; approved screenshots/logs; finding references as applicable
Software Supply Chain / DevSecOps,configuration repositories,Y,Y,Y,Context,Context,N/A,Y,Y,Controlled,MFG-E011;MFG-E045;MFG-E071;MFG-E211;MFG-E212;MFG-E213;MFG-E252;MFG-E266,NIST SP 800-115; CIS Controls,Active + manual validation where authorized; non-destructive by default,Written authorization; confirmed scope; test accounts/access; testing window; logging/evidence plan,Asset inventory; architecture/trust-boundary notes; configuration or request/response evidence; timestamps; approved screenshots/logs; finding references as applicable
Identity & Privilege,employees,Y,Y,Y,Context,Context,N/A,Y,Y,Controlled,MFG-E011;MFG-E045;MFG-E071;MFG-E097;MFG-E104;MFG-E108;MFG-E252;MFG-E266,NIST SP 800-115; CIS Controls,Active + manual validation where authorized; non-destructive by default,Written authorization; confirmed scope; test accounts/access; testing window; logging/evidence plan,Asset inventory; architecture/trust-boundary notes; configuration or request/response evidence; timestamps; approved screenshots/logs; finding references as applicable
Identity & Privilege,operators,Y,Y,Y,Context,Context,N/A,Y,Y,Controlled,MFG-E011;MFG-E045;MFG-E071;MFG-E097;MFG-E104;MFG-E108;MFG-E252;MFG-E266,NIST SP 800-115; CIS Controls,Active + manual validation where authorized; non-destructive by default,Written authorization; confirmed scope; test accounts/access; testing window; logging/evidence plan,Asset inventory; architecture/trust-boundary notes; configuration or request/response evidence; timestamps; approved screenshots/logs; finding references as applicable
Identity & Privilege,engineers,Y,Y,Y,Context,Context,N/A,Y,Y,Controlled,MFG-E011;MFG-E045;MFG-E071;MFG-E097;MFG-E104;MFG-E108;MFG-E252;MFG-E266,NIST SP 800-115; CIS Controls,Active + manual validation where authorized; non-destructive by default,Written authorization; confirmed scope; test accounts/access; testing window; logging/evidence plan,Asset inventory; architecture/trust-boundary notes; configuration or request/response evidence; timestamps; approved screenshots/logs; finding references as applicable
Identity & Privilege,IT admins,Y,Y,Y,Y,Context,N/A,Y,Y,Controlled,MFG-E011;MFG-E045;MFG-E071;MFG-E097;MFG-E104;MFG-E108;MFG-E252;MFG-E266,NIST SP 800-115; CIS Controls,Active + manual validation where authorized; non-destructive by default,Written authorization; confirmed scope; test accounts/access; testing window; logging/evidence plan,Asset inventory; architecture/trust-boundary notes; configuration or request/response evidence; timestamps; approved screenshots/logs; finding references as applicable
Identity & Privilege,OT admins,Y,Y,Y,Y,Context,N/A,Y,Y,Controlled,MFG-E011;MFG-E045;MFG-E071;MFG-E097;MFG-E104;MFG-E108;MFG-E252;MFG-E266,NIST SP 800-115; CIS Controls,Active + manual validation where authorized; non-destructive by default,Written authorization; confirmed scope; test accounts/access; testing window; logging/evidence plan,Asset inventory; architecture/trust-boundary notes; configuration or request/response evidence; timestamps; approved screenshots/logs; finding references as applicable
Identity & Privilege,domain admins,Y,Y,Y,Y,Context,N/A,Y,Y,Controlled,MFG-E011;MFG-E012;MFG-E045;MFG-E071;MFG-E097;MFG-E104;MFG-E108;MFG-E252;MFG-E266,NIST SP 800-115; CIS Controls,Active + manual validation where authorized; non-destructive by default,Written authorization; confirmed scope; test accounts/access; testing window; logging/evidence plan,Asset inventory; architecture/trust-boundary notes; configuration or request/response evidence; timestamps; approved screenshots/logs; finding references as applicable
Identity & Privilege,application admins,Y,Y,Y,Y,Context,N/A,Y,Y,Controlled,MFG-E011;MFG-E045;MFG-E071;MFG-E097;MFG-E104;MFG-E108;MFG-E252;MFG-E266,NIST SP 800-115; CIS Controls,Active + manual validation where authorized; non-destructive by default,Written authorization; confirmed scope; test accounts/access; testing window; logging/evidence plan,Asset inventory; architecture/trust-boundary notes; configuration or request/response evidence; timestamps; approved screenshots/logs; finding references as applicable
Identity & Privilege,DBAs,Y,Y,Y,Context,Context,N/A,Y,Y,Controlled,MFG-E011;MFG-E045;MFG-E071;MFG-E097;MFG-E104;MFG-E108;MFG-E252;MFG-E266,NIST SP 800-115; CIS Controls,Active + manual validation where authorized; non-destructive by default,Written authorization; confirmed scope; test accounts/access; testing window; logging/evidence plan,Asset inventory; architecture/trust-boundary notes; configuration or request/response evidence; timestamps; approved screenshots/logs; finding references as applicable
Identity & Privilege,vendors,Y,Y,Y,Context,Context,N/A,Y,Y,Controlled,MFG-E011;MFG-E045;MFG-E071;MFG-E097;MFG-E104;MFG-E108;MFG-E252;MFG-E266,NIST SP 800-115; CIS Controls,Active + manual validation where authorized; non-destructive by default,Written authorization; confirmed scope; test accounts/access; testing window; logging/evidence plan,Asset inventory; architecture/trust-boundary notes; configuration or request/response evidence; timestamps; approved screenshots/logs; finding references as applicable
Identity & Privilege,contractors,Y,Y,Y,Context,Context,N/A,Y,Y,Controlled,MFG-E011;MFG-E045;MFG-E071;MFG-E097;MFG-E104;MFG-E108;MFG-E252;MFG-E266,NIST SP 800-115; CIS Controls,Active + manual validation where authorized; non-destructive by default,Written authorization; confirmed scope; test accounts/access; testing window; logging/evidence plan,Asset inventory; architecture/trust-boundary notes; configuration or request/response evidence; timestamps; approved screenshots/logs; finding references as applicable
Identity & Privilege,service accounts,Y,Y,Y,Y,Context,N/A,Y,Y,Controlled,MFG-E011;MFG-E045;MFG-E071;MFG-E097;MFG-E104;MFG-E108;MFG-E252;MFG-E266,NIST SP 800-115; CIS Controls,Active + manual validation where authorized; non-destructive by default,Written authorization; confirmed scope; test accounts/access; testing window; logging/evidence plan,Asset inventory; architecture/trust-boundary notes; configuration or request/response evidence; timestamps; approved screenshots/logs; finding references as applicable
Identity & Privilege,machine accounts,Y,Y,Y,Y,Context,N/A,Y,Y,Controlled,MFG-E011;MFG-E045;MFG-E071;MFG-E097;MFG-E104;MFG-E108;MFG-E252;MFG-E266,NIST SP 800-115; CIS Controls,Active + manual validation where authorized; non-destructive by default,Written authorization; confirmed scope; test accounts/access; testing window; logging/evidence plan,Asset inventory; architecture/trust-boundary notes; configuration or request/response evidence; timestamps; approved screenshots/logs; finding references as applicable
Identity & Privilege,API identities,Y,Y,Y,Y,Y,N/A,Y,Y,Controlled,MFG-E011;MFG-E045;MFG-E048;MFG-E071;MFG-E074;MFG-E097;MFG-E104;MFG-E108;MFG-E109;MFG-E117;MFG-E118;MFG-E141;MFG-E191;MFG-E233;MFG-E247;MFG-E252;MFG-E266;MFG-X452,NIST SP 800-115; OWASP WSTG; OWASP Top 10; OWASP API Security Top 10; CIS Controls,Active + manual validation where authorized; non-destructive by default,Written authorization; confirmed scope; test accounts/access; testing window; logging/evidence plan,Asset inventory; architecture/trust-boundary notes; configuration or request/response evidence; timestamps; approved screenshots/logs; finding references as applicable
Identity & Privilege,cloud identities,Y,Y,Y,Y,Y,N/A,Y,Y,Controlled,MFG-E011;MFG-E045;MFG-E071;MFG-E097;MFG-E104;MFG-E108;MFG-E117;MFG-E248;MFG-E252;MFG-E266;MFG-X305;MFG-X389;MFG-X433;MFG-X434;MFG-X435;MFG-X436;MFG-X437;MFG-X438;MFG-X440;MFG-X445,NIST SP 800-115; CIS Controls,Active + manual validation where authorized; non-destructive by default,Written authorization; confirmed scope; test accounts/access; testing window; logging/evidence plan,Asset inventory; architecture/trust-boundary notes; configuration or request/response evidence; timestamps; approved screenshots/logs; finding references as applicable
Identity & Privilege,break-glass accounts,Y,Y,Y,Y,Context,N/A,Y,Y,Controlled,MFG-E011;MFG-E045;MFG-E071;MFG-E097;MFG-E104;MFG-E108;MFG-E252;MFG-E266,NIST SP 800-115; CIS Controls,Active + manual validation where authorized; non-destructive by default,Written authorization; confirmed scope; test accounts/access; testing window; logging/evidence plan,Asset inventory; architecture/trust-boundary notes; configuration or request/response evidence; timestamps; approved screenshots/logs; finding references as applicable
Identity & Privilege,shared accounts,Y,Y,Y,Y,Context,N/A,Y,Y,Controlled,MFG-E011;MFG-E045;MFG-E071;MFG-E097;MFG-E104;MFG-E108;MFG-E252;MFG-E266,NIST SP 800-115; CIS Controls,Active + manual validation where authorized; non-destructive by default,Written authorization; confirmed scope; test accounts/access; testing window; logging/evidence plan,Asset inventory; architecture/trust-boundary notes; configuration or request/response evidence; timestamps; approved screenshots/logs; finding references as applicable
Identity & Privilege,dormant accounts,Y,Y,Y,Y,Context,N/A,Y,Y,Controlled,MFG-E011;MFG-E045;MFG-E071;MFG-E097;MFG-E104;MFG-E108;MFG-E252;MFG-E266,NIST SP 800-115; CIS Controls,Active + manual validation where authorized; non-destructive by default,Written authorization; confirmed scope; test accounts/access; testing window; logging/evidence plan,Asset inventory; architecture/trust-boundary notes; configuration or request/response evidence; timestamps; approved screenshots/logs; finding references as applicable
Cryptographic / Time Services,TLS certificates,Y,Y,Y,Context,Context,N/A,Y,Y,Controlled,MFG-E011;MFG-E045;MFG-E071;MFG-E109;MFG-E234;MFG-E252;MFG-E266,NIST SP 800-115,Active + manual validation where authorized; non-destructive by default,Written authorization; confirmed scope; test accounts/access; testing window; logging/evidence plan,Asset inventory; architecture/trust-boundary notes; configuration or request/response evidence; timestamps; approved screenshots/logs; finding references as applicable
Cryptographic / Time Services,internal certificates,Y,Y,Y,Context,Context,N/A,Y,Y,Controlled,MFG-E011;MFG-E045;MFG-E071;MFG-E109;MFG-E234;MFG-E252;MFG-E266,NIST SP 800-115,Active + manual validation where authorized; non-destructive by default,Written authorization; confirmed scope; test accounts/access; testing window; logging/evidence plan,Asset inventory; architecture/trust-boundary notes; configuration or request/response evidence; timestamps; approved screenshots/logs; finding references as applicable
Cryptographic / Time Services,PKI,Y,Y,Y,Context,Context,N/A,Y,Y,Controlled,MFG-E011;MFG-E045;MFG-E071;MFG-E109;MFG-E234;MFG-E252;MFG-E266,NIST SP 800-115,Active + manual validation where authorized; non-destructive by default,Written authorization; confirmed scope; test accounts/access; testing window; logging/evidence plan,Asset inventory; architecture/trust-boundary notes; configuration or request/response evidence; timestamps; approved screenshots/logs; finding references as applicable
Cryptographic / Time Services,device certificates,Y,Y,Y,Context,Context,N/A,Y,Y,Controlled,MFG-E011;MFG-E045;MFG-E071;MFG-E109;MFG-E234;MFG-E252;MFG-E266,NIST SP 800-115,Active + manual validation where authorized; non-destructive by default,Written authorization; confirmed scope; test accounts/access; testing window; logging/evidence plan,Asset inventory; architecture/trust-boundary notes; configuration or request/response evidence; timestamps; approved screenshots/logs; finding references as applicable
Cryptographic / Time Services,code-signing certificates,Y,Y,Y,Context,Context,N/A,Y,Y,Controlled,MFG-E011;MFG-E045;MFG-E071;MFG-E109;MFG-E234;MFG-E252;MFG-E266;MFG-X422,NIST SP 800-115,Active + manual validation where authorized; non-destructive by default,Written authorization; confirmed scope; test accounts/access; testing window; logging/evidence plan,Asset inventory; architecture/trust-boundary notes; configuration or request/response evidence; timestamps; approved screenshots/logs; finding references as applicable
Cryptographic / Time Services,key-management,Y,Y,Y,Context,Context,N/A,Y,Y,Controlled,MFG-E011;MFG-E045;MFG-E071;MFG-E109;MFG-E193;MFG-E234;MFG-E252;MFG-E266;MFG-X432,NIST SP 800-115,Active + manual validation where authorized; non-destructive by default,Written authorization; confirmed scope; test accounts/access; testing window; logging/evidence plan,Asset inventory; architecture/trust-boundary notes; configuration or request/response evidence; timestamps; approved screenshots/logs; finding references as applicable
Cryptographic / Time Services,NTP,Y,Y,Y,Context,Context,N/A,Y,Y,Controlled,MFG-E011;MFG-E045;MFG-E071;MFG-E109;MFG-E234;MFG-E252;MFG-E266,NIST SP 800-115,Active + manual validation where authorized; non-destructive by default,Written authorization; confirmed scope; test accounts/access; testing window; logging/evidence plan,Asset inventory; architecture/trust-boundary notes; configuration or request/response evidence; timestamps; approved screenshots/logs; finding references as applicable
Cryptographic / Time Services,PTP,Y,Y,Y,Context,Context,N/A,Y,Y,Controlled,MFG-E011;MFG-E045;MFG-E071;MFG-E109;MFG-E234;MFG-E252;MFG-E266,NIST SP 800-115,Active + manual validation where authorized; non-destructive by default,Written authorization; confirmed scope; test accounts/access; testing window; logging/evidence plan,Asset inventory; architecture/trust-boundary notes; configuration or request/response evidence; timestamps; approved screenshots/logs; finding references as applicable
Cryptographic / Time Services,GPS time,Y,Y,Y,Context,Context,N/A,Y,Y,Controlled,MFG-E011;MFG-E045;MFG-E071;MFG-E109;MFG-E234;MFG-E252;MFG-E266,NIST SP 800-115,Active + manual validation where authorized; non-destructive by default,Written authorization; confirmed scope; test accounts/access; testing window; logging/evidence plan,Asset inventory; architecture/trust-boundary notes; configuration or request/response evidence; timestamps; approved screenshots/logs; finding references as applicable
Cryptographic / Time Services,industrial time synchronization,Y,Y,Y,Context,Context,N/A,Y,Y,Controlled,MFG-E011;MFG-E045;MFG-E071;MFG-E109;MFG-E234;MFG-E252;MFG-E266,NIST SP 800-115,Active + manual validation where authorized; non-destructive by default,Written authorization; confirmed scope; test accounts/access; testing window; logging/evidence plan,Asset inventory; architecture/trust-boundary notes; configuration or request/response evidence; timestamps; approved screenshots/logs; finding references as applicable
Plant Utilities,electrical systems,Y,Y,Y,Context,Context,Y,Y,Y,Restricted,MFG-E011;MFG-E045;MFG-E071;MFG-E144;MFG-E252;MFG-E266;MFG-X350;MFG-X351;MFG-X352,NIST SP 800-115; NIST SP 800-82 Rev. 3; ISA/IEC 62443; MITRE ATT&CK for ICS,Passive/read-only by default; controlled validation only with explicit authorization and safety gate,Written authorization; asset owner; production status; OT safety approval; maintenance window; emergency contact; stop conditions,Asset inventory; architecture/trust-boundary notes; configuration or request/response evidence; timestamps; approved screenshots/logs; finding references as applicable; OT-safe observations; approved controller/HMI/SCADA logs; change records where applicable
Plant Utilities,smart meters,Y,Y,Y,Context,Context,Y,Y,Y,Restricted,MFG-E011;MFG-E045;MFG-E071;MFG-E144;MFG-E252;MFG-E266;MFG-X350;MFG-X351;MFG-X352,NIST SP 800-115; NIST SP 800-82 Rev. 3; ISA/IEC 62443; MITRE ATT&CK for ICS,Passive/read-only by default; controlled validation only with explicit authorization and safety gate,Written authorization; asset owner; production status; OT safety approval; maintenance window; emergency contact; stop conditions,Asset inventory; architecture/trust-boundary notes; configuration or request/response evidence; timestamps; approved screenshots/logs; finding references as applicable; OT-safe observations; approved controller/HMI/SCADA logs; change records where applicable
Plant Utilities,compressed air,Y,Y,Y,Context,Context,Y,Y,Y,Restricted,MFG-E011;MFG-E045;MFG-E071;MFG-E144;MFG-E252;MFG-E266;MFG-X350;MFG-X351;MFG-X352,NIST SP 800-115; NIST SP 800-82 Rev. 3; ISA/IEC 62443; MITRE ATT&CK for ICS,Passive/read-only by default; controlled validation only with explicit authorization and safety gate,Written authorization; asset owner; production status; OT safety approval; maintenance window; emergency contact; stop conditions,Asset inventory; architecture/trust-boundary notes; configuration or request/response evidence; timestamps; approved screenshots/logs; finding references as applicable; OT-safe observations; approved controller/HMI/SCADA logs; change records where applicable
Plant Utilities,steam,Y,Y,Y,Context,Context,Y,Y,Y,Restricted,MFG-E011;MFG-E045;MFG-E071;MFG-E144;MFG-E252;MFG-E266;MFG-X350;MFG-X351;MFG-X352,NIST SP 800-115; NIST SP 800-82 Rev. 3; ISA/IEC 62443; MITRE ATT&CK for ICS,Passive/read-only by default; controlled validation only with explicit authorization and safety gate,Written authorization; asset owner; production status; OT safety approval; maintenance window; emergency contact; stop conditions,Asset inventory; architecture/trust-boundary notes; configuration or request/response evidence; timestamps; approved screenshots/logs; finding references as applicable; OT-safe observations; approved controller/HMI/SCADA logs; change records where applicable
Plant Utilities,water,Y,Y,Y,Context,Context,Y,Y,Y,Restricted,MFG-E011;MFG-E045;MFG-E071;MFG-E144;MFG-E252;MFG-E266;MFG-X350;MFG-X351;MFG-X352,NIST SP 800-115; NIST SP 800-82 Rev. 3; ISA/IEC 62443; MITRE ATT&CK for ICS,Passive/read-only by default; controlled validation only with explicit authorization and safety gate,Written authorization; asset owner; production status; OT safety approval; maintenance window; emergency contact; stop conditions,Asset inventory; architecture/trust-boundary notes; configuration or request/response evidence; timestamps; approved screenshots/logs; finding references as applicable; OT-safe observations; approved controller/HMI/SCADA logs; change records where applicable
Plant Utilities,cooling,Y,Y,Y,Context,Context,Y,Y,Y,Restricted,MFG-E011;MFG-E045;MFG-E071;MFG-E144;MFG-E252;MFG-E266;MFG-X350;MFG-X351;MFG-X352,NIST SP 800-115; NIST SP 800-82 Rev. 3; ISA/IEC 62443; MITRE ATT&CK for ICS,Passive/read-only by default; controlled validation only with explicit authorization and safety gate,Written authorization; asset owner; production status; OT safety approval; maintenance window; emergency contact; stop conditions,Asset inventory; architecture/trust-boundary notes; configuration or request/response evidence; timestamps; approved screenshots/logs; finding references as applicable; OT-safe observations; approved controller/HMI/SCADA logs; change records where applicable
Plant Utilities,HVAC,Y,Y,Y,Context,Context,Y,Y,Y,Restricted,MFG-E011;MFG-E045;MFG-E071;MFG-E144;MFG-E252;MFG-E266;MFG-X350;MFG-X351;MFG-X352,NIST SP 800-115; NIST SP 800-82 Rev. 3; ISA/IEC 62443; MITRE ATT&CK for ICS,Passive/read-only by default; controlled validation only with explicit authorization and safety gate,Written authorization; asset owner; production status; OT safety approval; maintenance window; emergency contact; stop conditions,Asset inventory; architecture/trust-boundary notes; configuration or request/response evidence; timestamps; approved screenshots/logs; finding references as applicable; OT-safe observations; approved controller/HMI/SCADA logs; change records where applicable
Plant Utilities,energy management,Y,Y,Y,Context,Context,Y,Y,Y,Restricted,MFG-E011;MFG-E045;MFG-E071;MFG-E144;MFG-E252;MFG-E266;MFG-X350;MFG-X351;MFG-X352;MFG-X472,NIST SP 800-115; NIST SP 800-82 Rev. 3; ISA/IEC 62443; MITRE ATT&CK for ICS,Passive/read-only by default; controlled validation only with explicit authorization and safety gate,Written authorization; asset owner; production status; OT safety approval; maintenance window; emergency contact; stop conditions,Asset inventory; architecture/trust-boundary notes; configuration or request/response evidence; timestamps; approved screenshots/logs; finding references as applicable; OT-safe observations; approved controller/HMI/SCADA logs; change records where applicable
Plant Utilities,utility monitoring,Y,Y,Y,Context,Context,Y,Y,Y,Restricted,MFG-E011;MFG-E045;MFG-E071;MFG-E144;MFG-E252;MFG-E266;MFG-X350;MFG-X351;MFG-X352,NIST SP 800-115; NIST SP 800-82 Rev. 3; ISA/IEC 62443; MITRE ATT&CK for ICS,Passive/read-only by default; controlled validation only with explicit authorization and safety gate,Written authorization; asset owner; production status; OT safety approval; maintenance window; emergency contact; stop conditions,Asset inventory; architecture/trust-boundary notes; configuration or request/response evidence; timestamps; approved screenshots/logs; finding references as applicable; OT-safe observations; approved controller/HMI/SCADA logs; change records where applicable
AI / Analytics,AI/ML platforms,Y,Y,Y,Context,Context,N/A,Y,Y,Controlled,MFG-E011;MFG-E045;MFG-E071;MFG-E195;MFG-E196;MFG-E252;MFG-E266;MFG-X440,NIST SP 800-115,Active + manual validation where authorized; non-destructive by default,Written authorization; confirmed scope; test accounts/access; testing window; logging/evidence plan,Asset inventory; architecture/trust-boundary notes; configuration or request/response evidence; timestamps; approved screenshots/logs; finding references as applicable
AI / Analytics,predictive maintenance,Y,Y,Y,Context,Context,N/A,Y,Y,Controlled,MFG-E011;MFG-E045;MFG-E071;MFG-E195;MFG-E196;MFG-E252;MFG-E266;MFG-X440;MFG-X478,NIST SP 800-115,Active + manual validation where authorized; non-destructive by default,Written authorization; confirmed scope; test accounts/access; testing window; logging/evidence plan,Asset inventory; architecture/trust-boundary notes; configuration or request/response evidence; timestamps; approved screenshots/logs; finding references as applicable
AI / Analytics,computer vision,Y,Y,Y,Context,Context,N/A,Y,Y,Controlled,MFG-E011;MFG-E045;MFG-E071;MFG-E195;MFG-E196;MFG-E252;MFG-E266;MFG-X440,NIST SP 800-115,Active + manual validation where authorized; non-destructive by default,Written authorization; confirmed scope; test accounts/access; testing window; logging/evidence plan,Asset inventory; architecture/trust-boundary notes; configuration or request/response evidence; timestamps; approved screenshots/logs; finding references as applicable
AI / Analytics,ML pipelines,Y,Y,Y,Context,Context,N/A,Y,Y,Controlled,MFG-E011;MFG-E045;MFG-E071;MFG-E195;MFG-E196;MFG-E252;MFG-E266;MFG-X440;MFG-X450,NIST SP 800-115,Active + manual validation where authorized; non-destructive by default,Written authorization; confirmed scope; test accounts/access; testing window; logging/evidence plan,Asset inventory; architecture/trust-boundary notes; configuration or request/response evidence; timestamps; approved screenshots/logs; finding references as applicable
AI / Analytics,analytics platforms,Y,Y,Y,Context,Context,N/A,Y,Y,Controlled,MFG-E011;MFG-E045;MFG-E071;MFG-E195;MFG-E196;MFG-E252;MFG-E266;MFG-X440,NIST SP 800-115,Active + manual validation where authorized; non-destructive by default,Written authorization; confirmed scope; test accounts/access; testing window; logging/evidence plan,Asset inventory; architecture/trust-boundary notes; configuration or request/response evidence; timestamps; approved screenshots/logs; finding references as applicable
AI / Analytics,data science platforms,Y,Y,Y,Context,Context,N/A,Y,Y,Controlled,MFG-E011;MFG-E045;MFG-E071;MFG-E195;MFG-E196;MFG-E252;MFG-E266;MFG-X440,NIST SP 800-115,Active + manual validation where authorized; non-destructive by default,Written authorization; confirmed scope; test accounts/access; testing window; logging/evidence plan,Asset inventory; architecture/trust-boundary notes; configuration or request/response evidence; timestamps; approved screenshots/logs; finding references as applicable
AI / Analytics,AI APIs,Y,Y,Y,Y,Y,N/A,Y,Y,Controlled,MFG-E011;MFG-E045;MFG-E071;MFG-E097;MFG-E117;MFG-E195;MFG-E196;MFG-E252;MFG-E266;MFG-X440;MFG-X452,NIST SP 800-115; OWASP WSTG; OWASP Top 10; OWASP API Security Top 10,Active + manual validation where authorized; non-destructive by default,Written authorization; confirmed scope; test accounts/access; testing window; logging/evidence plan,Asset inventory; architecture/trust-boundary notes; configuration or request/response evidence; timestamps; approved screenshots/logs; finding references as applicable
AI / Analytics,model serving,Y,Y,Y,Context,Context,N/A,Y,Y,Controlled,MFG-E011;MFG-E045;MFG-E071;MFG-E195;MFG-E196;MFG-E252;MFG-E266;MFG-X440,NIST SP 800-115,Active + manual validation where authorized; non-destructive by default,Written authorization; confirmed scope; test accounts/access; testing window; logging/evidence plan,Asset inventory; architecture/trust-boundary notes; configuration or request/response evidence; timestamps; approved screenshots/logs; finding references as applicable
AI / Analytics,generative AI systems,Y,Y,Y,Context,Context,N/A,Y,Y,Controlled,MFG-E011;MFG-E045;MFG-E071;MFG-E195;MFG-E196;MFG-E252;MFG-E266;MFG-X440,NIST SP 800-115,Active + manual validation where authorized; non-destructive by default,Written authorization; confirmed scope; test accounts/access; testing window; logging/evidence plan,Asset inventory; architecture/trust-boundary notes; configuration or request/response evidence; timestamps; approved screenshots/logs; finding references as applicable
