Asset_Family,Asset/Technology,Applicable_Phases,Knowledge_Unit_IDs,Assessment_Mode,Safety,Preconditions,Evidence_Expected,Status,Finding_ID,Notes
AI / Analytics,AI/ML platforms,Recon; Scanning/Enumeration; Vulnerability Assessment; Identity/Auth; Web/API/Application; Validation/Business Impact; Reporting/Retest,MFG-E011;MFG-E045;MFG-E071;MFG-E195;MFG-E196;MFG-E252;MFG-E266;MFG-X440,Active + manual validation where authorized; non-destructive by default,Controlled,Written authorization; confirmed scope; test accounts/access; testing window; logging/evidence plan,Asset inventory; architecture/trust-boundary notes; configuration or request/response evidence; timestamps; approved screenshots/logs; finding references as applicable,Not Started,,
AI / Analytics,predictive maintenance,Recon; Scanning/Enumeration; Vulnerability Assessment; Identity/Auth; Web/API/Application; Validation/Business Impact; Reporting/Retest,MFG-E011;MFG-E045;MFG-E071;MFG-E195;MFG-E196;MFG-E252;MFG-E266;MFG-X440;MFG-X478,Active + manual validation where authorized; non-destructive by default,Controlled,Written authorization; confirmed scope; test accounts/access; testing window; logging/evidence plan,Asset inventory; architecture/trust-boundary notes; configuration or request/response evidence; timestamps; approved screenshots/logs; finding references as applicable,Not Started,,
AI / Analytics,computer vision,Recon; Scanning/Enumeration; Vulnerability Assessment; Identity/Auth; Web/API/Application; Validation/Business Impact; Reporting/Retest,MFG-E011;MFG-E045;MFG-E071;MFG-E195;MFG-E196;MFG-E252;MFG-E266;MFG-X440,Active + manual validation where authorized; non-destructive by default,Controlled,Written authorization; confirmed scope; test accounts/access; testing window; logging/evidence plan,Asset inventory; architecture/trust-boundary notes; configuration or request/response evidence; timestamps; approved screenshots/logs; finding references as applicable,Not Started,,
AI / Analytics,ML pipelines,Recon; Scanning/Enumeration; Vulnerability Assessment; Identity/Auth; Web/API/Application; Validation/Business Impact; Reporting/Retest,MFG-E011;MFG-E045;MFG-E071;MFG-E195;MFG-E196;MFG-E252;MFG-E266;MFG-X440;MFG-X450,Active + manual validation where authorized; non-destructive by default,Controlled,Written authorization; confirmed scope; test accounts/access; testing window; logging/evidence plan,Asset inventory; architecture/trust-boundary notes; configuration or request/response evidence; timestamps; approved screenshots/logs; finding references as applicable,Not Started,,
AI / Analytics,analytics platforms,Recon; Scanning/Enumeration; Vulnerability Assessment; Identity/Auth; Web/API/Application; Validation/Business Impact; Reporting/Retest,MFG-E011;MFG-E045;MFG-E071;MFG-E195;MFG-E196;MFG-E252;MFG-E266;MFG-X440,Active + manual validation where authorized; non-destructive by default,Controlled,Written authorization; confirmed scope; test accounts/access; testing window; logging/evidence plan,Asset inventory; architecture/trust-boundary notes; configuration or request/response evidence; timestamps; approved screenshots/logs; finding references as applicable,Not Started,,
AI / Analytics,data science platforms,Recon; Scanning/Enumeration; Vulnerability Assessment; Identity/Auth; Web/API/Application; Validation/Business Impact; Reporting/Retest,MFG-E011;MFG-E045;MFG-E071;MFG-E195;MFG-E196;MFG-E252;MFG-E266;MFG-X440,Active + manual validation where authorized; non-destructive by default,Controlled,Written authorization; confirmed scope; test accounts/access; testing window; logging/evidence plan,Asset inventory; architecture/trust-boundary notes; configuration or request/response evidence; timestamps; approved screenshots/logs; finding references as applicable,Not Started,,
AI / Analytics,AI APIs,Recon; Scanning/Enumeration; Vulnerability Assessment; Identity/Auth; Web/API/Application; Validation/Business Impact; Reporting/Retest,MFG-E011;MFG-E045;MFG-E071;MFG-E097;MFG-E117;MFG-E195;MFG-E196;MFG-E252;MFG-E266;MFG-X440;MFG-X452,Active + manual validation where authorized; non-destructive by default,Controlled,Written authorization; confirmed scope; test accounts/access; testing window; logging/evidence plan,Asset inventory; architecture/trust-boundary notes; configuration or request/response evidence; timestamps; approved screenshots/logs; finding references as applicable,Not Started,,
AI / Analytics,model serving,Recon; Scanning/Enumeration; Vulnerability Assessment; Identity/Auth; Web/API/Application; Validation/Business Impact; Reporting/Retest,MFG-E011;MFG-E045;MFG-E071;MFG-E195;MFG-E196;MFG-E252;MFG-E266;MFG-X440,Active + manual validation where authorized; non-destructive by default,Controlled,Written authorization; confirmed scope; test accounts/access; testing window; logging/evidence plan,Asset inventory; architecture/trust-boundary notes; configuration or request/response evidence; timestamps; approved screenshots/logs; finding references as applicable,Not Started,,
AI / Analytics,generative AI systems,Recon; Scanning/Enumeration; Vulnerability Assessment; Identity/Auth; Web/API/Application; Validation/Business Impact; Reporting/Retest,MFG-E011;MFG-E045;MFG-E071;MFG-E195;MFG-E196;MFG-E252;MFG-E266;MFG-X440,Active + manual validation where authorized; non-destructive by default,Controlled,Written authorization; confirmed scope; test accounts/access; testing window; logging/evidence plan,Asset inventory; architecture/trust-boundary notes; configuration or request/response evidence; timestamps; approved screenshots/logs; finding references as applicable,Not Started,,
API & Integration,REST,Recon; Scanning/Enumeration; Vulnerability Assessment; Identity/Auth; Web/API/Application; Validation/Business Impact; Reporting/Retest,MFG-E011;MFG-E045;MFG-E071;MFG-E124;MFG-E125;MFG-E191;MFG-E252;MFG-E266;MFG-X364;MFG-X430,Active + manual validation where authorized; non-destructive by default,Controlled,Written authorization; confirmed scope; test accounts/access; testing window; logging/evidence plan,Asset inventory; architecture/trust-boundary notes; configuration or request/response evidence; timestamps; approved screenshots/logs; finding references as applicable,Not Started,,
API & Integration,SOAP,Recon; Scanning/Enumeration; Vulnerability Assessment; Identity/Auth; Web/API/Application; Validation/Business Impact; Reporting/Retest,MFG-E011;MFG-E045;MFG-E071;MFG-E124;MFG-E125;MFG-E191;MFG-E252;MFG-E266,Active + manual validation where authorized; non-destructive by default,Controlled,Written authorization; confirmed scope; test accounts/access; testing window; logging/evidence plan,Asset inventory; architecture/trust-boundary notes; configuration or request/response evidence; timestamps; approved screenshots/logs; finding references as applicable,Not Started,,
API & Integration,GraphQL,Recon; Scanning/Enumeration; Vulnerability Assessment; Identity/Auth; Web/API/Application; Validation/Business Impact; Reporting/Retest,MFG-E011;MFG-E045;MFG-E071;MFG-E124;MFG-E125;MFG-E191;MFG-E252;MFG-E266,Active + manual validation where authorized; non-destructive by default,Controlled,Written authorization; confirmed scope; test accounts/access; testing window; logging/evidence plan,Asset inventory; architecture/trust-boundary notes; configuration or request/response evidence; timestamps; approved screenshots/logs; finding references as applicable,Not Started,,
API & Integration,WebSockets,Recon; Scanning/Enumeration; Vulnerability Assessment; Identity/Auth; Web/API/Application; Validation/Business Impact; Reporting/Retest,MFG-E011;MFG-E045;MFG-E071;MFG-E097;MFG-E117;MFG-E124;MFG-E125;MFG-E191;MFG-E252;MFG-E266,Active + manual validation where authorized; non-destructive by default,Controlled,Written authorization; confirmed scope; test accounts/access; testing window; logging/evidence plan,Asset inventory; architecture/trust-boundary notes; configuration or request/response evidence; timestamps; approved screenshots/logs; finding references as applicable,Not Started,,
API & Integration,gRPC,Recon; Scanning/Enumeration; Vulnerability Assessment; Identity/Auth; Web/API/Application; Validation/Business Impact; Reporting/Retest,MFG-E011;MFG-E045;MFG-E071;MFG-E124;MFG-E125;MFG-E191;MFG-E252;MFG-E266,Active + manual validation where authorized; non-destructive by default,Controlled,Written authorization; confirmed scope; test accounts/access; testing window; logging/evidence plan,Asset inventory; architecture/trust-boundary notes; configuration or request/response evidence; timestamps; approved screenshots/logs; finding references as applicable,Not Started,,
API & Integration,vendor APIs,Recon; Scanning/Enumeration; Vulnerability Assessment; Identity/Auth; Web/API/Application; Validation/Business Impact; Reporting/Retest,MFG-E011;MFG-E045;MFG-E071;MFG-E097;MFG-E117;MFG-E124;MFG-E125;MFG-E191;MFG-E252;MFG-E266,Active + manual validation where authorized; non-destructive by default,Controlled,Written authorization; confirmed scope; test accounts/access; testing window; logging/evidence plan,Asset inventory; architecture/trust-boundary notes; configuration or request/response evidence; timestamps; approved screenshots/logs; finding references as applicable,Not Started,,
API & Integration,cloud APIs,Recon; Scanning/Enumeration; Vulnerability Assessment; Identity/Auth; Web/API/Application; Validation/Business Impact; Reporting/Retest,MFG-E011;MFG-E045;MFG-E071;MFG-E097;MFG-E117;MFG-E124;MFG-E125;MFG-E191;MFG-E252;MFG-E266;MFG-X305;MFG-X389;MFG-X433;MFG-X434;MFG-X435;MFG-X436;MFG-X437;MFG-X438;MFG-X440;MFG-X445,Active + manual validation where authorized; non-destructive by default,Controlled,Written authorization; confirmed scope; test accounts/access; testing window; logging/evidence plan,Asset inventory; architecture/trust-boundary notes; configuration or request/response evidence; timestamps; approved screenshots/logs; finding references as applicable,Not Started,,
API & Integration,mobile APIs,Recon; Scanning/Enumeration; Vulnerability Assessment; Identity/Auth; Web/API/Application; Validation/Business Impact; Reporting/Retest,MFG-E011;MFG-E045;MFG-E071;MFG-E097;MFG-E117;MFG-E124;MFG-E125;MFG-E191;MFG-E252;MFG-E266,Active + manual validation where authorized; non-destructive by default,Controlled,Written authorization; confirmed scope; test accounts/access; testing window; logging/evidence plan,Asset inventory; architecture/trust-boundary notes; configuration or request/response evidence; timestamps; approved screenshots/logs; finding references as applicable,Not Started,,
API & Integration,ERP APIs,Recon; Scanning/Enumeration; Vulnerability Assessment; Identity/Auth; Web/API/Application; Validation/Business Impact; Reporting/Retest,MFG-E011;MFG-E016;MFG-E027;MFG-E045;MFG-E071;MFG-E097;MFG-E110;MFG-E117;MFG-E124;MFG-E125;MFG-E127;MFG-E128;MFG-E191;MFG-E252;MFG-E266;MFG-X305;MFG-X318,Active + manual validation where authorized; non-destructive by default,Controlled,Written authorization; confirmed scope; test accounts/access; testing window; logging/evidence plan,Asset inventory; architecture/trust-boundary notes; configuration or request/response evidence; timestamps; approved screenshots/logs; finding references as applicable,Not Started,,
API & Integration,MES APIs,Recon; Scanning/Enumeration; Vulnerability Assessment; Identity/Auth; Web/API/Application; Validation/Business Impact; Reporting/Retest,MFG-E011;MFG-E028;MFG-E045;MFG-E071;MFG-E097;MFG-E111;MFG-E117;MFG-E124;MFG-E125;MFG-E129;MFG-E191;MFG-E252;MFG-E266,Active + manual validation where authorized; non-destructive by default,Controlled,Written authorization; confirmed scope; test accounts/access; testing window; logging/evidence plan,Asset inventory; architecture/trust-boundary notes; configuration or request/response evidence; timestamps; approved screenshots/logs; finding references as applicable,Not Started,,
API & Integration,PLM APIs,Recon; Scanning/Enumeration; Vulnerability Assessment; Identity/Auth; Web/API/Application; Validation/Business Impact; Reporting/Retest,MFG-E011;MFG-E035;MFG-E045;MFG-E071;MFG-E097;MFG-E117;MFG-E124;MFG-E125;MFG-E173;MFG-E191;MFG-E252;MFG-E266,Active + manual validation where authorized; non-destructive by default,Controlled,Written authorization; confirmed scope; test accounts/access; testing window; logging/evidence plan,Asset inventory; architecture/trust-boundary notes; configuration or request/response evidence; timestamps; approved screenshots/logs; finding references as applicable,Not Started,,
API & Integration,IoT APIs,Recon; Scanning/Enumeration; Vulnerability Assessment; Identity/Auth; Web/API/Application; Validation/Business Impact; Reporting/Retest,MFG-E011;MFG-E045;MFG-E071;MFG-E097;MFG-E117;MFG-E124;MFG-E125;MFG-E191;MFG-E252;MFG-E266,Active + manual validation where authorized; non-destructive by default,Controlled,Written authorization; confirmed scope; test accounts/access; testing window; logging/evidence plan,Asset inventory; architecture/trust-boundary notes; configuration or request/response evidence; timestamps; approved screenshots/logs; finding references as applicable,Not Started,,
API & Integration,webhooks,Recon; Scanning/Enumeration; Vulnerability Assessment; Identity/Auth; Web/API/Application; Validation/Business Impact; Reporting/Retest,MFG-E011;MFG-E045;MFG-E071;MFG-E097;MFG-E117;MFG-E124;MFG-E125;MFG-E191;MFG-E252;MFG-E266,Active + manual validation where authorized; non-destructive by default,Controlled,Written authorization; confirmed scope; test accounts/access; testing window; logging/evidence plan,Asset inventory; architecture/trust-boundary notes; configuration or request/response evidence; timestamps; approved screenshots/logs; finding references as applicable,Not Started,,
API & Integration,ESB,Recon; Scanning/Enumeration; Vulnerability Assessment; Identity/Auth; Web/API/Application; Validation/Business Impact; Reporting/Retest,MFG-E011;MFG-E045;MFG-E071;MFG-E124;MFG-E125;MFG-E191;MFG-E252;MFG-E266,Active + manual validation where authorized; non-destructive by default,Controlled,Written authorization; confirmed scope; test accounts/access; testing window; logging/evidence plan,Asset inventory; architecture/trust-boundary notes; configuration or request/response evidence; timestamps; approved screenshots/logs; finding references as applicable,Not Started,,
API & Integration,message brokers,Recon; Scanning/Enumeration; Vulnerability Assessment; Identity/Auth; Web/API/Application; Validation/Business Impact; Reporting/Retest,MFG-E011;MFG-E045;MFG-E071;MFG-E097;MFG-E117;MFG-E124;MFG-E125;MFG-E140;MFG-E191;MFG-E252;MFG-E266,Active + manual validation where authorized; non-destructive by default,Controlled,Written authorization; confirmed scope; test accounts/access; testing window; logging/evidence plan,Asset inventory; architecture/trust-boundary notes; configuration or request/response evidence; timestamps; approved screenshots/logs; finding references as applicable,Not Started,,
API & Integration,ETL pipelines,Recon; Scanning/Enumeration; Vulnerability Assessment; Identity/Auth; Web/API/Application; Validation/Business Impact; Reporting/Retest,MFG-E011;MFG-E045;MFG-E071;MFG-E124;MFG-E125;MFG-E191;MFG-E252;MFG-E266,Active + manual validation where authorized; non-destructive by default,Controlled,Written authorization; confirmed scope; test accounts/access; testing window; logging/evidence plan,Asset inventory; architecture/trust-boundary notes; configuration or request/response evidence; timestamps; approved screenshots/logs; finding references as applicable,Not Started,,
API & Integration,event buses,Recon; Scanning/Enumeration; Vulnerability Assessment; Identity/Auth; Web/API/Application; Validation/Business Impact; Reporting/Retest,MFG-E011;MFG-E045;MFG-E071;MFG-E124;MFG-E125;MFG-E191;MFG-E252;MFG-E266,Active + manual validation where authorized; non-destructive by default,Controlled,Written authorization; confirmed scope; test accounts/access; testing window; logging/evidence plan,Asset inventory; architecture/trust-boundary notes; configuration or request/response evidence; timestamps; approved screenshots/logs; finding references as applicable,Not Started,,
API & Integration,SFTP/file integrations,Recon; Scanning/Enumeration; Vulnerability Assessment; Identity/Auth; Web/API/Application; Validation/Business Impact; Reporting/Retest,MFG-E011;MFG-E045;MFG-E071;MFG-E124;MFG-E125;MFG-E191;MFG-E252;MFG-E266,Active + manual validation where authorized; non-destructive by default,Controlled,Written authorization; confirmed scope; test accounts/access; testing window; logging/evidence plan,Asset inventory; architecture/trust-boundary notes; configuration or request/response evidence; timestamps; approved screenshots/logs; finding references as applicable,Not Started,,
API & Integration,middleware,Recon; Scanning/Enumeration; Vulnerability Assessment; Identity/Auth; Web/API/Application; Validation/Business Impact; Reporting/Retest,MFG-E011;MFG-E045;MFG-E071;MFG-E124;MFG-E125;MFG-E139;MFG-E191;MFG-E252;MFG-E266,Active + manual validation where authorized; non-destructive by default,Controlled,Written authorization; confirmed scope; test accounts/access; testing window; logging/evidence plan,Asset inventory; architecture/trust-boundary notes; configuration or request/response evidence; timestamps; approved screenshots/logs; finding references as applicable,Not Started,,
Backup / DR,backup servers,Recon; Scanning/Enumeration; Vulnerability Assessment; Identity/Auth; Web/API/Application; Validation/Business Impact; Reporting/Retest,MFG-E011;MFG-E045;MFG-E070;MFG-E071;MFG-E086;MFG-E097;MFG-E168;MFG-E231;MFG-E252;MFG-E266;MFG-X361;MFG-X362;MFG-X365;MFG-X366;MFG-X367;MFG-X368;MFG-X369,Active + manual validation where authorized; non-destructive by default,Controlled,Written authorization; confirmed scope; test accounts/access; testing window; logging/evidence plan,Asset inventory; architecture/trust-boundary notes; configuration or request/response evidence; timestamps; approved screenshots/logs; finding references as applicable,Not Started,,
Backup / DR,backup repositories,Recon; Scanning/Enumeration; Vulnerability Assessment; Identity/Auth; Web/API/Application; Validation/Business Impact; Reporting/Retest,MFG-E011;MFG-E045;MFG-E070;MFG-E071;MFG-E086;MFG-E168;MFG-E231;MFG-E252;MFG-E266;MFG-X361;MFG-X362;MFG-X365;MFG-X366;MFG-X367;MFG-X368;MFG-X369,Active + manual validation where authorized; non-destructive by default,Controlled,Written authorization; confirmed scope; test accounts/access; testing window; logging/evidence plan,Asset inventory; architecture/trust-boundary notes; configuration or request/response evidence; timestamps; approved screenshots/logs; finding references as applicable,Not Started,,
Backup / DR,offline backups,Recon; Scanning/Enumeration; Vulnerability Assessment; Identity/Auth; Web/API/Application; Validation/Business Impact; Reporting/Retest,MFG-E011;MFG-E045;MFG-E070;MFG-E071;MFG-E231;MFG-E252;MFG-E266;MFG-X363,Active + manual validation where authorized; non-destructive by default,Controlled,Written authorization; confirmed scope; test accounts/access; testing window; logging/evidence plan,Asset inventory; architecture/trust-boundary notes; configuration or request/response evidence; timestamps; approved screenshots/logs; finding references as applicable,Not Started,,
Backup / DR,immutable backups,Recon; Scanning/Enumeration; Vulnerability Assessment; Identity/Auth; Web/API/Application; Validation/Business Impact; Reporting/Retest,MFG-E011;MFG-E045;MFG-E070;MFG-E071;MFG-E231;MFG-E252;MFG-E266;MFG-X363,Active + manual validation where authorized; non-destructive by default,Controlled,Written authorization; confirmed scope; test accounts/access; testing window; logging/evidence plan,Asset inventory; architecture/trust-boundary notes; configuration or request/response evidence; timestamps; approved screenshots/logs; finding references as applicable,Not Started,,
Backup / DR,cloud backups,Recon; Scanning/Enumeration; Vulnerability Assessment; Identity/Auth; Web/API/Application; Validation/Business Impact; Reporting/Retest,MFG-E011;MFG-E045;MFG-E070;MFG-E071;MFG-E097;MFG-E117;MFG-E231;MFG-E248;MFG-E252;MFG-E266;MFG-X305;MFG-X363;MFG-X389;MFG-X433;MFG-X434;MFG-X435;MFG-X436;MFG-X437;MFG-X438;MFG-X440;MFG-X445,Active + manual validation where authorized; non-destructive by default,Controlled,Written authorization; confirmed scope; test accounts/access; testing window; logging/evidence plan,Asset inventory; architecture/trust-boundary notes; configuration or request/response evidence; timestamps; approved screenshots/logs; finding references as applicable,Not Started,,
Backup / DR,replication,Recon; Scanning/Enumeration; Vulnerability Assessment; Identity/Auth; Web/API/Application; Validation/Business Impact; Reporting/Retest,MFG-E011;MFG-E045;MFG-E070;MFG-E071;MFG-E231;MFG-E252;MFG-E266,Active + manual validation where authorized; non-destructive by default,Controlled,Written authorization; confirmed scope; test accounts/access; testing window; logging/evidence plan,Asset inventory; architecture/trust-boundary notes; configuration or request/response evidence; timestamps; approved screenshots/logs; finding references as applicable,Not Started,,
Backup / DR,snapshots,Recon; Scanning/Enumeration; Vulnerability Assessment; Identity/Auth; Web/API/Application; Validation/Business Impact; Reporting/Retest,MFG-E011;MFG-E045;MFG-E070;MFG-E071;MFG-E231;MFG-E252;MFG-E266,Active + manual validation where authorized; non-destructive by default,Controlled,Written authorization; confirmed scope; test accounts/access; testing window; logging/evidence plan,Asset inventory; architecture/trust-boundary notes; configuration or request/response evidence; timestamps; approved screenshots/logs; finding references as applicable,Not Started,,
Backup / DR,database backups,Recon; Scanning/Enumeration; Vulnerability Assessment; Identity/Auth; Web/API/Application; Validation/Business Impact; Reporting/Retest,MFG-E011;MFG-E045;MFG-E070;MFG-E071;MFG-E117;MFG-E231;MFG-E252;MFG-E266;MFG-X363,Active + manual validation where authorized; non-destructive by default,Controlled,Written authorization; confirmed scope; test accounts/access; testing window; logging/evidence plan,Asset inventory; architecture/trust-boundary notes; configuration or request/response evidence; timestamps; approved screenshots/logs; finding references as applicable,Not Started,,
Backup / DR,PLC backups,Recon; Scanning/Enumeration; Vulnerability Assessment; Identity/Auth; Web/API/Application; Validation/Business Impact; Reporting/Retest,MFG-E011;MFG-E039;MFG-E045;MFG-E064;MFG-E070;MFG-E071;MFG-E093;MFG-E097;MFG-E150;MFG-E231;MFG-E252;MFG-E266;MFG-X310;MFG-X363;MFG-X365,Active + manual validation where authorized; non-destructive by default,Controlled,Written authorization; confirmed scope; test accounts/access; testing window; logging/evidence plan,Asset inventory; architecture/trust-boundary notes; configuration or request/response evidence; timestamps; approved screenshots/logs; finding references as applicable,Not Started,,
Backup / DR,SCADA backups,Recon; Scanning/Enumeration; Vulnerability Assessment; Identity/Auth; Web/API/Application; Validation/Business Impact; Reporting/Retest,MFG-E011;MFG-E038;MFG-E045;MFG-E063;MFG-E070;MFG-E071;MFG-E092;MFG-E097;MFG-E117;MFG-E148;MFG-E226;MFG-E231;MFG-E249;MFG-E252;MFG-E266;MFG-X363;MFG-X366,Active + manual validation where authorized; non-destructive by default,Controlled,Written authorization; confirmed scope; test accounts/access; testing window; logging/evidence plan,Asset inventory; architecture/trust-boundary notes; configuration or request/response evidence; timestamps; approved screenshots/logs; finding references as applicable,Not Started,,
Backup / DR,HMI backups,Recon; Scanning/Enumeration; Vulnerability Assessment; Identity/Auth; Web/API/Application; Validation/Business Impact; Reporting/Retest,MFG-E011;MFG-E039;MFG-E045;MFG-E064;MFG-E070;MFG-E071;MFG-E093;MFG-E097;MFG-E151;MFG-E231;MFG-E249;MFG-E252;MFG-E266;MFG-X363;MFG-X367,Active + manual validation where authorized; non-destructive by default,Controlled,Written authorization; confirmed scope; test accounts/access; testing window; logging/evidence plan,Asset inventory; architecture/trust-boundary notes; configuration or request/response evidence; timestamps; approved screenshots/logs; finding references as applicable,Not Started,,
Backup / DR,engineering backups,Recon; Scanning/Enumeration; Vulnerability Assessment; Identity/Auth; Web/API/Application; Validation/Business Impact; Reporting/Retest,MFG-E011;MFG-E045;MFG-E070;MFG-E071;MFG-E231;MFG-E252;MFG-E266;MFG-X363;MFG-X368,Active + manual validation where authorized; non-destructive by default,Controlled,Written authorization; confirmed scope; test accounts/access; testing window; logging/evidence plan,Asset inventory; architecture/trust-boundary notes; configuration or request/response evidence; timestamps; approved screenshots/logs; finding references as applicable,Not Started,,
Backup / DR,disaster-recovery systems,Recon; Scanning/Enumeration; Vulnerability Assessment; Identity/Auth; Web/API/Application; Validation/Business Impact; Reporting/Retest,MFG-E011;MFG-E045;MFG-E070;MFG-E071;MFG-E231;MFG-E252;MFG-E266;MFG-X335;MFG-X371;MFG-X416,Active + manual validation where authorized; non-destructive by default,Controlled,Written authorization; confirmed scope; test accounts/access; testing window; logging/evidence plan,Asset inventory; architecture/trust-boundary notes; configuration or request/response evidence; timestamps; approved screenshots/logs; finding references as applicable,Not Started,,
Cloud & Digital Infrastructure,AWS,Recon; Scanning/Enumeration; Vulnerability Assessment; Identity/Auth; Web/API/Application; Validation/Business Impact; Reporting/Retest,MFG-E011;MFG-E045;MFG-E071;MFG-E182;MFG-E183;MFG-E184;MFG-E252;MFG-E266,Active + manual validation where authorized; non-destructive by default,Controlled,Written authorization; confirmed scope; test accounts/access; testing window; logging/evidence plan,Asset inventory; architecture/trust-boundary notes; configuration or request/response evidence; timestamps; approved screenshots/logs; finding references as applicable,Not Started,,
Cloud & Digital Infrastructure,Azure,Recon; Scanning/Enumeration; Vulnerability Assessment; Identity/Auth; Web/API/Application; Validation/Business Impact; Reporting/Retest,MFG-E011;MFG-E045;MFG-E071;MFG-E182;MFG-E183;MFG-E184;MFG-E252;MFG-E266,Active + manual validation where authorized; non-destructive by default,Controlled,Written authorization; confirmed scope; test accounts/access; testing window; logging/evidence plan,Asset inventory; architecture/trust-boundary notes; configuration or request/response evidence; timestamps; approved screenshots/logs; finding references as applicable,Not Started,,
Cloud & Digital Infrastructure,GCP,Recon; Scanning/Enumeration; Vulnerability Assessment; Identity/Auth; Web/API/Application; Validation/Business Impact; Reporting/Retest,MFG-E011;MFG-E045;MFG-E071;MFG-E182;MFG-E183;MFG-E184;MFG-E252;MFG-E266,Active + manual validation where authorized; non-destructive by default,Controlled,Written authorization; confirmed scope; test accounts/access; testing window; logging/evidence plan,Asset inventory; architecture/trust-boundary notes; configuration or request/response evidence; timestamps; approved screenshots/logs; finding references as applicable,Not Started,,
Cloud & Digital Infrastructure,private cloud,Recon; Scanning/Enumeration; Vulnerability Assessment; Identity/Auth; Web/API/Application; Validation/Business Impact; Reporting/Retest,MFG-E011;MFG-E045;MFG-E071;MFG-E097;MFG-E117;MFG-E182;MFG-E183;MFG-E184;MFG-E248;MFG-E252;MFG-E266;MFG-X305;MFG-X389;MFG-X433;MFG-X434;MFG-X435;MFG-X436;MFG-X437;MFG-X438;MFG-X440;MFG-X445,Active + manual validation where authorized; non-destructive by default,Controlled,Written authorization; confirmed scope; test accounts/access; testing window; logging/evidence plan,Asset inventory; architecture/trust-boundary notes; configuration or request/response evidence; timestamps; approved screenshots/logs; finding references as applicable,Not Started,,
Cloud & Digital Infrastructure,hybrid cloud,Recon; Scanning/Enumeration; Vulnerability Assessment; Identity/Auth; Web/API/Application; Validation/Business Impact; Reporting/Retest,MFG-E011;MFG-E045;MFG-E071;MFG-E097;MFG-E117;MFG-E182;MFG-E183;MFG-E184;MFG-E248;MFG-E252;MFG-E266;MFG-X305;MFG-X389;MFG-X433;MFG-X434;MFG-X435;MFG-X436;MFG-X437;MFG-X438;MFG-X440;MFG-X445,Active + manual validation where authorized; non-destructive by default,Controlled,Written authorization; confirmed scope; test accounts/access; testing window; logging/evidence plan,Asset inventory; architecture/trust-boundary notes; configuration or request/response evidence; timestamps; approved screenshots/logs; finding references as applicable,Not Started,,
Cloud & Digital Infrastructure,VMs,Recon; Scanning/Enumeration; Vulnerability Assessment; Identity/Auth; Web/API/Application; Validation/Business Impact; Reporting/Retest,MFG-E011;MFG-E045;MFG-E071;MFG-E182;MFG-E183;MFG-E184;MFG-E252;MFG-E266,Active + manual validation where authorized; non-destructive by default,Controlled,Written authorization; confirmed scope; test accounts/access; testing window; logging/evidence plan,Asset inventory; architecture/trust-boundary notes; configuration or request/response evidence; timestamps; approved screenshots/logs; finding references as applicable,Not Started,,
Cloud & Digital Infrastructure,containers,Recon; Scanning/Enumeration; Vulnerability Assessment; Identity/Auth; Web/API/Application; Validation/Business Impact; Reporting/Retest,MFG-E011;MFG-E045;MFG-E071;MFG-E087;MFG-E182;MFG-E183;MFG-E184;MFG-E186;MFG-E252;MFG-E266;MFG-X419;MFG-X441,Active + manual validation where authorized; non-destructive by default,Controlled,Written authorization; confirmed scope; test accounts/access; testing window; logging/evidence plan,Asset inventory; architecture/trust-boundary notes; configuration or request/response evidence; timestamps; approved screenshots/logs; finding references as applicable,Not Started,,
Cloud & Digital Infrastructure,Kubernetes,Recon; Scanning/Enumeration; Vulnerability Assessment; Identity/Auth; Web/API/Application; Validation/Business Impact; Reporting/Retest,MFG-E011;MFG-E045;MFG-E071;MFG-E087;MFG-E182;MFG-E183;MFG-E184;MFG-E187;MFG-E252;MFG-E266;MFG-X442,Active + manual validation where authorized; non-destructive by default,Controlled,Written authorization; confirmed scope; test accounts/access; testing window; logging/evidence plan,Asset inventory; architecture/trust-boundary notes; configuration or request/response evidence; timestamps; approved screenshots/logs; finding references as applicable,Not Started,,
Cloud & Digital Infrastructure,registries,Recon; Scanning/Enumeration; Vulnerability Assessment; Identity/Auth; Web/API/Application; Validation/Business Impact; Reporting/Retest,MFG-E011;MFG-E045;MFG-E071;MFG-E182;MFG-E183;MFG-E184;MFG-E252;MFG-E266,Active + manual validation where authorized; non-destructive by default,Controlled,Written authorization; confirmed scope; test accounts/access; testing window; logging/evidence plan,Asset inventory; architecture/trust-boundary notes; configuration or request/response evidence; timestamps; approved screenshots/logs; finding references as applicable,Not Started,,
Cloud & Digital Infrastructure,serverless,Recon; Scanning/Enumeration; Vulnerability Assessment; Identity/Auth; Web/API/Application; Validation/Business Impact; Reporting/Retest,MFG-E011;MFG-E045;MFG-E071;MFG-E097;MFG-E182;MFG-E183;MFG-E184;MFG-E188;MFG-E252;MFG-E266;MFG-X443,Active + manual validation where authorized; non-destructive by default,Controlled,Written authorization; confirmed scope; test accounts/access; testing window; logging/evidence plan,Asset inventory; architecture/trust-boundary notes; configuration or request/response evidence; timestamps; approved screenshots/logs; finding references as applicable,Not Started,,
Cloud & Digital Infrastructure,object storage,Recon; Scanning/Enumeration; Vulnerability Assessment; Identity/Auth; Web/API/Application; Validation/Business Impact; Reporting/Retest,MFG-E011;MFG-E024;MFG-E045;MFG-E055;MFG-E071;MFG-E080;MFG-E182;MFG-E183;MFG-E184;MFG-E189;MFG-E252;MFG-E266;MFG-X439,Active + manual validation where authorized; non-destructive by default,Controlled,Written authorization; confirmed scope; test accounts/access; testing window; logging/evidence plan,Asset inventory; architecture/trust-boundary notes; configuration or request/response evidence; timestamps; approved screenshots/logs; finding references as applicable,Not Started,,
Cloud & Digital Infrastructure,S3,Recon; Scanning/Enumeration; Vulnerability Assessment; Identity/Auth; Web/API/Application; Validation/Business Impact; Reporting/Retest,MFG-E011;MFG-E045;MFG-E071;MFG-E182;MFG-E183;MFG-E184;MFG-E189;MFG-E252;MFG-E266,Active + manual validation where authorized; non-destructive by default,Controlled,Written authorization; confirmed scope; test accounts/access; testing window; logging/evidence plan,Asset inventory; architecture/trust-boundary notes; configuration or request/response evidence; timestamps; approved screenshots/logs; finding references as applicable,Not Started,,
Cloud & Digital Infrastructure,Azure Blob,Recon; Scanning/Enumeration; Vulnerability Assessment; Identity/Auth; Web/API/Application; Validation/Business Impact; Reporting/Retest,MFG-E011;MFG-E045;MFG-E071;MFG-E182;MFG-E183;MFG-E184;MFG-E252;MFG-E266,Active + manual validation where authorized; non-destructive by default,Controlled,Written authorization; confirmed scope; test accounts/access; testing window; logging/evidence plan,Asset inventory; architecture/trust-boundary notes; configuration or request/response evidence; timestamps; approved screenshots/logs; finding references as applicable,Not Started,,
Cloud & Digital Infrastructure,cloud databases,Recon; Scanning/Enumeration; Vulnerability Assessment; Identity/Auth; Web/API/Application; Validation/Business Impact; Reporting/Retest,MFG-E011;MFG-E045;MFG-E071;MFG-E097;MFG-E117;MFG-E182;MFG-E183;MFG-E184;MFG-E248;MFG-E252;MFG-E266;MFG-X305;MFG-X389;MFG-X433;MFG-X434;MFG-X435;MFG-X436;MFG-X437;MFG-X438;MFG-X440;MFG-X445,Active + manual validation where authorized; non-destructive by default,Controlled,Written authorization; confirmed scope; test accounts/access; testing window; logging/evidence plan,Asset inventory; architecture/trust-boundary notes; configuration or request/response evidence; timestamps; approved screenshots/logs; finding references as applicable,Not Started,,
Cloud & Digital Infrastructure,data lakes,Recon; Scanning/Enumeration; Vulnerability Assessment; Identity/Auth; Web/API/Application; Validation/Business Impact; Reporting/Retest,MFG-E011;MFG-E045;MFG-E071;MFG-E182;MFG-E183;MFG-E184;MFG-E252;MFG-E266,Active + manual validation where authorized; non-destructive by default,Controlled,Written authorization; confirmed scope; test accounts/access; testing window; logging/evidence plan,Asset inventory; architecture/trust-boundary notes; configuration or request/response evidence; timestamps; approved screenshots/logs; finding references as applicable,Not Started,,
Cloud & Digital Infrastructure,data warehouses,Recon; Scanning/Enumeration; Vulnerability Assessment; Identity/Auth; Web/API/Application; Validation/Business Impact; Reporting/Retest,MFG-E011;MFG-E045;MFG-E071;MFG-E182;MFG-E183;MFG-E184;MFG-E252;MFG-E266,Active + manual validation where authorized; non-destructive by default,Controlled,Written authorization; confirmed scope; test accounts/access; testing window; logging/evidence plan,Asset inventory; architecture/trust-boundary notes; configuration or request/response evidence; timestamps; approved screenshots/logs; finding references as applicable,Not Started,,
Cloud & Digital Infrastructure,VPC/VNet,Recon; Scanning/Enumeration; Vulnerability Assessment; Identity/Auth; Web/API/Application; Validation/Business Impact; Reporting/Retest,MFG-E011;MFG-E045;MFG-E071;MFG-E182;MFG-E183;MFG-E184;MFG-E252;MFG-E266,Active + manual validation where authorized; non-destructive by default,Controlled,Written authorization; confirmed scope; test accounts/access; testing window; logging/evidence plan,Asset inventory; architecture/trust-boundary notes; configuration or request/response evidence; timestamps; approved screenshots/logs; finding references as applicable,Not Started,,
Cloud & Digital Infrastructure,subnets,Recon; Scanning/Enumeration; Vulnerability Assessment; Identity/Auth; Web/API/Application; Validation/Business Impact; Reporting/Retest,MFG-E011;MFG-E045;MFG-E071;MFG-E182;MFG-E183;MFG-E184;MFG-E252;MFG-E266,Active + manual validation where authorized; non-destructive by default,Controlled,Written authorization; confirmed scope; test accounts/access; testing window; logging/evidence plan,Asset inventory; architecture/trust-boundary notes; configuration or request/response evidence; timestamps; approved screenshots/logs; finding references as applicable,Not Started,,
Cloud & Digital Infrastructure,security groups,Recon; Scanning/Enumeration; Vulnerability Assessment; Identity/Auth; Web/API/Application; Validation/Business Impact; Reporting/Retest,MFG-E011;MFG-E045;MFG-E071;MFG-E182;MFG-E183;MFG-E184;MFG-E252;MFG-E266,Active + manual validation where authorized; non-destructive by default,Controlled,Written authorization; confirmed scope; test accounts/access; testing window; logging/evidence plan,Asset inventory; architecture/trust-boundary notes; configuration or request/response evidence; timestamps; approved screenshots/logs; finding references as applicable,Not Started,,
Cloud & Digital Infrastructure,NACLs,Recon; Scanning/Enumeration; Vulnerability Assessment; Identity/Auth; Web/API/Application; Validation/Business Impact; Reporting/Retest,MFG-E011;MFG-E045;MFG-E071;MFG-E182;MFG-E183;MFG-E184;MFG-E252;MFG-E266,Active + manual validation where authorized; non-destructive by default,Controlled,Written authorization; confirmed scope; test accounts/access; testing window; logging/evidence plan,Asset inventory; architecture/trust-boundary notes; configuration or request/response evidence; timestamps; approved screenshots/logs; finding references as applicable,Not Started,,
Cloud & Digital Infrastructure,load balancers,Recon; Scanning/Enumeration; Vulnerability Assessment; Identity/Auth; Web/API/Application; Validation/Business Impact; Reporting/Retest,MFG-E011;MFG-E045;MFG-E071;MFG-E097;MFG-E182;MFG-E183;MFG-E184;MFG-E252;MFG-E266,Active + manual validation where authorized; non-destructive by default,Controlled,Written authorization; confirmed scope; test accounts/access; testing window; logging/evidence plan,Asset inventory; architecture/trust-boundary notes; configuration or request/response evidence; timestamps; approved screenshots/logs; finding references as applicable,Not Started,,
Cloud & Digital Infrastructure,API gateways,Recon; Scanning/Enumeration; Vulnerability Assessment; Identity/Auth; Web/API/Application; Validation/Business Impact; Reporting/Retest,MFG-E011;MFG-E045;MFG-E048;MFG-E071;MFG-E074;MFG-E097;MFG-E109;MFG-E117;MFG-E118;MFG-E141;MFG-E182;MFG-E183;MFG-E184;MFG-E191;MFG-E233;MFG-E247;MFG-E252;MFG-E266;MFG-X452,Active + manual validation where authorized; non-destructive by default,Controlled,Written authorization; confirmed scope; test accounts/access; testing window; logging/evidence plan,Asset inventory; architecture/trust-boundary notes; configuration or request/response evidence; timestamps; approved screenshots/logs; finding references as applicable,Not Started,,
Cloud & Digital Infrastructure,IAM,Recon; Scanning/Enumeration; Vulnerability Assessment; Identity/Auth; Web/API/Application; Validation/Business Impact; Reporting/Retest,MFG-E011;MFG-E045;MFG-E071;MFG-E097;MFG-E108;MFG-E182;MFG-E183;MFG-E184;MFG-E252;MFG-E266;MFG-X435,Active + manual validation where authorized; non-destructive by default,Controlled,Written authorization; confirmed scope; test accounts/access; testing window; logging/evidence plan,Asset inventory; architecture/trust-boundary notes; configuration or request/response evidence; timestamps; approved screenshots/logs; finding references as applicable,Not Started,,
Cloud & Digital Infrastructure,service accounts,Recon; Scanning/Enumeration; Vulnerability Assessment; Identity/Auth; Web/API/Application; Validation/Business Impact; Reporting/Retest,MFG-E011;MFG-E045;MFG-E071;MFG-E097;MFG-E182;MFG-E183;MFG-E184;MFG-E252;MFG-E266,Active + manual validation where authorized; non-destructive by default,Controlled,Written authorization; confirmed scope; test accounts/access; testing window; logging/evidence plan,Asset inventory; architecture/trust-boundary notes; configuration or request/response evidence; timestamps; approved screenshots/logs; finding references as applicable,Not Started,,
Cloud & Digital Infrastructure,secrets,Recon; Scanning/Enumeration; Vulnerability Assessment; Identity/Auth; Web/API/Application; Validation/Business Impact; Reporting/Retest,MFG-E011;MFG-E045;MFG-E071;MFG-E182;MFG-E183;MFG-E184;MFG-E193;MFG-E232;MFG-E252;MFG-E266;MFG-X425,Active + manual validation where authorized; non-destructive by default,Controlled,Written authorization; confirmed scope; test accounts/access; testing window; logging/evidence plan,Asset inventory; architecture/trust-boundary notes; configuration or request/response evidence; timestamps; approved screenshots/logs; finding references as applicable,Not Started,,
Cloud & Digital Infrastructure,cloud keys,Recon; Scanning/Enumeration; Vulnerability Assessment; Identity/Auth; Web/API/Application; Validation/Business Impact; Reporting/Retest,MFG-E011;MFG-E045;MFG-E071;MFG-E097;MFG-E117;MFG-E182;MFG-E183;MFG-E184;MFG-E248;MFG-E252;MFG-E266;MFG-X305;MFG-X389;MFG-X433;MFG-X434;MFG-X435;MFG-X436;MFG-X437;MFG-X438;MFG-X440;MFG-X445,Active + manual validation where authorized; non-destructive by default,Controlled,Written authorization; confirmed scope; test accounts/access; testing window; logging/evidence plan,Asset inventory; architecture/trust-boundary notes; configuration or request/response evidence; timestamps; approved screenshots/logs; finding references as applicable,Not Started,,
Cloud & Digital Infrastructure,private endpoints,Recon; Scanning/Enumeration; Vulnerability Assessment; Identity/Auth; Web/API/Application; Validation/Business Impact; Reporting/Retest,MFG-E011;MFG-E045;MFG-E071;MFG-E182;MFG-E183;MFG-E184;MFG-E252;MFG-E266,Active + manual validation where authorized; non-destructive by default,Controlled,Written authorization; confirmed scope; test accounts/access; testing window; logging/evidence plan,Asset inventory; architecture/trust-boundary notes; configuration or request/response evidence; timestamps; approved screenshots/logs; finding references as applicable,Not Started,,
Corporate IT,Windows servers,Recon; Scanning/Enumeration; Vulnerability Assessment; Identity/Auth; Web/API/Application; Validation/Business Impact; Reporting/Retest,MFG-E011;MFG-E045;MFG-E071;MFG-E073;MFG-E074;MFG-E075;MFG-E097;MFG-E252;MFG-E266,Active + manual validation where authorized; non-destructive by default,Controlled,Written authorization; confirmed scope; test accounts/access; testing window; logging/evidence plan,Asset inventory; architecture/trust-boundary notes; configuration or request/response evidence; timestamps; approved screenshots/logs; finding references as applicable,Not Started,,
Corporate IT,Linux servers,Recon; Scanning/Enumeration; Vulnerability Assessment; Identity/Auth; Web/API/Application; Validation/Business Impact; Reporting/Retest,MFG-E011;MFG-E045;MFG-E071;MFG-E073;MFG-E074;MFG-E075;MFG-E097;MFG-E252;MFG-E266,Active + manual validation where authorized; non-destructive by default,Controlled,Written authorization; confirmed scope; test accounts/access; testing window; logging/evidence plan,Asset inventory; architecture/trust-boundary notes; configuration or request/response evidence; timestamps; approved screenshots/logs; finding references as applicable,Not Started,,
Corporate IT,application servers,Recon; Scanning/Enumeration; Vulnerability Assessment; Identity/Auth; Web/API/Application; Validation/Business Impact; Reporting/Retest,MFG-E011;MFG-E045;MFG-E071;MFG-E073;MFG-E074;MFG-E075;MFG-E097;MFG-E252;MFG-E266,Active + manual validation where authorized; non-destructive by default,Controlled,Written authorization; confirmed scope; test accounts/access; testing window; logging/evidence plan,Asset inventory; architecture/trust-boundary notes; configuration or request/response evidence; timestamps; approved screenshots/logs; finding references as applicable,Not Started,,
Corporate IT,web servers,Recon; Scanning/Enumeration; Vulnerability Assessment; Identity/Auth; Web/API/Application; Validation/Business Impact; Reporting/Retest,MFG-E011;MFG-E045;MFG-E071;MFG-E073;MFG-E074;MFG-E075;MFG-E097;MFG-E117;MFG-E252;MFG-E266,Active + manual validation where authorized; non-destructive by default,Controlled,Written authorization; confirmed scope; test accounts/access; testing window; logging/evidence plan,Asset inventory; architecture/trust-boundary notes; configuration or request/response evidence; timestamps; approved screenshots/logs; finding references as applicable,Not Started,,
Corporate IT,database servers,Recon; Scanning/Enumeration; Vulnerability Assessment; Identity/Auth; Web/API/Application; Validation/Business Impact; Reporting/Retest,MFG-E011;MFG-E045;MFG-E071;MFG-E073;MFG-E074;MFG-E075;MFG-E097;MFG-E117;MFG-E252;MFG-E266,Active + manual validation where authorized; non-destructive by default,Controlled,Written authorization; confirmed scope; test accounts/access; testing window; logging/evidence plan,Asset inventory; architecture/trust-boundary notes; configuration or request/response evidence; timestamps; approved screenshots/logs; finding references as applicable,Not Started,,
Corporate IT,file servers,Recon; Scanning/Enumeration; Vulnerability Assessment; Identity/Auth; Web/API/Application; Validation/Business Impact; Reporting/Retest,MFG-E011;MFG-E045;MFG-E071;MFG-E073;MFG-E074;MFG-E075;MFG-E097;MFG-E252;MFG-E266,Active + manual validation where authorized; non-destructive by default,Controlled,Written authorization; confirmed scope; test accounts/access; testing window; logging/evidence plan,Asset inventory; architecture/trust-boundary notes; configuration or request/response evidence; timestamps; approved screenshots/logs; finding references as applicable,Not Started,,
Corporate IT,backup servers,Recon; Scanning/Enumeration; Vulnerability Assessment; Identity/Auth; Web/API/Application; Validation/Business Impact; Reporting/Retest,MFG-E011;MFG-E045;MFG-E070;MFG-E071;MFG-E073;MFG-E074;MFG-E075;MFG-E086;MFG-E097;MFG-E168;MFG-E231;MFG-E252;MFG-E266;MFG-X361;MFG-X362;MFG-X365;MFG-X366;MFG-X367;MFG-X368;MFG-X369,Active + manual validation where authorized; non-destructive by default,Controlled,Written authorization; confirmed scope; test accounts/access; testing window; logging/evidence plan,Asset inventory; architecture/trust-boundary notes; configuration or request/response evidence; timestamps; approved screenshots/logs; finding references as applicable,Not Started,,
Corporate IT,DNS/DHCP/NTP,Recon; Scanning/Enumeration; Vulnerability Assessment; Identity/Auth; Web/API/Application; Validation/Business Impact; Reporting/Retest,MFG-E011;MFG-E045;MFG-E071;MFG-E073;MFG-E074;MFG-E075;MFG-E252;MFG-E266,Active + manual validation where authorized; non-destructive by default,Controlled,Written authorization; confirmed scope; test accounts/access; testing window; logging/evidence plan,Asset inventory; architecture/trust-boundary notes; configuration or request/response evidence; timestamps; approved screenshots/logs; finding references as applicable,Not Started,,
Corporate IT,Active Directory,Recon; Scanning/Enumeration; Vulnerability Assessment; Identity/Auth; Web/API/Application; Validation/Business Impact; Reporting/Retest,MFG-E011;MFG-E045;MFG-E057;MFG-E071;MFG-E073;MFG-E074;MFG-E075;MFG-E082;MFG-E104;MFG-E252;MFG-E266,Active + manual validation where authorized; non-destructive by default,Controlled,Written authorization; confirmed scope; test accounts/access; testing window; logging/evidence plan,Asset inventory; architecture/trust-boundary notes; configuration or request/response evidence; timestamps; approved screenshots/logs; finding references as applicable,Not Started,,
Corporate IT,Domain Controllers,Recon; Scanning/Enumeration; Vulnerability Assessment; Identity/Auth; Web/API/Application; Validation/Business Impact; Reporting/Retest,MFG-E011;MFG-E012;MFG-E045;MFG-E071;MFG-E073;MFG-E074;MFG-E075;MFG-E252;MFG-E266,Active + manual validation where authorized; non-destructive by default,Controlled,Written authorization; confirmed scope; test accounts/access; testing window; logging/evidence plan,Asset inventory; architecture/trust-boundary notes; configuration or request/response evidence; timestamps; approved screenshots/logs; finding references as applicable,Not Started,,
Corporate IT,LDAP,Recon; Scanning/Enumeration; Vulnerability Assessment; Identity/Auth; Web/API/Application; Validation/Business Impact; Reporting/Retest,MFG-E011;MFG-E045;MFG-E071;MFG-E073;MFG-E074;MFG-E075;MFG-E097;MFG-E105;MFG-E252;MFG-E266,Active + manual validation where authorized; non-destructive by default,Controlled,Written authorization; confirmed scope; test accounts/access; testing window; logging/evidence plan,Asset inventory; architecture/trust-boundary notes; configuration or request/response evidence; timestamps; approved screenshots/logs; finding references as applicable,Not Started,,
Corporate IT,Entra ID/IdP,Recon; Scanning/Enumeration; Vulnerability Assessment; Identity/Auth; Web/API/Application; Validation/Business Impact; Reporting/Retest,MFG-E011;MFG-E045;MFG-E071;MFG-E073;MFG-E074;MFG-E075;MFG-E252;MFG-E266,Active + manual validation where authorized; non-destructive by default,Controlled,Written authorization; confirmed scope; test accounts/access; testing window; logging/evidence plan,Asset inventory; architecture/trust-boundary notes; configuration or request/response evidence; timestamps; approved screenshots/logs; finding references as applicable,Not Started,,
Corporate IT,SSO,Recon; Scanning/Enumeration; Vulnerability Assessment; Identity/Auth; Web/API/Application; Validation/Business Impact; Reporting/Retest,MFG-E011;MFG-E045;MFG-E071;MFG-E073;MFG-E074;MFG-E075;MFG-E252;MFG-E266,Active + manual validation where authorized; non-destructive by default,Controlled,Written authorization; confirmed scope; test accounts/access; testing window; logging/evidence plan,Asset inventory; architecture/trust-boundary notes; configuration or request/response evidence; timestamps; approved screenshots/logs; finding references as applicable,Not Started,,
Corporate IT,MFA infrastructure,Recon; Scanning/Enumeration; Vulnerability Assessment; Identity/Auth; Web/API/Application; Validation/Business Impact; Reporting/Retest,MFG-E011;MFG-E045;MFG-E071;MFG-E073;MFG-E074;MFG-E075;MFG-E100;MFG-E252;MFG-E266,Active + manual validation where authorized; non-destructive by default,Controlled,Written authorization; confirmed scope; test accounts/access; testing window; logging/evidence plan,Asset inventory; architecture/trust-boundary notes; configuration or request/response evidence; timestamps; approved screenshots/logs; finding references as applicable,Not Started,,
Corporate IT,PKI/certificate authorities,Recon; Scanning/Enumeration; Vulnerability Assessment; Identity/Auth; Web/API/Application; Validation/Business Impact; Reporting/Retest,MFG-E011;MFG-E045;MFG-E071;MFG-E073;MFG-E074;MFG-E075;MFG-E252;MFG-E266,Active + manual validation where authorized; non-destructive by default,Controlled,Written authorization; confirmed scope; test accounts/access; testing window; logging/evidence plan,Asset inventory; architecture/trust-boundary notes; configuration or request/response evidence; timestamps; approved screenshots/logs; finding references as applicable,Not Started,,
Corporate IT,PAM,Recon; Scanning/Enumeration; Vulnerability Assessment; Identity/Auth; Web/API/Application; Validation/Business Impact; Reporting/Retest,MFG-E011;MFG-E045;MFG-E071;MFG-E073;MFG-E074;MFG-E075;MFG-E252;MFG-E266,Active + manual validation where authorized; non-destructive by default,Controlled,Written authorization; confirmed scope; test accounts/access; testing window; logging/evidence plan,Asset inventory; architecture/trust-boundary notes; configuration or request/response evidence; timestamps; approved screenshots/logs; finding references as applicable,Not Started,,
Corporate IT,endpoints,Recon; Scanning/Enumeration; Vulnerability Assessment; Identity/Auth; Web/API/Application; Validation/Business Impact; Reporting/Retest,MFG-E011;MFG-E045;MFG-E071;MFG-E073;MFG-E074;MFG-E075;MFG-E252;MFG-E266,Active + manual validation where authorized; non-destructive by default,Controlled,Written authorization; confirmed scope; test accounts/access; testing window; logging/evidence plan,Asset inventory; architecture/trust-boundary notes; configuration or request/response evidence; timestamps; approved screenshots/logs; finding references as applicable,Not Started,,
Corporate IT,engineering laptops,Recon; Scanning/Enumeration; Vulnerability Assessment; Identity/Auth; Web/API/Application; Validation/Business Impact; Reporting/Retest,MFG-E011;MFG-E045;MFG-E071;MFG-E073;MFG-E074;MFG-E075;MFG-E252;MFG-E266,Active + manual validation where authorized; non-destructive by default,Controlled,Written authorization; confirmed scope; test accounts/access; testing window; logging/evidence plan,Asset inventory; architecture/trust-boundary notes; configuration or request/response evidence; timestamps; approved screenshots/logs; finding references as applicable,Not Started,,
Corporate IT,thin clients,Recon; Scanning/Enumeration; Vulnerability Assessment; Identity/Auth; Web/API/Application; Validation/Business Impact; Reporting/Retest,MFG-E011;MFG-E045;MFG-E071;MFG-E073;MFG-E074;MFG-E075;MFG-E252;MFG-E266,Active + manual validation where authorized; non-destructive by default,Controlled,Written authorization; confirmed scope; test accounts/access; testing window; logging/evidence plan,Asset inventory; architecture/trust-boundary notes; configuration or request/response evidence; timestamps; approved screenshots/logs; finding references as applicable,Not Started,,
Corporate IT,mobile devices,Recon; Scanning/Enumeration; Vulnerability Assessment; Identity/Auth; Web/API/Application; Validation/Business Impact; Reporting/Retest,MFG-E011;MFG-E045;MFG-E071;MFG-E073;MFG-E074;MFG-E075;MFG-E252;MFG-E266,Active + manual validation where authorized; non-destructive by default,Controlled,Written authorization; confirmed scope; test accounts/access; testing window; logging/evidence plan,Asset inventory; architecture/trust-boundary notes; configuration or request/response evidence; timestamps; approved screenshots/logs; finding references as applicable,Not Started,,
Corporate IT,printers,Recon; Scanning/Enumeration; Vulnerability Assessment; Identity/Auth; Web/API/Application; Validation/Business Impact; Reporting/Retest,MFG-E011;MFG-E045;MFG-E071;MFG-E073;MFG-E074;MFG-E075;MFG-E252;MFG-E266;MFG-X462,Active + manual validation where authorized; non-destructive by default,Controlled,Written authorization; confirmed scope; test accounts/access; testing window; logging/evidence plan,Asset inventory; architecture/trust-boundary notes; configuration or request/response evidence; timestamps; approved screenshots/logs; finding references as applicable,Not Started,,
Corporate IT,scanners,Recon; Scanning/Enumeration; Vulnerability Assessment; Identity/Auth; Web/API/Application; Validation/Business Impact; Reporting/Retest,MFG-E011;MFG-E045;MFG-E071;MFG-E073;MFG-E074;MFG-E075;MFG-E252;MFG-E266,Active + manual validation where authorized; non-destructive by default,Controlled,Written authorization; confirmed scope; test accounts/access; testing window; logging/evidence plan,Asset inventory; architecture/trust-boundary notes; configuration or request/response evidence; timestamps; approved screenshots/logs; finding references as applicable,Not Started,,
Corporate IT,NAS,Recon; Scanning/Enumeration; Vulnerability Assessment; Identity/Auth; Web/API/Application; Validation/Business Impact; Reporting/Retest,MFG-E011;MFG-E045;MFG-E071;MFG-E073;MFG-E074;MFG-E075;MFG-E230;MFG-E252;MFG-E266,Active + manual validation where authorized; non-destructive by default,Controlled,Written authorization; confirmed scope; test accounts/access; testing window; logging/evidence plan,Asset inventory; architecture/trust-boundary notes; configuration or request/response evidence; timestamps; approved screenshots/logs; finding references as applicable,Not Started,,
Corporate IT,SAN,Recon; Scanning/Enumeration; Vulnerability Assessment; Identity/Auth; Web/API/Application; Validation/Business Impact; Reporting/Retest,MFG-E011;MFG-E012;MFG-E013;MFG-E017;MFG-E018;MFG-E037;MFG-E042;MFG-E043;MFG-E045;MFG-E071;MFG-E073;MFG-E074;MFG-E075;MFG-E230;MFG-E252;MFG-E266,Active + manual validation where authorized; non-destructive by default,Controlled,Written authorization; confirmed scope; test accounts/access; testing window; logging/evidence plan,Asset inventory; architecture/trust-boundary notes; configuration or request/response evidence; timestamps; approved screenshots/logs; finding references as applicable,Not Started,,
Corporate IT,VMware,Recon; Scanning/Enumeration; Vulnerability Assessment; Identity/Auth; Web/API/Application; Validation/Business Impact; Reporting/Retest,MFG-E011;MFG-E045;MFG-E071;MFG-E073;MFG-E074;MFG-E075;MFG-E252;MFG-E266,Active + manual validation where authorized; non-destructive by default,Controlled,Written authorization; confirmed scope; test accounts/access; testing window; logging/evidence plan,Asset inventory; architecture/trust-boundary notes; configuration or request/response evidence; timestamps; approved screenshots/logs; finding references as applicable,Not Started,,
Corporate IT,Hyper-V,Recon; Scanning/Enumeration; Vulnerability Assessment; Identity/Auth; Web/API/Application; Validation/Business Impact; Reporting/Retest,MFG-E011;MFG-E045;MFG-E071;MFG-E073;MFG-E074;MFG-E075;MFG-E252;MFG-E266,Active + manual validation where authorized; non-destructive by default,Controlled,Written authorization; confirmed scope; test accounts/access; testing window; logging/evidence plan,Asset inventory; architecture/trust-boundary notes; configuration or request/response evidence; timestamps; approved screenshots/logs; finding references as applicable,Not Started,,
Corporate IT,KVM,Recon; Scanning/Enumeration; Vulnerability Assessment; Identity/Auth; Web/API/Application; Validation/Business Impact; Reporting/Retest,MFG-E011;MFG-E045;MFG-E071;MFG-E073;MFG-E074;MFG-E075;MFG-E252;MFG-E266,Active + manual validation where authorized; non-destructive by default,Controlled,Written authorization; confirmed scope; test accounts/access; testing window; logging/evidence plan,Asset inventory; architecture/trust-boundary notes; configuration or request/response evidence; timestamps; approved screenshots/logs; finding references as applicable,Not Started,,
Corporate IT,management servers,Recon; Scanning/Enumeration; Vulnerability Assessment; Identity/Auth; Web/API/Application; Validation/Business Impact; Reporting/Retest,MFG-E011;MFG-E045;MFG-E071;MFG-E073;MFG-E074;MFG-E075;MFG-E097;MFG-E252;MFG-E266,Active + manual validation where authorized; non-destructive by default,Controlled,Written authorization; confirmed scope; test accounts/access; testing window; logging/evidence plan,Asset inventory; architecture/trust-boundary notes; configuration or request/response evidence; timestamps; approved screenshots/logs; finding references as applicable,Not Started,,
Corporate IT,patch-management,Recon; Scanning/Enumeration; Vulnerability Assessment; Identity/Auth; Web/API/Application; Validation/Business Impact; Reporting/Retest,MFG-E011;MFG-E045;MFG-E071;MFG-E073;MFG-E074;MFG-E075;MFG-E169;MFG-E241;MFG-E252;MFG-E266;MFG-X330,Active + manual validation where authorized; non-destructive by default,Controlled,Written authorization; confirmed scope; test accounts/access; testing window; logging/evidence plan,Asset inventory; architecture/trust-boundary notes; configuration or request/response evidence; timestamps; approved screenshots/logs; finding references as applicable,Not Started,,
Corporate IT,software-deployment,Recon; Scanning/Enumeration; Vulnerability Assessment; Identity/Auth; Web/API/Application; Validation/Business Impact; Reporting/Retest,MFG-E011;MFG-E045;MFG-E071;MFG-E073;MFG-E074;MFG-E075;MFG-E252;MFG-E266,Active + manual validation where authorized; non-destructive by default,Controlled,Written authorization; confirmed scope; test accounts/access; testing window; logging/evidence plan,Asset inventory; architecture/trust-boundary notes; configuration or request/response evidence; timestamps; approved screenshots/logs; finding references as applicable,Not Started,,
Corporate IT,MDM,Recon; Scanning/Enumeration; Vulnerability Assessment; Identity/Auth; Web/API/Application; Validation/Business Impact; Reporting/Retest,MFG-E011;MFG-E045;MFG-E071;MFG-E073;MFG-E074;MFG-E075;MFG-E252;MFG-E266,Active + manual validation where authorized; non-destructive by default,Controlled,Written authorization; confirmed scope; test accounts/access; testing window; logging/evidence plan,Asset inventory; architecture/trust-boundary notes; configuration or request/response evidence; timestamps; approved screenshots/logs; finding references as applicable,Not Started,,
Cryptographic / Time Services,TLS certificates,Recon; Scanning/Enumeration; Vulnerability Assessment; Identity/Auth; Web/API/Application; Validation/Business Impact; Reporting/Retest,MFG-E011;MFG-E045;MFG-E071;MFG-E109;MFG-E234;MFG-E252;MFG-E266,Active + manual validation where authorized; non-destructive by default,Controlled,Written authorization; confirmed scope; test accounts/access; testing window; logging/evidence plan,Asset inventory; architecture/trust-boundary notes; configuration or request/response evidence; timestamps; approved screenshots/logs; finding references as applicable,Not Started,,
Cryptographic / Time Services,internal certificates,Recon; Scanning/Enumeration; Vulnerability Assessment; Identity/Auth; Web/API/Application; Validation/Business Impact; Reporting/Retest,MFG-E011;MFG-E045;MFG-E071;MFG-E109;MFG-E234;MFG-E252;MFG-E266,Active + manual validation where authorized; non-destructive by default,Controlled,Written authorization; confirmed scope; test accounts/access; testing window; logging/evidence plan,Asset inventory; architecture/trust-boundary notes; configuration or request/response evidence; timestamps; approved screenshots/logs; finding references as applicable,Not Started,,
Cryptographic / Time Services,PKI,Recon; Scanning/Enumeration; Vulnerability Assessment; Identity/Auth; Web/API/Application; Validation/Business Impact; Reporting/Retest,MFG-E011;MFG-E045;MFG-E071;MFG-E109;MFG-E234;MFG-E252;MFG-E266,Active + manual validation where authorized; non-destructive by default,Controlled,Written authorization; confirmed scope; test accounts/access; testing window; logging/evidence plan,Asset inventory; architecture/trust-boundary notes; configuration or request/response evidence; timestamps; approved screenshots/logs; finding references as applicable,Not Started,,
Cryptographic / Time Services,device certificates,Recon; Scanning/Enumeration; Vulnerability Assessment; Identity/Auth; Web/API/Application; Validation/Business Impact; Reporting/Retest,MFG-E011;MFG-E045;MFG-E071;MFG-E109;MFG-E234;MFG-E252;MFG-E266,Active + manual validation where authorized; non-destructive by default,Controlled,Written authorization; confirmed scope; test accounts/access; testing window; logging/evidence plan,Asset inventory; architecture/trust-boundary notes; configuration or request/response evidence; timestamps; approved screenshots/logs; finding references as applicable,Not Started,,
Cryptographic / Time Services,code-signing certificates,Recon; Scanning/Enumeration; Vulnerability Assessment; Identity/Auth; Web/API/Application; Validation/Business Impact; Reporting/Retest,MFG-E011;MFG-E045;MFG-E071;MFG-E109;MFG-E234;MFG-E252;MFG-E266;MFG-X422,Active + manual validation where authorized; non-destructive by default,Controlled,Written authorization; confirmed scope; test accounts/access; testing window; logging/evidence plan,Asset inventory; architecture/trust-boundary notes; configuration or request/response evidence; timestamps; approved screenshots/logs; finding references as applicable,Not Started,,
Cryptographic / Time Services,key-management,Recon; Scanning/Enumeration; Vulnerability Assessment; Identity/Auth; Web/API/Application; Validation/Business Impact; Reporting/Retest,MFG-E011;MFG-E045;MFG-E071;MFG-E109;MFG-E193;MFG-E234;MFG-E252;MFG-E266;MFG-X432,Active + manual validation where authorized; non-destructive by default,Controlled,Written authorization; confirmed scope; test accounts/access; testing window; logging/evidence plan,Asset inventory; architecture/trust-boundary notes; configuration or request/response evidence; timestamps; approved screenshots/logs; finding references as applicable,Not Started,,
Cryptographic / Time Services,NTP,Recon; Scanning/Enumeration; Vulnerability Assessment; Identity/Auth; Web/API/Application; Validation/Business Impact; Reporting/Retest,MFG-E011;MFG-E045;MFG-E071;MFG-E109;MFG-E234;MFG-E252;MFG-E266,Active + manual validation where authorized; non-destructive by default,Controlled,Written authorization; confirmed scope; test accounts/access; testing window; logging/evidence plan,Asset inventory; architecture/trust-boundary notes; configuration or request/response evidence; timestamps; approved screenshots/logs; finding references as applicable,Not Started,,
Cryptographic / Time Services,PTP,Recon; Scanning/Enumeration; Vulnerability Assessment; Identity/Auth; Web/API/Application; Validation/Business Impact; Reporting/Retest,MFG-E011;MFG-E045;MFG-E071;MFG-E109;MFG-E234;MFG-E252;MFG-E266,Active + manual validation where authorized; non-destructive by default,Controlled,Written authorization; confirmed scope; test accounts/access; testing window; logging/evidence plan,Asset inventory; architecture/trust-boundary notes; configuration or request/response evidence; timestamps; approved screenshots/logs; finding references as applicable,Not Started,,
Cryptographic / Time Services,GPS time,Recon; Scanning/Enumeration; Vulnerability Assessment; Identity/Auth; Web/API/Application; Validation/Business Impact; Reporting/Retest,MFG-E011;MFG-E045;MFG-E071;MFG-E109;MFG-E234;MFG-E252;MFG-E266,Active + manual validation where authorized; non-destructive by default,Controlled,Written authorization; confirmed scope; test accounts/access; testing window; logging/evidence plan,Asset inventory; architecture/trust-boundary notes; configuration or request/response evidence; timestamps; approved screenshots/logs; finding references as applicable,Not Started,,
Cryptographic / Time Services,industrial time synchronization,Recon; Scanning/Enumeration; Vulnerability Assessment; Identity/Auth; Web/API/Application; Validation/Business Impact; Reporting/Retest,MFG-E011;MFG-E045;MFG-E071;MFG-E109;MFG-E234;MFG-E252;MFG-E266,Active + manual validation where authorized; non-destructive by default,Controlled,Written authorization; confirmed scope; test accounts/access; testing window; logging/evidence plan,Asset inventory; architecture/trust-boundary notes; configuration or request/response evidence; timestamps; approved screenshots/logs; finding references as applicable,Not Started,,
Data & Information,PII,Recon; Scanning/Enumeration; Vulnerability Assessment; Identity/Auth; Web/API/Application; Validation/Business Impact; Reporting/Retest,MFG-E011;MFG-E071;MFG-E217;MFG-E218;MFG-E232;MFG-E252;MFG-E266,Active + manual validation where authorized; non-destructive by default,Controlled,Written authorization; confirmed scope; test accounts/access; testing window; logging/evidence plan,Asset inventory; architecture/trust-boundary notes; configuration or request/response evidence; timestamps; approved screenshots/logs; finding references as applicable,Not Started,,
Data & Information,employee data,Recon; Scanning/Enumeration; Vulnerability Assessment; Identity/Auth; Web/API/Application; Validation/Business Impact; Reporting/Retest,MFG-E011;MFG-E071;MFG-E217;MFG-E218;MFG-E219;MFG-E220;MFG-E232;MFG-E252;MFG-E266,Active + manual validation where authorized; non-destructive by default,Controlled,Written authorization; confirmed scope; test accounts/access; testing window; logging/evidence plan,Asset inventory; architecture/trust-boundary notes; configuration or request/response evidence; timestamps; approved screenshots/logs; finding references as applicable,Not Started,,
Data & Information,customer data,Recon; Scanning/Enumeration; Vulnerability Assessment; Identity/Auth; Web/API/Application; Validation/Business Impact; Reporting/Retest,MFG-E011;MFG-E071;MFG-E217;MFG-E218;MFG-E219;MFG-E220;MFG-E232;MFG-E252;MFG-E266,Active + manual validation where authorized; non-destructive by default,Controlled,Written authorization; confirmed scope; test accounts/access; testing window; logging/evidence plan,Asset inventory; architecture/trust-boundary notes; configuration or request/response evidence; timestamps; approved screenshots/logs; finding references as applicable,Not Started,,
Data & Information,supplier data,Recon; Scanning/Enumeration; Vulnerability Assessment; Identity/Auth; Web/API/Application; Validation/Business Impact; Reporting/Retest,MFG-E011;MFG-E071;MFG-E217;MFG-E218;MFG-E221;MFG-E232;MFG-E252;MFG-E266,Active + manual validation where authorized; non-destructive by default,Controlled,Written authorization; confirmed scope; test accounts/access; testing window; logging/evidence plan,Asset inventory; architecture/trust-boundary notes; configuration or request/response evidence; timestamps; approved screenshots/logs; finding references as applicable,Not Started,,
Data & Information,financial data,Recon; Scanning/Enumeration; Vulnerability Assessment; Identity/Auth; Web/API/Application; Validation/Business Impact; Reporting/Retest,MFG-E011;MFG-E071;MFG-E217;MFG-E218;MFG-E222;MFG-E232;MFG-E252;MFG-E266,Active + manual validation where authorized; non-destructive by default,Controlled,Written authorization; confirmed scope; test accounts/access; testing window; logging/evidence plan,Asset inventory; architecture/trust-boundary notes; configuration or request/response evidence; timestamps; approved screenshots/logs; finding references as applicable,Not Started,,
Data & Information,production data,Recon; Scanning/Enumeration; Vulnerability Assessment; Identity/Auth; Web/API/Application; Validation/Business Impact; Reporting/Retest,MFG-E011;MFG-E071;MFG-E217;MFG-E218;MFG-E223;MFG-E232;MFG-E252;MFG-E266,Active + manual validation where authorized; non-destructive by default,Controlled,Written authorization; confirmed scope; test accounts/access; testing window; logging/evidence plan,Asset inventory; architecture/trust-boundary notes; configuration or request/response evidence; timestamps; approved screenshots/logs; finding references as applicable,Not Started,,
Data & Information,quality data,Recon; Scanning/Enumeration; Vulnerability Assessment; Identity/Auth; Web/API/Application; Validation/Business Impact; Reporting/Retest,MFG-E011;MFG-E071;MFG-E217;MFG-E218;MFG-E224;MFG-E232;MFG-E252;MFG-E266;MFG-X489,Active + manual validation where authorized; non-destructive by default,Controlled,Written authorization; confirmed scope; test accounts/access; testing window; logging/evidence plan,Asset inventory; architecture/trust-boundary notes; configuration or request/response evidence; timestamps; approved screenshots/logs; finding references as applicable,Not Started,,
Data & Information,machine telemetry,Recon; Scanning/Enumeration; Vulnerability Assessment; Identity/Auth; Web/API/Application; Validation/Business Impact; Reporting/Retest,MFG-E011;MFG-E071;MFG-E217;MFG-E218;MFG-E232;MFG-E252;MFG-E266,Active + manual validation where authorized; non-destructive by default,Controlled,Written authorization; confirmed scope; test accounts/access; testing window; logging/evidence plan,Asset inventory; architecture/trust-boundary notes; configuration or request/response evidence; timestamps; approved screenshots/logs; finding references as applicable,Not Started,,
Data & Information,process parameters,Recon; Scanning/Enumeration; Vulnerability Assessment; Identity/Auth; Web/API/Application; Validation/Business Impact; Reporting/Retest,MFG-E011;MFG-E071;MFG-E217;MFG-E218;MFG-E232;MFG-E252;MFG-E266,Active + manual validation where authorized; non-destructive by default,Controlled,Written authorization; confirmed scope; test accounts/access; testing window; logging/evidence plan,Asset inventory; architecture/trust-boundary notes; configuration or request/response evidence; timestamps; approved screenshots/logs; finding references as applicable,Not Started,,
Data & Information,recipes,Recon; Scanning/Enumeration; Vulnerability Assessment; Identity/Auth; Web/API/Application; Validation/Business Impact; Reporting/Retest,MFG-E011;MFG-E071;MFG-E217;MFG-E218;MFG-E232;MFG-E252;MFG-E266,Active + manual validation where authorized; non-destructive by default,Controlled,Written authorization; confirmed scope; test accounts/access; testing window; logging/evidence plan,Asset inventory; architecture/trust-boundary notes; configuration or request/response evidence; timestamps; approved screenshots/logs; finding references as applicable,Not Started,,
Data & Information,CAD/IP,Recon; Scanning/Enumeration; Vulnerability Assessment; Identity/Auth; Web/API/Application; Validation/Business Impact; Reporting/Retest,MFG-E011;MFG-E035;MFG-E071;MFG-E097;MFG-E117;MFG-E172;MFG-E217;MFG-E218;MFG-E225;MFG-E232;MFG-E252;MFG-E266,Active + manual validation where authorized; non-destructive by default,Controlled,Written authorization; confirmed scope; test accounts/access; testing window; logging/evidence plan,Asset inventory; architecture/trust-boundary notes; configuration or request/response evidence; timestamps; approved screenshots/logs; finding references as applicable,Not Started,,
Data & Information,drawings,Recon; Scanning/Enumeration; Vulnerability Assessment; Identity/Auth; Web/API/Application; Validation/Business Impact; Reporting/Retest,MFG-E011;MFG-E071;MFG-E217;MFG-E218;MFG-E226;MFG-E232;MFG-E252;MFG-E266;MFG-X366,Active + manual validation where authorized; non-destructive by default,Controlled,Written authorization; confirmed scope; test accounts/access; testing window; logging/evidence plan,Asset inventory; architecture/trust-boundary notes; configuration or request/response evidence; timestamps; approved screenshots/logs; finding references as applicable,Not Started,,
Data & Information,BOM,Recon; Scanning/Enumeration; Vulnerability Assessment; Identity/Auth; Web/API/Application; Validation/Business Impact; Reporting/Retest,MFG-E011;MFG-E071;MFG-E217;MFG-E218;MFG-E232;MFG-E252;MFG-E266;MFG-X418,Active + manual validation where authorized; non-destructive by default,Controlled,Written authorization; confirmed scope; test accounts/access; testing window; logging/evidence plan,Asset inventory; architecture/trust-boundary notes; configuration or request/response evidence; timestamps; approved screenshots/logs; finding references as applicable,Not Started,,
Data & Information,source code,Recon; Scanning/Enumeration; Vulnerability Assessment; Identity/Auth; Web/API/Application; Validation/Business Impact; Reporting/Retest,MFG-E011;MFG-E071;MFG-E178;MFG-E217;MFG-E218;MFG-E227;MFG-E232;MFG-E252;MFG-E266,Active + manual validation where authorized; non-destructive by default,Controlled,Written authorization; confirmed scope; test accounts/access; testing window; logging/evidence plan,Asset inventory; architecture/trust-boundary notes; configuration or request/response evidence; timestamps; approved screenshots/logs; finding references as applicable,Not Started,,
Data & Information,firmware,Recon; Scanning/Enumeration; Vulnerability Assessment; Identity/Auth; Web/API/Application; Validation/Business Impact; Reporting/Retest,MFG-E011;MFG-E071;MFG-E177;MFG-E210;MFG-E217;MFG-E218;MFG-E227;MFG-E232;MFG-E252;MFG-E266;MFG-X423,Active + manual validation where authorized; non-destructive by default,Controlled,Written authorization; confirmed scope; test accounts/access; testing window; logging/evidence plan,Asset inventory; architecture/trust-boundary notes; configuration or request/response evidence; timestamps; approved screenshots/logs; finding references as applicable,Not Started,,
Data & Information,credentials,Recon; Scanning/Enumeration; Vulnerability Assessment; Identity/Auth; Web/API/Application; Validation/Business Impact; Reporting/Retest,MFG-E011;MFG-E071;MFG-E217;MFG-E218;MFG-E232;MFG-E252;MFG-E266,Active + manual validation where authorized; non-destructive by default,Controlled,Written authorization; confirmed scope; test accounts/access; testing window; logging/evidence plan,Asset inventory; architecture/trust-boundary notes; configuration or request/response evidence; timestamps; approved screenshots/logs; finding references as applicable,Not Started,,
Data & Information,API keys,Recon; Scanning/Enumeration; Vulnerability Assessment; Identity/Auth; Web/API/Application; Validation/Business Impact; Reporting/Retest,MFG-E011;MFG-E048;MFG-E071;MFG-E074;MFG-E097;MFG-E109;MFG-E117;MFG-E118;MFG-E141;MFG-E191;MFG-E217;MFG-E218;MFG-E232;MFG-E233;MFG-E247;MFG-E252;MFG-E266;MFG-X452,Active + manual validation where authorized; non-destructive by default,Controlled,Written authorization; confirmed scope; test accounts/access; testing window; logging/evidence plan,Asset inventory; architecture/trust-boundary notes; configuration or request/response evidence; timestamps; approved screenshots/logs; finding references as applicable,Not Started,,
Data & Information,tokens,Recon; Scanning/Enumeration; Vulnerability Assessment; Identity/Auth; Web/API/Application; Validation/Business Impact; Reporting/Retest,MFG-E011;MFG-E071;MFG-E217;MFG-E218;MFG-E232;MFG-E252;MFG-E266,Active + manual validation where authorized; non-destructive by default,Controlled,Written authorization; confirmed scope; test accounts/access; testing window; logging/evidence plan,Asset inventory; architecture/trust-boundary notes; configuration or request/response evidence; timestamps; approved screenshots/logs; finding references as applicable,Not Started,,
Data & Information,certificates,Recon; Scanning/Enumeration; Vulnerability Assessment; Identity/Auth; Web/API/Application; Validation/Business Impact; Reporting/Retest,MFG-E011;MFG-E071;MFG-E217;MFG-E218;MFG-E232;MFG-E252;MFG-E266,Active + manual validation where authorized; non-destructive by default,Controlled,Written authorization; confirmed scope; test accounts/access; testing window; logging/evidence plan,Asset inventory; architecture/trust-boundary notes; configuration or request/response evidence; timestamps; approved screenshots/logs; finding references as applicable,Not Started,,
Data & Information,private keys,Recon; Scanning/Enumeration; Vulnerability Assessment; Identity/Auth; Web/API/Application; Validation/Business Impact; Reporting/Retest,MFG-E011;MFG-E071;MFG-E217;MFG-E218;MFG-E232;MFG-E252;MFG-E266,Active + manual validation where authorized; non-destructive by default,Controlled,Written authorization; confirmed scope; test accounts/access; testing window; logging/evidence plan,Asset inventory; architecture/trust-boundary notes; configuration or request/response evidence; timestamps; approved screenshots/logs; finding references as applicable,Not Started,,
Data & Information,configuration files,Recon; Scanning/Enumeration; Vulnerability Assessment; Identity/Auth; Web/API/Application; Validation/Business Impact; Reporting/Retest,MFG-E011;MFG-E071;MFG-E217;MFG-E218;MFG-E232;MFG-E252;MFG-E266,Active + manual validation where authorized; non-destructive by default,Controlled,Written authorization; confirmed scope; test accounts/access; testing window; logging/evidence plan,Asset inventory; architecture/trust-boundary notes; configuration or request/response evidence; timestamps; approved screenshots/logs; finding references as applicable,Not Started,,
Data & Information,backups,Recon; Scanning/Enumeration; Vulnerability Assessment; Identity/Auth; Web/API/Application; Validation/Business Impact; Reporting/Retest,MFG-E011;MFG-E071;MFG-E217;MFG-E218;MFG-E232;MFG-E252;MFG-E266;MFG-X363,Active + manual validation where authorized; non-destructive by default,Controlled,Written authorization; confirmed scope; test accounts/access; testing window; logging/evidence plan,Asset inventory; architecture/trust-boundary notes; configuration or request/response evidence; timestamps; approved screenshots/logs; finding references as applicable,Not Started,,
Engineering & IP,CAD,Recon; Scanning/Enumeration; Vulnerability Assessment; Identity/Auth; Web/API/Application; Validation/Business Impact; Reporting/Retest,MFG-E011;MFG-E035;MFG-E038;MFG-E045;MFG-E063;MFG-E071;MFG-E092;MFG-E097;MFG-E117;MFG-E148;MFG-E172;MFG-E173;MFG-E174;MFG-E225;MFG-E249;MFG-E252;MFG-E266;MFG-X366,Active + manual validation where authorized; non-destructive by default,Controlled,Written authorization; confirmed scope; test accounts/access; testing window; logging/evidence plan,Asset inventory; architecture/trust-boundary notes; configuration or request/response evidence; timestamps; approved screenshots/logs; finding references as applicable,Not Started,,
Engineering & IP,CAM,Recon; Scanning/Enumeration; Vulnerability Assessment; Identity/Auth; Web/API/Application; Validation/Business Impact; Reporting/Retest,MFG-E011;MFG-E035;MFG-E045;MFG-E071;MFG-E172;MFG-E173;MFG-E174;MFG-E252;MFG-E266,Active + manual validation where authorized; non-destructive by default,Controlled,Written authorization; confirmed scope; test accounts/access; testing window; logging/evidence plan,Asset inventory; architecture/trust-boundary notes; configuration or request/response evidence; timestamps; approved screenshots/logs; finding references as applicable,Not Started,,
Engineering & IP,CAE,Recon; Scanning/Enumeration; Vulnerability Assessment; Identity/Auth; Web/API/Application; Validation/Business Impact; Reporting/Retest,MFG-E011;MFG-E045;MFG-E071;MFG-E172;MFG-E173;MFG-E174;MFG-E252;MFG-E266,Active + manual validation where authorized; non-destructive by default,Controlled,Written authorization; confirmed scope; test accounts/access; testing window; logging/evidence plan,Asset inventory; architecture/trust-boundary notes; configuration or request/response evidence; timestamps; approved screenshots/logs; finding references as applicable,Not Started,,
Engineering & IP,PLM,Recon; Scanning/Enumeration; Vulnerability Assessment; Identity/Auth; Web/API/Application; Validation/Business Impact; Reporting/Retest,MFG-E011;MFG-E035;MFG-E045;MFG-E071;MFG-E117;MFG-E172;MFG-E173;MFG-E174;MFG-E252;MFG-E266,Active + manual validation where authorized; non-destructive by default,Controlled,Written authorization; confirmed scope; test accounts/access; testing window; logging/evidence plan,Asset inventory; architecture/trust-boundary notes; configuration or request/response evidence; timestamps; approved screenshots/logs; finding references as applicable,Not Started,,
Engineering & IP,PDM,Recon; Scanning/Enumeration; Vulnerability Assessment; Identity/Auth; Web/API/Application; Validation/Business Impact; Reporting/Retest,MFG-E011;MFG-E045;MFG-E071;MFG-E172;MFG-E173;MFG-E174;MFG-E252;MFG-E266,Active + manual validation where authorized; non-destructive by default,Controlled,Written authorization; confirmed scope; test accounts/access; testing window; logging/evidence plan,Asset inventory; architecture/trust-boundary notes; configuration or request/response evidence; timestamps; approved screenshots/logs; finding references as applicable,Not Started,,
Engineering & IP,engineering workstations,Recon; Scanning/Enumeration; Vulnerability Assessment; Identity/Auth; Web/API/Application; Validation/Business Impact; Reporting/Retest,MFG-E011;MFG-E045;MFG-E071;MFG-E172;MFG-E173;MFG-E174;MFG-E252;MFG-E266,Active + manual validation where authorized; non-destructive by default,Controlled,Written authorization; confirmed scope; test accounts/access; testing window; logging/evidence plan,Asset inventory; architecture/trust-boundary notes; configuration or request/response evidence; timestamps; approved screenshots/logs; finding references as applicable,Not Started,,
Engineering & IP,CNC programming,Recon; Scanning/Enumeration; Vulnerability Assessment; Identity/Auth; Web/API/Application; Validation/Business Impact; Reporting/Retest,MFG-E011;MFG-E045;MFG-E071;MFG-E172;MFG-E173;MFG-E174;MFG-E176;MFG-E252;MFG-E266;MFG-X456,Active + manual validation where authorized; non-destructive by default,Controlled,Written authorization; confirmed scope; test accounts/access; testing window; logging/evidence plan,Asset inventory; architecture/trust-boundary notes; configuration or request/response evidence; timestamps; approved screenshots/logs; finding references as applicable,Not Started,,
Engineering & IP,PLC programming,Recon; Scanning/Enumeration; Vulnerability Assessment; Identity/Auth; Web/API/Application; Validation/Business Impact; Reporting/Retest,MFG-E011;MFG-E039;MFG-E045;MFG-E064;MFG-E071;MFG-E093;MFG-E097;MFG-E150;MFG-E172;MFG-E173;MFG-E174;MFG-E252;MFG-E266;MFG-X310;MFG-X365,Active + manual validation where authorized; non-destructive by default,Controlled,Written authorization; confirmed scope; test accounts/access; testing window; logging/evidence plan,Asset inventory; architecture/trust-boundary notes; configuration or request/response evidence; timestamps; approved screenshots/logs; finding references as applicable,Not Started,,
Engineering & IP,design repositories,Recon; Scanning/Enumeration; Vulnerability Assessment; Identity/Auth; Web/API/Application; Validation/Business Impact; Reporting/Retest,MFG-E011;MFG-E045;MFG-E071;MFG-E172;MFG-E173;MFG-E174;MFG-E252;MFG-E266,Active + manual validation where authorized; non-destructive by default,Controlled,Written authorization; confirmed scope; test accounts/access; testing window; logging/evidence plan,Asset inventory; architecture/trust-boundary notes; configuration or request/response evidence; timestamps; approved screenshots/logs; finding references as applicable,Not Started,,
Engineering & IP,CAD repositories,Recon; Scanning/Enumeration; Vulnerability Assessment; Identity/Auth; Web/API/Application; Validation/Business Impact; Reporting/Retest,MFG-E011;MFG-E035;MFG-E045;MFG-E071;MFG-E097;MFG-E117;MFG-E172;MFG-E173;MFG-E174;MFG-E225;MFG-E252;MFG-E266,Active + manual validation where authorized; non-destructive by default,Controlled,Written authorization; confirmed scope; test accounts/access; testing window; logging/evidence plan,Asset inventory; architecture/trust-boundary notes; configuration or request/response evidence; timestamps; approved screenshots/logs; finding references as applicable,Not Started,,
Engineering & IP,BOM repositories,Recon; Scanning/Enumeration; Vulnerability Assessment; Identity/Auth; Web/API/Application; Validation/Business Impact; Reporting/Retest,MFG-E011;MFG-E045;MFG-E071;MFG-E172;MFG-E173;MFG-E174;MFG-E252;MFG-E266,Active + manual validation where authorized; non-destructive by default,Controlled,Written authorization; confirmed scope; test accounts/access; testing window; logging/evidence plan,Asset inventory; architecture/trust-boundary notes; configuration or request/response evidence; timestamps; approved screenshots/logs; finding references as applicable,Not Started,,
Engineering & IP,technical drawings,Recon; Scanning/Enumeration; Vulnerability Assessment; Identity/Auth; Web/API/Application; Validation/Business Impact; Reporting/Retest,MFG-E011;MFG-E045;MFG-E071;MFG-E172;MFG-E173;MFG-E174;MFG-E226;MFG-E252;MFG-E266;MFG-X366,Active + manual validation where authorized; non-destructive by default,Controlled,Written authorization; confirmed scope; test accounts/access; testing window; logging/evidence plan,Asset inventory; architecture/trust-boundary notes; configuration or request/response evidence; timestamps; approved screenshots/logs; finding references as applicable,Not Started,,
Engineering & IP,product specifications,Recon; Scanning/Enumeration; Vulnerability Assessment; Identity/Auth; Web/API/Application; Validation/Business Impact; Reporting/Retest,MFG-E011;MFG-E045;MFG-E071;MFG-E172;MFG-E173;MFG-E174;MFG-E252;MFG-E266,Active + manual validation where authorized; non-destructive by default,Controlled,Written authorization; confirmed scope; test accounts/access; testing window; logging/evidence plan,Asset inventory; architecture/trust-boundary notes; configuration or request/response evidence; timestamps; approved screenshots/logs; finding references as applicable,Not Started,,
Engineering & IP,firmware repositories,Recon; Scanning/Enumeration; Vulnerability Assessment; Identity/Auth; Web/API/Application; Validation/Business Impact; Reporting/Retest,MFG-E011;MFG-E045;MFG-E071;MFG-E172;MFG-E173;MFG-E174;MFG-E177;MFG-E210;MFG-E227;MFG-E252;MFG-E266;MFG-X423,Active + manual validation where authorized; non-destructive by default,Controlled,Written authorization; confirmed scope; test accounts/access; testing window; logging/evidence plan,Asset inventory; architecture/trust-boundary notes; configuration or request/response evidence; timestamps; approved screenshots/logs; finding references as applicable,Not Started,,
Engineering & IP,source-code repositories,Recon; Scanning/Enumeration; Vulnerability Assessment; Identity/Auth; Web/API/Application; Validation/Business Impact; Reporting/Retest,MFG-E011;MFG-E045;MFG-E071;MFG-E172;MFG-E173;MFG-E174;MFG-E178;MFG-E227;MFG-E252;MFG-E266,Active + manual validation where authorized; non-destructive by default,Controlled,Written authorization; confirmed scope; test accounts/access; testing window; logging/evidence plan,Asset inventory; architecture/trust-boundary notes; configuration or request/response evidence; timestamps; approved screenshots/logs; finding references as applicable,Not Started,,
Engineering & IP,R&D systems,Recon; Scanning/Enumeration; Vulnerability Assessment; Identity/Auth; Web/API/Application; Validation/Business Impact; Reporting/Retest,MFG-E011;MFG-E045;MFG-E071;MFG-E172;MFG-E173;MFG-E174;MFG-E252;MFG-E266,Active + manual validation where authorized; non-destructive by default,Controlled,Written authorization; confirmed scope; test accounts/access; testing window; logging/evidence plan,Asset inventory; architecture/trust-boundary notes; configuration or request/response evidence; timestamps; approved screenshots/logs; finding references as applicable,Not Started,,
Engineering & IP,simulation systems,Recon; Scanning/Enumeration; Vulnerability Assessment; Identity/Auth; Web/API/Application; Validation/Business Impact; Reporting/Retest,MFG-E011;MFG-E045;MFG-E071;MFG-E172;MFG-E173;MFG-E174;MFG-E252;MFG-E266,Active + manual validation where authorized; non-destructive by default,Controlled,Written authorization; confirmed scope; test accounts/access; testing window; logging/evidence plan,Asset inventory; architecture/trust-boundary notes; configuration or request/response evidence; timestamps; approved screenshots/logs; finding references as applicable,Not Started,,
Enterprise & Business Applications,ERP,Recon; Scanning/Enumeration; Vulnerability Assessment; Identity/Auth; Web/API/Application; Validation/Business Impact; Reporting/Retest,MFG-E011;MFG-E016;MFG-E027;MFG-E045;MFG-E071;MFG-E097;MFG-E110;MFG-E117;MFG-E118;MFG-E119;MFG-E120;MFG-E127;MFG-E128;MFG-E252;MFG-E266;MFG-X305;MFG-X318,Active + manual validation where authorized; non-destructive by default,Controlled,Written authorization; confirmed scope; test accounts/access; testing window; logging/evidence plan,Asset inventory; architecture/trust-boundary notes; configuration or request/response evidence; timestamps; approved screenshots/logs; finding references as applicable,Not Started,,
Enterprise & Business Applications,SAP,Recon; Scanning/Enumeration; Vulnerability Assessment; Identity/Auth; Web/API/Application; Validation/Business Impact; Reporting/Retest,MFG-E011;MFG-E016;MFG-E027;MFG-E045;MFG-E071;MFG-E110;MFG-E117;MFG-E118;MFG-E119;MFG-E120;MFG-E127;MFG-E128;MFG-E252;MFG-E266;MFG-X305;MFG-X318,Active + manual validation where authorized; non-destructive by default,Controlled,Written authorization; confirmed scope; test accounts/access; testing window; logging/evidence plan,Asset inventory; architecture/trust-boundary notes; configuration or request/response evidence; timestamps; approved screenshots/logs; finding references as applicable,Not Started,,
Enterprise & Business Applications,SAP HANA,Recon; Scanning/Enumeration; Vulnerability Assessment; Identity/Auth; Web/API/Application; Validation/Business Impact; Reporting/Retest,MFG-E011;MFG-E016;MFG-E027;MFG-E045;MFG-E071;MFG-E110;MFG-E117;MFG-E118;MFG-E119;MFG-E120;MFG-E127;MFG-E128;MFG-E252;MFG-E266;MFG-X305;MFG-X318,Active + manual validation where authorized; non-destructive by default,Controlled,Written authorization; confirmed scope; test accounts/access; testing window; logging/evidence plan,Asset inventory; architecture/trust-boundary notes; configuration or request/response evidence; timestamps; approved screenshots/logs; finding references as applicable,Not Started,,
Enterprise & Business Applications,Oracle ERP,Recon; Scanning/Enumeration; Vulnerability Assessment; Identity/Auth; Web/API/Application; Validation/Business Impact; Reporting/Retest,MFG-E011;MFG-E016;MFG-E027;MFG-E045;MFG-E071;MFG-E097;MFG-E110;MFG-E117;MFG-E118;MFG-E119;MFG-E120;MFG-E127;MFG-E128;MFG-E252;MFG-E266;MFG-X305;MFG-X318,Active + manual validation where authorized; non-destructive by default,Controlled,Written authorization; confirmed scope; test accounts/access; testing window; logging/evidence plan,Asset inventory; architecture/trust-boundary notes; configuration or request/response evidence; timestamps; approved screenshots/logs; finding references as applicable,Not Started,,
Enterprise & Business Applications,Dynamics,Recon; Scanning/Enumeration; Vulnerability Assessment; Identity/Auth; Web/API/Application; Validation/Business Impact; Reporting/Retest,MFG-E011;MFG-E045;MFG-E071;MFG-E118;MFG-E119;MFG-E120;MFG-E252;MFG-E266,Active + manual validation where authorized; non-destructive by default,Controlled,Written authorization; confirmed scope; test accounts/access; testing window; logging/evidence plan,Asset inventory; architecture/trust-boundary notes; configuration or request/response evidence; timestamps; approved screenshots/logs; finding references as applicable,Not Started,,
Enterprise & Business Applications,CRM,Recon; Scanning/Enumeration; Vulnerability Assessment; Identity/Auth; Web/API/Application; Validation/Business Impact; Reporting/Retest,MFG-E011;MFG-E033;MFG-E045;MFG-E071;MFG-E117;MFG-E118;MFG-E119;MFG-E120;MFG-E133;MFG-E252;MFG-E266,Active + manual validation where authorized; non-destructive by default,Controlled,Written authorization; confirmed scope; test accounts/access; testing window; logging/evidence plan,Asset inventory; architecture/trust-boundary notes; configuration or request/response evidence; timestamps; approved screenshots/logs; finding references as applicable,Not Started,,
Enterprise & Business Applications,HRMS,Recon; Scanning/Enumeration; Vulnerability Assessment; Identity/Auth; Web/API/Application; Validation/Business Impact; Reporting/Retest,MFG-E011;MFG-E034;MFG-E045;MFG-E071;MFG-E117;MFG-E118;MFG-E119;MFG-E120;MFG-E134;MFG-E252;MFG-E266,Active + manual validation where authorized; non-destructive by default,Controlled,Written authorization; confirmed scope; test accounts/access; testing window; logging/evidence plan,Asset inventory; architecture/trust-boundary notes; configuration or request/response evidence; timestamps; approved screenshots/logs; finding references as applicable,Not Started,,
Enterprise & Business Applications,finance systems,Recon; Scanning/Enumeration; Vulnerability Assessment; Identity/Auth; Web/API/Application; Validation/Business Impact; Reporting/Retest,MFG-E011;MFG-E045;MFG-E071;MFG-E118;MFG-E119;MFG-E120;MFG-E252;MFG-E266,Active + manual validation where authorized; non-destructive by default,Controlled,Written authorization; confirmed scope; test accounts/access; testing window; logging/evidence plan,Asset inventory; architecture/trust-boundary notes; configuration or request/response evidence; timestamps; approved screenshots/logs; finding references as applicable,Not Started,,
Enterprise & Business Applications,procurement systems,Recon; Scanning/Enumeration; Vulnerability Assessment; Identity/Auth; Web/API/Application; Validation/Business Impact; Reporting/Retest,MFG-E011;MFG-E045;MFG-E071;MFG-E118;MFG-E119;MFG-E120;MFG-E252;MFG-E266,Active + manual validation where authorized; non-destructive by default,Controlled,Written authorization; confirmed scope; test accounts/access; testing window; logging/evidence plan,Asset inventory; architecture/trust-boundary notes; configuration or request/response evidence; timestamps; approved screenshots/logs; finding references as applicable,Not Started,,
Enterprise & Business Applications,supply-chain systems,Recon; Scanning/Enumeration; Vulnerability Assessment; Identity/Auth; Web/API/Application; Validation/Business Impact; Reporting/Retest,MFG-E011;MFG-E043;MFG-E045;MFG-E071;MFG-E118;MFG-E119;MFG-E120;MFG-E208;MFG-E209;MFG-E252;MFG-E263;MFG-E266;MFG-X454,Active + manual validation where authorized; non-destructive by default,Controlled,Written authorization; confirmed scope; test accounts/access; testing window; logging/evidence plan,Asset inventory; architecture/trust-boundary notes; configuration or request/response evidence; timestamps; approved screenshots/logs; finding references as applicable,Not Started,,
Enterprise & Business Applications,document management,Recon; Scanning/Enumeration; Vulnerability Assessment; Identity/Auth; Web/API/Application; Validation/Business Impact; Reporting/Retest,MFG-E011;MFG-E045;MFG-E071;MFG-E118;MFG-E119;MFG-E120;MFG-E143;MFG-E252;MFG-E266,Active + manual validation where authorized; non-destructive by default,Controlled,Written authorization; confirmed scope; test accounts/access; testing window; logging/evidence plan,Asset inventory; architecture/trust-boundary notes; configuration or request/response evidence; timestamps; approved screenshots/logs; finding references as applicable,Not Started,,
Enterprise & Business Applications,collaboration,Recon; Scanning/Enumeration; Vulnerability Assessment; Identity/Auth; Web/API/Application; Validation/Business Impact; Reporting/Retest,MFG-E011;MFG-E045;MFG-E071;MFG-E118;MFG-E119;MFG-E120;MFG-E252;MFG-E266,Active + manual validation where authorized; non-destructive by default,Controlled,Written authorization; confirmed scope; test accounts/access; testing window; logging/evidence plan,Asset inventory; architecture/trust-boundary notes; configuration or request/response evidence; timestamps; approved screenshots/logs; finding references as applicable,Not Started,,
Enterprise & Business Applications,email,Recon; Scanning/Enumeration; Vulnerability Assessment; Identity/Auth; Web/API/Application; Validation/Business Impact; Reporting/Retest,MFG-E011;MFG-E018;MFG-E045;MFG-E071;MFG-E118;MFG-E119;MFG-E120;MFG-E252;MFG-E266;MFG-X347,Active + manual validation where authorized; non-destructive by default,Controlled,Written authorization; confirmed scope; test accounts/access; testing window; logging/evidence plan,Asset inventory; architecture/trust-boundary notes; configuration or request/response evidence; timestamps; approved screenshots/logs; finding references as applicable,Not Started,,
Enterprise & Business Applications,Microsoft 365/Google Workspace,Recon; Scanning/Enumeration; Vulnerability Assessment; Identity/Auth; Web/API/Application; Validation/Business Impact; Reporting/Retest,MFG-E011;MFG-E045;MFG-E071;MFG-E118;MFG-E119;MFG-E120;MFG-E252;MFG-E266,Active + manual validation where authorized; non-destructive by default,Controlled,Written authorization; confirmed scope; test accounts/access; testing window; logging/evidence plan,Asset inventory; architecture/trust-boundary notes; configuration or request/response evidence; timestamps; approved screenshots/logs; finding references as applicable,Not Started,,
External / Internet-Facing,domains,Recon; Scanning/Enumeration; Vulnerability Assessment; Identity/Auth; Web/API/Application; Validation/Business Impact; Reporting/Retest,MFG-E011;MFG-E020;MFG-E021;MFG-E022;MFG-E045;MFG-E071;MFG-E252;MFG-E266,Active + manual validation where authorized; non-destructive by default,Controlled,Written authorization; confirmed scope; test accounts/access; testing window; logging/evidence plan,Asset inventory; architecture/trust-boundary notes; configuration or request/response evidence; timestamps; approved screenshots/logs; finding references as applicable,Not Started,,
External / Internet-Facing,subdomains,Recon; Scanning/Enumeration; Vulnerability Assessment; Identity/Auth; Web/API/Application; Validation/Business Impact; Reporting/Retest,MFG-E011;MFG-E020;MFG-E021;MFG-E022;MFG-E045;MFG-E071;MFG-E252;MFG-E266,Active + manual validation where authorized; non-destructive by default,Controlled,Written authorization; confirmed scope; test accounts/access; testing window; logging/evidence plan,Asset inventory; architecture/trust-boundary notes; configuration or request/response evidence; timestamps; approved screenshots/logs; finding references as applicable,Not Started,,
External / Internet-Facing,DNS,Recon; Scanning/Enumeration; Vulnerability Assessment; Identity/Auth; Web/API/Application; Validation/Business Impact; Reporting/Retest,MFG-E011;MFG-E013;MFG-E020;MFG-E021;MFG-E022;MFG-E045;MFG-E052;MFG-E071;MFG-E252;MFG-E266,Active + manual validation where authorized; non-destructive by default,Controlled,Written authorization; confirmed scope; test accounts/access; testing window; logging/evidence plan,Asset inventory; architecture/trust-boundary notes; configuration or request/response evidence; timestamps; approved screenshots/logs; finding references as applicable,Not Started,,
External / Internet-Facing,public IPs,Recon; Scanning/Enumeration; Vulnerability Assessment; Identity/Auth; Web/API/Application; Validation/Business Impact; Reporting/Retest,MFG-E011;MFG-E020;MFG-E021;MFG-E022;MFG-E045;MFG-E071;MFG-E238;MFG-E252;MFG-E266,Active + manual validation where authorized; non-destructive by default,Controlled,Written authorization; confirmed scope; test accounts/access; testing window; logging/evidence plan,Asset inventory; architecture/trust-boundary notes; configuration or request/response evidence; timestamps; approved screenshots/logs; finding references as applicable,Not Started,,
External / Internet-Facing,internet gateways,Recon; Scanning/Enumeration; Vulnerability Assessment; Identity/Auth; Web/API/Application; Validation/Business Impact; Reporting/Retest,MFG-E011;MFG-E020;MFG-E021;MFG-E022;MFG-E045;MFG-E071;MFG-E252;MFG-E266,Active + manual validation where authorized; non-destructive by default,Controlled,Written authorization; confirmed scope; test accounts/access; testing window; logging/evidence plan,Asset inventory; architecture/trust-boundary notes; configuration or request/response evidence; timestamps; approved screenshots/logs; finding references as applicable,Not Started,,
External / Internet-Facing,edge routers,Recon; Scanning/Enumeration; Vulnerability Assessment; Identity/Auth; Web/API/Application; Validation/Business Impact; Reporting/Retest,MFG-E011;MFG-E020;MFG-E021;MFG-E022;MFG-E045;MFG-E071;MFG-E252;MFG-E266,Active + manual validation where authorized; non-destructive by default,Controlled,Written authorization; confirmed scope; test accounts/access; testing window; logging/evidence plan,Asset inventory; architecture/trust-boundary notes; configuration or request/response evidence; timestamps; approved screenshots/logs; finding references as applicable,Not Started,,
External / Internet-Facing,firewalls,Recon; Scanning/Enumeration; Vulnerability Assessment; Identity/Auth; Web/API/Application; Validation/Business Impact; Reporting/Retest,MFG-E011;MFG-E020;MFG-E021;MFG-E022;MFG-E045;MFG-E060;MFG-E071;MFG-E156;MFG-E197;MFG-E252;MFG-E266,Active + manual validation where authorized; non-destructive by default,Controlled,Written authorization; confirmed scope; test accounts/access; testing window; logging/evidence plan,Asset inventory; architecture/trust-boundary notes; configuration or request/response evidence; timestamps; approved screenshots/logs; finding references as applicable,Not Started,,
External / Internet-Facing,WAF,Recon; Scanning/Enumeration; Vulnerability Assessment; Identity/Auth; Web/API/Application; Validation/Business Impact; Reporting/Retest,MFG-E011;MFG-E020;MFG-E021;MFG-E022;MFG-E045;MFG-E071;MFG-E252;MFG-E266,Active + manual validation where authorized; non-destructive by default,Controlled,Written authorization; confirmed scope; test accounts/access; testing window; logging/evidence plan,Asset inventory; architecture/trust-boundary notes; configuration or request/response evidence; timestamps; approved screenshots/logs; finding references as applicable,Not Started,,
External / Internet-Facing,load balancers,Recon; Scanning/Enumeration; Vulnerability Assessment; Identity/Auth; Web/API/Application; Validation/Business Impact; Reporting/Retest,MFG-E011;MFG-E020;MFG-E021;MFG-E022;MFG-E045;MFG-E071;MFG-E097;MFG-E252;MFG-E266,Active + manual validation where authorized; non-destructive by default,Controlled,Written authorization; confirmed scope; test accounts/access; testing window; logging/evidence plan,Asset inventory; architecture/trust-boundary notes; configuration or request/response evidence; timestamps; approved screenshots/logs; finding references as applicable,Not Started,,
External / Internet-Facing,reverse proxies,Recon; Scanning/Enumeration; Vulnerability Assessment; Identity/Auth; Web/API/Application; Validation/Business Impact; Reporting/Retest,MFG-E011;MFG-E020;MFG-E021;MFG-E022;MFG-E045;MFG-E071;MFG-E252;MFG-E266,Active + manual validation where authorized; non-destructive by default,Controlled,Written authorization; confirmed scope; test accounts/access; testing window; logging/evidence plan,Asset inventory; architecture/trust-boundary notes; configuration or request/response evidence; timestamps; approved screenshots/logs; finding references as applicable,Not Started,,
External / Internet-Facing,CDN,Recon; Scanning/Enumeration; Vulnerability Assessment; Identity/Auth; Web/API/Application; Validation/Business Impact; Reporting/Retest,MFG-E011;MFG-E020;MFG-E021;MFG-E022;MFG-E045;MFG-E071;MFG-E252;MFG-E266,Active + manual validation where authorized; non-destructive by default,Controlled,Written authorization; confirmed scope; test accounts/access; testing window; logging/evidence plan,Asset inventory; architecture/trust-boundary notes; configuration or request/response evidence; timestamps; approved screenshots/logs; finding references as applicable,Not Started,,
External / Internet-Facing,API gateways,Recon; Scanning/Enumeration; Vulnerability Assessment; Identity/Auth; Web/API/Application; Validation/Business Impact; Reporting/Retest,MFG-E011;MFG-E020;MFG-E021;MFG-E022;MFG-E045;MFG-E048;MFG-E071;MFG-E074;MFG-E097;MFG-E109;MFG-E117;MFG-E118;MFG-E141;MFG-E191;MFG-E233;MFG-E247;MFG-E252;MFG-E266;MFG-X452,Active + manual validation where authorized; non-destructive by default,Controlled,Written authorization; confirmed scope; test accounts/access; testing window; logging/evidence plan,Asset inventory; architecture/trust-boundary notes; configuration or request/response evidence; timestamps; approved screenshots/logs; finding references as applicable,Not Started,,
External / Internet-Facing,web applications,Recon; Scanning/Enumeration; Vulnerability Assessment; Identity/Auth; Web/API/Application; Validation/Business Impact; Reporting/Retest,MFG-E011;MFG-E020;MFG-E021;MFG-E022;MFG-E045;MFG-E071;MFG-E097;MFG-E117;MFG-E252;MFG-E266,Active + manual validation where authorized; non-destructive by default,Controlled,Written authorization; confirmed scope; test accounts/access; testing window; logging/evidence plan,Asset inventory; architecture/trust-boundary notes; configuration or request/response evidence; timestamps; approved screenshots/logs; finding references as applicable,Not Started,,
External / Internet-Facing,admin panels,Recon; Scanning/Enumeration; Vulnerability Assessment; Identity/Auth; Web/API/Application; Validation/Business Impact; Reporting/Retest,MFG-E011;MFG-E020;MFG-E021;MFG-E022;MFG-E045;MFG-E071;MFG-E097;MFG-E252;MFG-E266,Active + manual validation where authorized; non-destructive by default,Controlled,Written authorization; confirmed scope; test accounts/access; testing window; logging/evidence plan,Asset inventory; architecture/trust-boundary notes; configuration or request/response evidence; timestamps; approved screenshots/logs; finding references as applicable,Not Started,,
External / Internet-Facing,cPanel/hosting panels,Recon; Scanning/Enumeration; Vulnerability Assessment; Identity/Auth; Web/API/Application; Validation/Business Impact; Reporting/Retest,MFG-E011;MFG-E020;MFG-E021;MFG-E022;MFG-E045;MFG-E071;MFG-E252;MFG-E266,Active + manual validation where authorized; non-destructive by default,Controlled,Written authorization; confirmed scope; test accounts/access; testing window; logging/evidence plan,Asset inventory; architecture/trust-boundary notes; configuration or request/response evidence; timestamps; approved screenshots/logs; finding references as applicable,Not Started,,
External / Internet-Facing,webmail,Recon; Scanning/Enumeration; Vulnerability Assessment; Identity/Auth; Web/API/Application; Validation/Business Impact; Reporting/Retest,MFG-E011;MFG-E020;MFG-E021;MFG-E022;MFG-E045;MFG-E071;MFG-E097;MFG-E117;MFG-E252;MFG-E266,Active + manual validation where authorized; non-destructive by default,Controlled,Written authorization; confirmed scope; test accounts/access; testing window; logging/evidence plan,Asset inventory; architecture/trust-boundary notes; configuration or request/response evidence; timestamps; approved screenshots/logs; finding references as applicable,Not Started,,
External / Internet-Facing,customer portals,Recon; Scanning/Enumeration; Vulnerability Assessment; Identity/Auth; Web/API/Application; Validation/Business Impact; Reporting/Retest,MFG-E011;MFG-E020;MFG-E021;MFG-E022;MFG-E045;MFG-E071;MFG-E097;MFG-E117;MFG-E252;MFG-E266,Active + manual validation where authorized; non-destructive by default,Controlled,Written authorization; confirmed scope; test accounts/access; testing window; logging/evidence plan,Asset inventory; architecture/trust-boundary notes; configuration or request/response evidence; timestamps; approved screenshots/logs; finding references as applicable,Not Started,,
External / Internet-Facing,supplier portals,Recon; Scanning/Enumeration; Vulnerability Assessment; Identity/Auth; Web/API/Application; Validation/Business Impact; Reporting/Retest,MFG-E011;MFG-E020;MFG-E021;MFG-E022;MFG-E045;MFG-E071;MFG-E097;MFG-E117;MFG-E252;MFG-E266,Active + manual validation where authorized; non-destructive by default,Controlled,Written authorization; confirmed scope; test accounts/access; testing window; logging/evidence plan,Asset inventory; architecture/trust-boundary notes; configuration or request/response evidence; timestamps; approved screenshots/logs; finding references as applicable,Not Started,,
External / Internet-Facing,RFQ portals,Recon; Scanning/Enumeration; Vulnerability Assessment; Identity/Auth; Web/API/Application; Validation/Business Impact; Reporting/Retest,MFG-E011;MFG-E020;MFG-E021;MFG-E022;MFG-E045;MFG-E071;MFG-E097;MFG-E117;MFG-E252;MFG-E266,Active + manual validation where authorized; non-destructive by default,Controlled,Written authorization; confirmed scope; test accounts/access; testing window; logging/evidence plan,Asset inventory; architecture/trust-boundary notes; configuration or request/response evidence; timestamps; approved screenshots/logs; finding references as applicable,Not Started,,
External / Internet-Facing,authentication portals,Recon; Scanning/Enumeration; Vulnerability Assessment; Identity/Auth; Web/API/Application; Validation/Business Impact; Reporting/Retest,MFG-E011;MFG-E020;MFG-E021;MFG-E022;MFG-E045;MFG-E071;MFG-E097;MFG-E117;MFG-E252;MFG-E266,Active + manual validation where authorized; non-destructive by default,Controlled,Written authorization; confirmed scope; test accounts/access; testing window; logging/evidence plan,Asset inventory; architecture/trust-boundary notes; configuration or request/response evidence; timestamps; approved screenshots/logs; finding references as applicable,Not Started,,
External / Internet-Facing,VPN gateways,Recon; Scanning/Enumeration; Vulnerability Assessment; Identity/Auth; Web/API/Application; Validation/Business Impact; Reporting/Retest,MFG-E011;MFG-E019;MFG-E020;MFG-E021;MFG-E022;MFG-E045;MFG-E050;MFG-E071;MFG-E075;MFG-E097;MFG-E200;MFG-E246;MFG-E252;MFG-E266,Active + manual validation where authorized; non-destructive by default,Controlled,Written authorization; confirmed scope; test accounts/access; testing window; logging/evidence plan,Asset inventory; architecture/trust-boundary notes; configuration or request/response evidence; timestamps; approved screenshots/logs; finding references as applicable,Not Started,,
External / Internet-Facing,remote-access portals,Recon; Scanning/Enumeration; Vulnerability Assessment; Identity/Auth; Web/API/Application; Validation/Business Impact; Reporting/Retest,MFG-E011;MFG-E020;MFG-E021;MFG-E022;MFG-E045;MFG-E071;MFG-E097;MFG-E117;MFG-E252;MFG-E266,Active + manual validation where authorized; non-destructive by default,Controlled,Written authorization; confirmed scope; test accounts/access; testing window; logging/evidence plan,Asset inventory; architecture/trust-boundary notes; configuration or request/response evidence; timestamps; approved screenshots/logs; finding references as applicable,Not Started,,
External / Internet-Facing,public cloud endpoints,Recon; Scanning/Enumeration; Vulnerability Assessment; Identity/Auth; Web/API/Application; Validation/Business Impact; Reporting/Retest,MFG-E011;MFG-E020;MFG-E021;MFG-E022;MFG-E045;MFG-E071;MFG-E097;MFG-E117;MFG-E248;MFG-E252;MFG-E266;MFG-X305;MFG-X389;MFG-X433;MFG-X434;MFG-X435;MFG-X436;MFG-X437;MFG-X438;MFG-X440;MFG-X445,Active + manual validation where authorized; non-destructive by default,Controlled,Written authorization; confirmed scope; test accounts/access; testing window; logging/evidence plan,Asset inventory; architecture/trust-boundary notes; configuration or request/response evidence; timestamps; approved screenshots/logs; finding references as applicable,Not Started,,
External / Internet-Facing,public storage,Recon; Scanning/Enumeration; Vulnerability Assessment; Identity/Auth; Web/API/Application; Validation/Business Impact; Reporting/Retest,MFG-E011;MFG-E020;MFG-E021;MFG-E022;MFG-E045;MFG-E071;MFG-E252;MFG-E266,Active + manual validation where authorized; non-destructive by default,Controlled,Written authorization; confirmed scope; test accounts/access; testing window; logging/evidence plan,Asset inventory; architecture/trust-boundary notes; configuration or request/response evidence; timestamps; approved screenshots/logs; finding references as applicable,Not Started,,
Field Devices & Instrumentation,sensors,Recon; Scanning/Enumeration; Vulnerability Assessment; Identity/Auth; Web/API/Application; OT/ICS; Validation/Business Impact; Reporting/Retest,MFG-E011;MFG-E045;MFG-E071;MFG-E144;MFG-E157;MFG-E158;MFG-E159;MFG-E252;MFG-E266,Passive/read-only by default; controlled validation only with explicit authorization and safety gate,Restricted,Written authorization; asset owner; production status; OT safety approval; maintenance window; emergency contact; stop conditions,Asset inventory; architecture/trust-boundary notes; configuration or request/response evidence; timestamps; approved screenshots/logs; finding references as applicable; OT-safe observations; approved controller/HMI/SCADA logs; change records where applicable,Not Started,,
Field Devices & Instrumentation,actuators,Recon; Scanning/Enumeration; Vulnerability Assessment; Identity/Auth; Web/API/Application; OT/ICS; Validation/Business Impact; Reporting/Retest,MFG-E011;MFG-E045;MFG-E071;MFG-E144;MFG-E157;MFG-E158;MFG-E159;MFG-E252;MFG-E266,Passive/read-only by default; controlled validation only with explicit authorization and safety gate,Restricted,Written authorization; asset owner; production status; OT safety approval; maintenance window; emergency contact; stop conditions,Asset inventory; architecture/trust-boundary notes; configuration or request/response evidence; timestamps; approved screenshots/logs; finding references as applicable; OT-safe observations; approved controller/HMI/SCADA logs; change records where applicable,Not Started,,
Field Devices & Instrumentation,motors,Recon; Scanning/Enumeration; Vulnerability Assessment; Identity/Auth; Web/API/Application; OT/ICS; Validation/Business Impact; Reporting/Retest,MFG-E011;MFG-E045;MFG-E071;MFG-E144;MFG-E157;MFG-E158;MFG-E159;MFG-E252;MFG-E266,Passive/read-only by default; controlled validation only with explicit authorization and safety gate,Restricted,Written authorization; asset owner; production status; OT safety approval; maintenance window; emergency contact; stop conditions,Asset inventory; architecture/trust-boundary notes; configuration or request/response evidence; timestamps; approved screenshots/logs; finding references as applicable; OT-safe observations; approved controller/HMI/SCADA logs; change records where applicable,Not Started,,
Field Devices & Instrumentation,valves,Recon; Scanning/Enumeration; Vulnerability Assessment; Identity/Auth; Web/API/Application; OT/ICS; Validation/Business Impact; Reporting/Retest,MFG-E011;MFG-E045;MFG-E071;MFG-E144;MFG-E157;MFG-E158;MFG-E159;MFG-E252;MFG-E266,Passive/read-only by default; controlled validation only with explicit authorization and safety gate,Restricted,Written authorization; asset owner; production status; OT safety approval; maintenance window; emergency contact; stop conditions,Asset inventory; architecture/trust-boundary notes; configuration or request/response evidence; timestamps; approved screenshots/logs; finding references as applicable; OT-safe observations; approved controller/HMI/SCADA logs; change records where applicable,Not Started,,
Field Devices & Instrumentation,drives,Recon; Scanning/Enumeration; Vulnerability Assessment; Identity/Auth; Web/API/Application; OT/ICS; Validation/Business Impact; Reporting/Retest,MFG-E011;MFG-E045;MFG-E071;MFG-E144;MFG-E157;MFG-E158;MFG-E159;MFG-E252;MFG-E266,Passive/read-only by default; controlled validation only with explicit authorization and safety gate,Restricted,Written authorization; asset owner; production status; OT safety approval; maintenance window; emergency contact; stop conditions,Asset inventory; architecture/trust-boundary notes; configuration or request/response evidence; timestamps; approved screenshots/logs; finding references as applicable; OT-safe observations; approved controller/HMI/SCADA logs; change records where applicable,Not Started,,
Field Devices & Instrumentation,VFDs,Recon; Scanning/Enumeration; Vulnerability Assessment; Identity/Auth; Web/API/Application; OT/ICS; Validation/Business Impact; Reporting/Retest,MFG-E011;MFG-E045;MFG-E071;MFG-E144;MFG-E157;MFG-E158;MFG-E159;MFG-E252;MFG-E266,Passive/read-only by default; controlled validation only with explicit authorization and safety gate,Restricted,Written authorization; asset owner; production status; OT safety approval; maintenance window; emergency contact; stop conditions,Asset inventory; architecture/trust-boundary notes; configuration or request/response evidence; timestamps; approved screenshots/logs; finding references as applicable; OT-safe observations; approved controller/HMI/SCADA logs; change records where applicable,Not Started,,
Field Devices & Instrumentation,servo drives,Recon; Scanning/Enumeration; Vulnerability Assessment; Identity/Auth; Web/API/Application; OT/ICS; Validation/Business Impact; Reporting/Retest,MFG-E011;MFG-E045;MFG-E071;MFG-E144;MFG-E157;MFG-E158;MFG-E159;MFG-E252;MFG-E266,Passive/read-only by default; controlled validation only with explicit authorization and safety gate,Restricted,Written authorization; asset owner; production status; OT safety approval; maintenance window; emergency contact; stop conditions,Asset inventory; architecture/trust-boundary notes; configuration or request/response evidence; timestamps; approved screenshots/logs; finding references as applicable; OT-safe observations; approved controller/HMI/SCADA logs; change records where applicable,Not Started,,
Field Devices & Instrumentation,relays,Recon; Scanning/Enumeration; Vulnerability Assessment; Identity/Auth; Web/API/Application; OT/ICS; Validation/Business Impact; Reporting/Retest,MFG-E011;MFG-E045;MFG-E071;MFG-E144;MFG-E157;MFG-E158;MFG-E159;MFG-E252;MFG-E266,Passive/read-only by default; controlled validation only with explicit authorization and safety gate,Restricted,Written authorization; asset owner; production status; OT safety approval; maintenance window; emergency contact; stop conditions,Asset inventory; architecture/trust-boundary notes; configuration or request/response evidence; timestamps; approved screenshots/logs; finding references as applicable; OT-safe observations; approved controller/HMI/SCADA logs; change records where applicable,Not Started,,
Field Devices & Instrumentation,contactors,Recon; Scanning/Enumeration; Vulnerability Assessment; Identity/Auth; Web/API/Application; OT/ICS; Validation/Business Impact; Reporting/Retest,MFG-E011;MFG-E045;MFG-E071;MFG-E144;MFG-E157;MFG-E158;MFG-E159;MFG-E252;MFG-E266,Passive/read-only by default; controlled validation only with explicit authorization and safety gate,Restricted,Written authorization; asset owner; production status; OT safety approval; maintenance window; emergency contact; stop conditions,Asset inventory; architecture/trust-boundary notes; configuration or request/response evidence; timestamps; approved screenshots/logs; finding references as applicable; OT-safe observations; approved controller/HMI/SCADA logs; change records where applicable,Not Started,,
Field Devices & Instrumentation,smart instruments,Recon; Scanning/Enumeration; Vulnerability Assessment; Identity/Auth; Web/API/Application; OT/ICS; Validation/Business Impact; Reporting/Retest,MFG-E011;MFG-E045;MFG-E071;MFG-E144;MFG-E157;MFG-E158;MFG-E159;MFG-E252;MFG-E266,Passive/read-only by default; controlled validation only with explicit authorization and safety gate,Restricted,Written authorization; asset owner; production status; OT safety approval; maintenance window; emergency contact; stop conditions,Asset inventory; architecture/trust-boundary notes; configuration or request/response evidence; timestamps; approved screenshots/logs; finding references as applicable; OT-safe observations; approved controller/HMI/SCADA logs; change records where applicable,Not Started,,
Field Devices & Instrumentation,IEDs,Recon; Scanning/Enumeration; Vulnerability Assessment; Identity/Auth; Web/API/Application; OT/ICS; Validation/Business Impact; Reporting/Retest,MFG-E011;MFG-E045;MFG-E071;MFG-E144;MFG-E157;MFG-E158;MFG-E159;MFG-E252;MFG-E266,Passive/read-only by default; controlled validation only with explicit authorization and safety gate,Restricted,Written authorization; asset owner; production status; OT safety approval; maintenance window; emergency contact; stop conditions,Asset inventory; architecture/trust-boundary notes; configuration or request/response evidence; timestamps; approved screenshots/logs; finding references as applicable; OT-safe observations; approved controller/HMI/SCADA logs; change records where applicable,Not Started,,
Field Devices & Instrumentation,remote I/O,Recon; Scanning/Enumeration; Vulnerability Assessment; Identity/Auth; Web/API/Application; OT/ICS; Validation/Business Impact; Reporting/Retest,MFG-E011;MFG-E045;MFG-E071;MFG-E097;MFG-E144;MFG-E157;MFG-E158;MFG-E159;MFG-E252;MFG-E266,Passive/read-only by default; controlled validation only with explicit authorization and safety gate,Restricted,Written authorization; asset owner; production status; OT safety approval; maintenance window; emergency contact; stop conditions,Asset inventory; architecture/trust-boundary notes; configuration or request/response evidence; timestamps; approved screenshots/logs; finding references as applicable; OT-safe observations; approved controller/HMI/SCADA logs; change records where applicable,Not Started,,
Field Devices & Instrumentation,industrial meters,Recon; Scanning/Enumeration; Vulnerability Assessment; Identity/Auth; Web/API/Application; OT/ICS; Validation/Business Impact; Reporting/Retest,MFG-E011;MFG-E045;MFG-E071;MFG-E144;MFG-E157;MFG-E158;MFG-E159;MFG-E252;MFG-E266,Passive/read-only by default; controlled validation only with explicit authorization and safety gate,Restricted,Written authorization; asset owner; production status; OT safety approval; maintenance window; emergency contact; stop conditions,Asset inventory; architecture/trust-boundary notes; configuration or request/response evidence; timestamps; approved screenshots/logs; finding references as applicable; OT-safe observations; approved controller/HMI/SCADA logs; change records where applicable,Not Started,,
IIoT / Edge / Industry 4.0,smart sensors,Recon; Scanning/Enumeration; Vulnerability Assessment; Identity/Auth; Web/API/Application; OT/ICS; Validation/Business Impact; Reporting/Retest,MFG-E011;MFG-E045;MFG-E071;MFG-E144;MFG-E179;MFG-E180;MFG-E181;MFG-E252;MFG-E266,Active + manual validation where authorized; non-destructive by default,Restricted,Written authorization; confirmed scope; test accounts/access; testing window; logging/evidence plan,Asset inventory; architecture/trust-boundary notes; configuration or request/response evidence; timestamps; approved screenshots/logs; finding references as applicable,Not Started,,
IIoT / Edge / Industry 4.0,IIoT gateways,Recon; Scanning/Enumeration; Vulnerability Assessment; Identity/Auth; Web/API/Application; OT/ICS; Validation/Business Impact; Reporting/Retest,MFG-E011;MFG-E045;MFG-E071;MFG-E117;MFG-E144;MFG-E179;MFG-E180;MFG-E181;MFG-E252;MFG-E266,Active + manual validation where authorized; non-destructive by default,Restricted,Written authorization; confirmed scope; test accounts/access; testing window; logging/evidence plan,Asset inventory; architecture/trust-boundary notes; configuration or request/response evidence; timestamps; approved screenshots/logs; finding references as applicable,Not Started,,
IIoT / Edge / Industry 4.0,edge computers,Recon; Scanning/Enumeration; Vulnerability Assessment; Identity/Auth; Web/API/Application; OT/ICS; Validation/Business Impact; Reporting/Retest,MFG-E011;MFG-E045;MFG-E071;MFG-E144;MFG-E179;MFG-E180;MFG-E181;MFG-E252;MFG-E266,Active + manual validation where authorized; non-destructive by default,Restricted,Written authorization; confirmed scope; test accounts/access; testing window; logging/evidence plan,Asset inventory; architecture/trust-boundary notes; configuration or request/response evidence; timestamps; approved screenshots/logs; finding references as applicable,Not Started,,
IIoT / Edge / Industry 4.0,industrial PCs,Recon; Scanning/Enumeration; Vulnerability Assessment; Identity/Auth; Web/API/Application; OT/ICS; Validation/Business Impact; Reporting/Retest,MFG-E011;MFG-E045;MFG-E071;MFG-E144;MFG-E179;MFG-E180;MFG-E181;MFG-E252;MFG-E266,Active + manual validation where authorized; non-destructive by default,Restricted,Written authorization; confirmed scope; test accounts/access; testing window; logging/evidence plan,Asset inventory; architecture/trust-boundary notes; configuration or request/response evidence; timestamps; approved screenshots/logs; finding references as applicable,Not Started,,
IIoT / Edge / Industry 4.0,device-management platforms,Recon; Scanning/Enumeration; Vulnerability Assessment; Identity/Auth; Web/API/Application; OT/ICS; Validation/Business Impact; Reporting/Retest,MFG-E011;MFG-E045;MFG-E071;MFG-E144;MFG-E179;MFG-E180;MFG-E181;MFG-E252;MFG-E266,Active + manual validation where authorized; non-destructive by default,Restricted,Written authorization; confirmed scope; test accounts/access; testing window; logging/evidence plan,Asset inventory; architecture/trust-boundary notes; configuration or request/response evidence; timestamps; approved screenshots/logs; finding references as applicable,Not Started,,
IIoT / Edge / Industry 4.0,machine-monitoring platforms,Recon; Scanning/Enumeration; Vulnerability Assessment; Identity/Auth; Web/API/Application; OT/ICS; Validation/Business Impact; Reporting/Retest,MFG-E011;MFG-E045;MFG-E071;MFG-E144;MFG-E179;MFG-E180;MFG-E181;MFG-E252;MFG-E266,Active + manual validation where authorized; non-destructive by default,Restricted,Written authorization; confirmed scope; test accounts/access; testing window; logging/evidence plan,Asset inventory; architecture/trust-boundary notes; configuration or request/response evidence; timestamps; approved screenshots/logs; finding references as applicable,Not Started,,
IIoT / Edge / Industry 4.0,IoT APIs,Recon; Scanning/Enumeration; Vulnerability Assessment; Identity/Auth; Web/API/Application; OT/ICS; Validation/Business Impact; Reporting/Retest,MFG-E011;MFG-E045;MFG-E071;MFG-E097;MFG-E117;MFG-E144;MFG-E179;MFG-E180;MFG-E181;MFG-E252;MFG-E266,Active + manual validation where authorized; non-destructive by default,Restricted,Written authorization; confirmed scope; test accounts/access; testing window; logging/evidence plan,Asset inventory; architecture/trust-boundary notes; configuration or request/response evidence; timestamps; approved screenshots/logs; finding references as applicable,Not Started,,
IIoT / Edge / Industry 4.0,MQTT brokers,Recon; Scanning/Enumeration; Vulnerability Assessment; Identity/Auth; Web/API/Application; OT/ICS; Validation/Business Impact; Reporting/Retest,MFG-E011;MFG-E045;MFG-E071;MFG-E144;MFG-E163;MFG-E179;MFG-E180;MFG-E181;MFG-E252;MFG-E266,Active + manual validation where authorized; non-destructive by default,Restricted,Written authorization; confirmed scope; test accounts/access; testing window; logging/evidence plan,Asset inventory; architecture/trust-boundary notes; configuration or request/response evidence; timestamps; approved screenshots/logs; finding references as applicable,Not Started,,
IIoT / Edge / Industry 4.0,OPC gateways,Recon; Scanning/Enumeration; Vulnerability Assessment; Identity/Auth; Web/API/Application; OT/ICS; Validation/Business Impact; Reporting/Retest,MFG-E011;MFG-E045;MFG-E071;MFG-E144;MFG-E159;MFG-E179;MFG-E180;MFG-E181;MFG-E252;MFG-E266,Active + manual validation where authorized; non-destructive by default,Restricted,Written authorization; confirmed scope; test accounts/access; testing window; logging/evidence plan,Asset inventory; architecture/trust-boundary notes; configuration or request/response evidence; timestamps; approved screenshots/logs; finding references as applicable,Not Started,,
IIoT / Edge / Industry 4.0,remote diagnostics,Recon; Scanning/Enumeration; Vulnerability Assessment; Identity/Auth; Web/API/Application; OT/ICS; Validation/Business Impact; Reporting/Retest,MFG-E011;MFG-E045;MFG-E071;MFG-E097;MFG-E144;MFG-E179;MFG-E180;MFG-E181;MFG-E252;MFG-E266,Active + manual validation where authorized; non-destructive by default,Restricted,Written authorization; confirmed scope; test accounts/access; testing window; logging/evidence plan,Asset inventory; architecture/trust-boundary notes; configuration or request/response evidence; timestamps; approved screenshots/logs; finding references as applicable,Not Started,,
IIoT / Edge / Industry 4.0,predictive maintenance,Recon; Scanning/Enumeration; Vulnerability Assessment; Identity/Auth; Web/API/Application; OT/ICS; Validation/Business Impact; Reporting/Retest,MFG-E011;MFG-E045;MFG-E071;MFG-E144;MFG-E179;MFG-E180;MFG-E181;MFG-E252;MFG-E266;MFG-X478,Active + manual validation where authorized; non-destructive by default,Restricted,Written authorization; confirmed scope; test accounts/access; testing window; logging/evidence plan,Asset inventory; architecture/trust-boundary notes; configuration or request/response evidence; timestamps; approved screenshots/logs; finding references as applicable,Not Started,,
IIoT / Edge / Industry 4.0,digital twins,Recon; Scanning/Enumeration; Vulnerability Assessment; Identity/Auth; Web/API/Application; OT/ICS; Validation/Business Impact; Reporting/Retest,MFG-E011;MFG-E045;MFG-E071;MFG-E117;MFG-E144;MFG-E179;MFG-E180;MFG-E181;MFG-E194;MFG-E252;MFG-E266;MFG-X449,Active + manual validation where authorized; non-destructive by default,Restricted,Written authorization; confirmed scope; test accounts/access; testing window; logging/evidence plan,Asset inventory; architecture/trust-boundary notes; configuration or request/response evidence; timestamps; approved screenshots/logs; finding references as applicable,Not Started,,
IIoT / Edge / Industry 4.0,industrial analytics,Recon; Scanning/Enumeration; Vulnerability Assessment; Identity/Auth; Web/API/Application; OT/ICS; Validation/Business Impact; Reporting/Retest,MFG-E011;MFG-E042;MFG-E045;MFG-E071;MFG-E144;MFG-E179;MFG-E180;MFG-E181;MFG-E195;MFG-E252;MFG-E266,Active + manual validation where authorized; non-destructive by default,Restricted,Written authorization; confirmed scope; test accounts/access; testing window; logging/evidence plan,Asset inventory; architecture/trust-boundary notes; configuration or request/response evidence; timestamps; approved screenshots/logs; finding references as applicable,Not Started,,
IIoT / Edge / Industry 4.0,data platforms,Recon; Scanning/Enumeration; Vulnerability Assessment; Identity/Auth; Web/API/Application; OT/ICS; Validation/Business Impact; Reporting/Retest,MFG-E011;MFG-E045;MFG-E071;MFG-E144;MFG-E179;MFG-E180;MFG-E181;MFG-E252;MFG-E266,Active + manual validation where authorized; non-destructive by default,Restricted,Written authorization; confirmed scope; test accounts/access; testing window; logging/evidence plan,Asset inventory; architecture/trust-boundary notes; configuration or request/response evidence; timestamps; approved screenshots/logs; finding references as applicable,Not Started,,
Identity & Privilege,employees,Recon; Scanning/Enumeration; Vulnerability Assessment; Identity/Auth; Web/API/Application; Validation/Business Impact; Reporting/Retest,MFG-E011;MFG-E045;MFG-E071;MFG-E097;MFG-E104;MFG-E108;MFG-E252;MFG-E266,Active + manual validation where authorized; non-destructive by default,Controlled,Written authorization; confirmed scope; test accounts/access; testing window; logging/evidence plan,Asset inventory; architecture/trust-boundary notes; configuration or request/response evidence; timestamps; approved screenshots/logs; finding references as applicable,Not Started,,
Identity & Privilege,operators,Recon; Scanning/Enumeration; Vulnerability Assessment; Identity/Auth; Web/API/Application; Validation/Business Impact; Reporting/Retest,MFG-E011;MFG-E045;MFG-E071;MFG-E097;MFG-E104;MFG-E108;MFG-E252;MFG-E266,Active + manual validation where authorized; non-destructive by default,Controlled,Written authorization; confirmed scope; test accounts/access; testing window; logging/evidence plan,Asset inventory; architecture/trust-boundary notes; configuration or request/response evidence; timestamps; approved screenshots/logs; finding references as applicable,Not Started,,
Identity & Privilege,engineers,Recon; Scanning/Enumeration; Vulnerability Assessment; Identity/Auth; Web/API/Application; Validation/Business Impact; Reporting/Retest,MFG-E011;MFG-E045;MFG-E071;MFG-E097;MFG-E104;MFG-E108;MFG-E252;MFG-E266,Active + manual validation where authorized; non-destructive by default,Controlled,Written authorization; confirmed scope; test accounts/access; testing window; logging/evidence plan,Asset inventory; architecture/trust-boundary notes; configuration or request/response evidence; timestamps; approved screenshots/logs; finding references as applicable,Not Started,,
Identity & Privilege,IT admins,Recon; Scanning/Enumeration; Vulnerability Assessment; Identity/Auth; Web/API/Application; Validation/Business Impact; Reporting/Retest,MFG-E011;MFG-E045;MFG-E071;MFG-E097;MFG-E104;MFG-E108;MFG-E252;MFG-E266,Active + manual validation where authorized; non-destructive by default,Controlled,Written authorization; confirmed scope; test accounts/access; testing window; logging/evidence plan,Asset inventory; architecture/trust-boundary notes; configuration or request/response evidence; timestamps; approved screenshots/logs; finding references as applicable,Not Started,,
Identity & Privilege,OT admins,Recon; Scanning/Enumeration; Vulnerability Assessment; Identity/Auth; Web/API/Application; Validation/Business Impact; Reporting/Retest,MFG-E011;MFG-E045;MFG-E071;MFG-E097;MFG-E104;MFG-E108;MFG-E252;MFG-E266,Active + manual validation where authorized; non-destructive by default,Controlled,Written authorization; confirmed scope; test accounts/access; testing window; logging/evidence plan,Asset inventory; architecture/trust-boundary notes; configuration or request/response evidence; timestamps; approved screenshots/logs; finding references as applicable,Not Started,,
Identity & Privilege,domain admins,Recon; Scanning/Enumeration; Vulnerability Assessment; Identity/Auth; Web/API/Application; Validation/Business Impact; Reporting/Retest,MFG-E011;MFG-E012;MFG-E045;MFG-E071;MFG-E097;MFG-E104;MFG-E108;MFG-E252;MFG-E266,Active + manual validation where authorized; non-destructive by default,Controlled,Written authorization; confirmed scope; test accounts/access; testing window; logging/evidence plan,Asset inventory; architecture/trust-boundary notes; configuration or request/response evidence; timestamps; approved screenshots/logs; finding references as applicable,Not Started,,
Identity & Privilege,application admins,Recon; Scanning/Enumeration; Vulnerability Assessment; Identity/Auth; Web/API/Application; Validation/Business Impact; Reporting/Retest,MFG-E011;MFG-E045;MFG-E071;MFG-E097;MFG-E104;MFG-E108;MFG-E252;MFG-E266,Active + manual validation where authorized; non-destructive by default,Controlled,Written authorization; confirmed scope; test accounts/access; testing window; logging/evidence plan,Asset inventory; architecture/trust-boundary notes; configuration or request/response evidence; timestamps; approved screenshots/logs; finding references as applicable,Not Started,,
Identity & Privilege,DBAs,Recon; Scanning/Enumeration; Vulnerability Assessment; Identity/Auth; Web/API/Application; Validation/Business Impact; Reporting/Retest,MFG-E011;MFG-E045;MFG-E071;MFG-E097;MFG-E104;MFG-E108;MFG-E252;MFG-E266,Active + manual validation where authorized; non-destructive by default,Controlled,Written authorization; confirmed scope; test accounts/access; testing window; logging/evidence plan,Asset inventory; architecture/trust-boundary notes; configuration or request/response evidence; timestamps; approved screenshots/logs; finding references as applicable,Not Started,,
Identity & Privilege,vendors,Recon; Scanning/Enumeration; Vulnerability Assessment; Identity/Auth; Web/API/Application; Validation/Business Impact; Reporting/Retest,MFG-E011;MFG-E045;MFG-E071;MFG-E097;MFG-E104;MFG-E108;MFG-E252;MFG-E266,Active + manual validation where authorized; non-destructive by default,Controlled,Written authorization; confirmed scope; test accounts/access; testing window; logging/evidence plan,Asset inventory; architecture/trust-boundary notes; configuration or request/response evidence; timestamps; approved screenshots/logs; finding references as applicable,Not Started,,
Identity & Privilege,contractors,Recon; Scanning/Enumeration; Vulnerability Assessment; Identity/Auth; Web/API/Application; Validation/Business Impact; Reporting/Retest,MFG-E011;MFG-E045;MFG-E071;MFG-E097;MFG-E104;MFG-E108;MFG-E252;MFG-E266,Active + manual validation where authorized; non-destructive by default,Controlled,Written authorization; confirmed scope; test accounts/access; testing window; logging/evidence plan,Asset inventory; architecture/trust-boundary notes; configuration or request/response evidence; timestamps; approved screenshots/logs; finding references as applicable,Not Started,,
Identity & Privilege,service accounts,Recon; Scanning/Enumeration; Vulnerability Assessment; Identity/Auth; Web/API/Application; Validation/Business Impact; Reporting/Retest,MFG-E011;MFG-E045;MFG-E071;MFG-E097;MFG-E104;MFG-E108;MFG-E252;MFG-E266,Active + manual validation where authorized; non-destructive by default,Controlled,Written authorization; confirmed scope; test accounts/access; testing window; logging/evidence plan,Asset inventory; architecture/trust-boundary notes; configuration or request/response evidence; timestamps; approved screenshots/logs; finding references as applicable,Not Started,,
Identity & Privilege,machine accounts,Recon; Scanning/Enumeration; Vulnerability Assessment; Identity/Auth; Web/API/Application; Validation/Business Impact; Reporting/Retest,MFG-E011;MFG-E045;MFG-E071;MFG-E097;MFG-E104;MFG-E108;MFG-E252;MFG-E266,Active + manual validation where authorized; non-destructive by default,Controlled,Written authorization; confirmed scope; test accounts/access; testing window; logging/evidence plan,Asset inventory; architecture/trust-boundary notes; configuration or request/response evidence; timestamps; approved screenshots/logs; finding references as applicable,Not Started,,
Identity & Privilege,API identities,Recon; Scanning/Enumeration; Vulnerability Assessment; Identity/Auth; Web/API/Application; Validation/Business Impact; Reporting/Retest,MFG-E011;MFG-E045;MFG-E048;MFG-E071;MFG-E074;MFG-E097;MFG-E104;MFG-E108;MFG-E109;MFG-E117;MFG-E118;MFG-E141;MFG-E191;MFG-E233;MFG-E247;MFG-E252;MFG-E266;MFG-X452,Active + manual validation where authorized; non-destructive by default,Controlled,Written authorization; confirmed scope; test accounts/access; testing window; logging/evidence plan,Asset inventory; architecture/trust-boundary notes; configuration or request/response evidence; timestamps; approved screenshots/logs; finding references as applicable,Not Started,,
Identity & Privilege,cloud identities,Recon; Scanning/Enumeration; Vulnerability Assessment; Identity/Auth; Web/API/Application; Validation/Business Impact; Reporting/Retest,MFG-E011;MFG-E045;MFG-E071;MFG-E097;MFG-E104;MFG-E108;MFG-E117;MFG-E248;MFG-E252;MFG-E266;MFG-X305;MFG-X389;MFG-X433;MFG-X434;MFG-X435;MFG-X436;MFG-X437;MFG-X438;MFG-X440;MFG-X445,Active + manual validation where authorized; non-destructive by default,Controlled,Written authorization; confirmed scope; test accounts/access; testing window; logging/evidence plan,Asset inventory; architecture/trust-boundary notes; configuration or request/response evidence; timestamps; approved screenshots/logs; finding references as applicable,Not Started,,
Identity & Privilege,break-glass accounts,Recon; Scanning/Enumeration; Vulnerability Assessment; Identity/Auth; Web/API/Application; Validation/Business Impact; Reporting/Retest,MFG-E011;MFG-E045;MFG-E071;MFG-E097;MFG-E104;MFG-E108;MFG-E252;MFG-E266,Active + manual validation where authorized; non-destructive by default,Controlled,Written authorization; confirmed scope; test accounts/access; testing window; logging/evidence plan,Asset inventory; architecture/trust-boundary notes; configuration or request/response evidence; timestamps; approved screenshots/logs; finding references as applicable,Not Started,,
Identity & Privilege,shared accounts,Recon; Scanning/Enumeration; Vulnerability Assessment; Identity/Auth; Web/API/Application; Validation/Business Impact; Reporting/Retest,MFG-E011;MFG-E045;MFG-E071;MFG-E097;MFG-E104;MFG-E108;MFG-E252;MFG-E266,Active + manual validation where authorized; non-destructive by default,Controlled,Written authorization; confirmed scope; test accounts/access; testing window; logging/evidence plan,Asset inventory; architecture/trust-boundary notes; configuration or request/response evidence; timestamps; approved screenshots/logs; finding references as applicable,Not Started,,
Identity & Privilege,dormant accounts,Recon; Scanning/Enumeration; Vulnerability Assessment; Identity/Auth; Web/API/Application; Validation/Business Impact; Reporting/Retest,MFG-E011;MFG-E045;MFG-E071;MFG-E097;MFG-E104;MFG-E108;MFG-E252;MFG-E266,Active + manual validation where authorized; non-destructive by default,Controlled,Written authorization; confirmed scope; test accounts/access; testing window; logging/evidence plan,Asset inventory; architecture/trust-boundary notes; configuration or request/response evidence; timestamps; approved screenshots/logs; finding references as applicable,Not Started,,
Industrial / Cyber-Physical,CNC machines,Recon; Scanning/Enumeration; Vulnerability Assessment; Identity/Auth; Web/API/Application; OT/ICS; Validation/Business Impact; Reporting/Retest,MFG-E011;MFG-E045;MFG-E071;MFG-E144;MFG-E154;MFG-E155;MFG-E156;MFG-E176;MFG-E252;MFG-E266;MFG-X456,Passive/read-only by default; controlled validation only with explicit authorization and safety gate,Restricted,Written authorization; asset owner; production status; OT safety approval; maintenance window; emergency contact; stop conditions,Asset inventory; architecture/trust-boundary notes; configuration or request/response evidence; timestamps; approved screenshots/logs; finding references as applicable; OT-safe observations; approved controller/HMI/SCADA logs; change records where applicable,Not Started,,
Industrial / Cyber-Physical,industrial robots,Recon; Scanning/Enumeration; Vulnerability Assessment; Identity/Auth; Web/API/Application; OT/ICS; Validation/Business Impact; Reporting/Retest,MFG-E011;MFG-E045;MFG-E071;MFG-E144;MFG-E154;MFG-E155;MFG-E156;MFG-E252;MFG-E266,Passive/read-only by default; controlled validation only with explicit authorization and safety gate,Restricted,Written authorization; asset owner; production status; OT safety approval; maintenance window; emergency contact; stop conditions,Asset inventory; architecture/trust-boundary notes; configuration or request/response evidence; timestamps; approved screenshots/logs; finding references as applicable; OT-safe observations; approved controller/HMI/SCADA logs; change records where applicable,Not Started,,
Industrial / Cyber-Physical,robot controllers,Recon; Scanning/Enumeration; Vulnerability Assessment; Identity/Auth; Web/API/Application; OT/ICS; Validation/Business Impact; Reporting/Retest,MFG-E011;MFG-E045;MFG-E071;MFG-E144;MFG-E154;MFG-E155;MFG-E156;MFG-E176;MFG-E252;MFG-E266,Passive/read-only by default; controlled validation only with explicit authorization and safety gate,Restricted,Written authorization; asset owner; production status; OT safety approval; maintenance window; emergency contact; stop conditions,Asset inventory; architecture/trust-boundary notes; configuration or request/response evidence; timestamps; approved screenshots/logs; finding references as applicable; OT-safe observations; approved controller/HMI/SCADA logs; change records where applicable,Not Started,,
Industrial / Cyber-Physical,AGVs,Recon; Scanning/Enumeration; Vulnerability Assessment; Identity/Auth; Web/API/Application; OT/ICS; Validation/Business Impact; Reporting/Retest,MFG-E011;MFG-E045;MFG-E071;MFG-E144;MFG-E154;MFG-E155;MFG-E156;MFG-E252;MFG-E266;MFG-X458,Passive/read-only by default; controlled validation only with explicit authorization and safety gate,Restricted,Written authorization; asset owner; production status; OT safety approval; maintenance window; emergency contact; stop conditions,Asset inventory; architecture/trust-boundary notes; configuration or request/response evidence; timestamps; approved screenshots/logs; finding references as applicable; OT-safe observations; approved controller/HMI/SCADA logs; change records where applicable,Not Started,,
Industrial / Cyber-Physical,AMRs,Recon; Scanning/Enumeration; Vulnerability Assessment; Identity/Auth; Web/API/Application; OT/ICS; Validation/Business Impact; Reporting/Retest,MFG-E011;MFG-E045;MFG-E071;MFG-E144;MFG-E154;MFG-E155;MFG-E156;MFG-E252;MFG-E266;MFG-X459,Passive/read-only by default; controlled validation only with explicit authorization and safety gate,Restricted,Written authorization; asset owner; production status; OT safety approval; maintenance window; emergency contact; stop conditions,Asset inventory; architecture/trust-boundary notes; configuration or request/response evidence; timestamps; approved screenshots/logs; finding references as applicable; OT-safe observations; approved controller/HMI/SCADA logs; change records where applicable,Not Started,,
Industrial / Cyber-Physical,assembly machines,Recon; Scanning/Enumeration; Vulnerability Assessment; Identity/Auth; Web/API/Application; OT/ICS; Validation/Business Impact; Reporting/Retest,MFG-E011;MFG-E045;MFG-E071;MFG-E144;MFG-E154;MFG-E155;MFG-E156;MFG-E252;MFG-E266,Passive/read-only by default; controlled validation only with explicit authorization and safety gate,Restricted,Written authorization; asset owner; production status; OT safety approval; maintenance window; emergency contact; stop conditions,Asset inventory; architecture/trust-boundary notes; configuration or request/response evidence; timestamps; approved screenshots/logs; finding references as applicable; OT-safe observations; approved controller/HMI/SCADA logs; change records where applicable,Not Started,,
Industrial / Cyber-Physical,welding systems,Recon; Scanning/Enumeration; Vulnerability Assessment; Identity/Auth; Web/API/Application; OT/ICS; Validation/Business Impact; Reporting/Retest,MFG-E011;MFG-E045;MFG-E071;MFG-E144;MFG-E154;MFG-E155;MFG-E156;MFG-E252;MFG-E266,Passive/read-only by default; controlled validation only with explicit authorization and safety gate,Restricted,Written authorization; asset owner; production status; OT safety approval; maintenance window; emergency contact; stop conditions,Asset inventory; architecture/trust-boundary notes; configuration or request/response evidence; timestamps; approved screenshots/logs; finding references as applicable; OT-safe observations; approved controller/HMI/SCADA logs; change records where applicable,Not Started,,
Industrial / Cyber-Physical,cutting machines,Recon; Scanning/Enumeration; Vulnerability Assessment; Identity/Auth; Web/API/Application; OT/ICS; Validation/Business Impact; Reporting/Retest,MFG-E011;MFG-E045;MFG-E071;MFG-E144;MFG-E154;MFG-E155;MFG-E156;MFG-E252;MFG-E266,Passive/read-only by default; controlled validation only with explicit authorization and safety gate,Restricted,Written authorization; asset owner; production status; OT safety approval; maintenance window; emergency contact; stop conditions,Asset inventory; architecture/trust-boundary notes; configuration or request/response evidence; timestamps; approved screenshots/logs; finding references as applicable; OT-safe observations; approved controller/HMI/SCADA logs; change records where applicable,Not Started,,
Industrial / Cyber-Physical,press machines,Recon; Scanning/Enumeration; Vulnerability Assessment; Identity/Auth; Web/API/Application; OT/ICS; Validation/Business Impact; Reporting/Retest,MFG-E011;MFG-E045;MFG-E071;MFG-E144;MFG-E154;MFG-E155;MFG-E156;MFG-E252;MFG-E266,Passive/read-only by default; controlled validation only with explicit authorization and safety gate,Restricted,Written authorization; asset owner; production status; OT safety approval; maintenance window; emergency contact; stop conditions,Asset inventory; architecture/trust-boundary notes; configuration or request/response evidence; timestamps; approved screenshots/logs; finding references as applicable; OT-safe observations; approved controller/HMI/SCADA logs; change records where applicable,Not Started,,
Industrial / Cyber-Physical,packaging machines,Recon; Scanning/Enumeration; Vulnerability Assessment; Identity/Auth; Web/API/Application; OT/ICS; Validation/Business Impact; Reporting/Retest,MFG-E011;MFG-E045;MFG-E071;MFG-E144;MFG-E154;MFG-E155;MFG-E156;MFG-E252;MFG-E266,Passive/read-only by default; controlled validation only with explicit authorization and safety gate,Restricted,Written authorization; asset owner; production status; OT safety approval; maintenance window; emergency contact; stop conditions,Asset inventory; architecture/trust-boundary notes; configuration or request/response evidence; timestamps; approved screenshots/logs; finding references as applicable; OT-safe observations; approved controller/HMI/SCADA logs; change records where applicable,Not Started,,
Industrial / Cyber-Physical,inspection machines,Recon; Scanning/Enumeration; Vulnerability Assessment; Identity/Auth; Web/API/Application; OT/ICS; Validation/Business Impact; Reporting/Retest,MFG-E011;MFG-E045;MFG-E071;MFG-E144;MFG-E154;MFG-E155;MFG-E156;MFG-E252;MFG-E266,Passive/read-only by default; controlled validation only with explicit authorization and safety gate,Restricted,Written authorization; asset owner; production status; OT safety approval; maintenance window; emergency contact; stop conditions,Asset inventory; architecture/trust-boundary notes; configuration or request/response evidence; timestamps; approved screenshots/logs; finding references as applicable; OT-safe observations; approved controller/HMI/SCADA logs; change records where applicable,Not Started,,
Industrial / Cyber-Physical,machine vision,Recon; Scanning/Enumeration; Vulnerability Assessment; Identity/Auth; Web/API/Application; OT/ICS; Validation/Business Impact; Reporting/Retest,MFG-E011;MFG-E045;MFG-E071;MFG-E144;MFG-E154;MFG-E155;MFG-E156;MFG-E252;MFG-E266;MFG-X457,Passive/read-only by default; controlled validation only with explicit authorization and safety gate,Restricted,Written authorization; asset owner; production status; OT safety approval; maintenance window; emergency contact; stop conditions,Asset inventory; architecture/trust-boundary notes; configuration or request/response evidence; timestamps; approved screenshots/logs; finding references as applicable; OT-safe observations; approved controller/HMI/SCADA logs; change records where applicable,Not Started,,
Industrial / Cyber-Physical,3D printers,Recon; Scanning/Enumeration; Vulnerability Assessment; Identity/Auth; Web/API/Application; OT/ICS; Validation/Business Impact; Reporting/Retest,MFG-E011;MFG-E045;MFG-E071;MFG-E144;MFG-E154;MFG-E155;MFG-E156;MFG-E252;MFG-E266,Passive/read-only by default; controlled validation only with explicit authorization and safety gate,Restricted,Written authorization; asset owner; production status; OT safety approval; maintenance window; emergency contact; stop conditions,Asset inventory; architecture/trust-boundary notes; configuration or request/response evidence; timestamps; approved screenshots/logs; finding references as applicable; OT-safe observations; approved controller/HMI/SCADA logs; change records where applicable,Not Started,,
Industrial / Cyber-Physical,conveyors,Recon; Scanning/Enumeration; Vulnerability Assessment; Identity/Auth; Web/API/Application; OT/ICS; Validation/Business Impact; Reporting/Retest,MFG-E011;MFG-E045;MFG-E071;MFG-E144;MFG-E154;MFG-E155;MFG-E156;MFG-E252;MFG-E266,Passive/read-only by default; controlled validation only with explicit authorization and safety gate,Restricted,Written authorization; asset owner; production status; OT safety approval; maintenance window; emergency contact; stop conditions,Asset inventory; architecture/trust-boundary notes; configuration or request/response evidence; timestamps; approved screenshots/logs; finding references as applicable; OT-safe observations; approved controller/HMI/SCADA logs; change records where applicable,Not Started,,
Industrial / Cyber-Physical,automated storage,Recon; Scanning/Enumeration; Vulnerability Assessment; Identity/Auth; Web/API/Application; OT/ICS; Validation/Business Impact; Reporting/Retest,MFG-E011;MFG-E045;MFG-E071;MFG-E144;MFG-E154;MFG-E155;MFG-E156;MFG-E252;MFG-E266;MFG-X471,Passive/read-only by default; controlled validation only with explicit authorization and safety gate,Restricted,Written authorization; asset owner; production status; OT safety approval; maintenance window; emergency contact; stop conditions,Asset inventory; architecture/trust-boundary notes; configuration or request/response evidence; timestamps; approved screenshots/logs; finding references as applicable; OT-safe observations; approved controller/HMI/SCADA logs; change records where applicable,Not Started,,
Industrial / Cyber-Physical,test equipment,Recon; Scanning/Enumeration; Vulnerability Assessment; Identity/Auth; Web/API/Application; OT/ICS; Validation/Business Impact; Reporting/Retest,MFG-E011;MFG-E045;MFG-E071;MFG-E144;MFG-E154;MFG-E155;MFG-E156;MFG-E252;MFG-E266,Passive/read-only by default; controlled validation only with explicit authorization and safety gate,Restricted,Written authorization; asset owner; production status; OT safety approval; maintenance window; emergency contact; stop conditions,Asset inventory; architecture/trust-boundary notes; configuration or request/response evidence; timestamps; approved screenshots/logs; finding references as applicable; OT-safe observations; approved controller/HMI/SCADA logs; change records where applicable,Not Started,,
Industrial / Cyber-Physical,calibration equipment,Recon; Scanning/Enumeration; Vulnerability Assessment; Identity/Auth; Web/API/Application; OT/ICS; Validation/Business Impact; Reporting/Retest,MFG-E011;MFG-E045;MFG-E071;MFG-E144;MFG-E154;MFG-E155;MFG-E156;MFG-E252;MFG-E266,Passive/read-only by default; controlled validation only with explicit authorization and safety gate,Restricted,Written authorization; asset owner; production status; OT safety approval; maintenance window; emergency contact; stop conditions,Asset inventory; architecture/trust-boundary notes; configuration or request/response evidence; timestamps; approved screenshots/logs; finding references as applicable; OT-safe observations; approved controller/HMI/SCADA logs; change records where applicable,Not Started,,
Industrial / Cyber-Physical,machine tools,Recon; Scanning/Enumeration; Vulnerability Assessment; Identity/Auth; Web/API/Application; OT/ICS; Validation/Business Impact; Reporting/Retest,MFG-E011;MFG-E045;MFG-E071;MFG-E144;MFG-E154;MFG-E155;MFG-E156;MFG-E252;MFG-E266,Passive/read-only by default; controlled validation only with explicit authorization and safety gate,Restricted,Written authorization; asset owner; production status; OT safety approval; maintenance window; emergency contact; stop conditions,Asset inventory; architecture/trust-boundary notes; configuration or request/response evidence; timestamps; approved screenshots/logs; finding references as applicable; OT-safe observations; approved controller/HMI/SCADA logs; change records where applicable,Not Started,,
Industrial / Cyber-Physical,process equipment,Recon; Scanning/Enumeration; Vulnerability Assessment; Identity/Auth; Web/API/Application; OT/ICS; Validation/Business Impact; Reporting/Retest,MFG-E011;MFG-E045;MFG-E071;MFG-E144;MFG-E154;MFG-E155;MFG-E156;MFG-E252;MFG-E266,Passive/read-only by default; controlled validation only with explicit authorization and safety gate,Restricted,Written authorization; asset owner; production status; OT safety approval; maintenance window; emergency contact; stop conditions,Asset inventory; architecture/trust-boundary notes; configuration or request/response evidence; timestamps; approved screenshots/logs; finding references as applicable; OT-safe observations; approved controller/HMI/SCADA logs; change records where applicable,Not Started,,
Industrial Networks & Protocols,industrial Ethernet,Recon; Scanning/Enumeration; Vulnerability Assessment; Identity/Auth; Web/API/Application; OT/ICS; Validation/Business Impact; Reporting/Retest,MFG-E011;MFG-E045;MFG-E071;MFG-E144;MFG-E160;MFG-E161;MFG-E162;MFG-E252;MFG-E266,Passive/read-only by default; controlled validation only with explicit authorization and safety gate,Restricted,Written authorization; asset owner; production status; OT safety approval; maintenance window; emergency contact; stop conditions,Asset inventory; architecture/trust-boundary notes; configuration or request/response evidence; timestamps; approved screenshots/logs; finding references as applicable,Not Started,,
Industrial Networks & Protocols,managed switches,Recon; Scanning/Enumeration; Vulnerability Assessment; Identity/Auth; Web/API/Application; OT/ICS; Validation/Business Impact; Reporting/Retest,MFG-E011;MFG-E045;MFG-E071;MFG-E144;MFG-E160;MFG-E161;MFG-E162;MFG-E252;MFG-E266,Passive/read-only by default; controlled validation only with explicit authorization and safety gate,Restricted,Written authorization; asset owner; production status; OT safety approval; maintenance window; emergency contact; stop conditions,Asset inventory; architecture/trust-boundary notes; configuration or request/response evidence; timestamps; approved screenshots/logs; finding references as applicable,Not Started,,
Industrial Networks & Protocols,industrial switches,Recon; Scanning/Enumeration; Vulnerability Assessment; Identity/Auth; Web/API/Application; OT/ICS; Validation/Business Impact; Reporting/Retest,MFG-E011;MFG-E045;MFG-E071;MFG-E144;MFG-E160;MFG-E161;MFG-E162;MFG-E252;MFG-E266,Passive/read-only by default; controlled validation only with explicit authorization and safety gate,Restricted,Written authorization; asset owner; production status; OT safety approval; maintenance window; emergency contact; stop conditions,Asset inventory; architecture/trust-boundary notes; configuration or request/response evidence; timestamps; approved screenshots/logs; finding references as applicable,Not Started,,
Industrial Networks & Protocols,routers,Recon; Scanning/Enumeration; Vulnerability Assessment; Identity/Auth; Web/API/Application; OT/ICS; Validation/Business Impact; Reporting/Retest,MFG-E011;MFG-E045;MFG-E071;MFG-E144;MFG-E160;MFG-E161;MFG-E162;MFG-E252;MFG-E266,Passive/read-only by default; controlled validation only with explicit authorization and safety gate,Restricted,Written authorization; asset owner; production status; OT safety approval; maintenance window; emergency contact; stop conditions,Asset inventory; architecture/trust-boundary notes; configuration or request/response evidence; timestamps; approved screenshots/logs; finding references as applicable,Not Started,,
Industrial Networks & Protocols,industrial routers,Recon; Scanning/Enumeration; Vulnerability Assessment; Identity/Auth; Web/API/Application; OT/ICS; Validation/Business Impact; Reporting/Retest,MFG-E011;MFG-E045;MFG-E071;MFG-E144;MFG-E160;MFG-E161;MFG-E162;MFG-E252;MFG-E266,Passive/read-only by default; controlled validation only with explicit authorization and safety gate,Restricted,Written authorization; asset owner; production status; OT safety approval; maintenance window; emergency contact; stop conditions,Asset inventory; architecture/trust-boundary notes; configuration or request/response evidence; timestamps; approved screenshots/logs; finding references as applicable,Not Started,,
Industrial Networks & Protocols,industrial firewalls,Recon; Scanning/Enumeration; Vulnerability Assessment; Identity/Auth; Web/API/Application; OT/ICS; Validation/Business Impact; Reporting/Retest,MFG-E011;MFG-E045;MFG-E060;MFG-E071;MFG-E144;MFG-E156;MFG-E160;MFG-E161;MFG-E162;MFG-E197;MFG-E252;MFG-E266,Passive/read-only by default; controlled validation only with explicit authorization and safety gate,Restricted,Written authorization; asset owner; production status; OT safety approval; maintenance window; emergency contact; stop conditions,Asset inventory; architecture/trust-boundary notes; configuration or request/response evidence; timestamps; approved screenshots/logs; finding references as applicable,Not Started,,
Industrial Networks & Protocols,wireless bridges,Recon; Scanning/Enumeration; Vulnerability Assessment; Identity/Auth; Web/API/Application; OT/ICS; Validation/Business Impact; Reporting/Retest,MFG-E011;MFG-E045;MFG-E068;MFG-E071;MFG-E096;MFG-E144;MFG-E160;MFG-E161;MFG-E162;MFG-E215;MFG-E216;MFG-E252;MFG-E266,Passive/read-only by default; controlled validation only with explicit authorization and safety gate,Restricted,Written authorization; asset owner; production status; OT safety approval; maintenance window; emergency contact; stop conditions,Asset inventory; architecture/trust-boundary notes; configuration or request/response evidence; timestamps; approved screenshots/logs; finding references as applicable,Not Started,,
Industrial Networks & Protocols,network taps,Recon; Scanning/Enumeration; Vulnerability Assessment; Identity/Auth; Web/API/Application; OT/ICS; Validation/Business Impact; Reporting/Retest,MFG-E011;MFG-E045;MFG-E071;MFG-E144;MFG-E160;MFG-E161;MFG-E162;MFG-E252;MFG-E266,Passive/read-only by default; controlled validation only with explicit authorization and safety gate,Restricted,Written authorization; asset owner; production status; OT safety approval; maintenance window; emergency contact; stop conditions,Asset inventory; architecture/trust-boundary notes; configuration or request/response evidence; timestamps; approved screenshots/logs; finding references as applicable,Not Started,,
Industrial Networks & Protocols,Modbus,Recon; Scanning/Enumeration; Vulnerability Assessment; Identity/Auth; Web/API/Application; OT/ICS; Validation/Business Impact; Reporting/Retest,MFG-E011;MFG-E045;MFG-E071;MFG-E144;MFG-E160;MFG-E161;MFG-E162;MFG-E252;MFG-E266,Passive/read-only by default; controlled validation only with explicit authorization and safety gate,Restricted,Written authorization; asset owner; production status; OT safety approval; maintenance window; emergency contact; stop conditions,Asset inventory; architecture/trust-boundary notes; configuration or request/response evidence; timestamps; approved screenshots/logs; finding references as applicable,Not Started,,
Industrial Networks & Protocols,Modbus TCP,Recon; Scanning/Enumeration; Vulnerability Assessment; Identity/Auth; Web/API/Application; OT/ICS; Validation/Business Impact; Reporting/Retest,MFG-E011;MFG-E045;MFG-E071;MFG-E144;MFG-E160;MFG-E161;MFG-E162;MFG-E252;MFG-E266,Passive/read-only by default; controlled validation only with explicit authorization and safety gate,Restricted,Written authorization; asset owner; production status; OT safety approval; maintenance window; emergency contact; stop conditions,Asset inventory; architecture/trust-boundary notes; configuration or request/response evidence; timestamps; approved screenshots/logs; finding references as applicable,Not Started,,
Industrial Networks & Protocols,OPC UA,Recon; Scanning/Enumeration; Vulnerability Assessment; Identity/Auth; Web/API/Application; OT/ICS; Validation/Business Impact; Reporting/Retest,MFG-E011;MFG-E045;MFG-E071;MFG-E144;MFG-E159;MFG-E160;MFG-E161;MFG-E162;MFG-E252;MFG-E266,Passive/read-only by default; controlled validation only with explicit authorization and safety gate,Restricted,Written authorization; asset owner; production status; OT safety approval; maintenance window; emergency contact; stop conditions,Asset inventory; architecture/trust-boundary notes; configuration or request/response evidence; timestamps; approved screenshots/logs; finding references as applicable,Not Started,,
Industrial Networks & Protocols,EtherNet/IP,Recon; Scanning/Enumeration; Vulnerability Assessment; Identity/Auth; Web/API/Application; OT/ICS; Validation/Business Impact; Reporting/Retest,MFG-E011;MFG-E045;MFG-E071;MFG-E144;MFG-E160;MFG-E161;MFG-E162;MFG-E252;MFG-E266,Passive/read-only by default; controlled validation only with explicit authorization and safety gate,Restricted,Written authorization; asset owner; production status; OT safety approval; maintenance window; emergency contact; stop conditions,Asset inventory; architecture/trust-boundary notes; configuration or request/response evidence; timestamps; approved screenshots/logs; finding references as applicable,Not Started,,
Industrial Networks & Protocols,PROFINET,Recon; Scanning/Enumeration; Vulnerability Assessment; Identity/Auth; Web/API/Application; OT/ICS; Validation/Business Impact; Reporting/Retest,MFG-E011;MFG-E045;MFG-E071;MFG-E144;MFG-E160;MFG-E161;MFG-E162;MFG-E252;MFG-E266,Passive/read-only by default; controlled validation only with explicit authorization and safety gate,Restricted,Written authorization; asset owner; production status; OT safety approval; maintenance window; emergency contact; stop conditions,Asset inventory; architecture/trust-boundary notes; configuration or request/response evidence; timestamps; approved screenshots/logs; finding references as applicable,Not Started,,
Industrial Networks & Protocols,DNP3,Recon; Scanning/Enumeration; Vulnerability Assessment; Identity/Auth; Web/API/Application; OT/ICS; Validation/Business Impact; Reporting/Retest,MFG-E011;MFG-E045;MFG-E071;MFG-E144;MFG-E160;MFG-E161;MFG-E162;MFG-E252;MFG-E266,Passive/read-only by default; controlled validation only with explicit authorization and safety gate,Restricted,Written authorization; asset owner; production status; OT safety approval; maintenance window; emergency contact; stop conditions,Asset inventory; architecture/trust-boundary notes; configuration or request/response evidence; timestamps; approved screenshots/logs; finding references as applicable,Not Started,,
Industrial Networks & Protocols,MQTT,Recon; Scanning/Enumeration; Vulnerability Assessment; Identity/Auth; Web/API/Application; OT/ICS; Validation/Business Impact; Reporting/Retest,MFG-E011;MFG-E045;MFG-E071;MFG-E144;MFG-E160;MFG-E161;MFG-E162;MFG-E163;MFG-E252;MFG-E266,Passive/read-only by default; controlled validation only with explicit authorization and safety gate,Restricted,Written authorization; asset owner; production status; OT safety approval; maintenance window; emergency contact; stop conditions,Asset inventory; architecture/trust-boundary notes; configuration or request/response evidence; timestamps; approved screenshots/logs; finding references as applicable,Not Started,,
Industrial Networks & Protocols,AMQP,Recon; Scanning/Enumeration; Vulnerability Assessment; Identity/Auth; Web/API/Application; OT/ICS; Validation/Business Impact; Reporting/Retest,MFG-E011;MFG-E045;MFG-E071;MFG-E144;MFG-E160;MFG-E161;MFG-E162;MFG-E252;MFG-E266,Passive/read-only by default; controlled validation only with explicit authorization and safety gate,Restricted,Written authorization; asset owner; production status; OT safety approval; maintenance window; emergency contact; stop conditions,Asset inventory; architecture/trust-boundary notes; configuration or request/response evidence; timestamps; approved screenshots/logs; finding references as applicable,Not Started,,
Industrial Networks & Protocols,HART,Recon; Scanning/Enumeration; Vulnerability Assessment; Identity/Auth; Web/API/Application; OT/ICS; Validation/Business Impact; Reporting/Retest,MFG-E011;MFG-E045;MFG-E071;MFG-E144;MFG-E160;MFG-E161;MFG-E162;MFG-E252;MFG-E266,Passive/read-only by default; controlled validation only with explicit authorization and safety gate,Restricted,Written authorization; asset owner; production status; OT safety approval; maintenance window; emergency contact; stop conditions,Asset inventory; architecture/trust-boundary notes; configuration or request/response evidence; timestamps; approved screenshots/logs; finding references as applicable,Not Started,,
Industrial Networks & Protocols,CAN-related protocols,Recon; Scanning/Enumeration; Vulnerability Assessment; Identity/Auth; Web/API/Application; OT/ICS; Validation/Business Impact; Reporting/Retest,MFG-E011;MFG-E045;MFG-E071;MFG-E144;MFG-E160;MFG-E161;MFG-E162;MFG-E252;MFG-E266,Passive/read-only by default; controlled validation only with explicit authorization and safety gate,Restricted,Written authorization; asset owner; production status; OT safety approval; maintenance window; emergency contact; stop conditions,Asset inventory; architecture/trust-boundary notes; configuration or request/response evidence; timestamps; approved screenshots/logs; finding references as applicable,Not Started,,
Industrial Networks & Protocols,serial protocols,Recon; Scanning/Enumeration; Vulnerability Assessment; Identity/Auth; Web/API/Application; OT/ICS; Validation/Business Impact; Reporting/Retest,MFG-E011;MFG-E045;MFG-E071;MFG-E144;MFG-E160;MFG-E161;MFG-E162;MFG-E252;MFG-E266,Passive/read-only by default; controlled validation only with explicit authorization and safety gate,Restricted,Written authorization; asset owner; production status; OT safety approval; maintenance window; emergency contact; stop conditions,Asset inventory; architecture/trust-boundary notes; configuration or request/response evidence; timestamps; approved screenshots/logs; finding references as applicable,Not Started,,
Industrial Networks & Protocols,vendor protocols,Recon; Scanning/Enumeration; Vulnerability Assessment; Identity/Auth; Web/API/Application; OT/ICS; Validation/Business Impact; Reporting/Retest,MFG-E011;MFG-E045;MFG-E071;MFG-E144;MFG-E160;MFG-E161;MFG-E162;MFG-E252;MFG-E266,Passive/read-only by default; controlled validation only with explicit authorization and safety gate,Restricted,Written authorization; asset owner; production status; OT safety approval; maintenance window; emergency contact; stop conditions,Asset inventory; architecture/trust-boundary notes; configuration or request/response evidence; timestamps; approved screenshots/logs; finding references as applicable,Not Started,,
Manufacturing Operations,MES,Recon; Scanning/Enumeration; Vulnerability Assessment; Identity/Auth; Web/API/Application; Validation/Business Impact; Reporting/Retest,MFG-E011;MFG-E028;MFG-E045;MFG-E071;MFG-E097;MFG-E111;MFG-E117;MFG-E121;MFG-E122;MFG-E123;MFG-E129;MFG-E140;MFG-E252;MFG-E266,Active + manual validation where authorized; non-destructive by default,Controlled,Written authorization; confirmed scope; test accounts/access; testing window; logging/evidence plan,Asset inventory; architecture/trust-boundary notes; configuration or request/response evidence; timestamps; approved screenshots/logs; finding references as applicable,Not Started,,
Manufacturing Operations,MOM,Recon; Scanning/Enumeration; Vulnerability Assessment; Identity/Auth; Web/API/Application; Validation/Business Impact; Reporting/Retest,MFG-E011;MFG-E028;MFG-E045;MFG-E071;MFG-E121;MFG-E122;MFG-E123;MFG-E252;MFG-E266,Active + manual validation where authorized; non-destructive by default,Controlled,Written authorization; confirmed scope; test accounts/access; testing window; logging/evidence plan,Asset inventory; architecture/trust-boundary notes; configuration or request/response evidence; timestamps; approved screenshots/logs; finding references as applicable,Not Started,,
Manufacturing Operations,QMS,Recon; Scanning/Enumeration; Vulnerability Assessment; Identity/Auth; Web/API/Application; Validation/Business Impact; Reporting/Retest,MFG-E011;MFG-E029;MFG-E045;MFG-E071;MFG-E097;MFG-E111;MFG-E117;MFG-E121;MFG-E122;MFG-E123;MFG-E130;MFG-E252;MFG-E266,Active + manual validation where authorized; non-destructive by default,Controlled,Written authorization; confirmed scope; test accounts/access; testing window; logging/evidence plan,Asset inventory; architecture/trust-boundary notes; configuration or request/response evidence; timestamps; approved screenshots/logs; finding references as applicable,Not Started,,
Manufacturing Operations,WMS,Recon; Scanning/Enumeration; Vulnerability Assessment; Identity/Auth; Web/API/Application; Validation/Business Impact; Reporting/Retest,MFG-E011;MFG-E030;MFG-E045;MFG-E071;MFG-E097;MFG-E117;MFG-E121;MFG-E122;MFG-E123;MFG-E131;MFG-E252;MFG-E266,Active + manual validation where authorized; non-destructive by default,Controlled,Written authorization; confirmed scope; test accounts/access; testing window; logging/evidence plan,Asset inventory; architecture/trust-boundary notes; configuration or request/response evidence; timestamps; approved screenshots/logs; finding references as applicable,Not Started,,
Manufacturing Operations,CMMS,Recon; Scanning/Enumeration; Vulnerability Assessment; Identity/Auth; Web/API/Application; Validation/Business Impact; Reporting/Retest,MFG-E011;MFG-E031;MFG-E045;MFG-E071;MFG-E097;MFG-E117;MFG-E121;MFG-E122;MFG-E123;MFG-E132;MFG-E252;MFG-E266,Active + manual validation where authorized; non-destructive by default,Controlled,Written authorization; confirmed scope; test accounts/access; testing window; logging/evidence plan,Asset inventory; architecture/trust-boundary notes; configuration or request/response evidence; timestamps; approved screenshots/logs; finding references as applicable,Not Started,,
Manufacturing Operations,LIMS,Recon; Scanning/Enumeration; Vulnerability Assessment; Identity/Auth; Web/API/Application; Validation/Business Impact; Reporting/Retest,MFG-E011;MFG-E045;MFG-E071;MFG-E121;MFG-E122;MFG-E123;MFG-E252;MFG-E266,Active + manual validation where authorized; non-destructive by default,Controlled,Written authorization; confirmed scope; test accounts/access; testing window; logging/evidence plan,Asset inventory; architecture/trust-boundary notes; configuration or request/response evidence; timestamps; approved screenshots/logs; finding references as applicable,Not Started,,
Manufacturing Operations,SCM,Recon; Scanning/Enumeration; Vulnerability Assessment; Identity/Auth; Web/API/Application; Validation/Business Impact; Reporting/Retest,MFG-E011;MFG-E032;MFG-E045;MFG-E071;MFG-E121;MFG-E122;MFG-E123;MFG-E252;MFG-E266,Active + manual validation where authorized; non-destructive by default,Controlled,Written authorization; confirmed scope; test accounts/access; testing window; logging/evidence plan,Asset inventory; architecture/trust-boundary notes; configuration or request/response evidence; timestamps; approved screenshots/logs; finding references as applicable,Not Started,,
Manufacturing Operations,production scheduling,Recon; Scanning/Enumeration; Vulnerability Assessment; Identity/Auth; Web/API/Application; Validation/Business Impact; Reporting/Retest,MFG-E011;MFG-E045;MFG-E071;MFG-E121;MFG-E122;MFG-E123;MFG-E252;MFG-E266,Active + manual validation where authorized; non-destructive by default,Controlled,Written authorization; confirmed scope; test accounts/access; testing window; logging/evidence plan,Asset inventory; architecture/trust-boundary notes; configuration or request/response evidence; timestamps; approved screenshots/logs; finding references as applicable,Not Started,,
Manufacturing Operations,OEE,Recon; Scanning/Enumeration; Vulnerability Assessment; Identity/Auth; Web/API/Application; Validation/Business Impact; Reporting/Retest,MFG-E011;MFG-E045;MFG-E071;MFG-E121;MFG-E122;MFG-E123;MFG-E252;MFG-E266,Active + manual validation where authorized; non-destructive by default,Controlled,Written authorization; confirmed scope; test accounts/access; testing window; logging/evidence plan,Asset inventory; architecture/trust-boundary notes; configuration or request/response evidence; timestamps; approved screenshots/logs; finding references as applicable,Not Started,,
Manufacturing Operations,traceability,Recon; Scanning/Enumeration; Vulnerability Assessment; Identity/Auth; Web/API/Application; Validation/Business Impact; Reporting/Retest,MFG-E011;MFG-E045;MFG-E071;MFG-E121;MFG-E122;MFG-E123;MFG-E252;MFG-E266,Active + manual validation where authorized; non-destructive by default,Controlled,Written authorization; confirmed scope; test accounts/access; testing window; logging/evidence plan,Asset inventory; architecture/trust-boundary notes; configuration or request/response evidence; timestamps; approved screenshots/logs; finding references as applicable,Not Started,,
Manufacturing Operations,work instructions,Recon; Scanning/Enumeration; Vulnerability Assessment; Identity/Auth; Web/API/Application; Validation/Business Impact; Reporting/Retest,MFG-E011;MFG-E045;MFG-E071;MFG-E121;MFG-E122;MFG-E123;MFG-E252;MFG-E266;MFG-X466,Active + manual validation where authorized; non-destructive by default,Controlled,Written authorization; confirmed scope; test accounts/access; testing window; logging/evidence plan,Asset inventory; architecture/trust-boundary notes; configuration or request/response evidence; timestamps; approved screenshots/logs; finding references as applicable,Not Started,,
Manufacturing Operations,recipe management,Recon; Scanning/Enumeration; Vulnerability Assessment; Identity/Auth; Web/API/Application; Validation/Business Impact; Reporting/Retest,MFG-E011;MFG-E045;MFG-E071;MFG-E121;MFG-E122;MFG-E123;MFG-E252;MFG-E266,Active + manual validation where authorized; non-destructive by default,Controlled,Written authorization; confirmed scope; test accounts/access; testing window; logging/evidence plan,Asset inventory; architecture/trust-boundary notes; configuration or request/response evidence; timestamps; approved screenshots/logs; finding references as applicable,Not Started,,
Manufacturing Operations,quality inspection,Recon; Scanning/Enumeration; Vulnerability Assessment; Identity/Auth; Web/API/Application; Validation/Business Impact; Reporting/Retest,MFG-E011;MFG-E045;MFG-E071;MFG-E121;MFG-E122;MFG-E123;MFG-E224;MFG-E252;MFG-E266;MFG-X489,Active + manual validation where authorized; non-destructive by default,Controlled,Written authorization; confirmed scope; test accounts/access; testing window; logging/evidence plan,Asset inventory; architecture/trust-boundary notes; configuration or request/response evidence; timestamps; approved screenshots/logs; finding references as applicable,Not Started,,
Manufacturing Operations,maintenance systems,Recon; Scanning/Enumeration; Vulnerability Assessment; Identity/Auth; Web/API/Application; Validation/Business Impact; Reporting/Retest,MFG-E011;MFG-E045;MFG-E071;MFG-E121;MFG-E122;MFG-E123;MFG-E252;MFG-E266;MFG-X478,Active + manual validation where authorized; non-destructive by default,Controlled,Written authorization; confirmed scope; test accounts/access; testing window; logging/evidence plan,Asset inventory; architecture/trust-boundary notes; configuration or request/response evidence; timestamps; approved screenshots/logs; finding references as applicable,Not Started,,
Manufacturing Operations,electronic batch records,Recon; Scanning/Enumeration; Vulnerability Assessment; Identity/Auth; Web/API/Application; Validation/Business Impact; Reporting/Retest,MFG-E011;MFG-E045;MFG-E071;MFG-E121;MFG-E122;MFG-E123;MFG-E252;MFG-E266;MFG-X469,Active + manual validation where authorized; non-destructive by default,Controlled,Written authorization; confirmed scope; test accounts/access; testing window; logging/evidence plan,Asset inventory; architecture/trust-boundary notes; configuration or request/response evidence; timestamps; approved screenshots/logs; finding references as applicable,Not Started,,
Manufacturing Operations,production dashboards,Recon; Scanning/Enumeration; Vulnerability Assessment; Identity/Auth; Web/API/Application; Validation/Business Impact; Reporting/Retest,MFG-E011;MFG-E045;MFG-E071;MFG-E121;MFG-E122;MFG-E123;MFG-E252;MFG-E266,Active + manual validation where authorized; non-destructive by default,Controlled,Written authorization; confirmed scope; test accounts/access; testing window; logging/evidence plan,Asset inventory; architecture/trust-boundary notes; configuration or request/response evidence; timestamps; approved screenshots/logs; finding references as applicable,Not Started,,
OT / ICS,SCADA,Recon; Scanning/Enumeration; Vulnerability Assessment; Identity/Auth; Web/API/Application; OT/ICS; Validation/Business Impact; Reporting/Retest,MFG-E011;MFG-E038;MFG-E045;MFG-E063;MFG-E071;MFG-E092;MFG-E097;MFG-E117;MFG-E144;MFG-E145;MFG-E146;MFG-E147;MFG-E148;MFG-E249;MFG-E252;MFG-E266;MFG-X366,Passive/read-only by default; controlled validation only with explicit authorization and safety gate,Restricted,Written authorization; asset owner; production status; OT safety approval; maintenance window; emergency contact; stop conditions,Asset inventory; architecture/trust-boundary notes; configuration or request/response evidence; timestamps; approved screenshots/logs; finding references as applicable; OT-safe observations; approved controller/HMI/SCADA logs; change records where applicable,Not Started,,
OT / ICS,SCADA servers,Recon; Scanning/Enumeration; Vulnerability Assessment; Identity/Auth; Web/API/Application; OT/ICS; Validation/Business Impact; Reporting/Retest,MFG-E011;MFG-E038;MFG-E045;MFG-E063;MFG-E071;MFG-E092;MFG-E097;MFG-E117;MFG-E144;MFG-E145;MFG-E146;MFG-E147;MFG-E148;MFG-E249;MFG-E252;MFG-E266;MFG-X366,Passive/read-only by default; controlled validation only with explicit authorization and safety gate,Restricted,Written authorization; asset owner; production status; OT safety approval; maintenance window; emergency contact; stop conditions,Asset inventory; architecture/trust-boundary notes; configuration or request/response evidence; timestamps; approved screenshots/logs; finding references as applicable; OT-safe observations; approved controller/HMI/SCADA logs; change records where applicable,Not Started,,
OT / ICS,SCADA clients,Recon; Scanning/Enumeration; Vulnerability Assessment; Identity/Auth; Web/API/Application; OT/ICS; Validation/Business Impact; Reporting/Retest,MFG-E011;MFG-E038;MFG-E045;MFG-E063;MFG-E071;MFG-E092;MFG-E097;MFG-E117;MFG-E144;MFG-E145;MFG-E146;MFG-E147;MFG-E148;MFG-E249;MFG-E252;MFG-E266;MFG-X366,Passive/read-only by default; controlled validation only with explicit authorization and safety gate,Restricted,Written authorization; asset owner; production status; OT safety approval; maintenance window; emergency contact; stop conditions,Asset inventory; architecture/trust-boundary notes; configuration or request/response evidence; timestamps; approved screenshots/logs; finding references as applicable; OT-safe observations; approved controller/HMI/SCADA logs; change records where applicable,Not Started,,
OT / ICS,DCS,Recon; Scanning/Enumeration; Vulnerability Assessment; Identity/Auth; Web/API/Application; OT/ICS; Validation/Business Impact; Reporting/Retest,MFG-E011;MFG-E038;MFG-E045;MFG-E063;MFG-E071;MFG-E092;MFG-E144;MFG-E145;MFG-E146;MFG-E147;MFG-E149;MFG-E252;MFG-E266,Passive/read-only by default; controlled validation only with explicit authorization and safety gate,Restricted,Written authorization; asset owner; production status; OT safety approval; maintenance window; emergency contact; stop conditions,Asset inventory; architecture/trust-boundary notes; configuration or request/response evidence; timestamps; approved screenshots/logs; finding references as applicable; OT-safe observations; approved controller/HMI/SCADA logs; change records where applicable,Not Started,,
OT / ICS,DCS servers,Recon; Scanning/Enumeration; Vulnerability Assessment; Identity/Auth; Web/API/Application; OT/ICS; Validation/Business Impact; Reporting/Retest,MFG-E011;MFG-E038;MFG-E045;MFG-E063;MFG-E071;MFG-E092;MFG-E097;MFG-E144;MFG-E145;MFG-E146;MFG-E147;MFG-E149;MFG-E252;MFG-E266,Passive/read-only by default; controlled validation only with explicit authorization and safety gate,Restricted,Written authorization; asset owner; production status; OT safety approval; maintenance window; emergency contact; stop conditions,Asset inventory; architecture/trust-boundary notes; configuration or request/response evidence; timestamps; approved screenshots/logs; finding references as applicable; OT-safe observations; approved controller/HMI/SCADA logs; change records where applicable,Not Started,,
OT / ICS,PLC,Recon; Scanning/Enumeration; Vulnerability Assessment; Identity/Auth; Web/API/Application; OT/ICS; Validation/Business Impact; Reporting/Retest,MFG-E011;MFG-E039;MFG-E045;MFG-E064;MFG-E071;MFG-E093;MFG-E097;MFG-E144;MFG-E145;MFG-E146;MFG-E147;MFG-E150;MFG-E252;MFG-E266;MFG-X310;MFG-X365,Passive/read-only by default; controlled validation only with explicit authorization and safety gate,Restricted,Written authorization; asset owner; production status; OT safety approval; maintenance window; emergency contact; stop conditions,Asset inventory; architecture/trust-boundary notes; configuration or request/response evidence; timestamps; approved screenshots/logs; finding references as applicable; OT-safe observations; approved controller/HMI/SCADA logs; change records where applicable,Not Started,,
OT / ICS,PAC,Recon; Scanning/Enumeration; Vulnerability Assessment; Identity/Auth; Web/API/Application; OT/ICS; Validation/Business Impact; Reporting/Retest,MFG-E011;MFG-E045;MFG-E071;MFG-E144;MFG-E145;MFG-E146;MFG-E147;MFG-E214;MFG-E252;MFG-E256;MFG-E257;MFG-E258;MFG-E259;MFG-E260;MFG-E261;MFG-E262;MFG-E263;MFG-E266;MFG-E274;MFG-X395,Passive/read-only by default; controlled validation only with explicit authorization and safety gate,Restricted,Written authorization; asset owner; production status; OT safety approval; maintenance window; emergency contact; stop conditions,Asset inventory; architecture/trust-boundary notes; configuration or request/response evidence; timestamps; approved screenshots/logs; finding references as applicable; OT-safe observations; approved controller/HMI/SCADA logs; change records where applicable,Not Started,,
OT / ICS,RTU,Recon; Scanning/Enumeration; Vulnerability Assessment; Identity/Auth; Web/API/Application; OT/ICS; Validation/Business Impact; Reporting/Retest,MFG-E011;MFG-E045;MFG-E071;MFG-E144;MFG-E145;MFG-E146;MFG-E147;MFG-E152;MFG-E252;MFG-E266,Passive/read-only by default; controlled validation only with explicit authorization and safety gate,Restricted,Written authorization; asset owner; production status; OT safety approval; maintenance window; emergency contact; stop conditions,Asset inventory; architecture/trust-boundary notes; configuration or request/response evidence; timestamps; approved screenshots/logs; finding references as applicable; OT-safe observations; approved controller/HMI/SCADA logs; change records where applicable,Not Started,,
OT / ICS,HMI,Recon; Scanning/Enumeration; Vulnerability Assessment; Identity/Auth; Web/API/Application; OT/ICS; Validation/Business Impact; Reporting/Retest,MFG-E011;MFG-E039;MFG-E045;MFG-E064;MFG-E071;MFG-E093;MFG-E097;MFG-E144;MFG-E145;MFG-E146;MFG-E147;MFG-E151;MFG-E249;MFG-E252;MFG-E266;MFG-X367,Passive/read-only by default; controlled validation only with explicit authorization and safety gate,Restricted,Written authorization; asset owner; production status; OT safety approval; maintenance window; emergency contact; stop conditions,Asset inventory; architecture/trust-boundary notes; configuration or request/response evidence; timestamps; approved screenshots/logs; finding references as applicable; OT-safe observations; approved controller/HMI/SCADA logs; change records where applicable,Not Started,,
OT / ICS,historian,Recon; Scanning/Enumeration; Vulnerability Assessment; Identity/Auth; Web/API/Application; OT/ICS; Validation/Business Impact; Reporting/Retest,MFG-E011;MFG-E040;MFG-E045;MFG-E065;MFG-E071;MFG-E094;MFG-E144;MFG-E145;MFG-E146;MFG-E147;MFG-E153;MFG-E252;MFG-E266,Passive/read-only by default; controlled validation only with explicit authorization and safety gate,Restricted,Written authorization; asset owner; production status; OT safety approval; maintenance window; emergency contact; stop conditions,Asset inventory; architecture/trust-boundary notes; configuration or request/response evidence; timestamps; approved screenshots/logs; finding references as applicable; OT-safe observations; approved controller/HMI/SCADA logs; change records where applicable,Not Started,,
OT / ICS,alarm servers,Recon; Scanning/Enumeration; Vulnerability Assessment; Identity/Auth; Web/API/Application; OT/ICS; Validation/Business Impact; Reporting/Retest,MFG-E011;MFG-E045;MFG-E071;MFG-E097;MFG-E144;MFG-E145;MFG-E146;MFG-E147;MFG-E252;MFG-E266,Passive/read-only by default; controlled validation only with explicit authorization and safety gate,Restricted,Written authorization; asset owner; production status; OT safety approval; maintenance window; emergency contact; stop conditions,Asset inventory; architecture/trust-boundary notes; configuration or request/response evidence; timestamps; approved screenshots/logs; finding references as applicable; OT-safe observations; approved controller/HMI/SCADA logs; change records where applicable,Not Started,,
OT / ICS,event servers,Recon; Scanning/Enumeration; Vulnerability Assessment; Identity/Auth; Web/API/Application; OT/ICS; Validation/Business Impact; Reporting/Retest,MFG-E011;MFG-E045;MFG-E071;MFG-E097;MFG-E144;MFG-E145;MFG-E146;MFG-E147;MFG-E252;MFG-E266,Passive/read-only by default; controlled validation only with explicit authorization and safety gate,Restricted,Written authorization; asset owner; production status; OT safety approval; maintenance window; emergency contact; stop conditions,Asset inventory; architecture/trust-boundary notes; configuration or request/response evidence; timestamps; approved screenshots/logs; finding references as applicable; OT-safe observations; approved controller/HMI/SCADA logs; change records where applicable,Not Started,,
OT / ICS,engineering stations,Recon; Scanning/Enumeration; Vulnerability Assessment; Identity/Auth; Web/API/Application; OT/ICS; Validation/Business Impact; Reporting/Retest,MFG-E011;MFG-E045;MFG-E071;MFG-E144;MFG-E145;MFG-E146;MFG-E147;MFG-E252;MFG-E266,Passive/read-only by default; controlled validation only with explicit authorization and safety gate,Restricted,Written authorization; asset owner; production status; OT safety approval; maintenance window; emergency contact; stop conditions,Asset inventory; architecture/trust-boundary notes; configuration or request/response evidence; timestamps; approved screenshots/logs; finding references as applicable; OT-safe observations; approved controller/HMI/SCADA logs; change records where applicable,Not Started,,
OT / ICS,control servers,Recon; Scanning/Enumeration; Vulnerability Assessment; Identity/Auth; Web/API/Application; OT/ICS; Validation/Business Impact; Reporting/Retest,MFG-E011;MFG-E045;MFG-E071;MFG-E097;MFG-E144;MFG-E145;MFG-E146;MFG-E147;MFG-E252;MFG-E266,Passive/read-only by default; controlled validation only with explicit authorization and safety gate,Restricted,Written authorization; asset owner; production status; OT safety approval; maintenance window; emergency contact; stop conditions,Asset inventory; architecture/trust-boundary notes; configuration or request/response evidence; timestamps; approved screenshots/logs; finding references as applicable; OT-safe observations; approved controller/HMI/SCADA logs; change records where applicable,Not Started,,
OT / ICS,application servers,Recon; Scanning/Enumeration; Vulnerability Assessment; Identity/Auth; Web/API/Application; OT/ICS; Validation/Business Impact; Reporting/Retest,MFG-E011;MFG-E045;MFG-E071;MFG-E097;MFG-E144;MFG-E145;MFG-E146;MFG-E147;MFG-E252;MFG-E266,Passive/read-only by default; controlled validation only with explicit authorization and safety gate,Restricted,Written authorization; asset owner; production status; OT safety approval; maintenance window; emergency contact; stop conditions,Asset inventory; architecture/trust-boundary notes; configuration or request/response evidence; timestamps; approved screenshots/logs; finding references as applicable; OT-safe observations; approved controller/HMI/SCADA logs; change records where applicable,Not Started,,
OT / ICS,data gateways,Recon; Scanning/Enumeration; Vulnerability Assessment; Identity/Auth; Web/API/Application; OT/ICS; Validation/Business Impact; Reporting/Retest,MFG-E011;MFG-E045;MFG-E071;MFG-E144;MFG-E145;MFG-E146;MFG-E147;MFG-E252;MFG-E266,Passive/read-only by default; controlled validation only with explicit authorization and safety gate,Restricted,Written authorization; asset owner; production status; OT safety approval; maintenance window; emergency contact; stop conditions,Asset inventory; architecture/trust-boundary notes; configuration or request/response evidence; timestamps; approved screenshots/logs; finding references as applicable; OT-safe observations; approved controller/HMI/SCADA logs; change records where applicable,Not Started,,
OT / ICS,industrial PCs,Recon; Scanning/Enumeration; Vulnerability Assessment; Identity/Auth; Web/API/Application; OT/ICS; Validation/Business Impact; Reporting/Retest,MFG-E011;MFG-E045;MFG-E071;MFG-E144;MFG-E145;MFG-E146;MFG-E147;MFG-E252;MFG-E266,Passive/read-only by default; controlled validation only with explicit authorization and safety gate,Restricted,Written authorization; asset owner; production status; OT safety approval; maintenance window; emergency contact; stop conditions,Asset inventory; architecture/trust-boundary notes; configuration or request/response evidence; timestamps; approved screenshots/logs; finding references as applicable; OT-safe observations; approved controller/HMI/SCADA logs; change records where applicable,Not Started,,
OT / ICS,safety controllers,Recon; Scanning/Enumeration; Vulnerability Assessment; Identity/Auth; Web/API/Application; OT/ICS; Validation/Business Impact; Reporting/Retest,MFG-E006;MFG-E011;MFG-E045;MFG-E071;MFG-E144;MFG-E145;MFG-E146;MFG-E147;MFG-E167;MFG-E252;MFG-E259;MFG-E266;MFG-X309;MFG-X310;MFG-X311;MFG-X312;MFG-X395;MFG-X479,Passive/read-only by default; controlled validation only with explicit authorization and safety gate,Restricted,Written authorization; asset owner; production status; OT safety approval; maintenance window; emergency contact; stop conditions,Asset inventory; architecture/trust-boundary notes; configuration or request/response evidence; timestamps; approved screenshots/logs; finding references as applicable; OT-safe observations; approved controller/HMI/SCADA logs; change records where applicable,Not Started,,
OT / ICS,industrial gateways,Recon; Scanning/Enumeration; Vulnerability Assessment; Identity/Auth; Web/API/Application; OT/ICS; Validation/Business Impact; Reporting/Retest,MFG-E011;MFG-E045;MFG-E071;MFG-E144;MFG-E145;MFG-E146;MFG-E147;MFG-E252;MFG-E266,Passive/read-only by default; controlled validation only with explicit authorization and safety gate,Restricted,Written authorization; asset owner; production status; OT safety approval; maintenance window; emergency contact; stop conditions,Asset inventory; architecture/trust-boundary notes; configuration or request/response evidence; timestamps; approved screenshots/logs; finding references as applicable; OT-safe observations; approved controller/HMI/SCADA logs; change records where applicable,Not Started,,
Physical / Facility / Safety,CCTV,Recon; Scanning/Enumeration; Vulnerability Assessment; Identity/Auth; Web/API/Application; OT/ICS; Validation/Business Impact; Reporting/Retest,MFG-E011;MFG-E045;MFG-E071;MFG-E144;MFG-E252;MFG-E266;MFG-X309;MFG-X310;MFG-X311,Passive/read-only by default; controlled validation only with explicit authorization and safety gate,Restricted,Written authorization; asset owner; production status; OT safety approval; maintenance window; emergency contact; stop conditions,Asset inventory; architecture/trust-boundary notes; configuration or request/response evidence; timestamps; approved screenshots/logs; finding references as applicable,Not Started,,
Physical / Facility / Safety,NVR,Recon; Scanning/Enumeration; Vulnerability Assessment; Identity/Auth; Web/API/Application; OT/ICS; Validation/Business Impact; Reporting/Retest,MFG-E011;MFG-E045;MFG-E071;MFG-E144;MFG-E252;MFG-E266;MFG-X309;MFG-X310;MFG-X311,Passive/read-only by default; controlled validation only with explicit authorization and safety gate,Restricted,Written authorization; asset owner; production status; OT safety approval; maintenance window; emergency contact; stop conditions,Asset inventory; architecture/trust-boundary notes; configuration or request/response evidence; timestamps; approved screenshots/logs; finding references as applicable,Not Started,,
Physical / Facility / Safety,DVR,Recon; Scanning/Enumeration; Vulnerability Assessment; Identity/Auth; Web/API/Application; OT/ICS; Validation/Business Impact; Reporting/Retest,MFG-E011;MFG-E045;MFG-E071;MFG-E144;MFG-E252;MFG-E266;MFG-X309;MFG-X310;MFG-X311,Passive/read-only by default; controlled validation only with explicit authorization and safety gate,Restricted,Written authorization; asset owner; production status; OT safety approval; maintenance window; emergency contact; stop conditions,Asset inventory; architecture/trust-boundary notes; configuration or request/response evidence; timestamps; approved screenshots/logs; finding references as applicable,Not Started,,
Physical / Facility / Safety,access control,Recon; Scanning/Enumeration; Vulnerability Assessment; Identity/Auth; Web/API/Application; OT/ICS; Validation/Business Impact; Reporting/Retest,MFG-E011;MFG-E045;MFG-E071;MFG-E120;MFG-E144;MFG-E252;MFG-E266;MFG-X309;MFG-X310;MFG-X311;MFG-X352;MFG-X485,Passive/read-only by default; controlled validation only with explicit authorization and safety gate,Restricted,Written authorization; asset owner; production status; OT safety approval; maintenance window; emergency contact; stop conditions,Asset inventory; architecture/trust-boundary notes; configuration or request/response evidence; timestamps; approved screenshots/logs; finding references as applicable,Not Started,,
Physical / Facility / Safety,badge readers,Recon; Scanning/Enumeration; Vulnerability Assessment; Identity/Auth; Web/API/Application; OT/ICS; Validation/Business Impact; Reporting/Retest,MFG-E011;MFG-E045;MFG-E071;MFG-E097;MFG-E144;MFG-E252;MFG-E266;MFG-X309;MFG-X310;MFG-X311;MFG-X352,Passive/read-only by default; controlled validation only with explicit authorization and safety gate,Restricted,Written authorization; asset owner; production status; OT safety approval; maintenance window; emergency contact; stop conditions,Asset inventory; architecture/trust-boundary notes; configuration or request/response evidence; timestamps; approved screenshots/logs; finding references as applicable,Not Started,,
Physical / Facility / Safety,biometrics,Recon; Scanning/Enumeration; Vulnerability Assessment; Identity/Auth; Web/API/Application; OT/ICS; Validation/Business Impact; Reporting/Retest,MFG-E011;MFG-E045;MFG-E071;MFG-E144;MFG-E252;MFG-E266;MFG-X309;MFG-X310;MFG-X311,Passive/read-only by default; controlled validation only with explicit authorization and safety gate,Restricted,Written authorization; asset owner; production status; OT safety approval; maintenance window; emergency contact; stop conditions,Asset inventory; architecture/trust-boundary notes; configuration or request/response evidence; timestamps; approved screenshots/logs; finding references as applicable,Not Started,,
Physical / Facility / Safety,turnstiles,Recon; Scanning/Enumeration; Vulnerability Assessment; Identity/Auth; Web/API/Application; OT/ICS; Validation/Business Impact; Reporting/Retest,MFG-E011;MFG-E045;MFG-E071;MFG-E144;MFG-E252;MFG-E266;MFG-X309;MFG-X310;MFG-X311,Passive/read-only by default; controlled validation only with explicit authorization and safety gate,Restricted,Written authorization; asset owner; production status; OT safety approval; maintenance window; emergency contact; stop conditions,Asset inventory; architecture/trust-boundary notes; configuration or request/response evidence; timestamps; approved screenshots/logs; finding references as applicable,Not Started,,
Physical / Facility / Safety,visitor management,Recon; Scanning/Enumeration; Vulnerability Assessment; Identity/Auth; Web/API/Application; OT/ICS; Validation/Business Impact; Reporting/Retest,MFG-E011;MFG-E045;MFG-E071;MFG-E144;MFG-E252;MFG-E266;MFG-X309;MFG-X310;MFG-X311;MFG-X354,Passive/read-only by default; controlled validation only with explicit authorization and safety gate,Restricted,Written authorization; asset owner; production status; OT safety approval; maintenance window; emergency contact; stop conditions,Asset inventory; architecture/trust-boundary notes; configuration or request/response evidence; timestamps; approved screenshots/logs; finding references as applicable,Not Started,,
Physical / Facility / Safety,BMS,Recon; Scanning/Enumeration; Vulnerability Assessment; Identity/Auth; Web/API/Application; OT/ICS; Validation/Business Impact; Reporting/Retest,MFG-E011;MFG-E045;MFG-E071;MFG-E144;MFG-E252;MFG-E266;MFG-X309;MFG-X310;MFG-X311,Passive/read-only by default; controlled validation only with explicit authorization and safety gate,Restricted,Written authorization; asset owner; production status; OT safety approval; maintenance window; emergency contact; stop conditions,Asset inventory; architecture/trust-boundary notes; configuration or request/response evidence; timestamps; approved screenshots/logs; finding references as applicable,Not Started,,
Physical / Facility / Safety,HVAC,Recon; Scanning/Enumeration; Vulnerability Assessment; Identity/Auth; Web/API/Application; OT/ICS; Validation/Business Impact; Reporting/Retest,MFG-E011;MFG-E045;MFG-E071;MFG-E144;MFG-E252;MFG-E266;MFG-X309;MFG-X310;MFG-X311,Passive/read-only by default; controlled validation only with explicit authorization and safety gate,Restricted,Written authorization; asset owner; production status; OT safety approval; maintenance window; emergency contact; stop conditions,Asset inventory; architecture/trust-boundary notes; configuration or request/response evidence; timestamps; approved screenshots/logs; finding references as applicable,Not Started,,
Physical / Facility / Safety,lighting control,Recon; Scanning/Enumeration; Vulnerability Assessment; Identity/Auth; Web/API/Application; OT/ICS; Validation/Business Impact; Reporting/Retest,MFG-E011;MFG-E045;MFG-E071;MFG-E144;MFG-E252;MFG-E266;MFG-X309;MFG-X310;MFG-X311,Passive/read-only by default; controlled validation only with explicit authorization and safety gate,Restricted,Written authorization; asset owner; production status; OT safety approval; maintenance window; emergency contact; stop conditions,Asset inventory; architecture/trust-boundary notes; configuration or request/response evidence; timestamps; approved screenshots/logs; finding references as applicable,Not Started,,
Physical / Facility / Safety,fire alarm systems,Recon; Scanning/Enumeration; Vulnerability Assessment; Identity/Auth; Web/API/Application; OT/ICS; Validation/Business Impact; Reporting/Retest,MFG-E011;MFG-E045;MFG-E071;MFG-E144;MFG-E252;MFG-E266;MFG-X309;MFG-X310;MFG-X311,Passive/read-only by default; controlled validation only with explicit authorization and safety gate,Restricted,Written authorization; asset owner; production status; OT safety approval; maintenance window; emergency contact; stop conditions,Asset inventory; architecture/trust-boundary notes; configuration or request/response evidence; timestamps; approved screenshots/logs; finding references as applicable,Not Started,,
Physical / Facility / Safety,power monitoring,Recon; Scanning/Enumeration; Vulnerability Assessment; Identity/Auth; Web/API/Application; OT/ICS; Validation/Business Impact; Reporting/Retest,MFG-E011;MFG-E045;MFG-E071;MFG-E144;MFG-E252;MFG-E266;MFG-X309;MFG-X310;MFG-X311,Passive/read-only by default; controlled validation only with explicit authorization and safety gate,Restricted,Written authorization; asset owner; production status; OT safety approval; maintenance window; emergency contact; stop conditions,Asset inventory; architecture/trust-boundary notes; configuration or request/response evidence; timestamps; approved screenshots/logs; finding references as applicable,Not Started,,
Physical / Facility / Safety,UPS,Recon; Scanning/Enumeration; Vulnerability Assessment; Identity/Auth; Web/API/Application; OT/ICS; Validation/Business Impact; Reporting/Retest,MFG-E011;MFG-E045;MFG-E071;MFG-E144;MFG-E252;MFG-E266;MFG-X309;MFG-X310;MFG-X311;MFG-X363,Passive/read-only by default; controlled validation only with explicit authorization and safety gate,Restricted,Written authorization; asset owner; production status; OT safety approval; maintenance window; emergency contact; stop conditions,Asset inventory; architecture/trust-boundary notes; configuration or request/response evidence; timestamps; approved screenshots/logs; finding references as applicable,Not Started,,
Physical / Facility / Safety,generators,Recon; Scanning/Enumeration; Vulnerability Assessment; Identity/Auth; Web/API/Application; OT/ICS; Validation/Business Impact; Reporting/Retest,MFG-E011;MFG-E045;MFG-E071;MFG-E144;MFG-E252;MFG-E266;MFG-X309;MFG-X310;MFG-X311,Passive/read-only by default; controlled validation only with explicit authorization and safety gate,Restricted,Written authorization; asset owner; production status; OT safety approval; maintenance window; emergency contact; stop conditions,Asset inventory; architecture/trust-boundary notes; configuration or request/response evidence; timestamps; approved screenshots/logs; finding references as applicable,Not Started,,
Physical / Facility / Safety,environmental monitoring,Recon; Scanning/Enumeration; Vulnerability Assessment; Identity/Auth; Web/API/Application; OT/ICS; Validation/Business Impact; Reporting/Retest,MFG-E011;MFG-E045;MFG-E071;MFG-E144;MFG-E252;MFG-E266;MFG-X309;MFG-X310;MFG-X311;MFG-X474,Passive/read-only by default; controlled validation only with explicit authorization and safety gate,Restricted,Written authorization; asset owner; production status; OT safety approval; maintenance window; emergency contact; stop conditions,Asset inventory; architecture/trust-boundary notes; configuration or request/response evidence; timestamps; approved screenshots/logs; finding references as applicable,Not Started,,
Physical / Facility / Safety,safety PLC,Recon; Scanning/Enumeration; Vulnerability Assessment; Identity/Auth; Web/API/Application; OT/ICS; Validation/Business Impact; Reporting/Retest,MFG-E011;MFG-E045;MFG-E071;MFG-E097;MFG-E144;MFG-E167;MFG-E252;MFG-E256;MFG-E257;MFG-E259;MFG-E262;MFG-E266;MFG-X309;MFG-X310;MFG-X311;MFG-X312;MFG-X365;MFG-X395;MFG-X479,Passive/read-only by default; controlled validation only with explicit authorization and safety gate,Restricted,Written authorization; asset owner; production status; OT safety approval; maintenance window; emergency contact; stop conditions,Asset inventory; architecture/trust-boundary notes; configuration or request/response evidence; timestamps; approved screenshots/logs; finding references as applicable,Not Started,,
Physical / Facility / Safety,safety controllers,Recon; Scanning/Enumeration; Vulnerability Assessment; Identity/Auth; Web/API/Application; OT/ICS; Validation/Business Impact; Reporting/Retest,MFG-E006;MFG-E011;MFG-E045;MFG-E071;MFG-E144;MFG-E167;MFG-E252;MFG-E259;MFG-E266;MFG-X309;MFG-X310;MFG-X311;MFG-X312;MFG-X395;MFG-X479,Passive/read-only by default; controlled validation only with explicit authorization and safety gate,Restricted,Written authorization; asset owner; production status; OT safety approval; maintenance window; emergency contact; stop conditions,Asset inventory; architecture/trust-boundary notes; configuration or request/response evidence; timestamps; approved screenshots/logs; finding references as applicable,Not Started,,
Physical / Facility / Safety,emergency stops,Recon; Scanning/Enumeration; Vulnerability Assessment; Identity/Auth; Web/API/Application; OT/ICS; Validation/Business Impact; Reporting/Retest,MFG-E011;MFG-E045;MFG-E071;MFG-E144;MFG-E252;MFG-E266;MFG-X309;MFG-X310;MFG-X311;MFG-X480,Passive/read-only by default; controlled validation only with explicit authorization and safety gate,Restricted,Written authorization; asset owner; production status; OT safety approval; maintenance window; emergency contact; stop conditions,Asset inventory; architecture/trust-boundary notes; configuration or request/response evidence; timestamps; approved screenshots/logs; finding references as applicable,Not Started,,
Physical / Facility / Safety,safety interlocks,Recon; Scanning/Enumeration; Vulnerability Assessment; Identity/Auth; Web/API/Application; OT/ICS; Validation/Business Impact; Reporting/Retest,MFG-E006;MFG-E011;MFG-E045;MFG-E071;MFG-E144;MFG-E167;MFG-E252;MFG-E259;MFG-E266;MFG-X309;MFG-X310;MFG-X311;MFG-X312;MFG-X395;MFG-X479,Passive/read-only by default; controlled validation only with explicit authorization and safety gate,Restricted,Written authorization; asset owner; production status; OT safety approval; maintenance window; emergency contact; stop conditions,Asset inventory; architecture/trust-boundary notes; configuration or request/response evidence; timestamps; approved screenshots/logs; finding references as applicable,Not Started,,
Physical / Facility / Safety,fire/gas systems,Recon; Scanning/Enumeration; Vulnerability Assessment; Identity/Auth; Web/API/Application; OT/ICS; Validation/Business Impact; Reporting/Retest,MFG-E011;MFG-E045;MFG-E071;MFG-E144;MFG-E252;MFG-E266;MFG-X309;MFG-X310;MFG-X311,Passive/read-only by default; controlled validation only with explicit authorization and safety gate,Restricted,Written authorization; asset owner; production status; OT safety approval; maintenance window; emergency contact; stop conditions,Asset inventory; architecture/trust-boundary notes; configuration or request/response evidence; timestamps; approved screenshots/logs; finding references as applicable,Not Started,,
Plant Utilities,electrical systems,Recon; Scanning/Enumeration; Vulnerability Assessment; Identity/Auth; Web/API/Application; OT/ICS; Validation/Business Impact; Reporting/Retest,MFG-E011;MFG-E045;MFG-E071;MFG-E144;MFG-E252;MFG-E266;MFG-X350;MFG-X351;MFG-X352,Passive/read-only by default; controlled validation only with explicit authorization and safety gate,Restricted,Written authorization; asset owner; production status; OT safety approval; maintenance window; emergency contact; stop conditions,Asset inventory; architecture/trust-boundary notes; configuration or request/response evidence; timestamps; approved screenshots/logs; finding references as applicable; OT-safe observations; approved controller/HMI/SCADA logs; change records where applicable,Not Started,,
Plant Utilities,smart meters,Recon; Scanning/Enumeration; Vulnerability Assessment; Identity/Auth; Web/API/Application; OT/ICS; Validation/Business Impact; Reporting/Retest,MFG-E011;MFG-E045;MFG-E071;MFG-E144;MFG-E252;MFG-E266;MFG-X350;MFG-X351;MFG-X352,Passive/read-only by default; controlled validation only with explicit authorization and safety gate,Restricted,Written authorization; asset owner; production status; OT safety approval; maintenance window; emergency contact; stop conditions,Asset inventory; architecture/trust-boundary notes; configuration or request/response evidence; timestamps; approved screenshots/logs; finding references as applicable; OT-safe observations; approved controller/HMI/SCADA logs; change records where applicable,Not Started,,
Plant Utilities,compressed air,Recon; Scanning/Enumeration; Vulnerability Assessment; Identity/Auth; Web/API/Application; OT/ICS; Validation/Business Impact; Reporting/Retest,MFG-E011;MFG-E045;MFG-E071;MFG-E144;MFG-E252;MFG-E266;MFG-X350;MFG-X351;MFG-X352,Passive/read-only by default; controlled validation only with explicit authorization and safety gate,Restricted,Written authorization; asset owner; production status; OT safety approval; maintenance window; emergency contact; stop conditions,Asset inventory; architecture/trust-boundary notes; configuration or request/response evidence; timestamps; approved screenshots/logs; finding references as applicable; OT-safe observations; approved controller/HMI/SCADA logs; change records where applicable,Not Started,,
Plant Utilities,steam,Recon; Scanning/Enumeration; Vulnerability Assessment; Identity/Auth; Web/API/Application; OT/ICS; Validation/Business Impact; Reporting/Retest,MFG-E011;MFG-E045;MFG-E071;MFG-E144;MFG-E252;MFG-E266;MFG-X350;MFG-X351;MFG-X352,Passive/read-only by default; controlled validation only with explicit authorization and safety gate,Restricted,Written authorization; asset owner; production status; OT safety approval; maintenance window; emergency contact; stop conditions,Asset inventory; architecture/trust-boundary notes; configuration or request/response evidence; timestamps; approved screenshots/logs; finding references as applicable; OT-safe observations; approved controller/HMI/SCADA logs; change records where applicable,Not Started,,
Plant Utilities,water,Recon; Scanning/Enumeration; Vulnerability Assessment; Identity/Auth; Web/API/Application; OT/ICS; Validation/Business Impact; Reporting/Retest,MFG-E011;MFG-E045;MFG-E071;MFG-E144;MFG-E252;MFG-E266;MFG-X350;MFG-X351;MFG-X352,Passive/read-only by default; controlled validation only with explicit authorization and safety gate,Restricted,Written authorization; asset owner; production status; OT safety approval; maintenance window; emergency contact; stop conditions,Asset inventory; architecture/trust-boundary notes; configuration or request/response evidence; timestamps; approved screenshots/logs; finding references as applicable; OT-safe observations; approved controller/HMI/SCADA logs; change records where applicable,Not Started,,
Plant Utilities,cooling,Recon; Scanning/Enumeration; Vulnerability Assessment; Identity/Auth; Web/API/Application; OT/ICS; Validation/Business Impact; Reporting/Retest,MFG-E011;MFG-E045;MFG-E071;MFG-E144;MFG-E252;MFG-E266;MFG-X350;MFG-X351;MFG-X352,Passive/read-only by default; controlled validation only with explicit authorization and safety gate,Restricted,Written authorization; asset owner; production status; OT safety approval; maintenance window; emergency contact; stop conditions,Asset inventory; architecture/trust-boundary notes; configuration or request/response evidence; timestamps; approved screenshots/logs; finding references as applicable; OT-safe observations; approved controller/HMI/SCADA logs; change records where applicable,Not Started,,
Plant Utilities,HVAC,Recon; Scanning/Enumeration; Vulnerability Assessment; Identity/Auth; Web/API/Application; OT/ICS; Validation/Business Impact; Reporting/Retest,MFG-E011;MFG-E045;MFG-E071;MFG-E144;MFG-E252;MFG-E266;MFG-X350;MFG-X351;MFG-X352,Passive/read-only by default; controlled validation only with explicit authorization and safety gate,Restricted,Written authorization; asset owner; production status; OT safety approval; maintenance window; emergency contact; stop conditions,Asset inventory; architecture/trust-boundary notes; configuration or request/response evidence; timestamps; approved screenshots/logs; finding references as applicable; OT-safe observations; approved controller/HMI/SCADA logs; change records where applicable,Not Started,,
Plant Utilities,energy management,Recon; Scanning/Enumeration; Vulnerability Assessment; Identity/Auth; Web/API/Application; OT/ICS; Validation/Business Impact; Reporting/Retest,MFG-E011;MFG-E045;MFG-E071;MFG-E144;MFG-E252;MFG-E266;MFG-X350;MFG-X351;MFG-X352;MFG-X472,Passive/read-only by default; controlled validation only with explicit authorization and safety gate,Restricted,Written authorization; asset owner; production status; OT safety approval; maintenance window; emergency contact; stop conditions,Asset inventory; architecture/trust-boundary notes; configuration or request/response evidence; timestamps; approved screenshots/logs; finding references as applicable; OT-safe observations; approved controller/HMI/SCADA logs; change records where applicable,Not Started,,
Plant Utilities,utility monitoring,Recon; Scanning/Enumeration; Vulnerability Assessment; Identity/Auth; Web/API/Application; OT/ICS; Validation/Business Impact; Reporting/Retest,MFG-E011;MFG-E045;MFG-E071;MFG-E144;MFG-E252;MFG-E266;MFG-X350;MFG-X351;MFG-X352,Passive/read-only by default; controlled validation only with explicit authorization and safety gate,Restricted,Written authorization; asset owner; production status; OT safety approval; maintenance window; emergency contact; stop conditions,Asset inventory; architecture/trust-boundary notes; configuration or request/response evidence; timestamps; approved screenshots/logs; finding references as applicable; OT-safe observations; approved controller/HMI/SCADA logs; change records where applicable,Not Started,,
Remote Access & Third Parties,SSL VPN,Recon; Scanning/Enumeration; Vulnerability Assessment; Identity/Auth; Web/API/Application; Validation/Business Impact; Reporting/Retest,MFG-E011;MFG-E019;MFG-E045;MFG-E050;MFG-E071;MFG-E075;MFG-E097;MFG-E200;MFG-E204;MFG-E205;MFG-E246;MFG-E252;MFG-E266,Active + manual validation where authorized; non-destructive by default,Controlled,Written authorization; confirmed scope; test accounts/access; testing window; logging/evidence plan,Asset inventory; architecture/trust-boundary notes; configuration or request/response evidence; timestamps; approved screenshots/logs; finding references as applicable,Not Started,,
Remote Access & Third Parties,IPsec VPN,Recon; Scanning/Enumeration; Vulnerability Assessment; Identity/Auth; Web/API/Application; Validation/Business Impact; Reporting/Retest,MFG-E011;MFG-E019;MFG-E045;MFG-E050;MFG-E071;MFG-E075;MFG-E097;MFG-E200;MFG-E204;MFG-E205;MFG-E246;MFG-E252;MFG-E266,Active + manual validation where authorized; non-destructive by default,Controlled,Written authorization; confirmed scope; test accounts/access; testing window; logging/evidence plan,Asset inventory; architecture/trust-boundary notes; configuration or request/response evidence; timestamps; approved screenshots/logs; finding references as applicable,Not Started,,
Remote Access & Third Parties,site-to-site VPN,Recon; Scanning/Enumeration; Vulnerability Assessment; Identity/Auth; Web/API/Application; Validation/Business Impact; Reporting/Retest,MFG-E011;MFG-E019;MFG-E045;MFG-E050;MFG-E071;MFG-E075;MFG-E097;MFG-E200;MFG-E204;MFG-E205;MFG-E246;MFG-E252;MFG-E266,Active + manual validation where authorized; non-destructive by default,Controlled,Written authorization; confirmed scope; test accounts/access; testing window; logging/evidence plan,Asset inventory; architecture/trust-boundary notes; configuration or request/response evidence; timestamps; approved screenshots/logs; finding references as applicable,Not Started,,
Remote Access & Third Parties,vendor VPN,Recon; Scanning/Enumeration; Vulnerability Assessment; Identity/Auth; Web/API/Application; Validation/Business Impact; Reporting/Retest,MFG-E011;MFG-E019;MFG-E045;MFG-E050;MFG-E071;MFG-E075;MFG-E097;MFG-E200;MFG-E204;MFG-E205;MFG-E246;MFG-E252;MFG-E266,Active + manual validation where authorized; non-destructive by default,Controlled,Written authorization; confirmed scope; test accounts/access; testing window; logging/evidence plan,Asset inventory; architecture/trust-boundary notes; configuration or request/response evidence; timestamps; approved screenshots/logs; finding references as applicable,Not Started,,
Remote Access & Third Parties,RDP,Recon; Scanning/Enumeration; Vulnerability Assessment; Identity/Auth; Web/API/Application; Validation/Business Impact; Reporting/Retest,MFG-E011;MFG-E045;MFG-E071;MFG-E200;MFG-E201;MFG-E204;MFG-E205;MFG-E252;MFG-E266,Active + manual validation where authorized; non-destructive by default,Controlled,Written authorization; confirmed scope; test accounts/access; testing window; logging/evidence plan,Asset inventory; architecture/trust-boundary notes; configuration or request/response evidence; timestamps; approved screenshots/logs; finding references as applicable,Not Started,,
Remote Access & Third Parties,SSH,Recon; Scanning/Enumeration; Vulnerability Assessment; Identity/Auth; Web/API/Application; Validation/Business Impact; Reporting/Retest,MFG-E011;MFG-E045;MFG-E071;MFG-E200;MFG-E202;MFG-E204;MFG-E205;MFG-E252;MFG-E266,Active + manual validation where authorized; non-destructive by default,Controlled,Written authorization; confirmed scope; test accounts/access; testing window; logging/evidence plan,Asset inventory; architecture/trust-boundary notes; configuration or request/response evidence; timestamps; approved screenshots/logs; finding references as applicable,Not Started,,
Remote Access & Third Parties,VNC,Recon; Scanning/Enumeration; Vulnerability Assessment; Identity/Auth; Web/API/Application; Validation/Business Impact; Reporting/Retest,MFG-E011;MFG-E045;MFG-E071;MFG-E200;MFG-E204;MFG-E205;MFG-E252;MFG-E266,Active + manual validation where authorized; non-destructive by default,Controlled,Written authorization; confirmed scope; test accounts/access; testing window; logging/evidence plan,Asset inventory; architecture/trust-boundary notes; configuration or request/response evidence; timestamps; approved screenshots/logs; finding references as applicable,Not Started,,
Remote Access & Third Parties,jump servers,Recon; Scanning/Enumeration; Vulnerability Assessment; Identity/Auth; Web/API/Application; Validation/Business Impact; Reporting/Retest,MFG-E011;MFG-E045;MFG-E071;MFG-E097;MFG-E200;MFG-E204;MFG-E205;MFG-E252;MFG-E266,Active + manual validation where authorized; non-destructive by default,Controlled,Written authorization; confirmed scope; test accounts/access; testing window; logging/evidence plan,Asset inventory; architecture/trust-boundary notes; configuration or request/response evidence; timestamps; approved screenshots/logs; finding references as applicable,Not Started,,
Remote Access & Third Parties,bastions,Recon; Scanning/Enumeration; Vulnerability Assessment; Identity/Auth; Web/API/Application; Validation/Business Impact; Reporting/Retest,MFG-E011;MFG-E045;MFG-E071;MFG-E200;MFG-E204;MFG-E205;MFG-E252;MFG-E266,Active + manual validation where authorized; non-destructive by default,Controlled,Written authorization; confirmed scope; test accounts/access; testing window; logging/evidence plan,Asset inventory; architecture/trust-boundary notes; configuration or request/response evidence; timestamps; approved screenshots/logs; finding references as applicable,Not Started,,
Remote Access & Third Parties,remote support platforms,Recon; Scanning/Enumeration; Vulnerability Assessment; Identity/Auth; Web/API/Application; Validation/Business Impact; Reporting/Retest,MFG-E011;MFG-E045;MFG-E071;MFG-E097;MFG-E200;MFG-E204;MFG-E205;MFG-E252;MFG-E266,Active + manual validation where authorized; non-destructive by default,Controlled,Written authorization; confirmed scope; test accounts/access; testing window; logging/evidence plan,Asset inventory; architecture/trust-boundary notes; configuration or request/response evidence; timestamps; approved screenshots/logs; finding references as applicable,Not Started,,
Remote Access & Third Parties,vendor maintenance,Recon; Scanning/Enumeration; Vulnerability Assessment; Identity/Auth; Web/API/Application; Validation/Business Impact; Reporting/Retest,MFG-E011;MFG-E045;MFG-E071;MFG-E200;MFG-E204;MFG-E205;MFG-E252;MFG-E266;MFG-X478,Active + manual validation where authorized; non-destructive by default,Controlled,Written authorization; confirmed scope; test accounts/access; testing window; logging/evidence plan,Asset inventory; architecture/trust-boundary notes; configuration or request/response evidence; timestamps; approved screenshots/logs; finding references as applicable,Not Started,,
Remote Access & Third Parties,MSPs,Recon; Scanning/Enumeration; Vulnerability Assessment; Identity/Auth; Web/API/Application; Validation/Business Impact; Reporting/Retest,MFG-E011;MFG-E045;MFG-E071;MFG-E200;MFG-E204;MFG-E205;MFG-E252;MFG-E266,Active + manual validation where authorized; non-destructive by default,Controlled,Written authorization; confirmed scope; test accounts/access; testing window; logging/evidence plan,Asset inventory; architecture/trust-boundary notes; configuration or request/response evidence; timestamps; approved screenshots/logs; finding references as applicable,Not Started,,
Remote Access & Third Parties,MSSPs,Recon; Scanning/Enumeration; Vulnerability Assessment; Identity/Auth; Web/API/Application; Validation/Business Impact; Reporting/Retest,MFG-E011;MFG-E045;MFG-E071;MFG-E200;MFG-E204;MFG-E205;MFG-E252;MFG-E266,Active + manual validation where authorized; non-destructive by default,Controlled,Written authorization; confirmed scope; test accounts/access; testing window; logging/evidence plan,Asset inventory; architecture/trust-boundary notes; configuration or request/response evidence; timestamps; approved screenshots/logs; finding references as applicable,Not Started,,
Remote Access & Third Parties,system integrators,Recon; Scanning/Enumeration; Vulnerability Assessment; Identity/Auth; Web/API/Application; Validation/Business Impact; Reporting/Retest,MFG-E011;MFG-E045;MFG-E071;MFG-E200;MFG-E204;MFG-E205;MFG-E252;MFG-E266,Active + manual validation where authorized; non-destructive by default,Controlled,Written authorization; confirmed scope; test accounts/access; testing window; logging/evidence plan,Asset inventory; architecture/trust-boundary notes; configuration or request/response evidence; timestamps; approved screenshots/logs; finding references as applicable,Not Started,,
Remote Access & Third Parties,equipment vendors,Recon; Scanning/Enumeration; Vulnerability Assessment; Identity/Auth; Web/API/Application; Validation/Business Impact; Reporting/Retest,MFG-E011;MFG-E045;MFG-E071;MFG-E200;MFG-E204;MFG-E205;MFG-E252;MFG-E266,Active + manual validation where authorized; non-destructive by default,Controlled,Written authorization; confirmed scope; test accounts/access; testing window; logging/evidence plan,Asset inventory; architecture/trust-boundary notes; configuration or request/response evidence; timestamps; approved screenshots/logs; finding references as applicable,Not Started,,
Remote Access & Third Parties,software vendors,Recon; Scanning/Enumeration; Vulnerability Assessment; Identity/Auth; Web/API/Application; Validation/Business Impact; Reporting/Retest,MFG-E011;MFG-E045;MFG-E071;MFG-E200;MFG-E204;MFG-E205;MFG-E252;MFG-E266,Active + manual validation where authorized; non-destructive by default,Controlled,Written authorization; confirmed scope; test accounts/access; testing window; logging/evidence plan,Asset inventory; architecture/trust-boundary notes; configuration or request/response evidence; timestamps; approved screenshots/logs; finding references as applicable,Not Started,,
Remote Access & Third Parties,maintenance contractors,Recon; Scanning/Enumeration; Vulnerability Assessment; Identity/Auth; Web/API/Application; Validation/Business Impact; Reporting/Retest,MFG-E011;MFG-E045;MFG-E071;MFG-E200;MFG-E204;MFG-E205;MFG-E252;MFG-E266;MFG-X478,Active + manual validation where authorized; non-destructive by default,Controlled,Written authorization; confirmed scope; test accounts/access; testing window; logging/evidence plan,Asset inventory; architecture/trust-boundary notes; configuration or request/response evidence; timestamps; approved screenshots/logs; finding references as applicable,Not Started,,
Remote Access & Third Parties,remote engineering,Recon; Scanning/Enumeration; Vulnerability Assessment; Identity/Auth; Web/API/Application; Validation/Business Impact; Reporting/Retest,MFG-E011;MFG-E045;MFG-E071;MFG-E097;MFG-E200;MFG-E204;MFG-E205;MFG-E252;MFG-E266,Active + manual validation where authorized; non-destructive by default,Controlled,Written authorization; confirmed scope; test accounts/access; testing window; logging/evidence plan,Asset inventory; architecture/trust-boundary notes; configuration or request/response evidence; timestamps; approved screenshots/logs; finding references as applicable,Not Started,,
Remote Access & Third Parties,third-party APIs,Recon; Scanning/Enumeration; Vulnerability Assessment; Identity/Auth; Web/API/Application; Validation/Business Impact; Reporting/Retest,MFG-E011;MFG-E045;MFG-E071;MFG-E097;MFG-E117;MFG-E200;MFG-E204;MFG-E205;MFG-E252;MFG-E266,Active + manual validation where authorized; non-destructive by default,Controlled,Written authorization; confirmed scope; test accounts/access; testing window; logging/evidence plan,Asset inventory; architecture/trust-boundary notes; configuration or request/response evidence; timestamps; approved screenshots/logs; finding references as applicable,Not Started,,
Remote Access & Third Parties,software update channels,Recon; Scanning/Enumeration; Vulnerability Assessment; Identity/Auth; Web/API/Application; Validation/Business Impact; Reporting/Retest,MFG-E011;MFG-E045;MFG-E071;MFG-E200;MFG-E204;MFG-E205;MFG-E210;MFG-E252;MFG-E266,Active + manual validation where authorized; non-destructive by default,Controlled,Written authorization; confirmed scope; test accounts/access; testing window; logging/evidence plan,Asset inventory; architecture/trust-boundary notes; configuration or request/response evidence; timestamps; approved screenshots/logs; finding references as applicable,Not Started,,
Security Monitoring,SIEM,Recon; Scanning/Enumeration; Vulnerability Assessment; Identity/Auth; Web/API/Application; Validation/Business Impact; Reporting/Retest,MFG-E011;MFG-E045;MFG-E071;MFG-E235;MFG-E242;MFG-E250;MFG-E252;MFG-E266;MFG-X399,Active + manual validation where authorized; non-destructive by default,Controlled,Written authorization; confirmed scope; test accounts/access; testing window; logging/evidence plan,Asset inventory; architecture/trust-boundary notes; configuration or request/response evidence; timestamps; approved screenshots/logs; finding references as applicable,Not Started,,
Security Monitoring,SOAR,Recon; Scanning/Enumeration; Vulnerability Assessment; Identity/Auth; Web/API/Application; Validation/Business Impact; Reporting/Retest,MFG-E011;MFG-E045;MFG-E071;MFG-E235;MFG-E236;MFG-E242;MFG-E250;MFG-E252;MFG-E266,Active + manual validation where authorized; non-destructive by default,Controlled,Written authorization; confirmed scope; test accounts/access; testing window; logging/evidence plan,Asset inventory; architecture/trust-boundary notes; configuration or request/response evidence; timestamps; approved screenshots/logs; finding references as applicable,Not Started,,
Security Monitoring,EDR,Recon; Scanning/Enumeration; Vulnerability Assessment; Identity/Auth; Web/API/Application; Validation/Business Impact; Reporting/Retest,MFG-E011;MFG-E045;MFG-E071;MFG-E235;MFG-E237;MFG-E239;MFG-E242;MFG-E250;MFG-E252;MFG-E266,Active + manual validation where authorized; non-destructive by default,Controlled,Written authorization; confirmed scope; test accounts/access; testing window; logging/evidence plan,Asset inventory; architecture/trust-boundary notes; configuration or request/response evidence; timestamps; approved screenshots/logs; finding references as applicable,Not Started,,
Security Monitoring,XDR,Recon; Scanning/Enumeration; Vulnerability Assessment; Identity/Auth; Web/API/Application; Validation/Business Impact; Reporting/Retest,MFG-E011;MFG-E045;MFG-E071;MFG-E235;MFG-E237;MFG-E239;MFG-E242;MFG-E250;MFG-E252;MFG-E266,Active + manual validation where authorized; non-destructive by default,Controlled,Written authorization; confirmed scope; test accounts/access; testing window; logging/evidence plan,Asset inventory; architecture/trust-boundary notes; configuration or request/response evidence; timestamps; approved screenshots/logs; finding references as applicable,Not Started,,
Security Monitoring,IDS,Recon; Scanning/Enumeration; Vulnerability Assessment; Identity/Auth; Web/API/Application; Validation/Business Impact; Reporting/Retest,MFG-E011;MFG-E045;MFG-E071;MFG-E235;MFG-E238;MFG-E242;MFG-E243;MFG-E250;MFG-E252;MFG-E266;MFG-X400,Active + manual validation where authorized; non-destructive by default,Controlled,Written authorization; confirmed scope; test accounts/access; testing window; logging/evidence plan,Asset inventory; architecture/trust-boundary notes; configuration or request/response evidence; timestamps; approved screenshots/logs; finding references as applicable,Not Started,,
Security Monitoring,IPS,Recon; Scanning/Enumeration; Vulnerability Assessment; Identity/Auth; Web/API/Application; Validation/Business Impact; Reporting/Retest,MFG-E011;MFG-E045;MFG-E071;MFG-E235;MFG-E238;MFG-E242;MFG-E250;MFG-E252;MFG-E266,Active + manual validation where authorized; non-destructive by default,Controlled,Written authorization; confirmed scope; test accounts/access; testing window; logging/evidence plan,Asset inventory; architecture/trust-boundary notes; configuration or request/response evidence; timestamps; approved screenshots/logs; finding references as applicable,Not Started,,
Security Monitoring,NDR,Recon; Scanning/Enumeration; Vulnerability Assessment; Identity/Auth; Web/API/Application; Validation/Business Impact; Reporting/Retest,MFG-E011;MFG-E045;MFG-E071;MFG-E235;MFG-E237;MFG-E239;MFG-E242;MFG-E250;MFG-E252;MFG-E266,Active + manual validation where authorized; non-destructive by default,Controlled,Written authorization; confirmed scope; test accounts/access; testing window; logging/evidence plan,Asset inventory; architecture/trust-boundary notes; configuration or request/response evidence; timestamps; approved screenshots/logs; finding references as applicable,Not Started,,
Security Monitoring,vulnerability management,Recon; Scanning/Enumeration; Vulnerability Assessment; Identity/Auth; Web/API/Application; Validation/Business Impact; Reporting/Retest,MFG-E011;MFG-E045;MFG-E071;MFG-E235;MFG-E240;MFG-E242;MFG-E250;MFG-E252;MFG-E266;MFG-X329,Active + manual validation where authorized; non-destructive by default,Controlled,Written authorization; confirmed scope; test accounts/access; testing window; logging/evidence plan,Asset inventory; architecture/trust-boundary notes; configuration or request/response evidence; timestamps; approved screenshots/logs; finding references as applicable,Not Started,,
Security Monitoring,patch management,Recon; Scanning/Enumeration; Vulnerability Assessment; Identity/Auth; Web/API/Application; Validation/Business Impact; Reporting/Retest,MFG-E011;MFG-E045;MFG-E071;MFG-E169;MFG-E235;MFG-E241;MFG-E242;MFG-E250;MFG-E252;MFG-E266;MFG-X330,Active + manual validation where authorized; non-destructive by default,Controlled,Written authorization; confirmed scope; test accounts/access; testing window; logging/evidence plan,Asset inventory; architecture/trust-boundary notes; configuration or request/response evidence; timestamps; approved screenshots/logs; finding references as applicable,Not Started,,
Security Monitoring,OT IDS,Recon; Scanning/Enumeration; Vulnerability Assessment; Identity/Auth; Web/API/Application; Validation/Business Impact; Reporting/Retest,MFG-E011;MFG-E045;MFG-E071;MFG-E235;MFG-E238;MFG-E242;MFG-E243;MFG-E250;MFG-E252;MFG-E266;MFG-X400,Active + manual validation where authorized; non-destructive by default,Controlled,Written authorization; confirmed scope; test accounts/access; testing window; logging/evidence plan,Asset inventory; architecture/trust-boundary notes; configuration or request/response evidence; timestamps; approved screenshots/logs; finding references as applicable,Not Started,,
Security Monitoring,OT network monitoring,Recon; Scanning/Enumeration; Vulnerability Assessment; Identity/Auth; Web/API/Application; Validation/Business Impact; Reporting/Retest,MFG-E011;MFG-E045;MFG-E071;MFG-E235;MFG-E242;MFG-E250;MFG-E252;MFG-E266,Active + manual validation where authorized; non-destructive by default,Controlled,Written authorization; confirmed scope; test accounts/access; testing window; logging/evidence plan,Asset inventory; architecture/trust-boundary notes; configuration or request/response evidence; timestamps; approved screenshots/logs; finding references as applicable,Not Started,,
Security Monitoring,asset discovery,Recon; Scanning/Enumeration; Vulnerability Assessment; Identity/Auth; Web/API/Application; Validation/Business Impact; Reporting/Retest,MFG-E011;MFG-E023;MFG-E045;MFG-E071;MFG-E235;MFG-E242;MFG-E250;MFG-E252;MFG-E266,Active + manual validation where authorized; non-destructive by default,Controlled,Written authorization; confirmed scope; test accounts/access; testing window; logging/evidence plan,Asset inventory; architecture/trust-boundary notes; configuration or request/response evidence; timestamps; approved screenshots/logs; finding references as applicable,Not Started,,
Security Monitoring,log servers,Recon; Scanning/Enumeration; Vulnerability Assessment; Identity/Auth; Web/API/Application; Validation/Business Impact; Reporting/Retest,MFG-E011;MFG-E045;MFG-E071;MFG-E097;MFG-E235;MFG-E242;MFG-E250;MFG-E252;MFG-E266,Active + manual validation where authorized; non-destructive by default,Controlled,Written authorization; confirmed scope; test accounts/access; testing window; logging/evidence plan,Asset inventory; architecture/trust-boundary notes; configuration or request/response evidence; timestamps; approved screenshots/logs; finding references as applicable,Not Started,,
Security Monitoring,Windows logs,Recon; Scanning/Enumeration; Vulnerability Assessment; Identity/Auth; Web/API/Application; Validation/Business Impact; Reporting/Retest,MFG-E011;MFG-E045;MFG-E071;MFG-E235;MFG-E242;MFG-E250;MFG-E252;MFG-E266,Active + manual validation where authorized; non-destructive by default,Controlled,Written authorization; confirmed scope; test accounts/access; testing window; logging/evidence plan,Asset inventory; architecture/trust-boundary notes; configuration or request/response evidence; timestamps; approved screenshots/logs; finding references as applicable,Not Started,,
Security Monitoring,firewall logs,Recon; Scanning/Enumeration; Vulnerability Assessment; Identity/Auth; Web/API/Application; Validation/Business Impact; Reporting/Retest,MFG-E011;MFG-E045;MFG-E060;MFG-E071;MFG-E156;MFG-E197;MFG-E235;MFG-E242;MFG-E250;MFG-E252;MFG-E266,Active + manual validation where authorized; non-destructive by default,Controlled,Written authorization; confirmed scope; test accounts/access; testing window; logging/evidence plan,Asset inventory; architecture/trust-boundary notes; configuration or request/response evidence; timestamps; approved screenshots/logs; finding references as applicable,Not Started,,
Security Monitoring,VPN logs,Recon; Scanning/Enumeration; Vulnerability Assessment; Identity/Auth; Web/API/Application; Validation/Business Impact; Reporting/Retest,MFG-E011;MFG-E019;MFG-E045;MFG-E050;MFG-E071;MFG-E075;MFG-E097;MFG-E200;MFG-E235;MFG-E242;MFG-E246;MFG-E250;MFG-E252;MFG-E266,Active + manual validation where authorized; non-destructive by default,Controlled,Written authorization; confirmed scope; test accounts/access; testing window; logging/evidence plan,Asset inventory; architecture/trust-boundary notes; configuration or request/response evidence; timestamps; approved screenshots/logs; finding references as applicable,Not Started,,
Security Monitoring,application logs,Recon; Scanning/Enumeration; Vulnerability Assessment; Identity/Auth; Web/API/Application; Validation/Business Impact; Reporting/Retest,MFG-E011;MFG-E045;MFG-E071;MFG-E235;MFG-E242;MFG-E250;MFG-E252;MFG-E266,Active + manual validation where authorized; non-destructive by default,Controlled,Written authorization; confirmed scope; test accounts/access; testing window; logging/evidence plan,Asset inventory; architecture/trust-boundary notes; configuration or request/response evidence; timestamps; approved screenshots/logs; finding references as applicable,Not Started,,
Security Monitoring,API logs,Recon; Scanning/Enumeration; Vulnerability Assessment; Identity/Auth; Web/API/Application; Validation/Business Impact; Reporting/Retest,MFG-E011;MFG-E045;MFG-E048;MFG-E071;MFG-E074;MFG-E097;MFG-E109;MFG-E117;MFG-E118;MFG-E141;MFG-E191;MFG-E233;MFG-E235;MFG-E242;MFG-E247;MFG-E250;MFG-E252;MFG-E266;MFG-X452,Active + manual validation where authorized; non-destructive by default,Controlled,Written authorization; confirmed scope; test accounts/access; testing window; logging/evidence plan,Asset inventory; architecture/trust-boundary notes; configuration or request/response evidence; timestamps; approved screenshots/logs; finding references as applicable,Not Started,,
Security Monitoring,cloud logs,Recon; Scanning/Enumeration; Vulnerability Assessment; Identity/Auth; Web/API/Application; Validation/Business Impact; Reporting/Retest,MFG-E011;MFG-E045;MFG-E071;MFG-E097;MFG-E117;MFG-E235;MFG-E242;MFG-E248;MFG-E250;MFG-E252;MFG-E266;MFG-X305;MFG-X389;MFG-X433;MFG-X434;MFG-X435;MFG-X436;MFG-X437;MFG-X438;MFG-X440;MFG-X445,Active + manual validation where authorized; non-destructive by default,Controlled,Written authorization; confirmed scope; test accounts/access; testing window; logging/evidence plan,Asset inventory; architecture/trust-boundary notes; configuration or request/response evidence; timestamps; approved screenshots/logs; finding references as applicable,Not Started,,
Security Monitoring,SCADA logs,Recon; Scanning/Enumeration; Vulnerability Assessment; Identity/Auth; Web/API/Application; Validation/Business Impact; Reporting/Retest,MFG-E011;MFG-E038;MFG-E045;MFG-E063;MFG-E071;MFG-E092;MFG-E097;MFG-E117;MFG-E148;MFG-E235;MFG-E242;MFG-E249;MFG-E250;MFG-E252;MFG-E266;MFG-X366,Active + manual validation where authorized; non-destructive by default,Controlled,Written authorization; confirmed scope; test accounts/access; testing window; logging/evidence plan,Asset inventory; architecture/trust-boundary notes; configuration or request/response evidence; timestamps; approved screenshots/logs; finding references as applicable,Not Started,,
Security Monitoring,HMI logs,Recon; Scanning/Enumeration; Vulnerability Assessment; Identity/Auth; Web/API/Application; Validation/Business Impact; Reporting/Retest,MFG-E011;MFG-E039;MFG-E045;MFG-E064;MFG-E071;MFG-E093;MFG-E097;MFG-E151;MFG-E235;MFG-E242;MFG-E249;MFG-E250;MFG-E252;MFG-E266;MFG-X367,Active + manual validation where authorized; non-destructive by default,Controlled,Written authorization; confirmed scope; test accounts/access; testing window; logging/evidence plan,Asset inventory; architecture/trust-boundary notes; configuration or request/response evidence; timestamps; approved screenshots/logs; finding references as applicable,Not Started,,
Security Monitoring,authentication logs,Recon; Scanning/Enumeration; Vulnerability Assessment; Identity/Auth; Web/API/Application; Validation/Business Impact; Reporting/Retest,MFG-E011;MFG-E045;MFG-E071;MFG-E235;MFG-E242;MFG-E250;MFG-E252;MFG-E266,Active + manual validation where authorized; non-destructive by default,Controlled,Written authorization; confirmed scope; test accounts/access; testing window; logging/evidence plan,Asset inventory; architecture/trust-boundary notes; configuration or request/response evidence; timestamps; approved screenshots/logs; finding references as applicable,Not Started,,
Software Supply Chain / DevSecOps,Git,Recon; Scanning/Enumeration; Vulnerability Assessment; Identity/Auth; Web/API/Application; Validation/Business Impact; Reporting/Retest,MFG-E011;MFG-E045;MFG-E071;MFG-E117;MFG-E194;MFG-E211;MFG-E212;MFG-E213;MFG-E252;MFG-E266;MFG-X449,Active + manual validation where authorized; non-destructive by default,Controlled,Written authorization; confirmed scope; test accounts/access; testing window; logging/evidence plan,Asset inventory; architecture/trust-boundary notes; configuration or request/response evidence; timestamps; approved screenshots/logs; finding references as applicable,Not Started,,
Software Supply Chain / DevSecOps,GitHub,Recon; Scanning/Enumeration; Vulnerability Assessment; Identity/Auth; Web/API/Application; Validation/Business Impact; Reporting/Retest,MFG-E011;MFG-E045;MFG-E071;MFG-E117;MFG-E211;MFG-E212;MFG-E213;MFG-E252;MFG-E266,Active + manual validation where authorized; non-destructive by default,Controlled,Written authorization; confirmed scope; test accounts/access; testing window; logging/evidence plan,Asset inventory; architecture/trust-boundary notes; configuration or request/response evidence; timestamps; approved screenshots/logs; finding references as applicable,Not Started,,
Software Supply Chain / DevSecOps,GitLab,Recon; Scanning/Enumeration; Vulnerability Assessment; Identity/Auth; Web/API/Application; Validation/Business Impact; Reporting/Retest,MFG-E011;MFG-E045;MFG-E071;MFG-E117;MFG-E211;MFG-E212;MFG-E213;MFG-E252;MFG-E266,Active + manual validation where authorized; non-destructive by default,Controlled,Written authorization; confirmed scope; test accounts/access; testing window; logging/evidence plan,Asset inventory; architecture/trust-boundary notes; configuration or request/response evidence; timestamps; approved screenshots/logs; finding references as applicable,Not Started,,
Software Supply Chain / DevSecOps,Bitbucket,Recon; Scanning/Enumeration; Vulnerability Assessment; Identity/Auth; Web/API/Application; Validation/Business Impact; Reporting/Retest,MFG-E011;MFG-E045;MFG-E071;MFG-E211;MFG-E212;MFG-E213;MFG-E252;MFG-E266,Active + manual validation where authorized; non-destructive by default,Controlled,Written authorization; confirmed scope; test accounts/access; testing window; logging/evidence plan,Asset inventory; architecture/trust-boundary notes; configuration or request/response evidence; timestamps; approved screenshots/logs; finding references as applicable,Not Started,,
Software Supply Chain / DevSecOps,Jenkins,Recon; Scanning/Enumeration; Vulnerability Assessment; Identity/Auth; Web/API/Application; Validation/Business Impact; Reporting/Retest,MFG-E011;MFG-E045;MFG-E071;MFG-E117;MFG-E211;MFG-E212;MFG-E213;MFG-E252;MFG-E266,Active + manual validation where authorized; non-destructive by default,Controlled,Written authorization; confirmed scope; test accounts/access; testing window; logging/evidence plan,Asset inventory; architecture/trust-boundary notes; configuration or request/response evidence; timestamps; approved screenshots/logs; finding references as applicable,Not Started,,
Software Supply Chain / DevSecOps,CI/CD,Recon; Scanning/Enumeration; Vulnerability Assessment; Identity/Auth; Web/API/Application; Validation/Business Impact; Reporting/Retest,MFG-E011;MFG-E045;MFG-E071;MFG-E088;MFG-E211;MFG-E212;MFG-E213;MFG-E252;MFG-E266;MFG-X420,Active + manual validation where authorized; non-destructive by default,Controlled,Written authorization; confirmed scope; test accounts/access; testing window; logging/evidence plan,Asset inventory; architecture/trust-boundary notes; configuration or request/response evidence; timestamps; approved screenshots/logs; finding references as applicable,Not Started,,
Software Supply Chain / DevSecOps,build servers,Recon; Scanning/Enumeration; Vulnerability Assessment; Identity/Auth; Web/API/Application; Validation/Business Impact; Reporting/Retest,MFG-E011;MFG-E045;MFG-E071;MFG-E097;MFG-E211;MFG-E212;MFG-E213;MFG-E252;MFG-E266,Active + manual validation where authorized; non-destructive by default,Controlled,Written authorization; confirmed scope; test accounts/access; testing window; logging/evidence plan,Asset inventory; architecture/trust-boundary notes; configuration or request/response evidence; timestamps; approved screenshots/logs; finding references as applicable,Not Started,,
Software Supply Chain / DevSecOps,artifact repositories,Recon; Scanning/Enumeration; Vulnerability Assessment; Identity/Auth; Web/API/Application; Validation/Business Impact; Reporting/Retest,MFG-E011;MFG-E045;MFG-E071;MFG-E117;MFG-E211;MFG-E212;MFG-E213;MFG-E252;MFG-E266,Active + manual validation where authorized; non-destructive by default,Controlled,Written authorization; confirmed scope; test accounts/access; testing window; logging/evidence plan,Asset inventory; architecture/trust-boundary notes; configuration or request/response evidence; timestamps; approved screenshots/logs; finding references as applicable,Not Started,,
Software Supply Chain / DevSecOps,container registries,Recon; Scanning/Enumeration; Vulnerability Assessment; Identity/Auth; Web/API/Application; Validation/Business Impact; Reporting/Retest,MFG-E011;MFG-E045;MFG-E071;MFG-E087;MFG-E186;MFG-E211;MFG-E212;MFG-E213;MFG-E252;MFG-E266;MFG-X419;MFG-X441,Active + manual validation where authorized; non-destructive by default,Controlled,Written authorization; confirmed scope; test accounts/access; testing window; logging/evidence plan,Asset inventory; architecture/trust-boundary notes; configuration or request/response evidence; timestamps; approved screenshots/logs; finding references as applicable,Not Started,,
Software Supply Chain / DevSecOps,package repositories,Recon; Scanning/Enumeration; Vulnerability Assessment; Identity/Auth; Web/API/Application; Validation/Business Impact; Reporting/Retest,MFG-E011;MFG-E045;MFG-E071;MFG-E211;MFG-E212;MFG-E213;MFG-E214;MFG-E252;MFG-E266,Active + manual validation where authorized; non-destructive by default,Controlled,Written authorization; confirmed scope; test accounts/access; testing window; logging/evidence plan,Asset inventory; architecture/trust-boundary notes; configuration or request/response evidence; timestamps; approved screenshots/logs; finding references as applicable,Not Started,,
Software Supply Chain / DevSecOps,dependency management,Recon; Scanning/Enumeration; Vulnerability Assessment; Identity/Auth; Web/API/Application; Validation/Business Impact; Reporting/Retest,MFG-E011;MFG-E045;MFG-E071;MFG-E211;MFG-E212;MFG-E213;MFG-E252;MFG-E266,Active + manual validation where authorized; non-destructive by default,Controlled,Written authorization; confirmed scope; test accounts/access; testing window; logging/evidence plan,Asset inventory; architecture/trust-boundary notes; configuration or request/response evidence; timestamps; approved screenshots/logs; finding references as applicable,Not Started,,
Software Supply Chain / DevSecOps,code signing,Recon; Scanning/Enumeration; Vulnerability Assessment; Identity/Auth; Web/API/Application; Validation/Business Impact; Reporting/Retest,MFG-E011;MFG-E045;MFG-E071;MFG-E211;MFG-E212;MFG-E213;MFG-E252;MFG-E266;MFG-X422,Active + manual validation where authorized; non-destructive by default,Controlled,Written authorization; confirmed scope; test accounts/access; testing window; logging/evidence plan,Asset inventory; architecture/trust-boundary notes; configuration or request/response evidence; timestamps; approved screenshots/logs; finding references as applicable,Not Started,,
Software Supply Chain / DevSecOps,secrets management,Recon; Scanning/Enumeration; Vulnerability Assessment; Identity/Auth; Web/API/Application; Validation/Business Impact; Reporting/Retest,MFG-E011;MFG-E045;MFG-E071;MFG-E211;MFG-E212;MFG-E213;MFG-E252;MFG-E266;MFG-X425,Active + manual validation where authorized; non-destructive by default,Controlled,Written authorization; confirmed scope; test accounts/access; testing window; logging/evidence plan,Asset inventory; architecture/trust-boundary notes; configuration or request/response evidence; timestamps; approved screenshots/logs; finding references as applicable,Not Started,,
Software Supply Chain / DevSecOps,Infrastructure-as-Code,Recon; Scanning/Enumeration; Vulnerability Assessment; Identity/Auth; Web/API/Application; Validation/Business Impact; Reporting/Retest,MFG-E011;MFG-E045;MFG-E071;MFG-E211;MFG-E212;MFG-E213;MFG-E252;MFG-E266,Active + manual validation where authorized; non-destructive by default,Controlled,Written authorization; confirmed scope; test accounts/access; testing window; logging/evidence plan,Asset inventory; architecture/trust-boundary notes; configuration or request/response evidence; timestamps; approved screenshots/logs; finding references as applicable,Not Started,,
Software Supply Chain / DevSecOps,configuration repositories,Recon; Scanning/Enumeration; Vulnerability Assessment; Identity/Auth; Web/API/Application; Validation/Business Impact; Reporting/Retest,MFG-E011;MFG-E045;MFG-E071;MFG-E211;MFG-E212;MFG-E213;MFG-E252;MFG-E266,Active + manual validation where authorized; non-destructive by default,Controlled,Written authorization; confirmed scope; test accounts/access; testing window; logging/evidence plan,Asset inventory; architecture/trust-boundary notes; configuration or request/response evidence; timestamps; approved screenshots/logs; finding references as applicable,Not Started,,
Wireless / Mobile,corporate Wi-Fi,Recon; Scanning/Enumeration; Vulnerability Assessment; Identity/Auth; Web/API/Application; Validation/Business Impact; Reporting/Retest,MFG-E011;MFG-E045;MFG-E069;MFG-E071;MFG-E215;MFG-E216;MFG-E252;MFG-E266,Active + manual validation where authorized; non-destructive by default,Controlled,Written authorization; confirmed scope; test accounts/access; testing window; logging/evidence plan,Asset inventory; architecture/trust-boundary notes; configuration or request/response evidence; timestamps; approved screenshots/logs; finding references as applicable,Not Started,,
Wireless / Mobile,industrial Wi-Fi,Recon; Scanning/Enumeration; Vulnerability Assessment; Identity/Auth; Web/API/Application; Validation/Business Impact; Reporting/Retest,MFG-E011;MFG-E045;MFG-E069;MFG-E071;MFG-E215;MFG-E216;MFG-E252;MFG-E266,Active + manual validation where authorized; non-destructive by default,Controlled,Written authorization; confirmed scope; test accounts/access; testing window; logging/evidence plan,Asset inventory; architecture/trust-boundary notes; configuration or request/response evidence; timestamps; approved screenshots/logs; finding references as applicable,Not Started,,
Wireless / Mobile,wireless sensors,Recon; Scanning/Enumeration; Vulnerability Assessment; Identity/Auth; Web/API/Application; Validation/Business Impact; Reporting/Retest,MFG-E011;MFG-E045;MFG-E068;MFG-E069;MFG-E071;MFG-E096;MFG-E215;MFG-E216;MFG-E252;MFG-E266,Active + manual validation where authorized; non-destructive by default,Controlled,Written authorization; confirmed scope; test accounts/access; testing window; logging/evidence plan,Asset inventory; architecture/trust-boundary notes; configuration or request/response evidence; timestamps; approved screenshots/logs; finding references as applicable,Not Started,,
Wireless / Mobile,Bluetooth,Recon; Scanning/Enumeration; Vulnerability Assessment; Identity/Auth; Web/API/Application; Validation/Business Impact; Reporting/Retest,MFG-E011;MFG-E045;MFG-E069;MFG-E071;MFG-E215;MFG-E216;MFG-E252;MFG-E266,Active + manual validation where authorized; non-destructive by default,Controlled,Written authorization; confirmed scope; test accounts/access; testing window; logging/evidence plan,Asset inventory; architecture/trust-boundary notes; configuration or request/response evidence; timestamps; approved screenshots/logs; finding references as applicable,Not Started,,
Wireless / Mobile,BLE,Recon; Scanning/Enumeration; Vulnerability Assessment; Identity/Auth; Web/API/Application; Validation/Business Impact; Reporting/Retest,MFG-E011;MFG-E045;MFG-E069;MFG-E071;MFG-E170;MFG-E215;MFG-E216;MFG-E252;MFG-E266;MFG-X343;MFG-X356,Active + manual validation where authorized; non-destructive by default,Controlled,Written authorization; confirmed scope; test accounts/access; testing window; logging/evidence plan,Asset inventory; architecture/trust-boundary notes; configuration or request/response evidence; timestamps; approved screenshots/logs; finding references as applicable,Not Started,,
Wireless / Mobile,RFID,Recon; Scanning/Enumeration; Vulnerability Assessment; Identity/Auth; Web/API/Application; Validation/Business Impact; Reporting/Retest,MFG-E011;MFG-E045;MFG-E069;MFG-E071;MFG-E215;MFG-E216;MFG-E252;MFG-E266;MFG-X461,Active + manual validation where authorized; non-destructive by default,Controlled,Written authorization; confirmed scope; test accounts/access; testing window; logging/evidence plan,Asset inventory; architecture/trust-boundary notes; configuration or request/response evidence; timestamps; approved screenshots/logs; finding references as applicable,Not Started,,
Wireless / Mobile,NFC,Recon; Scanning/Enumeration; Vulnerability Assessment; Identity/Auth; Web/API/Application; Validation/Business Impact; Reporting/Retest,MFG-E011;MFG-E045;MFG-E069;MFG-E071;MFG-E215;MFG-E216;MFG-E252;MFG-E266,Active + manual validation where authorized; non-destructive by default,Controlled,Written authorization; confirmed scope; test accounts/access; testing window; logging/evidence plan,Asset inventory; architecture/trust-boundary notes; configuration or request/response evidence; timestamps; approved screenshots/logs; finding references as applicable,Not Started,,
Wireless / Mobile,wireless controllers,Recon; Scanning/Enumeration; Vulnerability Assessment; Identity/Auth; Web/API/Application; Validation/Business Impact; Reporting/Retest,MFG-E011;MFG-E045;MFG-E068;MFG-E069;MFG-E071;MFG-E096;MFG-E215;MFG-E216;MFG-E252;MFG-E266,Active + manual validation where authorized; non-destructive by default,Controlled,Written authorization; confirmed scope; test accounts/access; testing window; logging/evidence plan,Asset inventory; architecture/trust-boundary notes; configuration or request/response evidence; timestamps; approved screenshots/logs; finding references as applicable,Not Started,,
Wireless / Mobile,tablets,Recon; Scanning/Enumeration; Vulnerability Assessment; Identity/Auth; Web/API/Application; Validation/Business Impact; Reporting/Retest,MFG-E011;MFG-E045;MFG-E069;MFG-E071;MFG-E215;MFG-E216;MFG-E252;MFG-E266,Active + manual validation where authorized; non-destructive by default,Controlled,Written authorization; confirmed scope; test accounts/access; testing window; logging/evidence plan,Asset inventory; architecture/trust-boundary notes; configuration or request/response evidence; timestamps; approved screenshots/logs; finding references as applicable,Not Started,,
Wireless / Mobile,rugged tablets,Recon; Scanning/Enumeration; Vulnerability Assessment; Identity/Auth; Web/API/Application; Validation/Business Impact; Reporting/Retest,MFG-E011;MFG-E045;MFG-E069;MFG-E071;MFG-E215;MFG-E216;MFG-E252;MFG-E266,Active + manual validation where authorized; non-destructive by default,Controlled,Written authorization; confirmed scope; test accounts/access; testing window; logging/evidence plan,Asset inventory; architecture/trust-boundary notes; configuration or request/response evidence; timestamps; approved screenshots/logs; finding references as applicable,Not Started,,
Wireless / Mobile,barcode scanners,Recon; Scanning/Enumeration; Vulnerability Assessment; Identity/Auth; Web/API/Application; Validation/Business Impact; Reporting/Retest,MFG-E011;MFG-E045;MFG-E069;MFG-E071;MFG-E215;MFG-E216;MFG-E252;MFG-E266,Active + manual validation where authorized; non-destructive by default,Controlled,Written authorization; confirmed scope; test accounts/access; testing window; logging/evidence plan,Asset inventory; architecture/trust-boundary notes; configuration or request/response evidence; timestamps; approved screenshots/logs; finding references as applicable,Not Started,,
Wireless / Mobile,RFID readers,Recon; Scanning/Enumeration; Vulnerability Assessment; Identity/Auth; Web/API/Application; Validation/Business Impact; Reporting/Retest,MFG-E011;MFG-E045;MFG-E069;MFG-E071;MFG-E097;MFG-E215;MFG-E216;MFG-E252;MFG-E266;MFG-X461,Active + manual validation where authorized; non-destructive by default,Controlled,Written authorization; confirmed scope; test accounts/access; testing window; logging/evidence plan,Asset inventory; architecture/trust-boundary notes; configuration or request/response evidence; timestamps; approved screenshots/logs; finding references as applicable,Not Started,,
Wireless / Mobile,mobile printers,Recon; Scanning/Enumeration; Vulnerability Assessment; Identity/Auth; Web/API/Application; Validation/Business Impact; Reporting/Retest,MFG-E011;MFG-E045;MFG-E069;MFG-E071;MFG-E215;MFG-E216;MFG-E252;MFG-E266,Active + manual validation where authorized; non-destructive by default,Controlled,Written authorization; confirmed scope; test accounts/access; testing window; logging/evidence plan,Asset inventory; architecture/trust-boundary notes; configuration or request/response evidence; timestamps; approved screenshots/logs; finding references as applicable,Not Started,,
Wireless / Mobile,forklift terminals,Recon; Scanning/Enumeration; Vulnerability Assessment; Identity/Auth; Web/API/Application; Validation/Business Impact; Reporting/Retest,MFG-E011;MFG-E045;MFG-E069;MFG-E071;MFG-E215;MFG-E216;MFG-E252;MFG-E266,Active + manual validation where authorized; non-destructive by default,Controlled,Written authorization; confirmed scope; test accounts/access; testing window; logging/evidence plan,Asset inventory; architecture/trust-boundary notes; configuration or request/response evidence; timestamps; approved screenshots/logs; finding references as applicable,Not Started,,
Wireless / Mobile,mobile manufacturing applications,Recon; Scanning/Enumeration; Vulnerability Assessment; Identity/Auth; Web/API/Application; Validation/Business Impact; Reporting/Retest,MFG-E011;MFG-E045;MFG-E069;MFG-E071;MFG-E215;MFG-E216;MFG-E252;MFG-E266,Active + manual validation where authorized; non-destructive by default,Controlled,Written authorization; confirmed scope; test accounts/access; testing window; logging/evidence plan,Asset inventory; architecture/trust-boundary notes; configuration or request/response evidence; timestamps; approved screenshots/logs; finding references as applicable,Not Started,,
