source_path,doc_type,answer_type,guide_type,knowledge_id,sector,phase,asset_tags,safety,title,bytes,sha256
00-Foundation/MFG-E001-Scope-Authorization-Rules-of-Engagement.md,guide,guide,pentest,MFG-E001,manufacturing_industrial,Foundation,identity,controlled,"MFG-E001: Scope, Authorization & Rules of Engagement",3637,fdb67b7a6d1385ffd140d7e89b230e0917deeaba0d7a40027a4faf3ff8c118a1
00-Foundation/MFG-E002-Manufacturing-Environment-Overview.md,guide,guide,pentest,MFG-E002,manufacturing_industrial,Foundation,manufacturing_asset,controlled,MFG-E002: Manufacturing Environment Overview,3632,e2a443efd0533348c1e1303c2636d4198bccbf86ef555270df3cd81572048dfe
00-Foundation/MFG-E003-Asset-Classification-Ownership.md,guide,guide,pentest,MFG-E003,manufacturing_industrial,Foundation,manufacturing_asset,controlled,MFG-E003: Asset Classification & Ownership,3628,40b202880d60e92bd31ae37bf8c91bcde76f2a17277e8b0dae82ad3efe88e444
00-Foundation/MFG-E004-Manufacturing-Business-Process-Model.md,guide,guide,pentest,MFG-E004,manufacturing_industrial,Foundation,manufacturing_asset,controlled,MFG-E004: Manufacturing Business Process Model,3636,ad0ec2e6ef120e806a98e2f644e8eb2f567fc38ec75df95cb12b17a0eabd9843
00-Foundation/MFG-E005-IT-OT-Trust-Boundaries.md,guide,guide,pentest,MFG-E005,manufacturing_industrial,Foundation,ot,controlled,MFG-E005: IT/OT Trust Boundaries,3591,591f7a9c9267df685328cad7fa87a20f08758a8d79075783fd4babc3b0175e7f
00-Foundation/MFG-E006-OT-Safety-Gates.md,guide,guide,pentest,MFG-E006,manufacturing_industrial,Foundation,ot,restricted,MFG-E006: OT Safety Gates,3577,7ac2a8cbae0e95a9b5a52192d5e2a0ff4ae32f92982a8105130cfc54bfebf3b8
00-Foundation/MFG-E007-Evidence-Data-Handling.md,guide,guide,pentest,MFG-E007,manufacturing_industrial,Foundation,data,controlled,MFG-E007: Evidence & Data Handling,3597,cd503608c51ea3481299f3d5d1039eb39d8ffd2882e10884161447f8af7e9dbb
00-Foundation/MFG-E008-Assessment-Preconditions.md,guide,guide,pentest,MFG-E008,manufacturing_industrial,Foundation,manufacturing_asset,controlled,MFG-E008: Assessment Preconditions,3612,41af7cdf0b48d9a2735655fcf90e1d5346636a0118c81f21d972bce7e0019b8c
00-Foundation/MFG-E009-Finding-Lifecycle.md,guide,guide,pentest,MFG-E009,manufacturing_industrial,Foundation,manufacturing_asset,controlled,MFG-E009: Finding Lifecycle,3598,0a690e865496b62fda092e08fd3b84e84c0767da19ed2034cf4a8d59279dc6e3
00-Foundation/MFG-E010-KB-Metadata-Retrieval-Model.md,guide,guide,pentest,MFG-E010,manufacturing_industrial,Foundation,data,controlled,MFG-E010: KB Metadata & Retrieval Model,3607,afecd68f9a1b17392b89a3b1c48e22444177e2f918e1e91946eea85bdad8deed
00-Foundation/MFG-E172-CAD-CAM-Security-Assessment.md,guide,guide,pentest,MFG-E172,manufacturing_industrial,Engineering / IIoT / Cloud,engineering,controlled,MFG-E172: CAD/CAM Security Assessment,3739,83b94fb2bb7ae5f53d68ffc0ee95462acf11e4cc476c4ab94b73388c4ea78023
00-Foundation/MFG-E173-PLM-PDM-Security-Assessment.md,guide,guide,pentest,MFG-E173,manufacturing_industrial,Engineering / IIoT / Cloud,engineering,controlled,MFG-E173: PLM/PDM Security Assessment,3739,25eb971bf3e4dc933ad8e6c4902d7aa2d185dbe9df5717444ed83227be3143bd
00-Foundation/MFG-E174-Engineering-IP-Protection.md,guide,guide,pentest,MFG-E174,manufacturing_industrial,Engineering / IIoT / Cloud,ot;engineering,controlled,MFG-E174: Engineering IP Protection,3741,e8aac5fce43b7eee0b05cf072597d1ef0856ac0125c1dac9c8ec665d6058b04a
00-Foundation/MFG-E175-Engineering-Workstation-Assessment.md,guide,guide,pentest,MFG-E175,manufacturing_industrial,Engineering / IIoT / Cloud,engineering,controlled,MFG-E175: Engineering Workstation Assessment,3753,c7483e5d286e7da379b49c646cf438e6b54f8cf7dc6a51e5bf81df091099167f
00-Foundation/MFG-E176-CNC-Robot-Environment-Assessment.md,guide,guide,pentest,MFG-E176,manufacturing_industrial,Engineering / IIoT / Cloud,ot;engineering,restricted,MFG-E176: CNC/Robot Environment Assessment,3755,5ead87c9381b14a2874e5f1d301303c25f1022bfbbd9f24ad45ec836dffdfde6
00-Foundation/MFG-E177-Firmware-Security-Assessment.md,guide,guide,pentest,MFG-E177,manufacturing_industrial,Engineering / IIoT / Cloud,engineering,controlled,MFG-E177: Firmware Security Assessment,3741,e3988a0b9ec3cb1f4e2a4fc634def24f0dc335c989c3f005db0ccdf978e7230d
00-Foundation/MFG-E178-Source-Code-Repository-Assessment.md,guide,guide,pentest,MFG-E178,manufacturing_industrial,Engineering / IIoT / Cloud,engineering,controlled,MFG-E178: Source Code & Repository Assessment,3755,e99056e0be74b13f250dc228f7788d050ba18ffdf0d76d1109e21fd85f2b63bf
00-Foundation/MFG-E179-IIoT-Security-Assessment.md,guide,guide,pentest,MFG-E179,manufacturing_industrial,Engineering / IIoT / Cloud,ot;iiot,controlled,MFG-E179: IIoT Security Assessment,3732,d5c6b39f379e166b322d078d3d2bef112d00f45562a95b5e314971c0249a52fb
00-Foundation/MFG-E180-Edge-Gateway-Security-Assessment.md,guide,guide,pentest,MFG-E180,manufacturing_industrial,Engineering / IIoT / Cloud,api;iiot,controlled,MFG-E180: Edge Gateway Security Assessment,3749,c23e4d536c5efc84d45b788164ee3eb49d381fe4d30a87b6acfab994d5377916
00-Foundation/MFG-E181-Device-Management-Security.md,guide,guide,pentest,MFG-E181,manufacturing_industrial,Engineering / IIoT / Cloud,manufacturing_asset,controlled,MFG-E181: Device Management Security,3745,77430985d0d7a7193119679ac0db9d0c05219acc1d2f376226dea5f252dd07a6
00-Foundation/MFG-E182-Cloud-Security-Methodology.md,guide,guide,pentest,MFG-E182,manufacturing_industrial,Engineering / IIoT / Cloud,cloud,controlled,MFG-E182: Cloud Security Methodology,3731,7bf6c8b0329b8c3b114e22bfebde8ca8cae84b91cb67ab3f6841b6c427e19695
00-Foundation/MFG-E183-Cloud-Network-Security.md,guide,guide,pentest,MFG-E183,manufacturing_industrial,Engineering / IIoT / Cloud,cloud;network,controlled,MFG-E183: Cloud Network Security,3734,a8e6012fe3f463aba45f84a557d4a5c7805dfd205c9d04aff560df0f91ee2d5c
00-Foundation/MFG-E184-Cloud-IAM-Security.md,guide,guide,pentest,MFG-E184,manufacturing_industrial,Engineering / IIoT / Cloud,cloud,controlled,MFG-E184: Cloud IAM Security,3715,1efc49a2af7b3841a1887495820dde55672e971149fc0574f88f9ecfcf0f345f
00-Foundation/MFG-E185-Cloud-VM-Security.md,guide,guide,pentest,MFG-E185,manufacturing_industrial,Engineering / IIoT / Cloud,cloud,controlled,MFG-E185: Cloud VM Security,3713,2250252d49ad41a3431fe6f81f51e07ef40957578c2424bcae55ceebb9bc4a50
00-Foundation/MFG-E186-Container-Security.md,guide,guide,pentest,MFG-E186,manufacturing_industrial,Engineering / IIoT / Cloud,cloud,controlled,MFG-E186: Container Security,3715,090be384d3f4c38cea4696fd9f3d4fd968097e81ff1cff6cb7098ca5a6432ef2
00-Foundation/MFG-E187-Kubernetes-Security.md,guide,guide,pentest,MFG-E187,manufacturing_industrial,Engineering / IIoT / Cloud,cloud,controlled,MFG-E187: Kubernetes Security,3717,d6a1a4572abc74565491f65118cc232b8c9dfa3b0b4a7d3a393eb45683f0bde1
00-Foundation/MFG-E188-Serverless-Security.md,guide,guide,pentest,MFG-E188,manufacturing_industrial,Engineering / IIoT / Cloud,cloud,controlled,MFG-E188: Serverless Security,3717,b93ebfa11c422c287c91f0d7d7e988d3230f45790e71110d573ecca0481000a5
00-Foundation/MFG-E189-S3-Object-Storage-Security.md,guide,guide,pentest,MFG-E189,manufacturing_industrial,Engineering / IIoT / Cloud,cloud,controlled,MFG-E189: S3/Object Storage Security,3731,1586c049625adfac09e56e8aa2f0b70886779bfd01b6fc7a2d95ee0800100988
00-Foundation/MFG-E190-Cloud-Database-Security.md,guide,guide,pentest,MFG-E190,manufacturing_industrial,Engineering / IIoT / Cloud,cloud;data,controlled,MFG-E190: Cloud Database Security,3733,43e29f003c51ecba7bd403e9ded7abe57ff52943992da8fd1dec0232d6c9c1e4
00-Foundation/MFG-E191-Cloud-API-Security.md,guide,guide,pentest,MFG-E191,manufacturing_industrial,Engineering / IIoT / Cloud,api;cloud,controlled,MFG-E191: Cloud API Security,3722,5d856e0e349e435e99c1ba5b9d0243d988d3ca7b90275a0daeeb55f77fc7779f
00-Foundation/MFG-E192-Cloud-Logging.md,guide,guide,pentest,MFG-E192,manufacturing_industrial,Engineering / IIoT / Cloud,cloud;monitoring,controlled,MFG-E192: Cloud Logging,3719,db46f25294692d4710b67a3f19b637daf5d2cb2678891d93a25cdd50e5b37b17
00-Foundation/MFG-E193-Cloud-Secrets-Key-Management.md,guide,guide,pentest,MFG-E193,manufacturing_industrial,Engineering / IIoT / Cloud,cloud;data,controlled,MFG-E193: Cloud Secrets & Key Management,3747,668e1e0aefdc57b7edf4824c3d6d75256e7cebd33dda47123beab06e5a5e4cdd
00-Foundation/MFG-E194-Digital-Twin-Security.md,guide,guide,pentest,MFG-E194,manufacturing_industrial,Engineering / IIoT / Cloud,iiot,controlled,MFG-E194: Digital Twin Security,3720,85352ba840e7a7b5f810c456708fdb72982a2b60957423c2415d3f10672e3028
00-Foundation/MFG-E195-Industrial-Analytics-Security.md,guide,guide,pentest,MFG-E195,manufacturing_industrial,Engineering / IIoT / Cloud,ot;iiot,controlled,MFG-E195: Industrial Analytics Security,3742,2cfade2c053990242825b2ae2e1e93d8239a8489e23061f34a3ff38650bb034c
00-Foundation/MFG-E196-AI-ML-Platform-Security.md,guide,guide,pentest,MFG-E196,manufacturing_industrial,Engineering / IIoT / Cloud,iiot,controlled,MFG-E196: AI/ML Platform Security,3724,1cf336fae9f588bd42dabd9bc481c72ea41c45c5431897b93704d200dc8a8746
00-Foundation/MFG-E197-Firewall-Security-Assessment.md,guide,guide,pentest,MFG-E197,manufacturing_industrial,Network / Remote / Supply Chain,network,controlled,MFG-E197: Firewall Security Assessment,3727,4d9b42da1c6b3a78d08e73de20968cda14d8089fa47f0aad281c7390c65118dd
00-Foundation/MFG-E198-Network-Segmentation-Assessment.md,guide,guide,pentest,MFG-E198,manufacturing_industrial,Network / Remote / Supply Chain,network,controlled,MFG-E198: Network Segmentation Assessment,3733,02e1e557cd9847649f1a29e4821339d6943eef1f84debfdb2f76b517db5a67a0
00-Foundation/MFG-E199-Routing-ACL-Assessment.md,guide,guide,pentest,MFG-E199,manufacturing_industrial,Network / Remote / Supply Chain,network,controlled,MFG-E199: Routing & ACL Assessment,3719,7bcd0432defc61a89e56e293926e6fef5610e077727c19d3c94ea83ff92de2a7
00-Foundation/MFG-E200-VPN-Security-Assessment.md,guide,guide,pentest,MFG-E200,manufacturing_industrial,Network / Remote / Supply Chain,manufacturing_asset,controlled,MFG-E200: VPN Security Assessment,3729,fdf79b79561a93fe5972deaa38dea5f05fb74a8ba44e2ee4ee81a8ef8dbbde70
00-Foundation/MFG-E201-RDP-Security-Assessment.md,guide,guide,pentest,MFG-E201,manufacturing_industrial,Network / Remote / Supply Chain,manufacturing_asset,controlled,MFG-E201: RDP Security Assessment,3729,35a5aa14a0759d364273755dbce5a5a17245c72325640f95b3f2a6c1a34b205f
00-Foundation/MFG-E202-SSH-Security-Assessment.md,guide,guide,pentest,MFG-E202,manufacturing_industrial,Network / Remote / Supply Chain,manufacturing_asset,controlled,MFG-E202: SSH Security Assessment,3729,be44ee41a81adf3f24dbb61392c93677e489f23eff577d3184cbe534e486ae7e
00-Foundation/MFG-E203-Jump-Server-Assessment.md,guide,guide,pentest,MFG-E203,manufacturing_industrial,Network / Remote / Supply Chain,manufacturing_asset,controlled,MFG-E203: Jump Server Assessment,3727,00e2fa219be1d5dc9953dd7353f21d98dbc1b8a5cc04c8e2906a94be0b674436
00-Foundation/MFG-E204-Remote-Support-Platform-Assessment.md,guide,guide,pentest,MFG-E204,manufacturing_industrial,Network / Remote / Supply Chain,ot,controlled,MFG-E204: Remote Support Platform Assessment,3734,5646ec987b1a8a90669b3e7bcdd71f3a6e9607ce1ea823231771534ae3fca71f
00-Foundation/MFG-E205-Vendor-Remote-Access-Assessment.md,guide,guide,pentest,MFG-E205,manufacturing_industrial,Network / Remote / Supply Chain,ot;supply,controlled,MFG-E205: Vendor Remote Access Assessment,3738,08520af3041affaa11747d11efce91d6caac17188b3a2a5f06811d16080680b1
00-Foundation/MFG-E206-Third-Party-Connectivity-Assessment.md,guide,guide,pentest,MFG-E206,manufacturing_industrial,Network / Remote / Supply Chain,supply,controlled,MFG-E206: Third-Party Connectivity Assessment,3740,67e56dabfa0e3722a66c8c04c465cbb38facab84cc473ca5956da7fe6bb81468
00-Foundation/MFG-E207-Supplier-Portal-Security.md,guide,guide,pentest,MFG-E207,manufacturing_industrial,Network / Remote / Supply Chain,web;supply,controlled,MFG-E207: Supplier Portal Security,3725,ee75d7a73b5e867533f4de16dd01bd9f7d1d1e04249c1140be01fc9c366b96db
00-Foundation/MFG-E208-Supply-Chain-Risk-Assessment.md,guide,guide,pentest,MFG-E208,manufacturing_industrial,Network / Remote / Supply Chain,supply,controlled,MFG-E208: Supply Chain Risk Assessment,3726,99abce75d3b4cbc2bbc2b5062b8b0fb8dc4ccbc19c0e89565e1758734cc4f900
00-Foundation/MFG-E209-Software-Supply-Chain-Assessment.md,guide,guide,pentest,MFG-E209,manufacturing_industrial,Network / Remote / Supply Chain,supply,controlled,MFG-E209: Software Supply Chain Assessment,3734,71355303c08ec9b741b8ad348d8b8b36796412b3d7b7b5f1f0795ac1a5925ef4
00-Foundation/MFG-E210-Firmware-Software-Update-Channel-Assessment.md,guide,guide,pentest,MFG-E210,manufacturing_industrial,Network / Remote / Supply Chain,engineering;supply,controlled,MFG-E210: Firmware/Software Update Channel Assessment,3771,9f8daedaf152c6d10c1c37e290c584d08a1be067b0efed0d91d5e75c11fb1152
00-Foundation/MFG-E211-CI-CD-Pipeline-Security.md,guide,guide,pentest,MFG-E211,manufacturing_industrial,Network / Remote / Supply Chain,manufacturing_asset,controlled,MFG-E211: CI/CD Pipeline Security,3729,19f95504bde24119d501757239ed508e97cbe2696e1452b70817f0827936ec36
00-Foundation/MFG-E212-Git-Repository-Security.md,guide,guide,pentest,MFG-E212,manufacturing_industrial,Network / Remote / Supply Chain,manufacturing_asset,controlled,MFG-E212: Git Repository Security,3729,3d5cf820c3c4dba036428a8fcdcc3a5aa75c02950d35d6ec8b5266bdd33f2729
00-Foundation/MFG-E213-Artifact-Repository-Security.md,guide,guide,pentest,MFG-E213,manufacturing_industrial,Network / Remote / Supply Chain,manufacturing_asset,controlled,MFG-E213: Artifact Repository Security,3739,2f82b9ec02aa4743f4111c413725a6dc1bd2015553a0bd4ff6c03e279d1c482b
00-Foundation/MFG-E214-Package-Dependency-Security.md,guide,guide,pentest,MFG-E214,manufacturing_industrial,Network / Remote / Supply Chain,manufacturing_asset,controlled,MFG-E214: Package/Dependency Security,3737,ed57b95e2c74cbbffc26630796e272582e9d4d11fdc035cf1c1009e695dcc907
00-Foundation/MFG-E215-Wireless-Network-Assessment.md,guide,guide,pentest,MFG-E215,manufacturing_industrial,Network / Remote / Supply Chain,network,controlled,MFG-E215: Wireless Network Assessment,3725,6dcdda8e4e7124fcf090a9069a122a2fdb101f6aa18e6a484685a18decfa9a2f
00-Foundation/MFG-E216-Industrial-Wireless-Assessment.md,guide,guide,pentest,MFG-E216,manufacturing_industrial,Network / Remote / Supply Chain,ot;network,controlled,MFG-E216: Industrial Wireless Assessment,3737,b8a1238bbd608b6c8a49be0bffb0cd98abf8c8e8ef11bfe811f4b0ddc5af43f4
00-Foundation/MFG-E217-PII-Discovery-Methodology.md,guide,guide,pentest,MFG-E217,manufacturing_industrial,Data / Privacy / IP,data,controlled,MFG-E217: PII Discovery Methodology,3713,cb1be19ac41c1e2c3cc4bac6d5097f2cc9852cf6174a1045a64de60d7a7269f3
00-Foundation/MFG-E218-Sensitive-Data-Exposure-Assessment.md,guide,guide,pentest,MFG-E218,manufacturing_industrial,Data / Privacy / IP,data,controlled,MFG-E218: Sensitive Data Exposure Assessment,3731,e2e37b4b2d95125a214ecb2b2fd8aa0a27218bf8b1b286491a6f0128196756cf
00-Foundation/MFG-E219-Employee-Data-Security.md,guide,guide,pentest,MFG-E219,manufacturing_industrial,Data / Privacy / IP,data,controlled,MFG-E219: Employee Data Security,3707,62beea9183b7c0000b5244bd8b2ebc7e10406e1c13fc6edfd8eca7891bb46bbd
00-Foundation/MFG-E220-Customer-Data-Security.md,guide,guide,pentest,MFG-E220,manufacturing_industrial,Data / Privacy / IP,data,controlled,MFG-E220: Customer Data Security,3707,479a69f6aa4b7bbd83f824eeb0d076b4f6436d8d64598953729f9e6ea3d18805
00-Foundation/MFG-E221-Supplier-Data-Security.md,guide,guide,pentest,MFG-E221,manufacturing_industrial,Data / Privacy / IP,supply;data,controlled,MFG-E221: Supplier Data Security,3717,20343b07e197c127011ac3c2558afc293b734d7faba044f5dc96c716b1d79cce
00-Foundation/MFG-E222-Financial-Data-Security.md,guide,guide,pentest,MFG-E222,manufacturing_industrial,Data / Privacy / IP,data,controlled,MFG-E222: Financial Data Security,3709,feb63077e2be4ad5153eb6fde05fec7fdbbca5ed7fefdbe9caa57f51ff553e4c
00-Foundation/MFG-E223-Production-Data-Security.md,guide,guide,pentest,MFG-E223,manufacturing_industrial,Data / Privacy / IP,data,controlled,MFG-E223: Production Data Security,3711,0400e1627c508a233be3f731f1f9e5f7f595634631a62ccf80d9033041dd2321
00-Foundation/MFG-E224-Quality-Data-Security.md,guide,guide,pentest,MFG-E224,manufacturing_industrial,Data / Privacy / IP,data,controlled,MFG-E224: Quality Data Security,3705,a620bcffd134d7cd70d2ca378488d0ee7d228c007f5fc73cf17c1e60fac63532
00-Foundation/MFG-E225-CAD-IP-Data-Security.md,guide,guide,pentest,MFG-E225,manufacturing_industrial,Data / Privacy / IP,engineering;data,controlled,MFG-E225: CAD/IP Data Security,3718,8f13e0f154e90624b7e7044684ed7da274d630ec8e6d06d2b53e77e73fa92877
00-Foundation/MFG-E226-Technical-Drawing-Security.md,guide,guide,pentest,MFG-E226,manufacturing_industrial,Data / Privacy / IP,manufacturing_asset,controlled,MFG-E226: Technical Drawing Security,3730,58f6e78c32bc0f46d3b0218dd010ed77506b33dac2e872b747d109223fb6315e
00-Foundation/MFG-E227-Source-Code-Firmware-Protection.md,guide,guide,pentest,MFG-E227,manufacturing_industrial,Data / Privacy / IP,ot;engineering,controlled,MFG-E227: Source Code & Firmware Protection,3742,bd8f22bc732741df51f3a3fdbb73b6f3435ab81e6fe6edaac43824db93d2f8eb
00-Foundation/MFG-E228-Database-Security-Assessment.md,guide,guide,pentest,MFG-E228,manufacturing_industrial,Data / Privacy / IP,data,controlled,MFG-E228: Database Security Assessment,3719,1ad488790f35ea732cfde0040c4ad9f120f64dba58946db8a772b93c43269c94
00-Foundation/MFG-E229-File-Share-Security.md,guide,guide,pentest,MFG-E229,manufacturing_industrial,Data / Privacy / IP,manufacturing_asset,controlled,MFG-E229: File Share Security,3716,7bd281e79b1da92e277d64f80c2bd7ce55e3760a3e0d9b1d196ab409cadc5a9b
00-Foundation/MFG-E230-NAS-SAN-Security.md,guide,guide,pentest,MFG-E230,manufacturing_industrial,Data / Privacy / IP,manufacturing_asset,controlled,MFG-E230: NAS/SAN Security,3710,fba608a91a84e91ef901673412441e9f57928a8b4d440a37889098eb13e36421
00-Foundation/MFG-E231-Backup-Data-Security.md,guide,guide,pentest,MFG-E231,manufacturing_industrial,Data / Privacy / IP,data;backup,controlled,MFG-E231: Backup Data Security,3713,030b12b3aebad447527fcff1350e43922fd37a5394c3dfd08c0f5feef8846558
00-Foundation/MFG-E232-Secrets-Credential-Exposure.md,guide,guide,pentest,MFG-E232,manufacturing_industrial,Data / Privacy / IP,data,controlled,MFG-E232: Secrets & Credential Exposure,3721,68ed2c0f4ca26b60c093329247b99f945f9743449eeef58166742e9b7a64ecf4
00-Foundation/MFG-E233-API-Key-Exposure.md,guide,guide,pentest,MFG-E233,manufacturing_industrial,Data / Privacy / IP,api;data,controlled,MFG-E233: API Key Exposure,3702,aa043cdd4455538bf871f45f7f1a76a03ae67fe0d083a3947d9395d79bfbadb3
00-Foundation/MFG-E234-Certificate-Private-Key-Exposure.md,guide,guide,pentest,MFG-E234,manufacturing_industrial,Data / Privacy / IP,data,controlled,MFG-E234: Certificate/Private Key Exposure,3727,e45613f7009b27a69e983205e3895982bc2ca642ef0a2531a3eeacb5af5fa555
00-Foundation/MFG-E235-SIEM-Assessment.md,guide,guide,pentest,MFG-E235,manufacturing_industrial,Monitoring / Detection,monitoring,controlled,MFG-E235: SIEM Assessment,3672,90cd65277c30b851aa06f3a2afb22802be12dda319732540dc8946069560516a
00-Foundation/MFG-E236-SOAR-Assessment.md,guide,guide,pentest,MFG-E236,manufacturing_industrial,Monitoring / Detection,monitoring,controlled,MFG-E236: SOAR Assessment,3672,4f474ce5d412b3b741f8a243478528889f194f61bf8d6a7cb6810b16d2324b6f
00-Foundation/MFG-E237-EDR-XDR-Assessment.md,guide,guide,pentest,MFG-E237,manufacturing_industrial,Monitoring / Detection,monitoring,controlled,MFG-E237: EDR/XDR Assessment,3678,11fd55b30c6df1e44ae8c241612490f4d6fdb03a3cfa1f88ea5654f46f71e921
00-Foundation/MFG-E238-IDS-IPS-Assessment.md,guide,guide,pentest,MFG-E238,manufacturing_industrial,Monitoring / Detection,monitoring,controlled,MFG-E238: IDS/IPS Assessment,3678,5e46ed4b8f6fa4d57b77415103ded5e81cba5012fae9341b6a42c1a4171f0905
00-Foundation/MFG-E239-NDR-Assessment.md,guide,guide,pentest,MFG-E239,manufacturing_industrial,Monitoring / Detection,monitoring,controlled,MFG-E239: NDR Assessment,3670,d095bd2fdd483198a8ae99ab321f61bcba63b95e3f4db46420b6202e05e5ae69
00-Foundation/MFG-E240-Vulnerability-Management-Assessment.md,guide,guide,pentest,MFG-E240,manufacturing_industrial,Monitoring / Detection,manufacturing_asset,controlled,MFG-E240: Vulnerability Management Assessment,3721,64de97b274bf9fe241280ce7051ed6395941c661200b0f31e1e2731a6e439245
00-Foundation/MFG-E241-Patch-Management-Assessment.md,guide,guide,pentest,MFG-E241,manufacturing_industrial,Monitoring / Detection,manufacturing_asset,controlled,MFG-E241: Patch Management Assessment,3705,3755da006ad3d2a5976e97f6aeb7c392973b72536f88445e028f0cca1b3f4e41
00-Foundation/MFG-E242-OT-Monitoring-Assessment.md,guide,guide,pentest,MFG-E242,manufacturing_industrial,Monitoring / Detection,ot;monitoring,controlled,MFG-E242: OT Monitoring Assessment,3696,e93f7636238f90b4cfb89bd63295270d2cdd1ae25fe61e98f051cbacf933e6d6
00-Foundation/MFG-E243-OT-IDS-Assessment.md,guide,guide,pentest,MFG-E243,manufacturing_industrial,Monitoring / Detection,ot;monitoring,controlled,MFG-E243: OT IDS Assessment,3682,67600c80475781b9869dd590a1079fc93f40d301f99cc0b9baa57670f77721bd
00-Foundation/MFG-E244-Log-Management-Assessment.md,guide,guide,pentest,MFG-E244,manufacturing_industrial,Monitoring / Detection,manufacturing_asset,controlled,MFG-E244: Log Management Assessment,3701,28618497e88e95896b3d02a5d2da5e3f8c857a69b808ae37455738d1eb7ac2d9
00-Foundation/MFG-E245-Authentication-Logging-Assessment.md,guide,guide,pentest,MFG-E245,manufacturing_industrial,Monitoring / Detection,identity;monitoring,controlled,MFG-E245: Authentication Logging Assessment,3720,f3ffa108aa89fc2fbe693370448044cd1a5a1a37319706b1d9561b2c097cd857
00-Foundation/MFG-E246-VPN-Logging-Assessment.md,guide,guide,pentest,MFG-E246,manufacturing_industrial,Monitoring / Detection,monitoring,controlled,MFG-E246: VPN Logging Assessment,3686,809fe549fe617de7dc3885e9b91f1c6b0a255f08fbac140c76c89554489c2849
00-Foundation/MFG-E247-Application-API-Logging-Assessment.md,guide,guide,pentest,MFG-E247,manufacturing_industrial,Monitoring / Detection,api;monitoring,controlled,MFG-E247: Application/API Logging Assessment,3717,30b9fa37605966e41d33adad09568380eaa3c6e95cbde7e7df5748fa4c432401
00-Foundation/MFG-E248-Cloud-Logging-Assessment.md,guide,guide,pentest,MFG-E248,manufacturing_industrial,Monitoring / Detection,cloud;monitoring,controlled,MFG-E248: Cloud Logging Assessment,3699,b7c9ebd43a44075df23af679bc63bfe4109533e7768f10516bd253a1586f209a
00-Foundation/MFG-E249-SCADA-HMI-Logging-Assessment.md,guide,guide,pentest,MFG-E249,manufacturing_industrial,Monitoring / Detection,ot;engineering;monitoring,restricted,MFG-E249: SCADA/HMI Logging Assessment,3719,266ca85c0106056601251611eea10e754153f1c9cb96ca440e08f238d4f03c20
00-Foundation/MFG-E250-Detection-Use-Case-Review.md,guide,guide,pentest,MFG-E250,manufacturing_industrial,Monitoring / Detection,monitoring,controlled,MFG-E250: Detection Use-Case Review,3692,f34708ffec8394be2fc8fe8758b1736d808dd3684e8d587db0a4f96bc4409deb
00-Foundation/MFG-E251-Incident-Response-Readiness.md,guide,guide,pentest,MFG-E251,manufacturing_industrial,Monitoring / Detection,manufacturing_asset,controlled,MFG-E251: Incident Response Readiness,3705,44ca577caacb83248634aa1013f4b94e267e52f78a7d8eb32700caf729a97b17
00-Foundation/MFG-FINAL-COVERAGE-AUDIT.md,document,,,,,,,,Manufacturing VAPT — Final Coverage & Completeness Model,8441,8af8a7d5cd22f40072f8b228d5a9f308c6f6bc8d87c385965f44f77a98626620
00-Foundation/MFG-MASTER-ASSET-TAXONOMY.md,document,,,,,,,,Manufacturing & Industrial VAPT — Master Asset & Technology Taxonomy,6940,6579748f15d7dd19c572c8fd24ecdbdc2785fe569a3c8e0b0ec2cd1e530b747d
00-Foundation/MFG-MASTER-ASSET-VAPT-KNOWLEDGE-MATRIX.md,document,,,,,,,,Master Asset × VAPT Phase × Knowledge Unit Matrix,249399,a08e7810c57fc3796804dd031adb10c70a44fa0f535e65c1928f7a2009571403
00-Foundation/MFG-MASTER-VAPT-SCOPE-MATRIX.md,document,,,,,,,,Master VAPT Scope Matrix,31481,3c93f1b4369ec18adf9528faf24f5918c8f48cf44ee40f76778c8e6ab8373e24
00-Foundation/MFG-MATRIX-QA-REPORT.md,document,,,,,,,,Matrix QA Report — v1.2.0,1449,736a2be1fbcac68b3073309dbbab1c6e46569f45f729cf3d540c58eda15266a4
00-Foundation/MFG-VAPT-ARCHITECTURE.md,document,,,,,,,,Manufacturing VAPT Knowledge Architecture,1236,59287d484dc4d4a24db87b3432ef083ab05e4899dd6a2d8d11ac65319caac314
00-Foundation/MFG-X300-ISA-95-Level-0-Physical-Process.md,guide,guide,pentest,MFG-X300,manufacturing_industrial,,,controlled,MFG-X300: ISA-95 Level 0 Physical Process,1513,510307b3595e251e389e4f1cecd388eb8b7280a2122e67909dca3a40fa6c4d6a
00-Foundation/MFG-X301-ISA-95-Level-1-Sensing-Actuation.md,guide,guide,pentest,MFG-X301,manufacturing_industrial,,,controlled,MFG-X301: ISA-95 Level 1 Sensing & Actuation,1519,d3d53eac47655b21b7e01dff59214ce7bdb2325d88edbd8cb4a7f444d30423bf
00-Foundation/MFG-X302-ISA-95-Level-2-Supervisory-Control.md,guide,guide,pentest,MFG-X302,manufacturing_industrial,,,controlled,MFG-X302: ISA-95 Level 2 Supervisory Control,1519,bc159f90d7b293a92beb971c309c6dafdf6ee9ae972dc0ec29485fadf13a8dfc
00-Foundation/MFG-X303-ISA-95-Level-3-Manufacturing-Operations-Management.md,guide,guide,pentest,MFG-X303,manufacturing_industrial,,,controlled,MFG-X303: ISA-95 Level 3 Manufacturing Operations Management,1551,571cc4932c9773d18dfce661e8c5627f11db959ae92790c88ff0330cbd1fc178
00-Foundation/MFG-X304-ISA-95-Level-4-Business-Planning-Logistics.md,guide,guide,pentest,MFG-X304,manufacturing_industrial,,,controlled,MFG-X304: ISA-95 Level 4 Business Planning & Logistics,1539,510d0cb3cfb2d2436ed5e082fcb05c9ce02c01d098d53327ddf01d73966b529c
00-Foundation/MFG-X305-Enterprise-Cloud-Integration-Layer-where-implemented.md,guide,guide,pentest,MFG-X305,manufacturing_industrial,,,controlled,MFG-X305: Enterprise/Cloud Integration Layer where implemented,1555,ae3ba3c924de6e3a2f682e1e39399b0ac2f7945f5cf9a0a36cb86afa34418038
00-Foundation/MFG-X306-Purdue-zone-architecture.md,guide,guide,pentest,MFG-X306,manufacturing_industrial,,,controlled,MFG-X306: Purdue/zone architecture,1499,1c225bd1936a82c90d9875d862a6fbc5dcd0763f8285c67d980e2ddda2280163
00-Foundation/MFG-X307-Zones-Conduits.md,guide,guide,pentest,MFG-X307,manufacturing_industrial,,,controlled,MFG-X307: Zones & Conduits,1483,df8e7fe9c0136589b26ab4bfa796e992b803a2076f30faa023e55282b2359451
00-Foundation/MFG-X308-Industrial-DMZ.md,guide,guide,pentest,MFG-X308,manufacturing_industrial,,,controlled,MFG-X308: Industrial DMZ,1479,518a015d01e40891eac2d3aefb410edcfec5a26a5d562fba864edcba6f609cc9
00-Foundation/MFG-X309-Safety-Instrumented-Systems.md,guide,guide,pentest,MFG-X309,manufacturing_industrial,,,controlled,MFG-X309: Safety Instrumented Systems,1505,b2045fbbaadab3bd6695adb2c82bd6e03606e2d160d96130f53a94824fa97823
00-Foundation/MFG-X310-Safety-PLC-SIS.md,guide,guide,pentest,MFG-X310,manufacturing_industrial,,,controlled,MFG-X310: Safety PLC/SIS,1479,2966bac20d38590d435131ac8f5f1a1344ce57d77d1bad4703d6599a47dcfcf0
00-Foundation/MFG-X311-Safety-lifecycle.md,guide,guide,pentest,MFG-X311,manufacturing_industrial,,,controlled,MFG-X311: Safety lifecycle,1483,242bc4145664d28baf666146cb1c633a1cf617ffcdb065e98999bb50c0bee061
00-Foundation/MFG-X312-Process-safety-vs-cybersecurity.md,guide,guide,pentest,MFG-X312,manufacturing_industrial,,,controlled,MFG-X312: Process safety vs cybersecurity,1513,c2205a93de3a4f36d1c61a6af1fd998c254caa0e22f8748ba4e3bb1f89bd897c
00-Foundation/MFG-X313-Discrete-manufacturing.md,guide,guide,pentest,MFG-X313,manufacturing_industrial,,,controlled,MFG-X313: Discrete manufacturing,1495,18be145277b0b7130a5ef55d566cc51d2d380255808bb18e934d186556c19c87
00-Foundation/MFG-X314-Continuous-process-manufacturing.md,guide,guide,pentest,MFG-X314,manufacturing_industrial,,,controlled,MFG-X314: Continuous/process manufacturing,1515,57a6a9aa31007066fbbf11604ee59684f92e69b4a1cff6a60e437161137f7f3a
00-Foundation/MFG-X315-Batch-manufacturing.md,guide,guide,pentest,MFG-X315,manufacturing_industrial,,,controlled,MFG-X315: Batch manufacturing,1489,bd987b363525aefa8a77ace176b4c853f1ad701248e6298460cef6121a1dbb14
00-Foundation/MFG-X316-Hybrid-manufacturing.md,guide,guide,pentest,MFG-X316,manufacturing_industrial,,,controlled,MFG-X316: Hybrid manufacturing,1491,a21d83ab74d887558b2341926febaa5b883ae80bb0eb4d4641e68fd7814c1367
00-Foundation/MFG-X317-Production-cell-workcell.md,guide,guide,pentest,MFG-X317,manufacturing_industrial,,,controlled,MFG-X317: Production cell/workcell,1499,9ebd3060b35393e5112c75d608ff22289fc774f6aca713ae16fbe87805fd93ce
00-Foundation/MFG-X318-Plant-site-enterprise-boundaries.md,guide,guide,pentest,MFG-X318,manufacturing_industrial,,,controlled,MFG-X318: Plant/site/enterprise boundaries,1515,fc6bc162bdf58754d3905276abf4a81e1d64f4b3b294001af090781bd562711a
00-Foundation/MFG-X319-Security-governance.md,guide,guide,pentest,MFG-X319,manufacturing_industrial,,,controlled,MFG-X319: Security governance,1483,8b6d401e096e056234483b19261bc921e6c9604dcd12f4f4ea22c8f51b401ef6
00-Foundation/MFG-X320-Asset-ownership.md,guide,guide,pentest,MFG-X320,manufacturing_industrial,,,controlled,MFG-X320: Asset ownership,1475,5b8180fb4dad9017a6d39c63122d5af0d05cbf5d20fccbeb567f1e5e09d770d6
00-Foundation/MFG-X321-Risk-management.md,guide,guide,pentest,MFG-X321,manufacturing_industrial,,,controlled,MFG-X321: Risk management,1475,38cc370981ca3f37347efe8513aee312138b6c744608326fd1575eb57a3e5454
00-Foundation/MFG-X322-Cybersecurity-policies.md,guide,guide,pentest,MFG-X322,manufacturing_industrial,,,controlled,MFG-X322: Cybersecurity policies,1489,1dc63c4a9337dcde45c014913f1393e450a16ea5b53656a69be2dbc26d876232
00-Foundation/MFG-X323-OT-security-policy.md,guide,guide,pentest,MFG-X323,manufacturing_industrial,,,controlled,MFG-X323: OT security policy,1481,01e4dd60239182a719ff860c9006e30adda6e981b203cd059e0e7a48dadf2eac
00-Foundation/MFG-X324-Third-party-risk.md,guide,guide,pentest,MFG-X324,manufacturing_industrial,,,controlled,MFG-X324: Third-party risk,1477,bf89a34fe578a44efefd75abaf7479a1a93fef3430a03bd8c1625b57ce69267a
00-Foundation/MFG-X325-Vendor-risk.md,guide,guide,pentest,MFG-X325,manufacturing_industrial,,,controlled,MFG-X325: Vendor risk,1467,a79155d29d74464771223b3f09520899a2457963a3df0b459d0b44abb45d4441
00-Foundation/MFG-X326-Security-requirements-in-procurement.md,guide,guide,pentest,MFG-X326,manufacturing_industrial,,,controlled,MFG-X326: Security requirements in procurement,1517,da309df7b6d4adc08b20f7fd1c1c4c44de99d07c063df32ea41cf2285d2c18e5
00-Foundation/MFG-X327-Change-management.md,guide,guide,pentest,MFG-X327,manufacturing_industrial,,,controlled,MFG-X327: Change management,1479,506209aeedc07b0c41c9caf12329c8a9387ae1d3bb86b7ac92a5b3c33457ea83
00-Foundation/MFG-X328-Configuration-management.md,guide,guide,pentest,MFG-X328,manufacturing_industrial,,,controlled,MFG-X328: Configuration management,1493,bae07d724d3b218ff9408c780d579660b974be31c04169c26b613784d7029e28
00-Foundation/MFG-X329-Vulnerability-management.md,guide,guide,pentest,MFG-X329,manufacturing_industrial,,,controlled,MFG-X329: Vulnerability management,1493,b82e8bfe7fd4244a8de0be9294c1c96781fb277080183256a712c9d2036bb0f7
00-Foundation/MFG-X330-Patch-management.md,guide,guide,pentest,MFG-X330,manufacturing_industrial,,,controlled,MFG-X330: Patch management,1477,457bddce667ea2c96c0df3b2618868cd3180daadd90a71efadf95a5ff7e478cd
00-Foundation/MFG-X331-Exception-management.md,guide,guide,pentest,MFG-X331,manufacturing_industrial,,,controlled,MFG-X331: Exception management,1485,fad31a279fdfff86eea94e9e85ccc6dc96891ddf7759fb84f43ad40b247c0430
00-Foundation/MFG-X332-Risk-acceptance.md,guide,guide,pentest,MFG-X332,manufacturing_industrial,,,controlled,MFG-X332: Risk acceptance,1475,f7285773767542b1da2325b83707ec7dece79bce35c6d2282c3d77e1c1d24bfc
00-Foundation/MFG-X333-Audit-evidence.md,guide,guide,pentest,MFG-X333,manufacturing_industrial,,,controlled,MFG-X333: Audit evidence,1473,92e30e98d802ea103d2377673d07faa407ea4367622472074c69272e962ca0fd
00-Foundation/MFG-X334-Business-continuity.md,guide,guide,pentest,MFG-X334,manufacturing_industrial,,,controlled,MFG-X334: Business continuity,1483,9a85d99e629d77d84696462eb6d36383e9c6eef541ce4a707d3decd1d928268e
00-Foundation/MFG-X335-Disaster-recovery.md,guide,guide,pentest,MFG-X335,manufacturing_industrial,,,controlled,MFG-X335: Disaster recovery,1479,8f55db1bf9a8e2c1ed363b2ea95b75fb6e2ccd0be349d0d08093932e81af538e
00-Foundation/MFG-X336-Incident-response.md,guide,guide,pentest,MFG-X336,manufacturing_industrial,,,controlled,MFG-X336: Incident response,1479,5e7d411ceac45b56fb5e7eb5057467fff243b56f83fee0b34f178f3ee914ac41
00-Foundation/MFG-X337-Crisis-management.md,guide,guide,pentest,MFG-X337,manufacturing_industrial,,,controlled,MFG-X337: Crisis management,1479,0869afd4cc1ef9cb5588d451e2c9a1aae195292758dcacaab44bdf4d12de44f2
00-Foundation/MFG-X338-Security-awareness.md,guide,guide,pentest,MFG-X338,manufacturing_industrial,,,controlled,MFG-X338: Security awareness,1481,6d45697d025a86069710196007b87b5fa9ac38b1c47eac610a4bb9bcd394213c
00-Foundation/MFG-X339-Regulatory-obligations.md,guide,guide,pentest,MFG-X339,manufacturing_industrial,,,controlled,MFG-X339: Regulatory obligations,1489,c2718e9a5d1d02b73174d7803c9cff07ac7e93d4a630ef5a95b4c90e6e85f063
00-Foundation/MFG-X340-Contractual-requirements.md,guide,guide,pentest,MFG-X340,manufacturing_industrial,,,controlled,MFG-X340: Contractual requirements,1493,a288c6fe95b9d5f71c0bdd5d58061221a5094d9788b955d306c52e725781c77e
00-Foundation/MFG-X341-Customer-security-requirements.md,guide,guide,pentest,MFG-X341,manufacturing_industrial,,,controlled,MFG-X341: Customer security requirements,1505,b2192e176498fa4cd792d395336d1d006fb2dfe20dc3bf8cc0c1ef1102207b1c
00-Foundation/MFG-X342-Cyber-insurance-requirements.md,guide,guide,pentest,MFG-X342,manufacturing_industrial,,,controlled,MFG-X342: Cyber insurance requirements,1501,231bc31b308a40cf80b49487dd42690599ee84d0594b465cd361c05ee01d7365
00-Foundation/MFG-X343-Applicable-national-sectoral-requirements.md,guide,guide,pentest,MFG-X343,manufacturing_industrial,,,controlled,MFG-X343: Applicable national/sectoral requirements,1527,73bd69a6444c0b4430dee5fadf074a16d30098af360e4c73b3faa20956b74168
00-Foundation/MFG-X344-Security-awareness.md,guide,guide,pentest,MFG-X344,manufacturing_industrial,,,controlled,MFG-X344: Security awareness,1489,8987956d085c78f893019ce75b54b7cba391870de968dee0733352c25700c0f7
00-Foundation/MFG-X345-Phishing.md,guide,guide,pentest,MFG-X345,manufacturing_industrial,,,controlled,MFG-X345: Phishing,1469,796760e1642eda9252d2d9a4686c555cc474666df5145e306c9672b264d5bc41
00-Foundation/MFG-X346-Spear-phishing.md,guide,guide,pentest,MFG-X346,manufacturing_industrial,,,controlled,MFG-X346: Spear phishing,1481,ea2183aef397a06f73011dce12c3a45833cf846b7dfba4017c010bdbca2a9416
00-Foundation/MFG-X347-Business-email-compromise-scenarios.md,guide,guide,pentest,MFG-X347,manufacturing_industrial,,,controlled,MFG-X347: Business email compromise scenarios,1523,d41d15201ad186f1bbd17518e89ff5b241966ab6b8cd7677dd5d2cdeba690016
00-Foundation/MFG-X348-Vishing.md,guide,guide,pentest,MFG-X348,manufacturing_industrial,,,controlled,MFG-X348: Vishing,1467,6655acda66d18bd16240f083709e0cb67d5d49e19f78f5c16c3feb4f8cf05d59
00-Foundation/MFG-X349-Smishing.md,guide,guide,pentest,MFG-X349,manufacturing_industrial,,,controlled,MFG-X349: Smishing,1469,88d24508e0a82afbe778f79f2c8b852a75331daa255140325eada6502e4bf99d
00-Foundation/MFG-X350-Pretexting.md,guide,guide,pentest,MFG-X350,manufacturing_industrial,,,controlled,MFG-X350: Pretexting,1473,99b46b312b06b7f4de6a79d4300c5351645a6f35e19d07426d0754903479ce11
00-Foundation/MFG-X351-Physical-access-assessment.md,guide,guide,pentest,MFG-X351,manufacturing_industrial,,,controlled,MFG-X351: Physical access assessment,1505,0ec0939205897369c53b3af3bf5c2dd0d884b5db83b4cdd819f391c45e9453d8
00-Foundation/MFG-X352-Badge-access-control-review.md,guide,guide,pentest,MFG-X352,manufacturing_industrial,,,controlled,MFG-X352: Badge/access-control review,1507,dd554648875b6358d67e904593ce5deaef4120891d101e3e97623902936117a7
00-Foundation/MFG-X353-Tailgating-assessment.md,guide,guide,pentest,MFG-X353,manufacturing_industrial,,,controlled,MFG-X353: Tailgating assessment,1495,e22f5d21a35a91670e99d519309c85bc24fe420aec18279ec83c91ca661182a4
00-Foundation/MFG-X354-Visitor-controls.md,guide,guide,pentest,MFG-X354,manufacturing_industrial,,,controlled,MFG-X354: Visitor controls,1485,7a98ae1255fa003eb5f2c95f18feb89c4a05fadedc2689c8e8a2acc6978ee207
00-Foundation/MFG-X355-Clean-desk-media-handling.md,guide,guide,pentest,MFG-X355,manufacturing_industrial,,,controlled,MFG-X355: Clean desk/media handling,1503,a86c8c033b37b56c5f1e5d07bc119d8b7b0f49a594c978995416f76769c8946f
00-Foundation/MFG-X356-Removable-media-controls.md,guide,guide,pentest,MFG-X356,manufacturing_industrial,,,controlled,MFG-X356: Removable media controls,1501,aa6ed76115e6ac095e4555eba7fa0f7d79e9e5fcc7d24ed38f4c6655b8b7cba3
00-Foundation/MFG-X357-Security-of-engineering-areas.md,guide,guide,pentest,MFG-X357,manufacturing_industrial,,,controlled,MFG-X357: Security of engineering areas,1511,d72832e3598d5b1ceb53b2f5d3d0d3e2bc3fc3c44f486d48eb2ee19334f0f4b0
00-Foundation/MFG-X358-Control-room-security.md,guide,guide,pentest,MFG-X358,manufacturing_industrial,,,controlled,MFG-X358: Control-room security,1495,4af5aaf1c27cf38637c4c8e2eb7fe9700ad6d52c86ef331aea759fb4271d2c6c
00-Foundation/MFG-X359-Server-room-security.md,guide,guide,pentest,MFG-X359,manufacturing_industrial,,,controlled,MFG-X359: Server-room security,1493,cd876bc92a64e652a1dd76cc60ed511d3999803e63335075b15823e5c6bcf363
00-Foundation/MFG-X360-Social-engineering-rules-of-engagement.md,guide,guide,pentest,MFG-X360,manufacturing_industrial,,,controlled,MFG-X360: Social engineering rules of engagement,1529,00c3b3ca98fae84c668e6d446fc3a391c523e6493c8eb2d7a2de80c75f6a44d7
00-Foundation/MFG-X361-Backup-architecture.md,guide,guide,pentest,MFG-X361,manufacturing_industrial,,,controlled,MFG-X361: Backup architecture,1475,619930c82928ceb9d7e74a79434a9a0865758ed760c56fd3613ce2dbb18b1f28
00-Foundation/MFG-X362-Backup-immutability.md,guide,guide,pentest,MFG-X362,manufacturing_industrial,,,controlled,MFG-X362: Backup immutability,1475,a73cb6f39e66a1a024b63ed1f1ffa82cf71c5665f779628a785417d715c06104
00-Foundation/MFG-X363-Offline-backups.md,guide,guide,pentest,MFG-X363,manufacturing_industrial,,,controlled,MFG-X363: Offline backups,1467,e04f9d23a3c91851724731cb93e8839904a11055cf0c5db8b95b615e99c60a83
00-Foundation/MFG-X364-Restore-testing.md,guide,guide,pentest,MFG-X364,manufacturing_industrial,,,controlled,MFG-X364: Restore testing,1467,5cd4e98f0d44b283a32ee1867a973e49f5e8f639184d7e3c0207b09200321a16
00-Foundation/MFG-X365-PLC-logic-backup.md,guide,guide,pentest,MFG-X365,manufacturing_industrial,,,controlled,MFG-X365: PLC logic backup,1469,aebfa4c17f7df99afa6b44b4e235cbfc67502f088484f41e95f3df9082475152
00-Foundation/MFG-X366-SCADA-backup.md,guide,guide,pentest,MFG-X366,manufacturing_industrial,,,controlled,MFG-X366: SCADA backup,1461,c617344f51395b2edbe564ea6764955ed2df4716d3bf6da17f0f349ce82a9efc
00-Foundation/MFG-X367-HMI-backup.md,guide,guide,pentest,MFG-X367,manufacturing_industrial,,,controlled,MFG-X367: HMI backup,1457,16c704e02062ef5984ef1bd6c66d615b7fd9d618d255a56eec715c29dba22a17
00-Foundation/MFG-X368-Engineering-workstation-backup.md,guide,guide,pentest,MFG-X368,manufacturing_industrial,,,controlled,MFG-X368: Engineering workstation backup,1497,617e7f5501a7599bb39be20d80d87fe388f37392b5a2dbb17a181398046744da
00-Foundation/MFG-X369-Configuration-backup.md,guide,guide,pentest,MFG-X369,manufacturing_industrial,,,controlled,MFG-X369: Configuration backup,1477,3e1ad7bbf5de614a0d274518b90d3250ad59c60e21331fcc52f63a76f804f3c9
00-Foundation/MFG-X370-Golden-images.md,guide,guide,pentest,MFG-X370,manufacturing_industrial,,,controlled,MFG-X370: Golden images,1463,e93d37c9991405cb8fc6005741ab542f0bc6402956e44491e75ee1adcc68b38a
00-Foundation/MFG-X371-Disaster-recovery.md,guide,guide,pentest,MFG-X371,manufacturing_industrial,,,controlled,MFG-X371: Disaster recovery,1471,1b7fa70e5f7d29248eb52cb4a827a8c9f333b674b4c7dce814424b47e2ddb4c2
00-Foundation/MFG-X372-Business-continuity.md,guide,guide,pentest,MFG-X372,manufacturing_industrial,,,controlled,MFG-X372: Business continuity,1475,961aac7a2594a1271bcb919a26bfce88befac34e22ae9d7f03d5e201b5d5d046
00-Foundation/MFG-X373-RTO-RPO.md,guide,guide,pentest,MFG-X373,manufacturing_industrial,,,controlled,MFG-X373: RTO/RPO,1451,e49489aeed2ad40df1119f1034b23c3fb2912beb1e3a6ab7880a207b04a43160
00-Foundation/MFG-X374-Production-recovery.md,guide,guide,pentest,MFG-X374,manufacturing_industrial,,,controlled,MFG-X374: Production recovery,1475,5ae18df81a0b5f18169b4551b8b1f649fb54cc3a376dccdcfdcda7a74c1d024a
00-Foundation/MFG-X375-Failover.md,guide,guide,pentest,MFG-X375,manufacturing_industrial,,,controlled,MFG-X375: Failover,1453,b05a81ffc201fd95bc93fc1ae23da30bf0e2cac202bc2bc40c493141541b0f4b
00-Foundation/MFG-X376-Redundancy.md,guide,guide,pentest,MFG-X376,manufacturing_industrial,,,controlled,MFG-X376: Redundancy,1457,6501b974db58a3941bbb46e39d5a97beba65495528076edf8c0004da9e84b5c6
00-Foundation/MFG-X377-High-availability.md,guide,guide,pentest,MFG-X377,manufacturing_industrial,,,controlled,MFG-X377: High availability,1471,a757e565ca37ce18156db4fe8f81d1c148ae294f0220d78ab22488b163a720e2
00-Foundation/MFG-X378-Single-points-of-failure.md,guide,guide,pentest,MFG-X378,manufacturing_industrial,,,controlled,MFG-X378: Single points of failure,1485,c45943eb26727d3961d4de339d1cd0cecac878237441cdaf78af5d63cbf2b5bd
00-Foundation/MFG-X379-Crisis-communications.md,guide,guide,pentest,MFG-X379,manufacturing_industrial,,,controlled,MFG-X379: Crisis communications,1479,bcad2fb6aaf8f6c5451743aae4f2a68f0de5afe7c9dd5bbead9849d88b0dec2f
00-Foundation/MFG-X380-Ransomware-recovery.md,guide,guide,pentest,MFG-X380,manufacturing_industrial,,,controlled,MFG-X380: Ransomware recovery,1475,a43c26d341c7400347b5794aea630e119545ad17b425315d1018fdcb5af6b772
00-Foundation/MFG-X381-Manufacturing-threat-model.md,guide,guide,pentest,MFG-X381,manufacturing_industrial,,,controlled,MFG-X381: Manufacturing threat model,1498,66f8df47d5a3a40610a21c95c47bf0dba9470f59d1cf8c24ee593751080a64fd
00-Foundation/MFG-X382-Asset-to-process-mapping.md,guide,guide,pentest,MFG-X382,manufacturing_industrial,,,controlled,MFG-X382: Asset-to-process mapping,1494,87e9bf60360f5c3a68b8a7235917e7f95ae13ecd4a13043cbbdf48ee9406ec9d
00-Foundation/MFG-X383-Trust-boundary-analysis.md,guide,guide,pentest,MFG-X383,manufacturing_industrial,,,controlled,MFG-X383: Trust-boundary analysis,1492,bcfb7911d5531782174a4c645ccb43eb7105a8abac21f1669e404a8698241a57
00-Foundation/MFG-X384-Attack-path-analysis.md,guide,guide,pentest,MFG-X384,manufacturing_industrial,,,controlled,MFG-X384: Attack-path analysis,1486,532746c55fcb37ddbae4adde2826ce0b9f9717381f1fd1ec8658f7354b68f9cb
00-Foundation/MFG-X385-Initial-access-paths.md,guide,guide,pentest,MFG-X385,manufacturing_industrial,,,controlled,MFG-X385: Initial access paths,1486,41cfdf6f3b3985c3e447c24e13caec35226f5fa4b6e4dffe45fd05effccd5694
00-Foundation/MFG-X386-IT-to-OT-pathways.md,guide,guide,pentest,MFG-X386,manufacturing_industrial,,,controlled,MFG-X386: IT-to-OT pathways,1480,d3326da49a1261d5c4d058e3d6c7cac8e7f7ccbcb817b1051500d13e938f4b50
00-Foundation/MFG-X387-OT-to-IT-pathways.md,guide,guide,pentest,MFG-X387,manufacturing_industrial,,,controlled,MFG-X387: OT-to-IT pathways,1480,0adb318830c6a5521f54a6988fa76076774789c7ba1e9717a19ec09b4347cd0a
00-Foundation/MFG-X388-Vendor-access-paths.md,guide,guide,pentest,MFG-X388,manufacturing_industrial,,,controlled,MFG-X388: Vendor access paths,1484,7f834b907ef62af3890facfe2f51cd385cd6a1a0c014253a94861501de61434f
00-Foundation/MFG-X389-Cloud-to-plant-paths.md,guide,guide,pentest,MFG-X389,manufacturing_industrial,,,controlled,MFG-X389: Cloud-to-plant paths,1486,d8f69b6a389e4a3812888f0a27d107c73b34221dd05ed7c69c4e707c361accc1
00-Foundation/MFG-X390-Engineering-workstation-attack-paths.md,guide,guide,pentest,MFG-X390,manufacturing_industrial,,,controlled,MFG-X390: Engineering workstation attack paths,1518,8fe6e2a0bea87f0913dbeb4b2e7eac0ad3f07cd2f9f41210a286305cc2d6f3d2
00-Foundation/MFG-X391-Identity-attack-paths.md,guide,guide,pentest,MFG-X391,manufacturing_industrial,,,controlled,MFG-X391: Identity attack paths,1488,cd34d1431c79c05941c18479faa04c6f8346200af643266a3d5b28c3c3f3a19b
00-Foundation/MFG-X392-Data-exfiltration-paths.md,guide,guide,pentest,MFG-X392,manufacturing_industrial,,,controlled,MFG-X392: Data exfiltration paths,1492,fb7c774fc266d9a7496339f9d46ef108f168aa899cd33404f8efedb786a29a0c
00-Foundation/MFG-X393-Process-manipulation-scenarios.md,guide,guide,pentest,MFG-X393,manufacturing_industrial,,,controlled,MFG-X393: Process manipulation scenarios,1506,a9d7786b64cef9d24bb2acc92061a3ee115b73633499c6016d6158bbd36786e0
00-Foundation/MFG-X394-Availability-disruption-scenarios.md,guide,guide,pentest,MFG-X394,manufacturing_industrial,,,controlled,MFG-X394: Availability disruption scenarios,1512,fa832adec1d9f1cfffd64539ecaaebb85898e386f140bcf6b8e9bdb32c10ade4
00-Foundation/MFG-X395-Safety-impact-scenarios.md,guide,guide,pentest,MFG-X395,manufacturing_industrial,,,controlled,MFG-X395: Safety-impact scenarios,1492,beb27416e987e348059352b0fda500340610eea98725ffa857bfb99596c0e090
00-Foundation/MFG-X396-OT-telemetry.md,guide,guide,pentest,MFG-X396,manufacturing_industrial,,,controlled,MFG-X396: OT telemetry,1472,7a3d31f8cff9ee3ac70bfe35f635d9453bd6fb6925e20ab422553e0b02bab177
00-Foundation/MFG-X397-Network-telemetry.md,guide,guide,pentest,MFG-X397,manufacturing_industrial,,,controlled,MFG-X397: Network telemetry,1482,c0736593dec59599da51fa4209898be3fd9ccd87d9fd67162d76ca34801c462f
00-Foundation/MFG-X398-Asset-aware-logging.md,guide,guide,pentest,MFG-X398,manufacturing_industrial,,,controlled,MFG-X398: Asset-aware logging,1486,808f75a2dfb462e12d4449209da125c1f7d3f1510786b2214606e1fde4a93f55
00-Foundation/MFG-X399-SIEM-integration.md,guide,guide,pentest,MFG-X399,manufacturing_industrial,,,controlled,MFG-X399: SIEM integration,1480,0fb7c35d39cb7ce92fff81f10f0198a42a7d072be78ac69a07414a6f68db1265
00-Foundation/MFG-X400-OT-IDS.md,guide,guide,pentest,MFG-X400,manufacturing_industrial,,,controlled,MFG-X400: OT IDS,1460,f343ae985987f0a261dbf975ca15d737f95d5ead4076f222ae7f81f92bc0459f
00-Foundation/MFG-X401-Detection-use-cases.md,guide,guide,pentest,MFG-X401,manufacturing_industrial,,,controlled,MFG-X401: Detection use cases,1486,493f994d6876366ce943ce192eb895f419c503abcf6f57242064463d09b8086d
00-Foundation/MFG-X402-Alert-triage.md,guide,guide,pentest,MFG-X402,manufacturing_industrial,,,controlled,MFG-X402: Alert triage,1472,a5c95e1f25d4a70daab1ab5c9ec8bdfa8cc311cfe361f56b922250ac3424c701
00-Foundation/MFG-X403-SOC-OT-SOC-workflow.md,guide,guide,pentest,MFG-X403,manufacturing_industrial,,,controlled,MFG-X403: SOC/OT SOC workflow,1486,8bbaf94d7000b0396d72e42e2317edc2ea55d2783a0391df233de98adcf64281
00-Foundation/MFG-X404-Incident-escalation.md,guide,guide,pentest,MFG-X404,manufacturing_industrial,,,controlled,MFG-X404: Incident escalation,1486,59d54974fd2240a725dbdf1aaece69ec5404f2a1f741d1a25aa8fc2a16057cf0
00-Foundation/MFG-X405-Containment.md,guide,guide,pentest,MFG-X405,manufacturing_industrial,,,controlled,MFG-X405: Containment,1470,1df5f723403ec3c461863699e24083840b19fba39fcd826d4fe99a1e33d170c0
00-Foundation/MFG-X406-OT-safe-incident-response.md,guide,guide,pentest,MFG-X406,manufacturing_industrial,,,controlled,MFG-X406: OT-safe incident response,1498,c2968badca90fb142cf00490a9e50b7ce760660bbeaf7e1885d3854c083ea022
00-Foundation/MFG-X407-Forensics-readiness.md,guide,guide,pentest,MFG-X407,manufacturing_industrial,,,controlled,MFG-X407: Forensics readiness,1486,36a89a740b2734152fa2ad68b325c52fa7c8a7a21a956925c90e71589ff86e90
00-Foundation/MFG-X408-Evidence-preservation.md,guide,guide,pentest,MFG-X408,manufacturing_industrial,,,controlled,MFG-X408: Evidence preservation,1490,6b1079ec56ddd9a394966fce63e14794f9b68345cf78117bc549bed9848aa00d
00-Foundation/MFG-X409-Threat-hunting.md,guide,guide,pentest,MFG-X409,manufacturing_industrial,,,controlled,MFG-X409: Threat hunting,1476,8307bde6687c1e33d8609952f6e0139cc16c4f57843f2248482084d06feea4f3
00-Foundation/MFG-X410-Recovery-validation.md,guide,guide,pentest,MFG-X410,manufacturing_industrial,,,controlled,MFG-X410: Recovery validation,1486,e679dd4245fb65c98ee842a23e0c7239ca7292bc93d6974f472adee33c7778fe
00-Foundation/MFG-X411-SDLC.md,guide,guide,pentest,MFG-X411,manufacturing_industrial,,,controlled,MFG-X411: SDLC,1452,4b40d2e5bbcb14c62ed8a914ebb0a129e4f50d2ec8390ff52f4e0ea22dbd5401
00-Foundation/MFG-X412-Secure-SDLC.md,guide,guide,pentest,MFG-X412,manufacturing_industrial,,,controlled,MFG-X412: Secure SDLC,1466,7cbcf8c1160a679d459124cdb47e91b3057d36e77d98317fcc9dc76a170322cc
00-Foundation/MFG-X413-Requirements-security.md,guide,guide,pentest,MFG-X413,manufacturing_industrial,,,controlled,MFG-X413: Requirements security,1486,31a35b0717658d16048c3eb290232f2ffc7c571c75d55b60860ba7aa733bbb34
00-Foundation/MFG-X414-Architecture-review.md,guide,guide,pentest,MFG-X414,manufacturing_industrial,,,controlled,MFG-X414: Architecture review,1482,1cadaaec48436601f8c592e9a8df731a9482abe6ca0ce3ea54993bfa6694529a
00-Foundation/MFG-X415-Code-review.md,guide,guide,pentest,MFG-X415,manufacturing_industrial,,,controlled,MFG-X415: Code review,1466,20d9f9fe0174b66833e25106cb95d300da7fe7dfdcbeddb106ca23172ed5e292
00-Foundation/MFG-X416-SAST.md,guide,guide,pentest,MFG-X416,manufacturing_industrial,,,controlled,MFG-X416: SAST,1452,850e77da8d4bae60d55a55bcdcb2e9c46b91546af5669495fb7bf398a6164113
00-Foundation/MFG-X417-DAST.md,guide,guide,pentest,MFG-X417,manufacturing_industrial,,,controlled,MFG-X417: DAST,1452,21373cd0d13db0c974f3a0c48f2cd2db51ebe4c317661839b5c76680f1718b0f
00-Foundation/MFG-X418-Dependency-SBOM-review.md,guide,guide,pentest,MFG-X418,manufacturing_industrial,,,controlled,MFG-X418: Dependency/SBOM review,1488,ee74d78a892be50cb2a31871046e943f9ed3ecd7abba0482e78fc14440ae54ed
00-Foundation/MFG-X419-Container-image-security.md,guide,guide,pentest,MFG-X419,manufacturing_industrial,,,controlled,MFG-X419: Container image security,1492,c3a1522b8589ec3aca1f444d2828746230fa5b50c5e836e2d45a1c51fdec18a7
00-Foundation/MFG-X420-CI-CD-security.md,guide,guide,pentest,MFG-X420,manufacturing_industrial,,,controlled,MFG-X420: CI/CD security,1472,7020695766c6e1f75792cddc62b813fca95cb9d948552908debaf0fa8bfd6054
00-Foundation/MFG-X421-Artifact-integrity.md,guide,guide,pentest,MFG-X421,manufacturing_industrial,,,controlled,MFG-X421: Artifact integrity,1480,3540cbcbbf1d00148d801a6299b12176e1069fdf40c86e87d47137a163410a1c
00-Foundation/MFG-X422-Code-signing.md,guide,guide,pentest,MFG-X422,manufacturing_industrial,,,controlled,MFG-X422: Code signing,1468,74fd9ad8ba8ca3c245aff5756ba89dbb74983bcf8734137e88a1c45fe5f4be94
00-Foundation/MFG-X423-Firmware-signing.md,guide,guide,pentest,MFG-X423,manufacturing_industrial,,,controlled,MFG-X423: Firmware signing,1476,1b324d8c2a1c22cc06c5741790c9ec397903818b101be348b2b65883ff319050
00-Foundation/MFG-X424-Update-mechanisms.md,guide,guide,pentest,MFG-X424,manufacturing_industrial,,,controlled,MFG-X424: Update mechanisms,1478,03580ffcb8da154e7cc3f2007aff9f640694f81a6bd30c86f9eea92d351ed71e
00-Foundation/MFG-X425-Secrets-management.md,guide,guide,pentest,MFG-X425,manufacturing_industrial,,,controlled,MFG-X425: Secrets management,1480,454f2538cbf041082d2be85e2a304a4636aa26fbf545f79c2e45680774c5426c
00-Foundation/MFG-X426-Data-classification.md,guide,guide,pentest,MFG-X426,manufacturing_industrial,,,controlled,MFG-X426: Data classification,1482,5bc50f03bc386138981d8bff71decaa7c89b3003b6a2ecf4ab27c379ec48b1e5
00-Foundation/MFG-X427-Data-retention.md,guide,guide,pentest,MFG-X427,manufacturing_industrial,,,controlled,MFG-X427: Data retention,1472,35e05013d8171372514cbab6d52e4efb8e36ed82af78f64518e23e8fcca6ccf0
00-Foundation/MFG-X428-Data-minimization.md,guide,guide,pentest,MFG-X428,manufacturing_industrial,,,controlled,MFG-X428: Data minimization,1478,4f93eefe3ba7d8ca2a4e0cba785b3d1ba6c80b052e7381f4c7cb1be334177b5e
00-Foundation/MFG-X429-DLP.md,guide,guide,pentest,MFG-X429,manufacturing_industrial,,,controlled,MFG-X429: DLP,1450,9a2082c546c6db1b331bdbd7fb7e75a0a43b87f87dd0ca9158e4caf02727ebb6
00-Foundation/MFG-X430-Encryption-at-rest.md,guide,guide,pentest,MFG-X430,manufacturing_industrial,,,controlled,MFG-X430: Encryption at rest,1480,189b49e3327fa0992e83567c8b32f4ab69e367d7abd56c968d350aeb0e02405a
00-Foundation/MFG-X431-Encryption-in-transit.md,guide,guide,pentest,MFG-X431,manufacturing_industrial,,,controlled,MFG-X431: Encryption in transit,1486,4c97df096b5ef2192dcc9abd8852f9373ba74f1b603630ce0603c3a9ad150350
00-Foundation/MFG-X432-Key-management.md,guide,guide,pentest,MFG-X432,manufacturing_industrial,,,controlled,MFG-X432: Key management,1472,71e069e295abb04e927db875a92c02d481802579376d090607e9c8fccb81c2d0
00-Foundation/MFG-X433-Cloud-landing-zones.md,guide,guide,pentest,MFG-X433,manufacturing_industrial,,,controlled,MFG-X433: Cloud landing zones,1471,8541b04142f9f1f82b0da9404b32d56244cc5062e4ac399fb5a356f561c21530
00-Foundation/MFG-X434-Cloud-governance.md,guide,guide,pentest,MFG-X434,manufacturing_industrial,,,controlled,MFG-X434: Cloud governance,1465,01a14a01683a1ea03b0b418121ba16c3637c6f49ac857a392d5094e1450fba68
00-Foundation/MFG-X435-Cloud-IAM.md,guide,guide,pentest,MFG-X435,manufacturing_industrial,,,controlled,MFG-X435: Cloud IAM,1451,7365780d8c20d1b95c40cb45d91b49460106a215acc01ae1a414052ba0709524
00-Foundation/MFG-X436-Cloud-network-segmentation.md,guide,guide,pentest,MFG-X436,manufacturing_industrial,,,controlled,MFG-X436: Cloud network segmentation,1485,29af2f6cee510d04be40237e45382d52ac57dd7dfcf3a7fe1b7753d80742c3e6
00-Foundation/MFG-X437-Cloud-logging.md,guide,guide,pentest,MFG-X437,manufacturing_industrial,,,controlled,MFG-X437: Cloud logging,1459,dc05b7d8388346838b581d79b1950727ca2f33cac74de500dec381a5c15ddf1c
00-Foundation/MFG-X438-Cloud-posture.md,guide,guide,pentest,MFG-X438,manufacturing_industrial,,,controlled,MFG-X438: Cloud posture,1459,2d8d007aea66e4004835e6a5fedc609de830910366366ffb614d6545608246af
00-Foundation/MFG-X439-Object-storage.md,guide,guide,pentest,MFG-X439,manufacturing_industrial,,,controlled,MFG-X439: Object storage,1461,1a7a1992c627e70bd7fc1fd86990db66744ffdac13b282a338da236ed737c9c6
00-Foundation/MFG-X440-Cloud-databases.md,guide,guide,pentest,MFG-X440,manufacturing_industrial,,,controlled,MFG-X440: Cloud databases,1463,821c8dcb10a42480343745b858c17e213b90927638a03b100412e6ba51317a7e
00-Foundation/MFG-X441-Containers.md,guide,guide,pentest,MFG-X441,manufacturing_industrial,,,controlled,MFG-X441: Containers,1453,40769b68a16343c8ee5a7b3c909eb1168ac6d404160cb1a9ea3646a89428d4f1
00-Foundation/MFG-X442-Kubernetes.md,guide,guide,pentest,MFG-X442,manufacturing_industrial,,,controlled,MFG-X442: Kubernetes,1453,783853891edc6159590b8aa3323415f9a1b96d77d6c5c3e4febbdcf39bde6198
00-Foundation/MFG-X443-Serverless.md,guide,guide,pentest,MFG-X443,manufacturing_industrial,,,controlled,MFG-X443: Serverless,1453,0fb2fd008b600c70986b715013d0e7e8295061ddf799c14a9444d7b980c3fb81
00-Foundation/MFG-X444-Edge-computing.md,guide,guide,pentest,MFG-X444,manufacturing_industrial,,,controlled,MFG-X444: Edge computing,1461,4fadd50756e4951f4f61ba3cf4edbc74f67978fde1f6cfde8e49b78540288197
00-Foundation/MFG-X445-Edge-to-cloud-trust.md,guide,guide,pentest,MFG-X445,manufacturing_industrial,,,controlled,MFG-X445: Edge-to-cloud trust,1471,a3ad8bd249d6dedc72c4fddd9ea369ef070d41b45fc82c028f4b65fd2c6d346e
00-Foundation/MFG-X446-IoT-device-identity.md,guide,guide,pentest,MFG-X446,manufacturing_industrial,,,controlled,MFG-X446: IoT device identity,1471,f5f61890a16bcdd9b2f4f2a901dfe5fa069c6510ad627f3cf6b404aeb2702031
00-Foundation/MFG-X447-Device-provisioning.md,guide,guide,pentest,MFG-X447,manufacturing_industrial,,,controlled,MFG-X447: Device provisioning,1471,29e48c6a87f6685bcb5fcec0b6ee139d07caf999693b825f8af6eac0526d0fa8
00-Foundation/MFG-X448-Device-decommissioning.md,guide,guide,pentest,MFG-X448,manufacturing_industrial,,,controlled,MFG-X448: Device decommissioning,1477,2501226c3f9a6444f078ebc7f1da605823abd72b6e7e9c55fb41174013a3eaee
00-Foundation/MFG-X449-Digital-twins.md,guide,guide,pentest,MFG-X449,manufacturing_industrial,,,controlled,MFG-X449: Digital twins,1459,39ec25ceaf5b3b3fcd8c6edd2fcbd9f6371c4236194be202771f4e3b0777e519
00-Foundation/MFG-X450-AI-ML-pipelines.md,guide,guide,pentest,MFG-X450,manufacturing_industrial,,,controlled,MFG-X450: AI/ML pipelines,1463,301924e59c410d99d4d7bd6a322556845b18eed74111cfde33e8bd660d5891fd
00-Foundation/MFG-X451-Model-security.md,guide,guide,pentest,MFG-X451,manufacturing_industrial,,,controlled,MFG-X451: Model security,1461,f7807ebcc0e7978fe625f076a7e57d2ee0edf5a928a5e5aeabb85e29acff3172
00-Foundation/MFG-X452-AI-API-security.md,guide,guide,pentest,MFG-X452,manufacturing_industrial,,,controlled,MFG-X452: AI API security,1463,6a0dfe219b3907d5fe66b5a32b116e43920e6e49dcb69b710ebe428feb73a5c6
00-Foundation/MFG-X453-AI-data-exposure.md,guide,guide,pentest,MFG-X453,manufacturing_industrial,,,controlled,MFG-X453: AI data exposure,1465,2e645c9090faf756bf17fcac74f1a1b81574b065f7a8a41aaa33b4b1f73076df
00-Foundation/MFG-X454-AI-supply-chain.md,guide,guide,pentest,MFG-X454,manufacturing_industrial,,,controlled,MFG-X454: AI supply chain,1463,8bf9fece44cc0513dff2308792546e95d5d5291cb90d8b1b499ff5d7332f0594
00-Foundation/MFG-X455-Robotics.md,guide,guide,pentest,MFG-X455,manufacturing_industrial,,,controlled,MFG-X455: Robotics,1468,3923df52964f97600f5723bf71900507e11b3c7a1133da921a3928f4774cc0e4
00-Foundation/MFG-X456-CNC.md,guide,guide,pentest,MFG-X456,manufacturing_industrial,,,controlled,MFG-X456: CNC,1458,e49797416abc90a7a08e464a513e2b89cb98f0e1ceef9e4e2a740cdba851e559
00-Foundation/MFG-X457-Machine-vision.md,guide,guide,pentest,MFG-X457,manufacturing_industrial,,,controlled,MFG-X457: Machine vision,1480,d6aea6c57b39d944b4d22886fcf91332cfc406fdbf9a704fa3761e7b96f9dec7
00-Foundation/MFG-X458-AGV.md,guide,guide,pentest,MFG-X458,manufacturing_industrial,,,controlled,MFG-X458: AGV,1458,4ae88636f1c52f4b6176249e42a3068933442c36303b75348156b860418697ff
00-Foundation/MFG-X459-AMR.md,guide,guide,pentest,MFG-X459,manufacturing_industrial,,,controlled,MFG-X459: AMR,1458,f96438bba32aeb37cbac4e9a3faf1fc7bed9be603694c6072bddcb74458f626c
00-Foundation/MFG-X460-Barcode-systems.md,guide,guide,pentest,MFG-X460,manufacturing_industrial,,,controlled,MFG-X460: Barcode systems,1482,f03166f8c67eba364c3787550b5c86504093311244a95750c0a5723ac6a9cedb
00-Foundation/MFG-X461-RFID.md,guide,guide,pentest,MFG-X461,manufacturing_industrial,,,controlled,MFG-X461: RFID,1460,72d661d1de761619c078183c18c45ae3d6ec8d4f653b03fc51e504adc4a56831
00-Foundation/MFG-X462-Industrial-printers.md,guide,guide,pentest,MFG-X462,manufacturing_industrial,,,controlled,MFG-X462: Industrial printers,1490,1ecf4fa9888d7811cf2bd706405a2925fb64316897c85da269f94019731fc329
00-Foundation/MFG-X463-Laboratory-systems.md,guide,guide,pentest,MFG-X463,manufacturing_industrial,,,controlled,MFG-X463: Laboratory systems,1488,50d6b69b4b66a0bdf57134c691de105bbbbb7792aacd0c8566c6443c3ee815a0
00-Foundation/MFG-X464-Calibration-systems.md,guide,guide,pentest,MFG-X464,manufacturing_industrial,,,controlled,MFG-X464: Calibration systems,1490,3e5599717e8b697edd1ea2bcfdda58e6277ed048eb969bbce4353eb76b603e15
00-Foundation/MFG-X465-Test-systems.md,guide,guide,pentest,MFG-X465,manufacturing_industrial,,,controlled,MFG-X465: Test systems,1476,730398218af0c7289c97f8325fcb0fb20951766b541fbcee79bc964afef0514c
00-Foundation/MFG-X466-Electronic-work-instructions.md,guide,guide,pentest,MFG-X466,manufacturing_industrial,,,controlled,MFG-X466: Electronic work instructions,1508,7ee5619d4ee9b9867a8677f0a3a5c8d105a6e0ee6d6f86b06248c245aef08a26
00-Foundation/MFG-X467-Track-and-trace.md,guide,guide,pentest,MFG-X467,manufacturing_industrial,,,controlled,MFG-X467: Track-and-trace,1482,71a79fd84932f2e1678f63f11f9ab61d493f452af1753b344eaaad1d852b9c5a
00-Foundation/MFG-X468-Serialization.md,guide,guide,pentest,MFG-X468,manufacturing_industrial,,,controlled,MFG-X468: Serialization,1478,6faa6b4c23fe461ef7005dd26d86dbb14b997115a44ef73049b5f2bfa49b10cb
00-Foundation/MFG-X469-Batch-records.md,guide,guide,pentest,MFG-X469,manufacturing_industrial,,,controlled,MFG-X469: Batch records,1478,f855a936586ba6f77ecbe66900878c942928dc7476fbad7e2de37102520d11a3
00-Foundation/MFG-X470-Warehouse-automation.md,guide,guide,pentest,MFG-X470,manufacturing_industrial,,,controlled,MFG-X470: Warehouse automation,1492,ea39fce3cc40136901a41d2e546b07bf2a271581aedadcbe35608a877ce31732
00-Foundation/MFG-X471-Automated-storage-retrieval.md,guide,guide,pentest,MFG-X471,manufacturing_industrial,,,controlled,MFG-X471: Automated storage/retrieval,1506,c3ff17844971a59ac8bb8c5270b026b53615e48196c3539ede0da2c10a5d732d
00-Foundation/MFG-X472-Energy-management.md,guide,guide,pentest,MFG-X472,manufacturing_industrial,,,controlled,MFG-X472: Energy management,1486,32a4e9cda24288616bb3bf963b2eca73f14b86cb62d121da6ff4ec426927468f
00-Foundation/MFG-X473-Building-management.md,guide,guide,pentest,MFG-X473,manufacturing_industrial,,,controlled,MFG-X473: Building management,1490,06f2adc9a72cba982a1856b4a2c54e11d5973f046912f45dc1592e1b9b33e93b
00-Foundation/MFG-X474-Environmental-monitoring.md,guide,guide,pentest,MFG-X474,manufacturing_industrial,,,controlled,MFG-X474: Environmental monitoring,1500,c49d750bed5140d9e2d8ff0bb2809ce2574fc152d3af830992aa386acb15a010
00-Foundation/MFG-X475-Rules-of-engagement.md,guide,guide,pentest,MFG-X475,manufacturing_industrial,,,controlled,MFG-X475: Rules of engagement,1475,d5d7d95916e5c19035c5725311e5169c1da42537575e2b44c7a06f2f6e10c89f
00-Foundation/MFG-X476-Asset-authorization.md,guide,guide,pentest,MFG-X476,manufacturing_industrial,,,controlled,MFG-X476: Asset authorization,1475,5a8f4b18a784696d6748674aee866a19fb786ee97ab8edb884e5967b01a0e989
00-Foundation/MFG-X477-Test-accounts.md,guide,guide,pentest,MFG-X477,manufacturing_industrial,,,controlled,MFG-X477: Test accounts,1463,28cc7833344855e498aed8125aec61d49612fb73a17fd073cad45cec8a3bf287
00-Foundation/MFG-X478-Maintenance-windows.md,guide,guide,pentest,MFG-X478,manufacturing_industrial,,,controlled,MFG-X478: Maintenance windows,1475,00aaeaaa3a0e75a3445b94e5dfab351bfcdcb70fb41a8a3b80f5156180b5798d
00-Foundation/MFG-X479-Safety-approvals.md,guide,guide,pentest,MFG-X479,manufacturing_industrial,,,controlled,MFG-X479: Safety approvals,1469,4308c7baa76a89d8f153b2f78f14f2936978969eca1beb41c127d81e4bc5c7cd
00-Foundation/MFG-X480-Emergency-stop-stop-conditions.md,guide,guide,pentest,MFG-X480,manufacturing_industrial,,,controlled,MFG-X480: Emergency stop/stop conditions,1497,1537f463eed9fc9ee699574f57b6e6a42949d8aa803c1c69e7a879d0eeb19610
00-Foundation/MFG-X481-Communications-plan.md,guide,guide,pentest,MFG-X481,manufacturing_industrial,,,controlled,MFG-X481: Communications plan,1475,239bc3703f36dd588354adc540a394fc9123aee28f0285d54652d70c1cb4973f
00-Foundation/MFG-X482-Escalation-matrix.md,guide,guide,pentest,MFG-X482,manufacturing_industrial,,,controlled,MFG-X482: Escalation matrix,1471,42fbf3a1bae84a223766236f5b08fee03c1593fc71acbadbefc1ae2de6ee14fe
00-Foundation/MFG-X483-Evidence-handling.md,guide,guide,pentest,MFG-X483,manufacturing_industrial,,,controlled,MFG-X483: Evidence handling,1471,b9c19291d57dc8f55f30b593d1c1e64a245aa399f56bc0aadd4b06688ba3f575
00-Foundation/MFG-X484-Data-retention.md,guide,guide,pentest,MFG-X484,manufacturing_industrial,,,controlled,MFG-X484: Data retention,1465,824154aaf6ac72b7f2319986107ccb2b8ed363c27370ec14799d3b24ff93fb2c
00-Foundation/MFG-X485-Tester-access-control.md,guide,guide,pentest,MFG-X485,manufacturing_industrial,,,controlled,MFG-X485: Tester access control,1479,f7e9c2529ddd4196a500299044387f9af6ad9d6cbe0cf02dcb04085c9846fc14
00-Foundation/MFG-X486-Third-party-authorization.md,guide,guide,pentest,MFG-X486,manufacturing_industrial,,,controlled,MFG-X486: Third-party authorization,1487,d272f2e824c52216556ee3e1c512973dd76cc2b6e6a92ed702452e0e44764294
00-Foundation/MFG-X487-Production-vs-lab-testing.md,guide,guide,pentest,MFG-X487,manufacturing_industrial,,,controlled,MFG-X487: Production vs lab testing,1487,759d90da749778084a7a36555bfdbaa0d712617ebbe58014c601133c2a7dd662
00-Foundation/MFG-X488-Finding-validation.md,guide,guide,pentest,MFG-X488,manufacturing_industrial,,,controlled,MFG-X488: Finding validation,1473,07aad19d8fc8dc35344db95cb632a5a2d9ae4b9b351ce9f72b728cd89ff764f6
00-Foundation/MFG-X489-Quality-assurance.md,guide,guide,pentest,MFG-X489,manufacturing_industrial,,,controlled,MFG-X489: Quality assurance,1471,813e0e2b3141a3636c44cf2890c61eebfaa4b45715f4f656cdfbe3bfc28dcdb8
00-Foundation/MFG-X490-Peer-review.md,guide,guide,pentest,MFG-X490,manufacturing_industrial,,,controlled,MFG-X490: Peer review,1459,13875587852f684d7a2e18edac68578e5adf96a3d8b13150ebc7f2321fdb7815
00-Foundation/MFG-X491-Coverage-tracking.md,guide,guide,pentest,MFG-X491,manufacturing_industrial,,,controlled,MFG-X491: Coverage tracking,1471,7bc9ab8d49ffa124a53e37fd1a024f8d5d99b29c35093cfc7fa54ac0546a4cfe
00-Foundation/MFG-X492-Retest-tracking.md,guide,guide,pentest,MFG-X492,manufacturing_industrial,,,controlled,MFG-X492: Retest tracking,1467,5f2c4a04be2245625b252d07ec521f1cc5c9efd6b77ade293366cc5b88a882c2
01-Reconnaissance/01-MASTER-Reconnaissance.md,guide,guide,pentest,MFG-P01,manufacturing_industrial,reconnaissance,,,MFG-P01: Reconnaissance,1434,eae1c69f57bd5e81a19cd40512cdd291bf93e6c8dd2ba999aca4f4e4c78fe809
01-Reconnaissance/MFG-E011-OSINT-Methodology.md,guide,guide,pentest,MFG-E011,manufacturing_industrial,Reconnaissance,manufacturing_asset,controlled,MFG-E011: OSINT Methodology,3614,9bdd32cdac338eb1113905abca6c8480df3353e491e99d9b258b1e83e52b1f3a
01-Reconnaissance/MFG-E012-Domain-Reconnaissance.md,guide,guide,pentest,MFG-E012,manufacturing_industrial,Reconnaissance,manufacturing_asset,controlled,MFG-E012: Domain Reconnaissance,3622,f50bb061b55538ab94553469bc6bd1c14d6da959e10a57fffd7af9fe6af97c8a
01-Reconnaissance/MFG-E013-DNS-Reconnaissance.md,guide,guide,pentest,MFG-E013,manufacturing_industrial,Reconnaissance,manufacturing_asset,controlled,MFG-E013: DNS Reconnaissance,3616,03989a7a7075fd7c5f92716eb56963dc71907d4753b71ff15f7a9c97dabed57e
01-Reconnaissance/MFG-E014-Subdomain-Enumeration.md,guide,guide,pentest,MFG-E014,manufacturing_industrial,Reconnaissance,manufacturing_asset,controlled,MFG-E014: Subdomain Enumeration,3622,b3ae15871ace4a1ef5c4ab5fcbcc536b67dfa860677ca96d239caf58ebf561eb
01-Reconnaissance/MFG-E015-External-Attack-Surface-Mapping.md,guide,guide,pentest,MFG-E015,manufacturing_industrial,Reconnaissance,manufacturing_asset,controlled,MFG-E015: External Attack Surface Mapping,3642,76be61928585e1095aad4e2a36aa9eb732d2958ccc453a04c6a20c5b963b82cb
01-Reconnaissance/MFG-E016-Technology-Fingerprinting.md,guide,guide,pentest,MFG-E016,manufacturing_industrial,Reconnaissance,erp,controlled,MFG-E016: Technology Fingerprinting,3614,5a09d7a25991add7a7995657e5fc15ccec5dca1c80d3a2a2ad1569e496364e4f
01-Reconnaissance/MFG-E017-Certificate-TLS-Reconnaissance.md,guide,guide,pentest,MFG-E017,manufacturing_industrial,Reconnaissance,data,controlled,MFG-E017: Certificate & TLS Reconnaissance,3629,305a1a918fb3455ce15375b9680c8bdfc59f87bbb6468e100d498bd83456fd83
01-Reconnaissance/MFG-E018-Email-Mail-Infrastructure-Reconnaissance.md,guide,guide,pentest,MFG-E018,manufacturing_industrial,Reconnaissance,manufacturing_asset,controlled,MFG-E018: Email & Mail Infrastructure Reconnaissance,3664,d6553bd98261abb76052d0bc32a5eb18e5aee6a46cb31ca605793873bd1a0db5
01-Reconnaissance/MFG-E019-VPN-Discovery.md,guide,guide,pentest,MFG-E019,manufacturing_industrial,Reconnaissance,manufacturing_asset,controlled,MFG-E019: VPN Discovery,3606,05facff002a37722d8153c9a1e39a447aeb09f7d7ceab1a0bc434d292fb816dc
01-Reconnaissance/MFG-E020-Remote-Access-Discovery.md,guide,guide,pentest,MFG-E020,manufacturing_industrial,Reconnaissance,ot;supply,controlled,MFG-E020: Remote Access Discovery,3619,f33e9aa95a0f743ec24c8c2c8b40a9437ddf445cba926d9bf56720aa6fe66340
01-Reconnaissance/MFG-E021-Web-Application-Discovery.md,guide,guide,pentest,MFG-E021,manufacturing_industrial,Reconnaissance,web,controlled,MFG-E021: Web Application Discovery,3614,67cc79d334d4f3b99851c8fce3703bd30b40d0ae2244ad81d06a9a374467e003
01-Reconnaissance/MFG-E022-API-Discovery.md,guide,guide,pentest,MFG-E022,manufacturing_industrial,Reconnaissance,api,controlled,MFG-E022: API Discovery,3590,56efbcf82ef395d8312943162996885589488423512cb8fe6838eb77fc781aee
01-Reconnaissance/MFG-E023-Cloud-Asset-Discovery.md,guide,guide,pentest,MFG-E023,manufacturing_industrial,Reconnaissance,cloud,controlled,MFG-E023: Cloud Asset Discovery,3608,15993f9c40de46022fafd74e00cf8194783554c726ec4946e389c5528168d6ec
01-Reconnaissance/MFG-E024-Public-Object-Storage-Discovery.md,guide,guide,pentest,MFG-E024,manufacturing_industrial,Reconnaissance,cloud,controlled,MFG-E024: Public Object Storage Discovery,3628,8f87f1e170fa41d1d6ce51cf3ec0584daac9fb6303fc829d9f25c2a434fe0d9b
01-Reconnaissance/MFG-E025-Admin-Panel-Discovery.md,guide,guide,pentest,MFG-E025,manufacturing_industrial,Reconnaissance,manufacturing_asset,controlled,MFG-E025: Admin Panel Discovery,3622,8c73620d79c2a2fcccb0fe7e366479a6e00d621c8729a72ad361c8669b3ac7e4
01-Reconnaissance/MFG-E026-cPanel-Hosting-Discovery.md,guide,guide,pentest,MFG-E026,manufacturing_industrial,Reconnaissance,web,controlled,MFG-E026: cPanel & Hosting Discovery,3616,3a383166a714c0df488b1630074b75f3d147f286f068155b24a337f7bd56fdd4
01-Reconnaissance/MFG-E027-ERP-Discovery.md,guide,guide,pentest,MFG-E027,manufacturing_industrial,Reconnaissance,erp,controlled,MFG-E027: ERP Discovery,3590,49e6ad5c121ba3087dd4351d0b283f82a6266b10184e7e51ed030e47f9c457a8
01-Reconnaissance/MFG-E028-MES-MOM-Discovery.md,guide,guide,pentest,MFG-E028,manufacturing_industrial,Reconnaissance,mes,controlled,MFG-E028: MES/MOM Discovery,3598,0f282da1ba06a567af3c3d92f22ecd44d591ceff1a6fe5b2e87b30b520c01783
01-Reconnaissance/MFG-E029-QMS-Discovery.md,guide,guide,pentest,MFG-E029,manufacturing_industrial,Reconnaissance,manufacturing_asset,controlled,MFG-E029: QMS Discovery,3606,2b180cbc9d92924d2768c418d3f6ca44a9b653fd853e854f77a3f87f6f7927a9
01-Reconnaissance/MFG-E030-WMS-Discovery.md,guide,guide,pentest,MFG-E030,manufacturing_industrial,Reconnaissance,manufacturing_asset,controlled,MFG-E030: WMS Discovery,3606,72ad302ddc90ce2cb4acfd59c17ae3e38470f35be5fbeaefe26fcc2f0a429b43
01-Reconnaissance/MFG-E031-CMMS-Discovery.md,guide,guide,pentest,MFG-E031,manufacturing_industrial,Reconnaissance,manufacturing_asset,controlled,MFG-E031: CMMS Discovery,3608,a2cbed35afbb9cb08d408bb53bb689fbe6f804e5319f487d33503b09689ffa6c
01-Reconnaissance/MFG-E032-SCM-Supplier-Portal-Discovery.md,guide,guide,pentest,MFG-E032,manufacturing_industrial,Reconnaissance,web;supply,controlled,MFG-E032: SCM & Supplier Portal Discovery,3636,7ec51221081a8aef0de3d81dc47630071a7ab3fb79451bb0ae8908ced38b50c6
01-Reconnaissance/MFG-E033-CRM-Customer-Portal-Discovery.md,guide,guide,pentest,MFG-E033,manufacturing_industrial,Reconnaissance,web,controlled,MFG-E033: CRM & Customer Portal Discovery,3626,d170c475e186ccf2fc05f3dc936c809eb44d7a66ab9bcd1dbc4be14aecbe14b2
01-Reconnaissance/MFG-E034-HRMS-Discovery.md,guide,guide,pentest,MFG-E034,manufacturing_industrial,Reconnaissance,manufacturing_asset,controlled,MFG-E034: HRMS Discovery,3608,34d0bbe79c2b320ed5958282ccdeac39d7d8398ea799ba4734dbdb27f22e1532
01-Reconnaissance/MFG-E035-CAD-CAM-PLM-Discovery.md,guide,guide,pentest,MFG-E035,manufacturing_industrial,Reconnaissance,engineering,controlled,MFG-E035: CAD/CAM/PLM Discovery,3614,7498ae4fe03ee23ebcfa70b51772e2019453d32efc773a8a2a0f4d4a223aa891
01-Reconnaissance/MFG-E036-Engineering-Workstation-Discovery.md,guide,guide,pentest,MFG-E036,manufacturing_industrial,Reconnaissance,engineering,controlled,MFG-E036: Engineering Workstation Discovery,3638,fab7ffe11d318d68cd997975a19051b094c81312d4f799789c8264e43dff82de
01-Reconnaissance/MFG-E037-OT-Asset-Reconnaissance.md,guide,guide,pentest,MFG-E037,manufacturing_industrial,Reconnaissance,ot,controlled,MFG-E037: OT Asset Reconnaissance,3609,8a50fe61aa35f0a018855ab5cbac73935c6d47d7bd43822e06633e46f19db438
01-Reconnaissance/MFG-E038-SCADA-DCS-Discovery.md,guide,guide,pentest,MFG-E038,manufacturing_industrial,Reconnaissance,ot;engineering,restricted,MFG-E038: SCADA/DCS Discovery,3616,f6fd171ceb7c0a7d70d7d00f703f97023886a448f1de23d5a74a01e697cadc8a
01-Reconnaissance/MFG-E039-PLC-HMI-Discovery.md,guide,guide,pentest,MFG-E039,manufacturing_industrial,Reconnaissance,ot,restricted,MFG-E039: PLC/HMI Discovery,3597,b24e0d75ae7c93f8649b33f089e210e541df89113a7d7d6c57533579e889bf26
01-Reconnaissance/MFG-E040-Historian-Discovery.md,guide,guide,pentest,MFG-E040,manufacturing_industrial,Reconnaissance,ot,controlled,MFG-E040: Historian Discovery,3601,8022f6cd8b2d45db9a3de289189754ec6dfaf1bb5c6f9ba2f78b900d294c60b7
01-Reconnaissance/MFG-E041-IIoT-Edge-Discovery.md,guide,guide,pentest,MFG-E041,manufacturing_industrial,Reconnaissance,ot;iiot,controlled,MFG-E041: IIoT/Edge Discovery,3609,0c84d715c1fcc1ee8226f2361590bc26a30122ffa7a17025e0b43016157efe7a
01-Reconnaissance/MFG-E042-Industrial-Network-Reconnaissance.md,guide,guide,pentest,MFG-E042,manufacturing_industrial,Reconnaissance,ot;network,controlled,MFG-E042: Industrial Network Reconnaissance,3640,7db2f7a593081d3f78ada61851b8cb9514911d1b75b89c03040063c32c3fb60f
01-Reconnaissance/MFG-E043-Third-Party-Supply-Chain-Reconnaissance.md,guide,guide,pentest,MFG-E043,manufacturing_industrial,Reconnaissance,supply,controlled,MFG-E043: Third-Party & Supply Chain Reconnaissance,3649,d2286385de0fd0064aaeed59fd36a282884be5d7fc6ff7d493cab8e7fa708365
01-Reconnaissance/MFG-E044-Technology-Dependency-Inventory.md,guide,guide,pentest,MFG-E044,manufacturing_industrial,Reconnaissance,manufacturing_asset,controlled,MFG-E044: Technology & Dependency Inventory,3646,a1a1cf3bd9ced91eea5ca5e40cd89c52214084e91503074b50f1a79d5a61756c
02-Scanning-Enumeration/02-MASTER-Scanning-Enumeration.md,guide,guide,pentest,MFG-P02,manufacturing_industrial,enumeration,,,MFG-P02: Scanning & Enumeration,1437,e1717d9eaa6ba5cd2155d9f05fdcb0c5c487c94cf7a63b3ec2c85bba3a72b307
02-Scanning-Enumeration/MFG-E045-Network-Scanning-Methodology.md,guide,guide,pentest,MFG-E045,manufacturing_industrial,Scanning & Enumeration,network,controlled,MFG-E045: Network Scanning Methodology,3672,377963e5bfb7792ff6397394b5021ef7f35f38dfdcf71ab04be1b1b86edb2ed9
02-Scanning-Enumeration/MFG-E046-Port-Service-Enumeration.md,guide,guide,pentest,MFG-E046,manufacturing_industrial,Scanning & Enumeration,manufacturing_asset,controlled,MFG-E046: Port & Service Enumeration,3680,c2089c4b405902e3b39f44ae9187c96e53e44c3cd207f2fca2f9600b4510631e
02-Scanning-Enumeration/MFG-E047-Web-Service-Enumeration.md,guide,guide,pentest,MFG-E047,manufacturing_industrial,Scanning & Enumeration,web,controlled,MFG-E047: Web Service Enumeration,3658,a26a15560334f4da053b1b29e5ffed307fa53a1a46399fb99ef35b90fbbdedca
02-Scanning-Enumeration/MFG-E048-API-Enumeration.md,guide,guide,pentest,MFG-E048,manufacturing_industrial,Scanning & Enumeration,api,controlled,MFG-E048: API Enumeration,3642,72e3ccd8549d8b22c8d4b00ed5c82bb1b3e5bbb0c07bbc1e7d674c6e88323699
02-Scanning-Enumeration/MFG-E049-TLS-Certificate-Enumeration.md,guide,guide,pentest,MFG-E049,manufacturing_industrial,Scanning & Enumeration,data,controlled,MFG-E049: TLS/Certificate Enumeration,3667,0cb2632a41b8f373c2f358442f00805ccf0c0c0b613824bec55753fa52648505
02-Scanning-Enumeration/MFG-E050-VPN-Service-Enumeration.md,guide,guide,pentest,MFG-E050,manufacturing_industrial,Scanning & Enumeration,manufacturing_asset,controlled,MFG-E050: VPN Service Enumeration,3674,e329091169d427ab41cfd03f82d82cd5dbac9c15a7de4e73541dc941568380d7
02-Scanning-Enumeration/MFG-E051-Remote-Service-Enumeration.md,guide,guide,pentest,MFG-E051,manufacturing_industrial,Scanning & Enumeration,ot,controlled,MFG-E051: Remote Service Enumeration,3663,9bf63234ec0e04d1aafa8edd60e4c7fbc2d7c84158a8ab49a249eaca3d93344d
02-Scanning-Enumeration/MFG-E052-DNS-Service-Enumeration.md,guide,guide,pentest,MFG-E052,manufacturing_industrial,Scanning & Enumeration,manufacturing_asset,controlled,MFG-E052: DNS Service Enumeration,3674,9b14d5f696cd564ff5223a1d00bcd9ed079372237aab759ec3b41fa9972d1cee
02-Scanning-Enumeration/MFG-E053-Cloud-Service-Enumeration.md,guide,guide,pentest,MFG-E053,manufacturing_industrial,Scanning & Enumeration,cloud,controlled,MFG-E053: Cloud Service Enumeration,3664,671b9f7b0a617796cb677f220063246b8680aa345011dc7d258910b7105555f0
02-Scanning-Enumeration/MFG-E054-Cloud-Identity-Enumeration.md,guide,guide,pentest,MFG-E054,manufacturing_industrial,Scanning & Enumeration,identity;cloud,controlled,MFG-E054: Cloud Identity Enumeration,3678,17682fb46b2c0100645692d33906bb8429674cc5715ec3b1b57108806f735635
02-Scanning-Enumeration/MFG-E055-Object-Storage-Enumeration.md,guide,guide,pentest,MFG-E055,manufacturing_industrial,Scanning & Enumeration,cloud,controlled,MFG-E055: Object Storage Enumeration,3666,8d680df6ce39be4dab9eee4da20faef68d6899c34309ad7cdb9f6111a1fb358c
02-Scanning-Enumeration/MFG-E056-Database-Enumeration.md,guide,guide,pentest,MFG-E056,manufacturing_industrial,Scanning & Enumeration,data,controlled,MFG-E056: Database Enumeration,3653,0d3beb89694f4c60394d93de4b9f6ce69399d4f43702a7fee012e7036caafa77
02-Scanning-Enumeration/MFG-E057-Active-Directory-Enumeration.md,guide,guide,pentest,MFG-E057,manufacturing_industrial,Scanning & Enumeration,manufacturing_asset,controlled,MFG-E057: Active Directory Enumeration,3684,bd21eb2472ba09ebea69fedebf4ef43b12b6e2c9f7e9d81de012a4cdb8ee325f
02-Scanning-Enumeration/MFG-E058-Internal-Network-Enumeration.md,guide,guide,pentest,MFG-E058,manufacturing_industrial,Scanning & Enumeration,network,controlled,MFG-E058: Internal Network Enumeration,3672,ab2bc43045e09db39d3632657d5a758f2934895a100e9f3d5af321527c4a4495
02-Scanning-Enumeration/MFG-E059-Network-Device-Enumeration.md,guide,guide,pentest,MFG-E059,manufacturing_industrial,Scanning & Enumeration,network,controlled,MFG-E059: Network Device Enumeration,3668,ce09a6d90fbb56466359ea0090253c6442fe736813f8ac5933032a440592ca2e
02-Scanning-Enumeration/MFG-E060-Firewall-Security-Device-Enumeration.md,guide,guide,pentest,MFG-E060,manufacturing_industrial,Scanning & Enumeration,network,controlled,MFG-E060: Firewall & Security Device Enumeration,3692,4d79b94c32f9388bbdc4d03bc711ef6f6c601cf584c24a4775114e081ff15513
02-Scanning-Enumeration/MFG-E061-Industrial-Network-Discovery.md,guide,guide,pentest,MFG-E061,manufacturing_industrial,Scanning & Enumeration,ot;network,controlled,MFG-E061: Industrial Network Discovery,3678,07776fb28c389cc7044b46905ab0e5e0d48ef61abf7100d887d4cffe0cac7b6b
02-Scanning-Enumeration/MFG-E062-OT-Passive-Discovery.md,guide,guide,pentest,MFG-E062,manufacturing_industrial,Scanning & Enumeration,ot,controlled,MFG-E062: OT Passive Discovery,3651,c29b53ad3f5a247628c2be117bd6dc50ef217646d885813627e0dde660dde45f
02-Scanning-Enumeration/MFG-E063-SCADA-DCS-Enumeration.md,guide,guide,pentest,MFG-E063,manufacturing_industrial,Scanning & Enumeration,ot;engineering,restricted,MFG-E063: SCADA/DCS Enumeration,3668,05feb9891540f37b569565dd404c0de7244df86e5468d346c6c45adceabcf71b
02-Scanning-Enumeration/MFG-E064-PLC-HMI-Enumeration.md,guide,guide,pentest,MFG-E064,manufacturing_industrial,Scanning & Enumeration,ot,restricted,MFG-E064: PLC/HMI Enumeration,3649,1bd6b1b2c39db0895bfe655db3386420e3f921b0244791c0dd560382aba12a56
02-Scanning-Enumeration/MFG-E065-Historian-Enumeration.md,guide,guide,pentest,MFG-E065,manufacturing_industrial,Scanning & Enumeration,ot,controlled,MFG-E065: Historian Enumeration,3653,bd944f314780e4db3afbbe7afc93676742378e0b616a209bd9f7911cddb01968
02-Scanning-Enumeration/MFG-E066-Industrial-Protocol-Identification.md,guide,guide,pentest,MFG-E066,manufacturing_industrial,Scanning & Enumeration,ot,restricted,MFG-E066: Industrial Protocol Identification,3679,3a96175835a66398e67fc4a5ff8b8f637699bf6832cac2cffb2081d68a8f3267
02-Scanning-Enumeration/MFG-E067-IIoT-Device-Enumeration.md,guide,guide,pentest,MFG-E067,manufacturing_industrial,Scanning & Enumeration,ot;iiot,controlled,MFG-E067: IIoT Device Enumeration,3665,d1cfcc88b13426d91dcf05fc7c1b882476c74c2abdc38513d8cdc8085105ba53
02-Scanning-Enumeration/MFG-E068-Wireless-Enumeration.md,guide,guide,pentest,MFG-E068,manufacturing_industrial,Scanning & Enumeration,network,controlled,MFG-E068: Wireless Enumeration,3656,b9f7815fa38f10b8645b841adfe64d32cf9854fccdc25aa2a68330e02fefd6bb
02-Scanning-Enumeration/MFG-E069-Mobile-Handheld-Enumeration.md,guide,guide,pentest,MFG-E069,manufacturing_industrial,Scanning & Enumeration,manufacturing_asset,controlled,MFG-E069: Mobile/Handheld Enumeration,3682,646956a72e5ab62d576f10dd9bba5de1a3357a4b5315fe3fcf9c77160d18a88c
02-Scanning-Enumeration/MFG-E070-Backup-Infrastructure-Enumeration.md,guide,guide,pentest,MFG-E070,manufacturing_industrial,Scanning & Enumeration,backup,controlled,MFG-E070: Backup Infrastructure Enumeration,3681,4776fd3bca026f3d1d14ac8f674f6edf07bc374fbb9c895289962f31c854e2f1
03-Vulnerability-Assessment/03-MASTER-Vulnerability-Assessment.md,guide,guide,pentest,MFG-P03,manufacturing_industrial,vulnerability_assessment,,,MFG-P03: Vulnerability Assessment,1453,e180265b5ac56871326f0a09e0473235aba079a464377de27fd1912a78f11d88
03-Vulnerability-Assessment/MFG-E071-Vulnerability-Assessment-Methodology.md,guide,guide,pentest,MFG-E071,manufacturing_industrial,Vulnerability Assessment,manufacturing_asset,controlled,MFG-E071: Vulnerability Assessment Methodology,3653,f729b10e50f99cd318cfb7c7131950437f52705542c00bd3bbc6ef4f4c58d080
03-Vulnerability-Assessment/MFG-E072-External-Infrastructure-Vulnerability-Assessment.md,guide,guide,pentest,MFG-E072,manufacturing_industrial,Vulnerability Assessment,manufacturing_asset,controlled,MFG-E072: External Infrastructure Vulnerability Assessment,3677,cd3456faacc37c9c8e28fd30724f8876ee1bbae68adef14e2e9a2644a6f7c038
03-Vulnerability-Assessment/MFG-E073-Web-Infrastructure-Vulnerability-Assessment.md,guide,guide,pentest,MFG-E073,manufacturing_industrial,Vulnerability Assessment,web,controlled,MFG-E073: Web Infrastructure Vulnerability Assessment,3651,a321e968e7065c7292d06c6d63e0c077d5d1e17e163914620bdbbc516b77b92f
03-Vulnerability-Assessment/MFG-E074-API-Vulnerability-Assessment.md,guide,guide,pentest,MFG-E074,manufacturing_industrial,Vulnerability Assessment,api,controlled,MFG-E074: API Vulnerability Assessment,3621,8a8a79b6837e00f9e7a6c3ff3592705f1893c8d78e59d74f02e2be46a260d96e
03-Vulnerability-Assessment/MFG-E075-VPN-Vulnerability-Assessment.md,guide,guide,pentest,MFG-E075,manufacturing_industrial,Vulnerability Assessment,manufacturing_asset,controlled,MFG-E075: VPN Vulnerability Assessment,3637,422e9cf0d3ae8846086ce5c82b6ef05ce10b5a990cf2d45408807f8efc5a736b
03-Vulnerability-Assessment/MFG-E076-Server-Vulnerability-Assessment.md,guide,guide,pentest,MFG-E076,manufacturing_industrial,Vulnerability Assessment,manufacturing_asset,controlled,MFG-E076: Server Vulnerability Assessment,3643,e5212f8b14b790a543b712ca6878f3bb80e129209a7f61f22c1996bcb1fef250
03-Vulnerability-Assessment/MFG-E077-Database-Vulnerability-Assessment.md,guide,guide,pentest,MFG-E077,manufacturing_industrial,Vulnerability Assessment,data,controlled,MFG-E077: Database Vulnerability Assessment,3632,6c4692461b51991a1d552bf39e7b2ab084886d0fd223e675b2657cbad04e6ed7
03-Vulnerability-Assessment/MFG-E078-Network-Device-Vulnerability-Assessment.md,guide,guide,pentest,MFG-E078,manufacturing_industrial,Vulnerability Assessment,network,controlled,MFG-E078: Network Device Vulnerability Assessment,3647,ebf9df9feeaeb032184161b81d9eb11c1990a95a299177fa3edd1b21acc201f2
03-Vulnerability-Assessment/MFG-E079-Cloud-Vulnerability-Assessment.md,guide,guide,pentest,MFG-E079,manufacturing_industrial,Vulnerability Assessment,cloud,controlled,MFG-E079: Cloud Vulnerability Assessment,3627,682333c77bc3e941aba7257df1345fdf846da6e04651b0af1a9ad9caec0661a3
03-Vulnerability-Assessment/MFG-E080-Object-Storage-Security-Assessment.md,guide,guide,pentest,MFG-E080,manufacturing_industrial,Vulnerability Assessment,cloud,controlled,MFG-E080: Object Storage Security Assessment,3635,f0098afc6fe155835f486c4be06c62a280d776ca8b49a5a96cc6c690fa3b2bec
03-Vulnerability-Assessment/MFG-E081-Identity-Infrastructure-Vulnerability-Assessment.md,guide,guide,pentest,MFG-E081,manufacturing_industrial,Vulnerability Assessment,identity,controlled,MFG-E081: Identity Infrastructure Vulnerability Assessment,3666,7e9f39fc6ee4b602cdfccfbb79368fa7bdad1ce4a67634edaa709ceacc93b9c7
03-Vulnerability-Assessment/MFG-E082-Active-Directory-Security-Assessment.md,guide,guide,pentest,MFG-E082,manufacturing_industrial,Vulnerability Assessment,manufacturing_asset,controlled,MFG-E082: Active Directory Security Assessment,3653,4528de891b8b73c6e5122e5cb080576bfd95144bd5da0d6cbd3626e6765e8151
03-Vulnerability-Assessment/MFG-E083-Configuration-Hardening-Assessment.md,guide,guide,pentest,MFG-E083,manufacturing_industrial,Vulnerability Assessment,manufacturing_asset,controlled,MFG-E083: Configuration & Hardening Assessment,3653,1dd0b5f933b633fc8dde310826cf427d04713424a545750f7ac571404910823a
03-Vulnerability-Assessment/MFG-E084-Patch-Version-Assessment.md,guide,guide,pentest,MFG-E084,manufacturing_industrial,Vulnerability Assessment,manufacturing_asset,controlled,MFG-E084: Patch & Version Assessment,3633,c29e7c2b89cb53ef934201663d8264fe683f5fde99fc6e36d864acab977f1571
03-Vulnerability-Assessment/MFG-E085-TLS-Cryptographic-Configuration-Assessment.md,guide,guide,pentest,MFG-E085,manufacturing_industrial,Vulnerability Assessment,manufacturing_asset,controlled,MFG-E085: TLS/Cryptographic Configuration Assessment,3665,fbc61c27f0a807d8e48d03c4474a3989fdd4ba9d75df0476870479b78d9cec09
03-Vulnerability-Assessment/MFG-E086-Backup-Security-Assessment.md,guide,guide,pentest,MFG-E086,manufacturing_industrial,Vulnerability Assessment,backup,controlled,MFG-E086: Backup Security Assessment,3620,530c9b36005c5c177416182baafdce427d9f45eb6abb0de489173378c49fc71a
03-Vulnerability-Assessment/MFG-E087-Container-Kubernetes-Assessment.md,guide,guide,pentest,MFG-E087,manufacturing_industrial,Vulnerability Assessment,cloud,controlled,MFG-E087: Container & Kubernetes Assessment,3633,e67c2ef2e2c191ddb6fd54884257c1e83bd646cf42f18544c7aa7e26c1e4c88d
03-Vulnerability-Assessment/MFG-E088-CI-CD-Security-Assessment.md,guide,guide,pentest,MFG-E088,manufacturing_industrial,Vulnerability Assessment,manufacturing_asset,controlled,MFG-E088: CI/CD Security Assessment,3631,26cdbb5de9dc969d79f084606f3f9119af70ca66e79d291d95f4247b7379bdc2
03-Vulnerability-Assessment/MFG-E089-Software-Dependency-Assessment.md,guide,guide,pentest,MFG-E089,manufacturing_industrial,Vulnerability Assessment,manufacturing_asset,controlled,MFG-E089: Software Dependency Assessment,3641,3b2bfa5c103f3d59764111c0a7b4c33cf1440a590e26a026af8d487f8472c778
03-Vulnerability-Assessment/MFG-E090-Industrial-Network-Vulnerability-Assessment.md,guide,guide,pentest,MFG-E090,manufacturing_industrial,Vulnerability Assessment,ot;network,controlled,MFG-E090: Industrial Network Vulnerability Assessment,3661,a3523e6cbab374a776ecde2e58dd2c85b006dfc82cda6f754be2e98422f10410
03-Vulnerability-Assessment/MFG-E091-OT-Configuration-Assessment.md,guide,guide,pentest,MFG-E091,manufacturing_industrial,Vulnerability Assessment,ot,controlled,MFG-E091: OT Configuration Assessment,3618,24c707922a5dcf10f48536f652d14c394b76f17ee6240dfd0b285c0294ea5512
03-Vulnerability-Assessment/MFG-E092-SCADA-DCS-Vulnerability-Assessment.md,guide,guide,pentest,MFG-E092,manufacturing_industrial,Vulnerability Assessment,ot;engineering,restricted,MFG-E092: SCADA/DCS Vulnerability Assessment,3647,47882d17ea7642653df6f0cec693457029355927e5d67e82789690f74d635e18
03-Vulnerability-Assessment/MFG-E093-PLC-HMI-Vulnerability-Assessment.md,guide,guide,pentest,MFG-E093,manufacturing_industrial,Vulnerability Assessment,ot,restricted,MFG-E093: PLC/HMI Vulnerability Assessment,3628,2f6adeb06db1771fe9603f119077bb6edbd084e41b0519ace8a3d47a26e125aa
03-Vulnerability-Assessment/MFG-E094-Historian-Security-Assessment.md,guide,guide,pentest,MFG-E094,manufacturing_industrial,Vulnerability Assessment,ot,controlled,MFG-E094: Historian Security Assessment,3622,520e21988da2a491b9cd4d6edb87bf1e62cde0eb148b7522a9df41379b1b076b
03-Vulnerability-Assessment/MFG-E095-IIoT-Edge-Vulnerability-Assessment.md,guide,guide,pentest,MFG-E095,manufacturing_industrial,Vulnerability Assessment,ot;iiot,controlled,MFG-E095: IIoT/Edge Vulnerability Assessment,3640,33b312be0b7256ccc9f700271a05385f72b1dd1f978bd8f9eefa42270dcd34d4
03-Vulnerability-Assessment/MFG-E096-Wireless-Security-Assessment.md,guide,guide,pentest,MFG-E096,manufacturing_industrial,Vulnerability Assessment,network,controlled,MFG-E096: Wireless Security Assessment,3625,1f0c6844359afeab844fb6ffbfb42d691cdf17629c4a9839d9c35ef142f8f4b3
04-Identity-Access/04-MASTER-Identity-Authentication-Authorization.md,guide,guide,pentest,MFG-P04,manufacturing_industrial,identity_access,,,MFG-P04: Identity / Authentication / Authorization,1481,62d62088eac30921891fc18f6c6a002bbe55551896ee64fe7ea48954153a04d1
04-Identity-Access/MFG-E097-Authentication-Assessment.md,guide,guide,pentest,MFG-E097,manufacturing_industrial,Identity / Authentication / Authorization,identity,controlled,MFG-E097: Authentication Assessment,3765,5bb7b8a726098e132e4b1ceb2693ef615131fb0ec5745689b0ebc2ef3c70c99d
04-Identity-Access/MFG-E098-Authorization-Assessment.md,guide,guide,pentest,MFG-E098,manufacturing_industrial,Identity / Authentication / Authorization,identity,controlled,MFG-E098: Authorization Assessment,3763,26b0e02d709942d7d1bc3aa021afa65022e45ead10e40a8689731d3a04cb088c
04-Identity-Access/MFG-E099-RBAC-Assessment.md,guide,guide,pentest,MFG-E099,manufacturing_industrial,Identity / Authentication / Authorization,identity,controlled,MFG-E099: RBAC Assessment,3745,1ad585c212a65346816cfdbc05e1f1b82c488ea2147d429b94b44ab5db10923b
04-Identity-Access/MFG-E100-MFA-Assessment.md,guide,guide,pentest,MFG-E100,manufacturing_industrial,Identity / Authentication / Authorization,identity,controlled,MFG-E100: MFA Assessment,3743,30fdc649862369242be15ef6eb90d1313f8032fd6d4349078efa3de0575bee93
04-Identity-Access/MFG-E101-Session-Management-Assessment.md,guide,guide,pentest,MFG-E101,manufacturing_industrial,Identity / Authentication / Authorization,manufacturing_asset,controlled,MFG-E101: Session Management Assessment,3784,37b1ee58826d321dbace1877b554f6e1ff07095c8df82878ff858b84639f458f
04-Identity-Access/MFG-E102-Password-Policy-Assessment.md,guide,guide,pentest,MFG-E102,manufacturing_industrial,Identity / Authentication / Authorization,manufacturing_asset,controlled,MFG-E102: Password Policy Assessment,3778,7acba167d7098d32a1c48e9a0d14c0204e18a7291473c2496f1e3d5a73e4ebde
04-Identity-Access/MFG-E103-Privileged-Access-Assessment.md,guide,guide,pentest,MFG-E103,manufacturing_industrial,Identity / Authentication / Authorization,identity,controlled,MFG-E103: Privileged Access Assessment,3771,e075f2645bd3353a00f19913f7f534875368577dfdd08a930336ffdcf56ee8e5
04-Identity-Access/MFG-E104-Active-Directory-Security-Assessment.md,guide,guide,pentest,MFG-E104,manufacturing_industrial,Identity / Authentication / Authorization,manufacturing_asset,controlled,MFG-E104: Active Directory Security Assessment,3798,415e46de6a734b1a6d83c839c59b069797046dec6aaee0aadfaf2bd2dfcea22a
04-Identity-Access/MFG-E105-LDAP-Kerberos-Assessment.md,guide,guide,pentest,MFG-E105,manufacturing_industrial,Identity / Authentication / Authorization,identity,controlled,MFG-E105: LDAP/Kerberos Assessment,3763,e38ee1c0ab43cd85fa1f1819cb38affaeaf9327f095da1ccf97122c0f1f282c3
04-Identity-Access/MFG-E106-Service-Account-Assessment.md,guide,guide,pentest,MFG-E106,manufacturing_industrial,Identity / Authentication / Authorization,identity,controlled,MFG-E106: Service Account Assessment,3767,c5462a58dd342c301800dca073faa6a2b29da9d057e39a8e04d243b32362da50
04-Identity-Access/MFG-E107-Machine-Account-Assessment.md,guide,guide,pentest,MFG-E107,manufacturing_industrial,Identity / Authentication / Authorization,identity,controlled,MFG-E107: Machine Account Assessment,3767,eb9fb2f0a99424736a6f8c0de4a79d7b1fe21ed678112c7cdefe8a3c0a84f873
04-Identity-Access/MFG-E108-Cloud-IAM-Assessment.md,guide,guide,pentest,MFG-E108,manufacturing_industrial,Identity / Authentication / Authorization,cloud,controlled,MFG-E108: Cloud IAM Assessment,3752,dc81de82e710ef3b59e89a2d52fb8109a2bc61d6c64500ff1a3b0d1b42f3ff53
04-Identity-Access/MFG-E109-API-Authentication-Assessment.md,guide,guide,pentest,MFG-E109,manufacturing_industrial,Identity / Authentication / Authorization,api;identity,controlled,MFG-E109: API Authentication Assessment,3780,efdcbf54436261afa134f085a88e1d1f3a28396ea76b70a2716c65cb890c671c
04-Identity-Access/MFG-E110-ERP-Identity-Access-Assessment.md,guide,guide,pentest,MFG-E110,manufacturing_industrial,Identity / Authentication / Authorization,identity;erp,controlled,MFG-E110: ERP Identity & Access Assessment,3786,99b952441e7374ac330495446139dd34580d7b6a382b9136553d695916d16b41
04-Identity-Access/MFG-E111-MES-QMS-Identity-Access-Assessment.md,guide,guide,pentest,MFG-E111,manufacturing_industrial,Identity / Authentication / Authorization,identity;mes,controlled,MFG-E111: MES/QMS Identity & Access Assessment,3794,1a0937bb0713c557e3245b55d0e7342ce1dc7a8f11322370bc4c07988cde5f6d
04-Identity-Access/MFG-E112-Remote-Access-Authentication.md,guide,guide,pentest,MFG-E112,manufacturing_industrial,Identity / Authentication / Authorization,identity;ot;supply,controlled,MFG-E112: Remote Access Authentication,3787,b818fabc4176f7c3b79e13c814219349384242cf428a83fa1d1ca6f87f4a1fb3
04-Identity-Access/MFG-E113-Vendor-Access-Assessment.md,guide,guide,pentest,MFG-E113,manufacturing_industrial,Identity / Authentication / Authorization,supply,controlled,MFG-E113: Vendor Access Assessment,3761,829fd3a123165ab1b80374f28680a4a8ad2c6a3be6933ea67a6705e60eb678da
04-Identity-Access/MFG-E114-Dormant-Excessive-Access-Review.md,guide,guide,pentest,MFG-E114,manufacturing_industrial,Identity / Authentication / Authorization,manufacturing_asset,controlled,MFG-E114: Dormant & Excessive Access Review,3792,dcf8a2d1ba31f9699f40495ab9b00cd00dc2332bfdee239ce8b0e1fe3fa2eec2
04-Identity-Access/MFG-E115-Break-Glass-Account-Review.md,guide,guide,pentest,MFG-E115,manufacturing_industrial,Identity / Authentication / Authorization,identity,controlled,MFG-E115: Break-Glass Account Review,3767,45c25c38607c9413ce71ca55b4b316f25c4941a6038e9252734380f6c1355f15
04-Identity-Access/MFG-E116-Certificate-Based-Identity.md,guide,guide,pentest,MFG-E116,manufacturing_industrial,Identity / Authentication / Authorization,identity;data,controlled,MFG-E116: Certificate-Based Identity,3775,41659a8063d66b21d8bd57daf2e8d0d8db3007253ec6d3528d9341b23585e42b
05-Web-API-Application/05-MASTER-Web-API-Application-Infrastructure.md,guide,guide,pentest,MFG-P05,manufacturing_industrial,application_security,,,MFG-P05: Web / API / Application / Infrastructure,1469,a0e1d7c5222d8dfba3fd36a634284f7960ae7aefafc67f0b004f06d926e821fe
05-Web-API-Application/MFG-E117-Web-VAPT-Methodology.md,guide,guide,pentest,MFG-E117,manufacturing_industrial,Web / API / Application / Infrastructure,web,controlled,MFG-E117: Web VAPT Methodology,3727,1316f35556e321fac783597a4b681038a07d7c59facf56c27f214de2285e49f3
05-Web-API-Application/MFG-E118-API-VAPT-Methodology.md,guide,guide,pentest,MFG-E118,manufacturing_industrial,Web / API / Application / Infrastructure,api,controlled,MFG-E118: API VAPT Methodology,3727,3500d561e8bd1b469a4c9e9d41a2524721d2732b06bb857813487f58a3e33f43
05-Web-API-Application/MFG-E119-Input-Validation-Injection-Assessment.md,guide,guide,pentest,MFG-E119,manufacturing_industrial,Web / API / Application / Infrastructure,manufacturing_asset,controlled,MFG-E119: Input Validation & Injection Assessment,3781,3525293613de6dea48a5b3dd0ac6a3e06234c3eb87c8583b25a99f71a213b829
05-Web-API-Application/MFG-E120-Access-Control-Assessment.md,guide,guide,pentest,MFG-E120,manufacturing_industrial,Web / API / Application / Infrastructure,manufacturing_asset,controlled,MFG-E120: Access Control Assessment,3753,b4998c9535e97f7d91be4a29bee8aacfb88ce670081a1d6454b4001a50d2a882
05-Web-API-Application/MFG-E121-Business-Logic-Assessment.md,guide,guide,pentest,MFG-E121,manufacturing_industrial,Web / API / Application / Infrastructure,manufacturing_asset,controlled,MFG-E121: Business Logic Assessment,3753,d516f1768bfc34f57c8b55e0e9b23f237cd5cbeebbf8717cf885b4b3c3cef67a
05-Web-API-Application/MFG-E122-Session-Token-Security.md,guide,guide,pentest,MFG-E122,manufacturing_industrial,Web / API / Application / Infrastructure,manufacturing_asset,controlled,MFG-E122: Session & Token Security,3751,51230f0a9ca32ff5892fa29e7de6a5c39c6bfb8be8e0e5e16aeb80c76f2cfd25
05-Web-API-Application/MFG-E123-File-Upload-Assessment.md,guide,guide,pentest,MFG-E123,manufacturing_industrial,Web / API / Application / Infrastructure,web,controlled,MFG-E123: File Upload Assessment,3731,b0012ac9dd90b5d397097478408266722b0979f4d1cef99819ae87d790a110a0
05-Web-API-Application/MFG-E124-Sensitive-Data-Exposure-Assessment.md,guide,guide,pentest,MFG-E124,manufacturing_industrial,Web / API / Application / Infrastructure,data,controlled,MFG-E124: Sensitive Data Exposure Assessment,3756,d480e040dbe86ab892f8b84aafb665600fcc5bf5e38acafb38afbfea6916f312
05-Web-API-Application/MFG-E125-Error-Handling-Information-Disclosure.md,guide,guide,pentest,MFG-E125,manufacturing_industrial,Web / API / Application / Infrastructure,manufacturing_asset,controlled,MFG-E125: Error Handling & Information Disclosure,3781,c41502eada0a7b72ed2ca3d08977978f8cde4f52b1059316cf56b1ba259b8219
05-Web-API-Application/MFG-E126-Security-Headers-Configuration.md,guide,guide,pentest,MFG-E126,manufacturing_industrial,Web / API / Application / Infrastructure,manufacturing_asset,controlled,MFG-E126: Security Headers & Configuration,3767,2200faee750502fe399e22ba5f29546f344a64dffab6d7fa9d0c7e1e19825f57
05-Web-API-Application/MFG-E127-ERP-Security-Assessment.md,guide,guide,pentest,MFG-E127,manufacturing_industrial,Web / API / Application / Infrastructure,erp,controlled,MFG-E127: ERP Security Assessment,3733,478ef253f78d0536d21c00145a1c706c5aa5fe4ebb4800273f03845532cc0681
05-Web-API-Application/MFG-E128-SAP-Security-Assessment.md,guide,guide,pentest,MFG-E128,manufacturing_industrial,Web / API / Application / Infrastructure,erp,controlled,MFG-E128: SAP Security Assessment,3733,1085df08d31c96ed53fd0d27dcac18556c22767abb49a01c362065a2839c4e6b
05-Web-API-Application/MFG-E129-MES-Security-Assessment.md,guide,guide,pentest,MFG-E129,manufacturing_industrial,Web / API / Application / Infrastructure,mes,controlled,MFG-E129: MES Security Assessment,3733,ae200309fd70f3da8db5c69063ddeb1b935705ef247de6d3fec016b31587524f
05-Web-API-Application/MFG-E130-QMS-Security-Assessment.md,guide,guide,pentest,MFG-E130,manufacturing_industrial,Web / API / Application / Infrastructure,manufacturing_asset,controlled,MFG-E130: QMS Security Assessment,3749,fa403bc1bf5931ac92fdec654c6509a7ca73ed0157c5ff46512c6cf676a55f21
05-Web-API-Application/MFG-E131-WMS-Security-Assessment.md,guide,guide,pentest,MFG-E131,manufacturing_industrial,Web / API / Application / Infrastructure,manufacturing_asset,controlled,MFG-E131: WMS Security Assessment,3749,758c7fcb18a98c3fb71ee1ac943a4f792e9a0c7623fe6c6684c0e103aab9ca35
05-Web-API-Application/MFG-E132-CMMS-Security-Assessment.md,guide,guide,pentest,MFG-E132,manufacturing_industrial,Web / API / Application / Infrastructure,manufacturing_asset,controlled,MFG-E132: CMMS Security Assessment,3751,ed8d9a429cfa1cedbffdd6d725f24fee77c6c0dc0ad3713e6e73ae9fad9ae487
05-Web-API-Application/MFG-E133-CRM-Security-Assessment.md,guide,guide,pentest,MFG-E133,manufacturing_industrial,Web / API / Application / Infrastructure,manufacturing_asset,controlled,MFG-E133: CRM Security Assessment,3749,18709266439ca688f43a7763d8f51b56c8fa6dad0c9de0bdc234f4c3466dad6a
05-Web-API-Application/MFG-E134-HRMS-Security-Assessment.md,guide,guide,pentest,MFG-E134,manufacturing_industrial,Web / API / Application / Infrastructure,manufacturing_asset,controlled,MFG-E134: HRMS Security Assessment,3751,039103e3372d9a88ade4ed2a4749230e15014151c3ac85cac5fa34a409c80b70
05-Web-API-Application/MFG-E135-Supplier-Portal-Assessment.md,guide,guide,pentest,MFG-E135,manufacturing_industrial,Web / API / Application / Infrastructure,web;supply,controlled,MFG-E135: Supplier Portal Assessment,3749,db2b742511cfcf1db57f134e49e8aec74a104ba197a36f7fd6709b838b4d57da
05-Web-API-Application/MFG-E136-Customer-Portal-Assessment.md,guide,guide,pentest,MFG-E136,manufacturing_industrial,Web / API / Application / Infrastructure,web,controlled,MFG-E136: Customer Portal Assessment,3739,b9c780bbc4e4770d4cbac0fb1d317c43020dac460ff69375f7570bad562fc599
05-Web-API-Application/MFG-E137-Mobile-Application-Assessment.md,guide,guide,pentest,MFG-E137,manufacturing_industrial,Web / API / Application / Infrastructure,manufacturing_asset,controlled,MFG-E137: Mobile Application Assessment,3761,50c861bf5120f6fc47d96ff16915cfd79c5386439ff636a22b1e51a91a3948c0
05-Web-API-Application/MFG-E138-Database-Application-Security.md,guide,guide,pentest,MFG-E138,manufacturing_industrial,Web / API / Application / Infrastructure,data,controlled,MFG-E138: Database Application Security,3746,bb07b9688b44ba202b10a4680ff8756a97bf3530b70f678645b294e41807c04b
05-Web-API-Application/MFG-E139-Integration-Middleware-Security.md,guide,guide,pentest,MFG-E139,manufacturing_industrial,Web / API / Application / Infrastructure,api,controlled,MFG-E139: Integration & Middleware Security,3753,53230030eb42e993892e88d7e56850769d85d7895664a25c7b9a591c796791eb
05-Web-API-Application/MFG-E140-Message-Broker-Security.md,guide,guide,pentest,MFG-E140,manufacturing_industrial,Web / API / Application / Infrastructure,api;mes,controlled,MFG-E140: Message Broker Security,3740,d97989ac21ab1f939e58e87fc93a9e9d087074a090acc4b7104a85d4417b039b
05-Web-API-Application/MFG-E141-API-Gateway-Security.md,guide,guide,pentest,MFG-E141,manufacturing_industrial,Web / API / Application / Infrastructure,api,controlled,MFG-E141: API Gateway Security,3727,b2671b6655a067cc497360c922228d09289cf4d865057d18e94048ceaf1c4691
05-Web-API-Application/MFG-E142-Webhook-Security.md,guide,guide,pentest,MFG-E142,manufacturing_industrial,Web / API / Application / Infrastructure,web;api,controlled,MFG-E142: Webhook Security,3726,d5d828a536b10194f4012d5e98f442dcdce8501ecbb8bcef291ec65439f884c6
05-Web-API-Application/MFG-E143-Document-Management-Security.md,guide,guide,pentest,MFG-E143,manufacturing_industrial,Web / API / Application / Infrastructure,manufacturing_asset,controlled,MFG-E143: Document Management Security,3759,4bc9887ee5ba78be3ec78549ce2971591367d6ba890125153b27a0564de0cb05
06-Internal-OT-ICS/06-MASTER-Internal-OT-ICS.md,guide,guide,pentest,MFG-P06,manufacturing_industrial,ot_ics,,,MFG-P06: Internal / OT / ICS,1461,edb5e01deec2beeee7562e74590ca9e5bd39a01526ef685d422f322b2814d339
06-Internal-OT-ICS/MFG-E144-IT-OT-Architecture-Assessment.md,guide,guide,pentest,MFG-E144,manufacturing_industrial,Internal / OT / ICS,ot,restricted,MFG-E144: IT/OT Architecture Assessment,3742,fbe844d50ba037c77d31353cd04a5c429ace9789ee627f5c0adf5c7e8fe111ec
06-Internal-OT-ICS/MFG-E145-OT-Asset-Inventory.md,guide,guide,pentest,MFG-E145,manufacturing_industrial,Internal / OT / ICS,ot,restricted,MFG-E145: OT Asset Inventory,3720,3740e14ba01a943feddb42fa5c730e08fe26fe7322384551ef4f8129a55c2f42
06-Internal-OT-ICS/MFG-E146-OT-Network-Segmentation-Assessment.md,guide,guide,pentest,MFG-E146,manufacturing_industrial,Internal / OT / ICS,ot;network,restricted,MFG-E146: OT Network Segmentation Assessment,3763,eba6bec8fdd5e8f25baa7f40e84656634ff48f9c6f80664da92a5e642b0cd6e1
06-Internal-OT-ICS/MFG-E147-Industrial-DMZ-Assessment.md,guide,guide,pentest,MFG-E147,manufacturing_industrial,Internal / OT / ICS,ot,restricted,MFG-E147: Industrial DMZ Assessment,3734,0f7772b3e1e9a59619009c32354f51cab776d6dcec7bc112171b028ca0ea991e
06-Internal-OT-ICS/MFG-E148-SCADA-Security-Assessment.md,guide,guide,pentest,MFG-E148,manufacturing_industrial,Internal / OT / ICS,ot;engineering,restricted,MFG-E148: SCADA Security Assessment,3749,9ed853e0f6c1fa84ebc2f581bb20b4950b40da23851fe092ed26689d53ce08a5
06-Internal-OT-ICS/MFG-E149-DCS-Security-Assessment.md,guide,guide,pentest,MFG-E149,manufacturing_industrial,Internal / OT / ICS,ot,restricted,MFG-E149: DCS Security Assessment,3730,bc2f15962c41f6e5fb8164b79edf350d96559d9665d8580dd54e8b7eb12be965
06-Internal-OT-ICS/MFG-E150-PLC-Security-Assessment.md,guide,guide,pentest,MFG-E150,manufacturing_industrial,Internal / OT / ICS,ot,restricted,MFG-E150: PLC Security Assessment,3730,ea7063a47619931926ec2558eed2aec8bda70ea8f13d18e5356745ce8d43ef0c
06-Internal-OT-ICS/MFG-E151-HMI-Security-Assessment.md,guide,guide,pentest,MFG-E151,manufacturing_industrial,Internal / OT / ICS,ot,restricted,MFG-E151: HMI Security Assessment,3730,ecc82f0e856de433ae9a548ec7471da7428f8964529d2421a9d76855e9d6398d
06-Internal-OT-ICS/MFG-E152-RTU-Security-Assessment.md,guide,guide,pentest,MFG-E152,manufacturing_industrial,Internal / OT / ICS,ot,restricted,MFG-E152: RTU Security Assessment,3730,c0f7f009267f9a8741d16b0e066353d9693965322d4f7a438e8be21c209b8df0
06-Internal-OT-ICS/MFG-E153-Historian-Security-Assessment.md,guide,guide,pentest,MFG-E153,manufacturing_industrial,Internal / OT / ICS,ot,restricted,MFG-E153: Historian Security Assessment,3742,5cc45e90b6b803e0dcdf294d9fb71bfdb785d78f71cc2b3b21a4b762af7c6b13
06-Internal-OT-ICS/MFG-E154-Engineering-Workstation-Security.md,guide,guide,pentest,MFG-E154,manufacturing_industrial,Internal / OT / ICS,engineering,restricted,MFG-E154: Engineering Workstation Security,3757,a8179c41453d381aac3c9eb6aa457defb7dd1bacb3fd68508a9d041e4749554d
06-Internal-OT-ICS/MFG-E155-Industrial-Gateway-Security.md,guide,guide,pentest,MFG-E155,manufacturing_industrial,Internal / OT / ICS,api;ot,restricted,MFG-E155: Industrial Gateway Security,3745,c90b77d0273b499a8cc70c2f6a203dff570e2959f5f35ebbf9c878d7394b3613
06-Internal-OT-ICS/MFG-E156-Industrial-Firewall-Assessment.md,guide,guide,pentest,MFG-E156,manufacturing_industrial,Internal / OT / ICS,ot;network,restricted,MFG-E156: Industrial Firewall Assessment,3755,c44609a6d85bc7d6bc4d8d7e6c75f9b7fe44aed839d39bec4e0c936997b78848
06-Internal-OT-ICS/MFG-E157-Industrial-Switch-Assessment.md,guide,guide,pentest,MFG-E157,manufacturing_industrial,Internal / OT / ICS,ot;network,restricted,MFG-E157: Industrial Switch Assessment,3751,3e13b2fd28badf4d05ff784c95edb35cf928226023ce76d68e44ada0e2f1dc29
06-Internal-OT-ICS/MFG-E158-Industrial-Protocol-Security-Assessment.md,guide,guide,pentest,MFG-E158,manufacturing_industrial,Internal / OT / ICS,ot,restricted,MFG-E158: Industrial Protocol Security Assessment,3762,bdc8004722b6676c29c4cdf1d7e5ce69753a4a25eaadc43fff013907ae9902ec
06-Internal-OT-ICS/MFG-E159-OPC-UA-Security-Assessment.md,guide,guide,pentest,MFG-E159,manufacturing_industrial,Internal / OT / ICS,ot,restricted,MFG-E159: OPC UA Security Assessment,3736,79870f9ceac5b4e81cf593a8fe14de6397b1d3255d27fc3b80f3493c9eb316a1
06-Internal-OT-ICS/MFG-E160-Modbus-Security-Assessment.md,guide,guide,pentest,MFG-E160,manufacturing_industrial,Internal / OT / ICS,ot,restricted,MFG-E160: Modbus Security Assessment,3736,39b675259e9a722cc62c39d40fd99702faebfa7aec75f2116c43f92bee13c41d
06-Internal-OT-ICS/MFG-E161-PROFINET-Security-Assessment.md,guide,guide,pentest,MFG-E161,manufacturing_industrial,Internal / OT / ICS,ot,restricted,MFG-E161: PROFINET Security Assessment,3740,d37da1672f58c0e27e674ad4a14819c62b94d453bd24d98d7980ffe024ff8485
06-Internal-OT-ICS/MFG-E162-EtherNet-IP-Security-Assessment.md,guide,guide,pentest,MFG-E162,manufacturing_industrial,Internal / OT / ICS,manufacturing_asset,restricted,MFG-E162: EtherNet/IP Security Assessment,3763,05d6abe8e961a12671871684de82d12c45db91187370f31c72c74ad27927539f
06-Internal-OT-ICS/MFG-E163-MQTT-IIoT-Protocol-Security.md,guide,guide,pentest,MFG-E163,manufacturing_industrial,Internal / OT / ICS,ot;iiot,restricted,MFG-E163: MQTT/IIoT Protocol Security,3746,780ff81c82db382775a92770fc471bd4dd2370972169c1caf4712deefde54514
06-Internal-OT-ICS/MFG-E164-OT-Remote-Access-Assessment.md,guide,guide,pentest,MFG-E164,manufacturing_industrial,Internal / OT / ICS,ot;supply,restricted,MFG-E164: OT Remote Access Assessment,3748,3b0a0ec47ee14ada9e25bb01cb4446d7d31351b6c5d734a8de11f7312a630dce
06-Internal-OT-ICS/MFG-E165-OT-Account-Privilege-Assessment.md,guide,guide,pentest,MFG-E165,manufacturing_industrial,Internal / OT / ICS,identity;ot,restricted,MFG-E165: OT Account & Privilege Assessment,3762,fbd12607127034fbc9e336da56f03631491e47beaaa1cb0246da66f61465fb1a
06-Internal-OT-ICS/MFG-E166-OT-Logging-Monitoring-Assessment.md,guide,guide,pentest,MFG-E166,manufacturing_industrial,Internal / OT / ICS,ot;monitoring,restricted,MFG-E166: OT Logging & Monitoring Assessment,3766,f78d159d1943b3b8a0935a6c96ddcf2a113499f63316e54b383987afc2043525
06-Internal-OT-ICS/MFG-E167-Safety-System-Security-Assessment.md,guide,guide,pentest,MFG-E167,manufacturing_industrial,Internal / OT / ICS,ot,restricted,MFG-E167: Safety System Security Assessment,3750,2ff1637d7b21e1b51e098cf2b845365282c400ec53f2a382b658ef3466db4294
06-Internal-OT-ICS/MFG-E168-OT-Backup-Assessment.md,guide,guide,pentest,MFG-E168,manufacturing_industrial,Internal / OT / ICS,ot;backup,restricted,MFG-E168: OT Backup Assessment,3734,618260266fe09e0a8191e0f654aae09118adbda73f961c7f60a3bbd3335e890c
06-Internal-OT-ICS/MFG-E169-OT-Patch-Management-Assessment.md,guide,guide,pentest,MFG-E169,manufacturing_industrial,Internal / OT / ICS,ot,restricted,MFG-E169: OT Patch Management Assessment,3744,086b32afad54689b83149fb17d0d27d3dae1afe7fb49f4b6b191bec7c9c2a870
06-Internal-OT-ICS/MFG-E170-OT-Malware-Removable-Media-Controls.md,guide,guide,pentest,MFG-E170,manufacturing_industrial,Internal / OT / ICS,ot,restricted,MFG-E170: OT Malware/Removable Media Controls,3754,01f61e7f07661fcd971293da53aa0302871e512a6c87211239fc9189962cc7ca
06-Internal-OT-ICS/MFG-E171-OT-Incident-Response-Readiness.md,guide,guide,pentest,MFG-E171,manufacturing_industrial,Internal / OT / ICS,ot,restricted,MFG-E171: OT Incident Response Readiness,3744,5ad08e260df21b2d7c689a649c7093f0c34b2a5296aeecf498ecf5bbacad7d32
07-Engineering-IIoT-Cloud/MFG-E172-CAD-CAM-Security-Assessment.md,guide,guide,pentest,MFG-E172,manufacturing_industrial,Engineering / IIoT / Cloud,engineering,controlled,MFG-E172: CAD/CAM Security Assessment,3738,f9aa71f1e99114d7f635a05740abdc5e9565910324087419cb2b6969e884355f
07-Engineering-IIoT-Cloud/MFG-E173-PLM-PDM-Security-Assessment.md,guide,guide,pentest,MFG-E173,manufacturing_industrial,Engineering / IIoT / Cloud,engineering,controlled,MFG-E173: PLM/PDM Security Assessment,3738,19fa67c32bbb1e71f5b0098b1f9cb9ade368dee1fa914c72a40c95b47f04346f
07-Engineering-IIoT-Cloud/MFG-E174-Engineering-IP-Protection.md,guide,guide,pentest,MFG-E174,manufacturing_industrial,Engineering / IIoT / Cloud,ot;engineering,controlled,MFG-E174: Engineering IP Protection,3740,8076fb41d455f5042260f5c728b0c899a0665491c57dfb2db45fa7aaea071a28
07-Engineering-IIoT-Cloud/MFG-E175-Engineering-Workstation-Assessment.md,guide,guide,pentest,MFG-E175,manufacturing_industrial,Engineering / IIoT / Cloud,engineering,controlled,MFG-E175: Engineering Workstation Assessment,3752,1b539b9dfd5d366046ce3cd30e4ae1dad5869351f83d3fc79cd9ace159207048
07-Engineering-IIoT-Cloud/MFG-E176-CNC-Robot-Environment-Assessment.md,guide,guide,pentest,MFG-E176,manufacturing_industrial,Engineering / IIoT / Cloud,ot;engineering,restricted,MFG-E176: CNC/Robot Environment Assessment,3754,6b5edff97abc41843416d48833a4db4f5142117929cc4b38436fe7abfc9d66e3
07-Engineering-IIoT-Cloud/MFG-E177-Firmware-Security-Assessment.md,guide,guide,pentest,MFG-E177,manufacturing_industrial,Engineering / IIoT / Cloud,engineering,controlled,MFG-E177: Firmware Security Assessment,3740,906f0d392949be48c1dc584ef8fff7ec99eec69de1cbdeb7d25a8620550d38b8
07-Engineering-IIoT-Cloud/MFG-E178-Source-Code-Repository-Assessment.md,guide,guide,pentest,MFG-E178,manufacturing_industrial,Engineering / IIoT / Cloud,engineering,controlled,MFG-E178: Source Code & Repository Assessment,3754,c85ecf9d23ac68bc046822fa9e7fae43119160a2f8c2a526ef7ddfb5572c7282
07-Engineering-IIoT-Cloud/MFG-E179-IIoT-Security-Assessment.md,guide,guide,pentest,MFG-E179,manufacturing_industrial,Engineering / IIoT / Cloud,ot;iiot,controlled,MFG-E179: IIoT Security Assessment,3731,8b772e8c9bbe863dd73eb97ddd6bfbb2754deed822c1acbb2d9a26c7f78c3c87
07-Engineering-IIoT-Cloud/MFG-E180-Edge-Gateway-Security-Assessment.md,guide,guide,pentest,MFG-E180,manufacturing_industrial,Engineering / IIoT / Cloud,api;iiot,controlled,MFG-E180: Edge Gateway Security Assessment,3748,50a398bb97fba3a99d8f9a7442edd00abacbc1750738be2f49a8206c4461e64d
07-Engineering-IIoT-Cloud/MFG-E181-Device-Management-Security.md,guide,guide,pentest,MFG-E181,manufacturing_industrial,Engineering / IIoT / Cloud,manufacturing_asset,controlled,MFG-E181: Device Management Security,3744,74c16426f48ca593905c62a53930ac89b82e330879a366baa54166770f2a48ce
07-Engineering-IIoT-Cloud/MFG-E182-Cloud-Security-Methodology.md,guide,guide,pentest,MFG-E182,manufacturing_industrial,Engineering / IIoT / Cloud,cloud,controlled,MFG-E182: Cloud Security Methodology,3730,d5cc2edaf8e66e3d284d77f9580bcada2e4f1afa7bf7c35060bb06c5a526744e
07-Engineering-IIoT-Cloud/MFG-E183-Cloud-Network-Security.md,guide,guide,pentest,MFG-E183,manufacturing_industrial,Engineering / IIoT / Cloud,cloud;network,controlled,MFG-E183: Cloud Network Security,3733,b69a0ed1563c92a406c53d32417a2a5d7b7bb331884928d0e86e1d45367c30c7
07-Engineering-IIoT-Cloud/MFG-E184-Cloud-IAM-Security.md,guide,guide,pentest,MFG-E184,manufacturing_industrial,Engineering / IIoT / Cloud,cloud,controlled,MFG-E184: Cloud IAM Security,3714,0ec69683d2594fd60834d45b67403d97bc96c65e34ceb2db80d841f0c31efea2
07-Engineering-IIoT-Cloud/MFG-E185-Cloud-VM-Security.md,guide,guide,pentest,MFG-E185,manufacturing_industrial,Engineering / IIoT / Cloud,cloud,controlled,MFG-E185: Cloud VM Security,3712,b59d5df2be8edda1f71f55c3da380bd37f4fc475d31b87242339d686b66dd80a
07-Engineering-IIoT-Cloud/MFG-E186-Container-Security.md,guide,guide,pentest,MFG-E186,manufacturing_industrial,Engineering / IIoT / Cloud,cloud,controlled,MFG-E186: Container Security,3714,440c91e7a753b8f04739142c56e7d59e27f9f760520da76b870f54e1e29eba0c
07-Engineering-IIoT-Cloud/MFG-E187-Kubernetes-Security.md,guide,guide,pentest,MFG-E187,manufacturing_industrial,Engineering / IIoT / Cloud,cloud,controlled,MFG-E187: Kubernetes Security,3716,3b4039797f834e9ba1c9cfad111cf7764429ee1a114ee483c1cb060f1a086aff
07-Engineering-IIoT-Cloud/MFG-E188-Serverless-Security.md,guide,guide,pentest,MFG-E188,manufacturing_industrial,Engineering / IIoT / Cloud,cloud,controlled,MFG-E188: Serverless Security,3716,3cbe8a0708b2d1660802b61212b63903861fd3dc17b67d6394faa6c263b56b6b
07-Engineering-IIoT-Cloud/MFG-E189-S3-Object-Storage-Security.md,guide,guide,pentest,MFG-E189,manufacturing_industrial,Engineering / IIoT / Cloud,cloud,controlled,MFG-E189: S3/Object Storage Security,3730,c994bc9fb2b6a92b4215b8a677d697a8c86aa141e8e2a1750ded44e11db2f154
07-Engineering-IIoT-Cloud/MFG-E190-Cloud-Database-Security.md,guide,guide,pentest,MFG-E190,manufacturing_industrial,Engineering / IIoT / Cloud,cloud;data,controlled,MFG-E190: Cloud Database Security,3732,60be40322780b9dd2305a2e07898c55b955a475608ae31c1368ae2735bec8042
07-Engineering-IIoT-Cloud/MFG-E191-Cloud-API-Security.md,guide,guide,pentest,MFG-E191,manufacturing_industrial,Engineering / IIoT / Cloud,api;cloud,controlled,MFG-E191: Cloud API Security,3721,0971b7e4317e4a3776ddddb68c1649604f05f9bd45c122a29f7bb4c9f44ed969
07-Engineering-IIoT-Cloud/MFG-E192-Cloud-Logging.md,guide,guide,pentest,MFG-E192,manufacturing_industrial,Engineering / IIoT / Cloud,cloud;monitoring,controlled,MFG-E192: Cloud Logging,3718,a4d9067a49ab704423e62816b3f031c6a90f2860fcaad8094ffbeff82c6e09f6
07-Engineering-IIoT-Cloud/MFG-E193-Cloud-Secrets-Key-Management.md,guide,guide,pentest,MFG-E193,manufacturing_industrial,Engineering / IIoT / Cloud,cloud;data,controlled,MFG-E193: Cloud Secrets & Key Management,3746,7b119eda3f5793fb74f685036d76604b6697e54d73ea671784dd62735925ef40
07-Engineering-IIoT-Cloud/MFG-E194-Digital-Twin-Security.md,guide,guide,pentest,MFG-E194,manufacturing_industrial,Engineering / IIoT / Cloud,iiot,controlled,MFG-E194: Digital Twin Security,3719,9d860e8613ba3fd70303a31acf64788a0077546d608355064db395feb8f0f766
07-Engineering-IIoT-Cloud/MFG-E195-Industrial-Analytics-Security.md,guide,guide,pentest,MFG-E195,manufacturing_industrial,Engineering / IIoT / Cloud,ot;iiot,controlled,MFG-E195: Industrial Analytics Security,3741,5b7bd72739d2c868ab84b4c6e0e4361127e085d3bf7eeebeafd2e3e31844492a
07-Engineering-IIoT-Cloud/MFG-E196-AI-ML-Platform-Security.md,guide,guide,pentest,MFG-E196,manufacturing_industrial,Engineering / IIoT / Cloud,iiot,controlled,MFG-E196: AI/ML Platform Security,3723,62d3ceb9092b6f216f5909104c00e57dd3a1c23d9da2cbad24c7dda377ee862c
08-Network-Remote-Supply-Chain/MFG-E197-Firewall-Security-Assessment.md,guide,guide,pentest,MFG-E197,manufacturing_industrial,Network / Remote / Supply Chain,network,controlled,MFG-E197: Firewall Security Assessment,3726,8fb0b5a8bd026b989b2433981b51e8750659d4942345bf871b761aa887292c71
08-Network-Remote-Supply-Chain/MFG-E198-Network-Segmentation-Assessment.md,guide,guide,pentest,MFG-E198,manufacturing_industrial,Network / Remote / Supply Chain,network,controlled,MFG-E198: Network Segmentation Assessment,3732,22a84f05571a3e0babf2519a544274e3c3f602cf3d9cf0a0f782df62eae58a96
08-Network-Remote-Supply-Chain/MFG-E199-Routing-ACL-Assessment.md,guide,guide,pentest,MFG-E199,manufacturing_industrial,Network / Remote / Supply Chain,network,controlled,MFG-E199: Routing & ACL Assessment,3718,992e5ebb2a1147ba5af25c8c128adc7563546439b5b9471f925d41533f250350
08-Network-Remote-Supply-Chain/MFG-E200-VPN-Security-Assessment.md,guide,guide,pentest,MFG-E200,manufacturing_industrial,Network / Remote / Supply Chain,manufacturing_asset,controlled,MFG-E200: VPN Security Assessment,3728,827c717cf54bd87fd78c64329b02bbfeb748b2214d3e20081e268dae25435017
08-Network-Remote-Supply-Chain/MFG-E201-RDP-Security-Assessment.md,guide,guide,pentest,MFG-E201,manufacturing_industrial,Network / Remote / Supply Chain,manufacturing_asset,controlled,MFG-E201: RDP Security Assessment,3728,e84dfa15139339f390accb3f8ab3b0f043da352a1febb2de573678daa6e56621
08-Network-Remote-Supply-Chain/MFG-E202-SSH-Security-Assessment.md,guide,guide,pentest,MFG-E202,manufacturing_industrial,Network / Remote / Supply Chain,manufacturing_asset,controlled,MFG-E202: SSH Security Assessment,3728,1c4affe4d5742655a262492c5335c63c153788f7aadfa1171cd7e72da4a92e51
08-Network-Remote-Supply-Chain/MFG-E203-Jump-Server-Assessment.md,guide,guide,pentest,MFG-E203,manufacturing_industrial,Network / Remote / Supply Chain,manufacturing_asset,controlled,MFG-E203: Jump Server Assessment,3726,917c023a1dd7cd66c09c36d760159f66130d917cf0d803ec7c074ffc872beeb5
08-Network-Remote-Supply-Chain/MFG-E204-Remote-Support-Platform-Assessment.md,guide,guide,pentest,MFG-E204,manufacturing_industrial,Network / Remote / Supply Chain,ot,controlled,MFG-E204: Remote Support Platform Assessment,3733,1a1f0eecfda1f94f34a12b96cb7df68e59fa2b2e942801ed6d8c76fc30edcac3
08-Network-Remote-Supply-Chain/MFG-E205-Vendor-Remote-Access-Assessment.md,guide,guide,pentest,MFG-E205,manufacturing_industrial,Network / Remote / Supply Chain,ot;supply,controlled,MFG-E205: Vendor Remote Access Assessment,3737,59d9fafb72f6f9f7a2653d24153afc779be355850fd57379fce660732b2bc1dc
08-Network-Remote-Supply-Chain/MFG-E206-Third-Party-Connectivity-Assessment.md,guide,guide,pentest,MFG-E206,manufacturing_industrial,Network / Remote / Supply Chain,supply,controlled,MFG-E206: Third-Party Connectivity Assessment,3739,ca1cd3619d7fc62213a270a08c4783f01e03d8fbfcfa6fbb25f25b6e7b49e0ea
08-Network-Remote-Supply-Chain/MFG-E207-Supplier-Portal-Security.md,guide,guide,pentest,MFG-E207,manufacturing_industrial,Network / Remote / Supply Chain,web;supply,controlled,MFG-E207: Supplier Portal Security,3724,eaf6241ba8e12d30debdb53989b0666ee97073c14138ddba0b0335a240ff6646
08-Network-Remote-Supply-Chain/MFG-E208-Supply-Chain-Risk-Assessment.md,guide,guide,pentest,MFG-E208,manufacturing_industrial,Network / Remote / Supply Chain,supply,controlled,MFG-E208: Supply Chain Risk Assessment,3725,165c16e82d4ba2f77a57b903cd67337edb239e42fb8fa219b1824ebceb203dd7
08-Network-Remote-Supply-Chain/MFG-E209-Software-Supply-Chain-Assessment.md,guide,guide,pentest,MFG-E209,manufacturing_industrial,Network / Remote / Supply Chain,supply,controlled,MFG-E209: Software Supply Chain Assessment,3733,445fc22a8678e89a206602a9d86a956c6e158d98775b85b9179cba4dc33b60c7
08-Network-Remote-Supply-Chain/MFG-E210-Firmware-Software-Update-Channel-Assessment.md,guide,guide,pentest,MFG-E210,manufacturing_industrial,Network / Remote / Supply Chain,engineering;supply,controlled,MFG-E210: Firmware/Software Update Channel Assessment,3770,aa8511cb501f924f3ccaa59c2a08165d76be6203e008f8ed1df6e3cd086c0dbf
08-Network-Remote-Supply-Chain/MFG-E211-CI-CD-Pipeline-Security.md,guide,guide,pentest,MFG-E211,manufacturing_industrial,Network / Remote / Supply Chain,manufacturing_asset,controlled,MFG-E211: CI/CD Pipeline Security,3728,ac5a06f624a127fff6dcab9b97bf23e16d5d45460cb7d884220ba4a502e421d8
08-Network-Remote-Supply-Chain/MFG-E212-Git-Repository-Security.md,guide,guide,pentest,MFG-E212,manufacturing_industrial,Network / Remote / Supply Chain,manufacturing_asset,controlled,MFG-E212: Git Repository Security,3728,c9ba63bc93d88eba34960d3edb5c6e1e34accbed522ce532fd9c5c5a6587da28
08-Network-Remote-Supply-Chain/MFG-E213-Artifact-Repository-Security.md,guide,guide,pentest,MFG-E213,manufacturing_industrial,Network / Remote / Supply Chain,manufacturing_asset,controlled,MFG-E213: Artifact Repository Security,3738,776d4abbd4659aebad5724d031703f53c9810da5be55d235e585209218bc687a
08-Network-Remote-Supply-Chain/MFG-E214-Package-Dependency-Security.md,guide,guide,pentest,MFG-E214,manufacturing_industrial,Network / Remote / Supply Chain,manufacturing_asset,controlled,MFG-E214: Package/Dependency Security,3736,4ef7113386b3566e12e9f3d3909d94e3605d3772425324d7d9f430e4b49d9c34
08-Network-Remote-Supply-Chain/MFG-E215-Wireless-Network-Assessment.md,guide,guide,pentest,MFG-E215,manufacturing_industrial,Network / Remote / Supply Chain,network,controlled,MFG-E215: Wireless Network Assessment,3724,61ec1f2afe7bb278792c86dcd578e00b02f2e1c6c0cff8898ac5076f05d2728a
08-Network-Remote-Supply-Chain/MFG-E216-Industrial-Wireless-Assessment.md,guide,guide,pentest,MFG-E216,manufacturing_industrial,Network / Remote / Supply Chain,ot;network,controlled,MFG-E216: Industrial Wireless Assessment,3736,abf07c6884ff5e88da81345785d0251881be683758b978f98d5e68e48ee9e417
09-Data-Privacy-IP/MFG-E217-PII-Discovery-Methodology.md,guide,guide,pentest,MFG-E217,manufacturing_industrial,Data / Privacy / IP,data,controlled,MFG-E217: PII Discovery Methodology,3712,cd7dde6a06d20938ed6960430a4e1c63eca5ea790e24f951c4a1717a4dadd3c2
09-Data-Privacy-IP/MFG-E218-Sensitive-Data-Exposure-Assessment.md,guide,guide,pentest,MFG-E218,manufacturing_industrial,Data / Privacy / IP,data,controlled,MFG-E218: Sensitive Data Exposure Assessment,3730,3aa26e761c19fae28074c35ec0531fbafc9f0ae09104ec31d96a43fc3b03cb25
09-Data-Privacy-IP/MFG-E219-Employee-Data-Security.md,guide,guide,pentest,MFG-E219,manufacturing_industrial,Data / Privacy / IP,data,controlled,MFG-E219: Employee Data Security,3706,7f62c68fea91db8b6f9333a0815d91361e544f085f8eda0b9fd2d6f847a10610
09-Data-Privacy-IP/MFG-E220-Customer-Data-Security.md,guide,guide,pentest,MFG-E220,manufacturing_industrial,Data / Privacy / IP,data,controlled,MFG-E220: Customer Data Security,3706,a0add1aaeb2f920d2a9eedf718e866b7b6a94a8a1c34dddc8373fb6b46b4ab44
09-Data-Privacy-IP/MFG-E221-Supplier-Data-Security.md,guide,guide,pentest,MFG-E221,manufacturing_industrial,Data / Privacy / IP,supply;data,controlled,MFG-E221: Supplier Data Security,3716,549ebf66bdeeacc71e31e04b67427d20a63f92ac428408a575dc6fe02db40b1f
09-Data-Privacy-IP/MFG-E222-Financial-Data-Security.md,guide,guide,pentest,MFG-E222,manufacturing_industrial,Data / Privacy / IP,data,controlled,MFG-E222: Financial Data Security,3708,030f2059ea4c9eaa2585f85ed31343a7179a6c6631488d303f35f2168dcdf6d6
09-Data-Privacy-IP/MFG-E223-Production-Data-Security.md,guide,guide,pentest,MFG-E223,manufacturing_industrial,Data / Privacy / IP,data,controlled,MFG-E223: Production Data Security,3710,42d40ebf427708d60bd131288f82a1fcdf9eba267de033064fcf4e3863f729e9
09-Data-Privacy-IP/MFG-E224-Quality-Data-Security.md,guide,guide,pentest,MFG-E224,manufacturing_industrial,Data / Privacy / IP,data,controlled,MFG-E224: Quality Data Security,3704,546957cf33bafb5ee3bbbd1911f714deea7300566392efd6188015d45727f407
09-Data-Privacy-IP/MFG-E225-CAD-IP-Data-Security.md,guide,guide,pentest,MFG-E225,manufacturing_industrial,Data / Privacy / IP,engineering;data,controlled,MFG-E225: CAD/IP Data Security,3717,3c04075975aa629f0eb011f17908c922bc826a8459dea5f1140e0a2fe0bae167
09-Data-Privacy-IP/MFG-E226-Technical-Drawing-Security.md,guide,guide,pentest,MFG-E226,manufacturing_industrial,Data / Privacy / IP,manufacturing_asset,controlled,MFG-E226: Technical Drawing Security,3729,f90ede392cf86118ef7391351907f079f7d096b77a3508ff99445ef00a953524
09-Data-Privacy-IP/MFG-E227-Source-Code-Firmware-Protection.md,guide,guide,pentest,MFG-E227,manufacturing_industrial,Data / Privacy / IP,ot;engineering,controlled,MFG-E227: Source Code & Firmware Protection,3741,d72aeadfa7624d536c2c41f117c92fba7bccb2bacd9bd0542ec7960c96c24724
09-Data-Privacy-IP/MFG-E228-Database-Security-Assessment.md,guide,guide,pentest,MFG-E228,manufacturing_industrial,Data / Privacy / IP,data,controlled,MFG-E228: Database Security Assessment,3718,5f797727ebcd61a9e974d84e04afb1661b454e9ca71c373d6b9691fa7f199b94
09-Data-Privacy-IP/MFG-E229-File-Share-Security.md,guide,guide,pentest,MFG-E229,manufacturing_industrial,Data / Privacy / IP,manufacturing_asset,controlled,MFG-E229: File Share Security,3715,6dbc172a8b94156a32fb50ea5aa16fdc12539edf4e28023dc97c7c98af4391af
09-Data-Privacy-IP/MFG-E230-NAS-SAN-Security.md,guide,guide,pentest,MFG-E230,manufacturing_industrial,Data / Privacy / IP,manufacturing_asset,controlled,MFG-E230: NAS/SAN Security,3709,3ff66ae81aaf987f3488d9cda5bb37f6d786e3b9c5a28fb53315f8a111759e1d
09-Data-Privacy-IP/MFG-E231-Backup-Data-Security.md,guide,guide,pentest,MFG-E231,manufacturing_industrial,Data / Privacy / IP,data;backup,controlled,MFG-E231: Backup Data Security,3712,cd14d0f28e65cb290a930464677d25ed47ab8ed6183f54ce42b9d14557e03327
09-Data-Privacy-IP/MFG-E232-Secrets-Credential-Exposure.md,guide,guide,pentest,MFG-E232,manufacturing_industrial,Data / Privacy / IP,data,controlled,MFG-E232: Secrets & Credential Exposure,3720,2d8721ab17c0e3920ffa4785cd57a54570e7df46e03e26efa6237ace5f2b88d0
09-Data-Privacy-IP/MFG-E233-API-Key-Exposure.md,guide,guide,pentest,MFG-E233,manufacturing_industrial,Data / Privacy / IP,api;data,controlled,MFG-E233: API Key Exposure,3701,157357b4812dc477104ecafd6b12a2b0e799da7e16098e234483436078ddd3a6
09-Data-Privacy-IP/MFG-E234-Certificate-Private-Key-Exposure.md,guide,guide,pentest,MFG-E234,manufacturing_industrial,Data / Privacy / IP,data,controlled,MFG-E234: Certificate/Private Key Exposure,3726,9ff97cf95d8f60b5cd868b99e822e8b0ec25d46c10b4a04c7d338220751a4c10
10-Monitoring-Detection/MFG-E235-SIEM-Assessment.md,guide,guide,pentest,MFG-E235,manufacturing_industrial,Monitoring / Detection,monitoring,controlled,MFG-E235: SIEM Assessment,3671,496e485a75b2c26d36b0518db51ef36138ba9a6720eae156990ccb00d03fce26
10-Monitoring-Detection/MFG-E236-SOAR-Assessment.md,guide,guide,pentest,MFG-E236,manufacturing_industrial,Monitoring / Detection,monitoring,controlled,MFG-E236: SOAR Assessment,3671,26947687e3c939845a9b8a4ca076d0a712443b4d4b0c8ae830959bf53a2d28cb
10-Monitoring-Detection/MFG-E237-EDR-XDR-Assessment.md,guide,guide,pentest,MFG-E237,manufacturing_industrial,Monitoring / Detection,monitoring,controlled,MFG-E237: EDR/XDR Assessment,3677,cdfcb165353306a8398414cb22f4c704b4d369734aa91b1fd9af3486ac3496cd
10-Monitoring-Detection/MFG-E238-IDS-IPS-Assessment.md,guide,guide,pentest,MFG-E238,manufacturing_industrial,Monitoring / Detection,monitoring,controlled,MFG-E238: IDS/IPS Assessment,3677,bdf03cf3ce7e130ff0538e936b43b01a5d86a4ab1f39344f7aa4518c21162a20
10-Monitoring-Detection/MFG-E239-NDR-Assessment.md,guide,guide,pentest,MFG-E239,manufacturing_industrial,Monitoring / Detection,monitoring,controlled,MFG-E239: NDR Assessment,3669,b09729c1cecf8a3a69211c9838b095041291116cdb9956d530e9f8f75d0fd8e7
10-Monitoring-Detection/MFG-E240-Vulnerability-Management-Assessment.md,guide,guide,pentest,MFG-E240,manufacturing_industrial,Monitoring / Detection,manufacturing_asset,controlled,MFG-E240: Vulnerability Management Assessment,3720,3f76c4644461aaff5e48f181bd110807e963c0eba521340e8bdeee3145e74f01
10-Monitoring-Detection/MFG-E241-Patch-Management-Assessment.md,guide,guide,pentest,MFG-E241,manufacturing_industrial,Monitoring / Detection,manufacturing_asset,controlled,MFG-E241: Patch Management Assessment,3704,1a56d13ba88aba217a93bb27019fb904b2b8443cbd686f326a715cb9d273dd42
10-Monitoring-Detection/MFG-E242-OT-Monitoring-Assessment.md,guide,guide,pentest,MFG-E242,manufacturing_industrial,Monitoring / Detection,ot;monitoring,controlled,MFG-E242: OT Monitoring Assessment,3695,2e74d078b88dbbf85b8645b287d0c833cf78c4d1bcb6844879db94960d84f1d1
10-Monitoring-Detection/MFG-E243-OT-IDS-Assessment.md,guide,guide,pentest,MFG-E243,manufacturing_industrial,Monitoring / Detection,ot;monitoring,controlled,MFG-E243: OT IDS Assessment,3681,9914f9f44b70d7342127e0034400b2f9d831a9c96320a6fad72c87a4b9ecc849
10-Monitoring-Detection/MFG-E244-Log-Management-Assessment.md,guide,guide,pentest,MFG-E244,manufacturing_industrial,Monitoring / Detection,manufacturing_asset,controlled,MFG-E244: Log Management Assessment,3700,b360198dc9d8cae6db16b76495a7d215a516f40e5861df7ddbb279a27a6593f5
10-Monitoring-Detection/MFG-E245-Authentication-Logging-Assessment.md,guide,guide,pentest,MFG-E245,manufacturing_industrial,Monitoring / Detection,identity;monitoring,controlled,MFG-E245: Authentication Logging Assessment,3719,90aa6b67e007326c48a9d0b4adce819af45962abc1ac82ff3371412c5d6f5982
10-Monitoring-Detection/MFG-E246-VPN-Logging-Assessment.md,guide,guide,pentest,MFG-E246,manufacturing_industrial,Monitoring / Detection,monitoring,controlled,MFG-E246: VPN Logging Assessment,3685,ee499bbb2f1056c6eae2dc4050287370b6b753a9050b67a5b9e0895f22673468
10-Monitoring-Detection/MFG-E247-Application-API-Logging-Assessment.md,guide,guide,pentest,MFG-E247,manufacturing_industrial,Monitoring / Detection,api;monitoring,controlled,MFG-E247: Application/API Logging Assessment,3716,b82af2cbbb1fd7a1994b3cf618f14c913a02efc0631147d20d14ed1b83c46dfd
10-Monitoring-Detection/MFG-E248-Cloud-Logging-Assessment.md,guide,guide,pentest,MFG-E248,manufacturing_industrial,Monitoring / Detection,cloud;monitoring,controlled,MFG-E248: Cloud Logging Assessment,3698,a85b18720350eb2c08a3cb93a6272deefa485f76c23e70b1ccb8ebb8eff36ae8
10-Monitoring-Detection/MFG-E249-SCADA-HMI-Logging-Assessment.md,guide,guide,pentest,MFG-E249,manufacturing_industrial,Monitoring / Detection,ot;engineering;monitoring,restricted,MFG-E249: SCADA/HMI Logging Assessment,3718,b26a3cd95de95b50fd4a6870944b2f0f966327ba05a8d39c04f78b6a00675c98
10-Monitoring-Detection/MFG-E250-Detection-Use-Case-Review.md,guide,guide,pentest,MFG-E250,manufacturing_industrial,Monitoring / Detection,monitoring,controlled,MFG-E250: Detection Use-Case Review,3691,a9463f86190fd1facb38e501002f8bbf59f4f476515c4aa69e13a7d1d26e1918
10-Monitoring-Detection/MFG-E251-Incident-Response-Readiness.md,guide,guide,pentest,MFG-E251,manufacturing_industrial,Monitoring / Detection,manufacturing_asset,controlled,MFG-E251: Incident Response Readiness,3704,761d861125c4b3327dc0cab0fd0e29d95f343102c90f2e0746b4f853c95320aa
11-Validation-Business-Impact/07-MASTER-Validation-Business-Impact.md,guide,guide,pentest,MFG-P07,manufacturing_industrial,validation_impact,,,MFG-P07: Validation / Business Impact,1473,40326d9f169fc31d1dd3fcdc58750ee73f070cda5ac97bf73951f06b57f3ab1b
11-Validation-Business-Impact/MFG-E252-Manual-Finding-Validation.md,guide,guide,pentest,MFG-E252,manufacturing_industrial,Validation / Business Impact,manufacturing_asset,controlled,MFG-E252: Manual Finding Validation,3663,1ce588fba8f1c43dae68807f93357c33341fb41aaba6b42251c22ae4ef8b85c5
11-Validation-Business-Impact/MFG-E253-False-Positive-Reduction.md,guide,guide,pentest,MFG-E253,manufacturing_industrial,Validation / Business Impact,manufacturing_asset,controlled,MFG-E253: False Positive Reduction,3661,2b0486b1d4c1d526647b6cd15f518a2d8c28e678e38784e74548424e815aa23c
11-Validation-Business-Impact/MFG-E254-Controlled-Exploit-Validation.md,guide,guide,pentest,MFG-E254,manufacturing_industrial,Validation / Business Impact,manufacturing_asset,controlled,MFG-E254: Controlled Exploit Validation,3671,de69f170afb144f29e7fc55895d2b5059a220303e9f58d5234dd4a15da475721
11-Validation-Business-Impact/MFG-E255-Attack-Path-Analysis.md,guide,guide,pentest,MFG-E255,manufacturing_industrial,Validation / Business Impact,manufacturing_asset,controlled,MFG-E255: Attack Path Analysis,3653,264f90be707f70ba4c8eb26093004694dc682c560bad3f4b40ac70f7895830e5
11-Validation-Business-Impact/MFG-E256-Business-Impact-Analysis.md,guide,guide,pentest,MFG-E256,manufacturing_industrial,Validation / Business Impact,manufacturing_asset,controlled,MFG-E256: Business Impact Analysis,3661,2c2bb29a0e22cb2d91c7e8439343fda31a4289fe88a1b4f8b8349c6b662f067a
11-Validation-Business-Impact/MFG-E257-Operational-Impact-Analysis.md,guide,guide,pentest,MFG-E257,manufacturing_industrial,Validation / Business Impact,manufacturing_asset,controlled,MFG-E257: Operational Impact Analysis,3667,35741034cf1c6ebc452714c7f42a18a6f71e8945fb44a719c66616bbd35a7c97
11-Validation-Business-Impact/MFG-E258-Production-Availability-Impact.md,guide,guide,pentest,MFG-E258,manufacturing_industrial,Validation / Business Impact,manufacturing_asset,controlled,MFG-E258: Production Availability Impact,3673,1c8cf6f3f7e7496fb4839df369576086e1dc5d92324ab997167cb32e169af1f3
11-Validation-Business-Impact/MFG-E259-Safety-Impact-Assessment.md,guide,guide,pentest,MFG-E259,manufacturing_industrial,Validation / Business Impact,ot,restricted,MFG-E259: Safety Impact Assessment,3644,8543948e54d0c5f6a711aad63ae9921f16ec81e0acd1bd0b33c70b8cad642381
11-Validation-Business-Impact/MFG-E260-Engineering-IP-Impact.md,guide,guide,pentest,MFG-E260,manufacturing_industrial,Validation / Business Impact,engineering,controlled,MFG-E260: Engineering IP Impact,3647,78d7461c4e441fd532e350546fb4865ec3c9575444dfd766539e519681f7d048
11-Validation-Business-Impact/MFG-E261-Data-Protection-Impact.md,guide,guide,pentest,MFG-E261,manufacturing_industrial,Validation / Business Impact,ot;data,controlled,MFG-E261: Data Protection Impact,3648,e63a8e5e35ad52a49b34adbfada968c6b8898dfeb93e4f6164b83b014eb7c7f9
11-Validation-Business-Impact/MFG-E262-Ransomware-Impact-Analysis.md,guide,guide,pentest,MFG-E262,manufacturing_industrial,Validation / Business Impact,manufacturing_asset,controlled,MFG-E262: Ransomware Impact Analysis,3665,9bbeb1c987da363d19fe884aac4f0c23778fef1d7e48dca3fb036154dcdfdf6e
11-Validation-Business-Impact/MFG-E263-Supply-Chain-Impact.md,guide,guide,pentest,MFG-E263,manufacturing_industrial,Validation / Business Impact,supply,controlled,MFG-E263: Supply Chain Impact,3638,d50e9ec35dd266a6d56c102e1ca647d42d4de9867bc54a92cc6f0d3bf0023b92
11-Validation-Business-Impact/MFG-E264-Recovery-Resilience-Assessment.md,guide,guide,pentest,MFG-E264,manufacturing_industrial,Validation / Business Impact,backup,controlled,MFG-E264: Recovery/Resilience Assessment,3660,62a2cccabb44e7545a2b0374b296b3e32ae0f226608a22cdc20af68a99c172e4
11-Validation-Business-Impact/MFG-E265-Risk-Contextualization.md,guide,guide,pentest,MFG-E265,manufacturing_industrial,Validation / Business Impact,manufacturing_asset,controlled,MFG-E265: Risk Contextualization,3657,aa968366b544174421ce4311f8c0a44594aa7dbc58723614243447ce25e23a62
12-Reporting-Remediation/08-MASTER-Reporting-Remediation-Retest.md,guide,guide,pentest,MFG-P08,manufacturing_industrial,reporting,,,MFG-P08: Reporting / Remediation / Retest,1439,cffc893cc575b1b8149d743b0a55c39a5605e120c6bd336c7a2e6368f2e320f4
12-Reporting-Remediation/MFG-E266-VAPT-Reporting-Methodology.md,guide,guide,pentest,MFG-E266,manufacturing_industrial,Reporting / Remediation / Retest,manufacturing_asset,controlled,MFG-E266: VAPT Reporting Methodology,3735,fc30ae5ba61473d1b63bf26b19c0cd828e0def43508311b7604e228abdae9257
12-Reporting-Remediation/MFG-E267-Executive-Summary.md,guide,guide,pentest,MFG-E267,manufacturing_industrial,Reporting / Remediation / Retest,manufacturing_asset,controlled,MFG-E267: Executive Summary,3717,8ec5e1116dee7e0677dcbf43609d483ec53fe884e7844d0f945ec511c31ac901
12-Reporting-Remediation/MFG-E268-Technical-Finding-Structure.md,guide,guide,pentest,MFG-E268,manufacturing_industrial,Reporting / Remediation / Retest,manufacturing_asset,controlled,MFG-E268: Technical Finding Structure,3737,092f225ec54480ec177a44be856579d191bd68fa336af2a3df8c7bb22e9a3b38
12-Reporting-Remediation/MFG-E269-Evidence-Standards.md,guide,guide,pentest,MFG-E269,manufacturing_industrial,Reporting / Remediation / Retest,manufacturing_asset,controlled,MFG-E269: Evidence Standards,3719,aa24c2b2073c1de60fc82e0f0bb9f6aae1583839f02225a217813ea53af81785
12-Reporting-Remediation/MFG-E270-Severity-Risk-Rating.md,guide,guide,pentest,MFG-E270,manufacturing_industrial,Reporting / Remediation / Retest,manufacturing_asset,controlled,MFG-E270: Severity & Risk Rating,3727,0b053ca0e43310dc2823aabda82611f77295e3b8899d22434a53081486ccff1a
12-Reporting-Remediation/MFG-E271-CVSS-Application.md,guide,guide,pentest,MFG-E271,manufacturing_industrial,Reporting / Remediation / Retest,manufacturing_asset,controlled,MFG-E271: CVSS Application,3715,2b7b16c3964d94a48d4fcf2935e73df7c8a09549e053231ec7a6f2217ca2de4f
12-Reporting-Remediation/MFG-E272-CWE-OWASP-Mapping.md,guide,guide,pentest,MFG-E272,manufacturing_industrial,Reporting / Remediation / Retest,manufacturing_asset,controlled,MFG-E272: CWE/OWASP Mapping,3717,e7612a154c600533ee5add47d8bbfdb248306bf4dd9eca8148975c1f7c389fab
12-Reporting-Remediation/MFG-E273-MITRE-ATT-CK-ICS-Mapping.md,guide,guide,pentest,MFG-E273,manufacturing_industrial,Reporting / Remediation / Retest,manufacturing_asset,controlled,MFG-E273: MITRE ATT&CK ICS Mapping,3731,daa51f94560a318826163ddec3d3511ab81d9fe24e392d2a064fc2ef9a32a352
12-Reporting-Remediation/MFG-E274-Business-Impact-Writing.md,guide,guide,pentest,MFG-E274,manufacturing_industrial,Reporting / Remediation / Retest,manufacturing_asset,controlled,MFG-E274: Business Impact Writing,3729,39480f766a4025c90110cc34957055dac74abf99974ca1f54d1f89f4e0eb66bf
12-Reporting-Remediation/MFG-E275-Remediation-Recommendation.md,guide,guide,pentest,MFG-E275,manufacturing_industrial,Reporting / Remediation / Retest,manufacturing_asset,controlled,MFG-E275: Remediation Recommendation,3735,0cfd67d606c593e2af945b75adc2a0f6197382515939c314ba097b1b0d2c3fdd
12-Reporting-Remediation/MFG-E276-Compensating-Controls.md,guide,guide,pentest,MFG-E276,manufacturing_industrial,Reporting / Remediation / Retest,manufacturing_asset,controlled,MFG-E276: Compensating Controls,3725,3026836e0df8857be55441182b6337d7a91f0b9c39885900031b93bb6e3b843b
12-Reporting-Remediation/MFG-E277-Remediation-Tracking.md,guide,guide,pentest,MFG-E277,manufacturing_industrial,Reporting / Remediation / Retest,manufacturing_asset,controlled,MFG-E277: Remediation Tracking,3723,12fadf4a92268a65c521e6c1c9bd1976f1f18e37a699748823d4fab7a7a5aef9
12-Reporting-Remediation/MFG-E278-Retest-Methodology.md,guide,guide,pentest,MFG-E278,manufacturing_industrial,Reporting / Remediation / Retest,manufacturing_asset,controlled,MFG-E278: Retest Methodology,3719,aa9fb17f0cf90afe7c90fd7ba9895a377922ffe9690b61a9999414e5f2965486
12-Reporting-Remediation/MFG-E279-Residual-Risk.md,guide,guide,pentest,MFG-E279,manufacturing_industrial,Reporting / Remediation / Retest,manufacturing_asset,controlled,MFG-E279: Residual Risk,3709,ea2ba1eae543a140360f0f8d86cb79783b37addebce09d2a987d2f63a90d7c2c
12-Reporting-Remediation/MFG-E280-Management-Walkthrough.md,guide,guide,pentest,MFG-E280,manufacturing_industrial,Reporting / Remediation / Retest,manufacturing_asset,controlled,MFG-E280: Management Walkthrough,3727,87b54c48c9b3d3533b22f227903537336f5da0c1521a624997093ae9b253796e
12-Reporting-Remediation/MFG-E281-Final-Scope-Coverage-Matrix.md,guide,guide,pentest,MFG-E281,manufacturing_industrial,Reporting / Remediation / Retest,manufacturing_asset,controlled,MFG-E281: Final Scope & Coverage Matrix,3741,db28464549b8202157d945da8c7312d3da37280ec58b41702b1383c908a64132
13-Standards/MFG-STANDARDS-CONTROL-MAPPING.md,document,,,,,,,,Manufacturing VAPT — Standards & Control Mapping Matrix,2289,6df9df806b944879c349cadf4a7ba1a125fdfe43b0f95ef38043bda6f96eed49
13-Standards/MFG-STANDARDS-MAPPING-QA-REPORT.md,document,,,,,,,,Standards & Control Mapping QA Report,476,459b89fd43c497382b349db36bb8cb6136720d2c58a8d753222a75122a911b06
13-Standards/NIST-Manufacturing-Profile.md,document,,,,,,,,NIST Manufacturing Cybersecurity Profile,497,735ac3b43651d646845e55de1acfdbf2495eb364aa9786e5e51cfe7f91394026
13-Standards/README.md,document,,,,,,,,Standards & Control Mapping,887,83e81a702cd4e8f7686024afa8f7259b2d98d5786a34ca9a773e5af97de5ef6b
13-Standards/Regulatory-and-Contractual-Tailoring.md,document,,,,,,,,Regulatory and Contractual Tailoring,1042,32c4242593b07c3fbc45f563c901996c1ed2928f486f9823a2213721f31f0e9e
14-Tools/MFG-TOOL-MAPPING-QA-REPORT.md,document,,,,,,,,Tool Mapping QA Report,1043,81925d08ab85c8799b68e7b982c5ea68003f32ff89985633fa4c55a7dc47d473
14-Tools/README.md,document,,,,,,,,Step 5 — Tool → Asset → Phase → Test Mapping,1789,ffd4e1879f8b5022e099bac779dc72f2baa0642a6958dd10ea8ab2cb418e2404
15-Auditor-Checklists/MFG-AUDITOR-CHECKLIST-QA-REPORT.md,document,,,,,,,,Auditor Checklist QA Report,1975,5017a33b76aca1111a55d47fa851469046179d79afd2d091ae0d44d9e61b2d33
15-Auditor-Checklists/MFG-AUDITOR-MASTER-CHECKLIST.md,document,,,,,,,,Manufacturing VAPT — Master Auditor Checklist,11607,9e5c0787b6a2080b6298fcef36b3a5545068cb781e41288d7b04e3170fedd7a5
15-Auditor-Checklists/README.md,document,,,,,,,,Auditor Checklists,893,022d8b178116db8e3925ac7b295fbbb9db07daf6dd3ca203361d06700f82c22d
16-Findings-Evidence/MFG-EVIDENCE-RECORD-TEMPLATE.md,document,,,,,,,,Manufacturing VAPT Evidence Record,1307,31beec0d07ec6f0c0672c18dcd72efa73946f7465ec75cc3cd196a2f45a3fb7f
16-Findings-Evidence/MFG-FINDING-LIFECYCLE.md,document,,,,,,,,Finding Lifecycle and QA,2205,8aa3f5e033346cc753da8fe2872e1b5951b78807a84251c2fd5c1a09d45e336e
16-Findings-Evidence/MFG-FINDING-TEMPLATE.md,document,,,,,,,,Manufacturing VAPT Finding,1855,fc3749651275b5f6f5dd3242b37791f2204a21850ab09e5a6940982d406987c9
16-Findings-Evidence/MFG-OBSERVATION-RECORD-TEMPLATE.md,document,,,,,,,,Manufacturing VAPT Observation Record,1151,1c84d2d3522a9cd109a34bf6ed93e3e5d2aefa4893f2aedca9bb694e376ecf73
16-Findings-Evidence/MFG-RETEST-RECORD-TEMPLATE.md,document,,,,,,,,Manufacturing VAPT Retest Record,975,f6479a406cafd7115411b4e1ad64c086d20e5e55ddaa642bf2efcca193ec8f9a
16-Findings-Evidence/README.md,document,,,,,,,,16 — Findings & Evidence,2559,5549a3c55d6454873cff96036d3c908176fabd828e7f3d501728ce241319152f
17-Threat-Attack-Paths/MFG-THREAT-ATTACK-PATH-ASSESSMENT-METHODOLOGY.md,document,,,,,,,,"Manufacturing Threat, Attack-Path & MITRE ATT&CK for ICS Assessment Methodology",4506,1f8cac88545e24a04a48cedc2b085965477476b37798a19f1511e706c8a7aeb5
17-Threat-Attack-Paths/MFG-THREAT-ATTACK-PATH-MATRIX.md,document,,,,,,,,Manufacturing Threat & Attack-Path Matrix,1936,86d12c9b2cffa0a7a609e662676f56493064d86cc4f056932a439fafaf1f7bea
17-Threat-Attack-Paths/MFG-THREAT-MAPPING-QA-REPORT.md,document,,,,,,,,Threat / Attack-Path Mapping QA Report,1238,2f16d786d59bbe36b02239db318e2630be1662572f134deb450b9452f4ebdc2d
17-Threat-Attack-Paths/README.md,document,,,,,,,,"17 — Threat, Attack Paths & MITRE ATT&CK for ICS",1485,a6fda2d758f4090388d2a7b202650a5afe06c279f78a2af18958a296e5693c44
CHANGELOG.md,document,,,,,,,,Changelog,2274,c1b9ebbc88b634a6154616ebcbc87f22025304bf48e15a8066c1870d22d03ef9
CONTRIBUTING.md,document,,,,,,,,Contributing,243,0bf025cacab53e9deb846e0a5c40564442252293f92fd0f1e7c0924a378fd96e
README.md,document,,,,,,,,Manufacturing & Industrial VAPT Knowledge Base,3664,44c63606942fb1fd488726fac20399e10e076b2309faa241a38bc6faf5de5a41
