knowledge_id,canonical_source,all_source_paths,duplicate_source_count,title,doc_type,answer_type,guide_type,sector,phase,asset_tags,safety,asset_families,assets,asset_count,sha256_canonical
MFG-E001,00-Foundation/MFG-E001-Scope-Authorization-Rules-of-Engagement.md,00-Foundation/MFG-E001-Scope-Authorization-Rules-of-Engagement.md,1,"MFG-E001: Scope, Authorization & Rules of Engagement",guide,guide,pentest,manufacturing_industrial,Foundation,identity,controlled,,,0,fdb67b7a6d1385ffd140d7e89b230e0917deeaba0d7a40027a4faf3ff8c118a1
MFG-E002,00-Foundation/MFG-E002-Manufacturing-Environment-Overview.md,00-Foundation/MFG-E002-Manufacturing-Environment-Overview.md,1,MFG-E002: Manufacturing Environment Overview,guide,guide,pentest,manufacturing_industrial,Foundation,manufacturing_asset,controlled,,,0,e2a443efd0533348c1e1303c2636d4198bccbf86ef555270df3cd81572048dfe
MFG-E003,00-Foundation/MFG-E003-Asset-Classification-Ownership.md,00-Foundation/MFG-E003-Asset-Classification-Ownership.md,1,MFG-E003: Asset Classification & Ownership,guide,guide,pentest,manufacturing_industrial,Foundation,manufacturing_asset,controlled,,,0,40b202880d60e92bd31ae37bf8c91bcde76f2a17277e8b0dae82ad3efe88e444
MFG-E004,00-Foundation/MFG-E004-Manufacturing-Business-Process-Model.md,00-Foundation/MFG-E004-Manufacturing-Business-Process-Model.md,1,MFG-E004: Manufacturing Business Process Model,guide,guide,pentest,manufacturing_industrial,Foundation,manufacturing_asset,controlled,,,0,ad0ec2e6ef120e806a98e2f644e8eb2f567fc38ec75df95cb12b17a0eabd9843
MFG-E005,00-Foundation/MFG-E005-IT-OT-Trust-Boundaries.md,00-Foundation/MFG-E005-IT-OT-Trust-Boundaries.md,1,MFG-E005: IT/OT Trust Boundaries,guide,guide,pentest,manufacturing_industrial,Foundation,ot,controlled,,,0,591f7a9c9267df685328cad7fa87a20f08758a8d79075783fd4babc3b0175e7f
MFG-E006,00-Foundation/MFG-E006-OT-Safety-Gates.md,00-Foundation/MFG-E006-OT-Safety-Gates.md,1,MFG-E006: OT Safety Gates,guide,guide,pentest,manufacturing_industrial,Foundation,ot,restricted,OT / ICS;Physical / Facility / Safety,safety controllers;safety interlocks,2,7ac2a8cbae0e95a9b5a52192d5e2a0ff4ae32f92982a8105130cfc54bfebf3b8
MFG-E007,00-Foundation/MFG-E007-Evidence-Data-Handling.md,00-Foundation/MFG-E007-Evidence-Data-Handling.md,1,MFG-E007: Evidence & Data Handling,guide,guide,pentest,manufacturing_industrial,Foundation,data,controlled,,,0,cd503608c51ea3481299f3d5d1039eb39d8ffd2882e10884161447f8af7e9dbb
MFG-E008,00-Foundation/MFG-E008-Assessment-Preconditions.md,00-Foundation/MFG-E008-Assessment-Preconditions.md,1,MFG-E008: Assessment Preconditions,guide,guide,pentest,manufacturing_industrial,Foundation,manufacturing_asset,controlled,,,0,41af7cdf0b48d9a2735655fcf90e1d5346636a0118c81f21d972bce7e0019b8c
MFG-E009,00-Foundation/MFG-E009-Finding-Lifecycle.md,00-Foundation/MFG-E009-Finding-Lifecycle.md,1,MFG-E009: Finding Lifecycle,guide,guide,pentest,manufacturing_industrial,Foundation,manufacturing_asset,controlled,,,0,0a690e865496b62fda092e08fd3b84e84c0767da19ed2034cf4a8d59279dc6e3
MFG-E010,00-Foundation/MFG-E010-KB-Metadata-Retrieval-Model.md,00-Foundation/MFG-E010-KB-Metadata-Retrieval-Model.md,1,MFG-E010: KB Metadata & Retrieval Model,guide,guide,pentest,manufacturing_industrial,Foundation,data,controlled,,,0,afecd68f9a1b17392b89a3b1c48e22444177e2f918e1e91946eea85bdad8deed
MFG-E011,01-Reconnaissance/MFG-E011-OSINT-Methodology.md,01-Reconnaissance/MFG-E011-OSINT-Methodology.md,1,MFG-E011: OSINT Methodology,guide,guide,pentest,manufacturing_industrial,Reconnaissance,manufacturing_asset,controlled,AI / Analytics;API & Integration;Backup / DR;Cloud & Digital Infrastructure;Corporate IT;Cryptographic / Time Services;Data & Information;Engineering & IP;Enterprise & Business Applications;External / Internet-Facing;Field Devices & Instrumentation;IIoT / Edge / Industry 4.0;Identity & Privilege;Industrial / Cyber-Physical;Industrial Networks & Protocols;Manufacturing Operations;OT / ICS;Physical / Facility / Safety;Plant Utilities;Remote Access & Third Parties;Security Monitoring;Software Supply Chain / DevSecOps;Wireless / Mobile,3D printers;AGVs;AI APIs;AI/ML platforms;AMQP;AMRs;API gateways;API identities;API keys;API logs;AWS;Active Directory;Azure;Azure Blob;BLE;BMS;BOM;BOM repositories;Bitbucket;Bluetooth;CAD;CAD repositories;CAD/IP;CAE;CAM;CAN-related protocols;CCTV;CDN;CI/CD;CMMS;CNC machines;CNC programming;CRM;DBAs;DCS;DCS servers;DNP3;DNS;DNS/DHCP/NTP;DVR;Domain Controllers;Dynamics;EDR;ERP;ERP APIs;ESB;ETL pipelines;Entra ID/IdP;EtherNet/IP;GCP;GPS time;Git;GitHub;GitLab;GraphQL;HART;HMI;HMI backups;HMI logs;HRMS;HVAC;Hyper-V;IAM;IDS;IEDs;IIoT gateways;IPS;IPsec VPN;IT admins;Infrastructure-as-Code;IoT APIs;Jenkins;KVM;Kubernetes;LDAP;LIMS;Linux servers;MDM;MES;MES APIs;MFA infrastructure;ML pipelines;MOM;MQTT;MQTT brokers;MSPs;MSSPs;Microsoft 365/Google Workspace;Modbus;Modbus TCP;NACLs;NAS;NDR;NFC;NTP;NVR;OEE;OPC UA;OPC gateways;OT IDS;OT admins;OT network monitoring;Oracle ERP;PAC;PAM;PDM;PII;PKI;PKI/certificate authorities;PLC;PLC backups;PLC programming;PLM;PLM APIs;PROFINET;PTP;QMS;R&D systems;RDP;REST;RFID;RFID readers;RFQ portals;RTU;S3;SAN;SAP;SAP HANA;SCADA;SCADA backups;SCADA clients;SCADA logs;SCADA servers;SCM;SFTP/file integrations;SIEM;SOAP;SOAR;SSH;SSL VPN;SSO;TLS certificates;UPS;VFDs;VMs;VMware;VNC;VPC/VNet;VPN gateways;VPN logs;WAF;WMS;WebSockets;Windows logs;Windows servers;XDR;access control;actuators;admin panels;alarm servers;analytics platforms;application admins;application logs;application servers;artifact repositories;assembly machines;asset discovery;authentication logs;authentication portals;automated storage;backup repositories;backup servers;backups;badge readers;barcode scanners;bastions;biometrics;break-glass accounts;build servers;cPanel/hosting panels;calibration equipment;certificates;cloud APIs;cloud backups;cloud databases;cloud identities;cloud keys;cloud logs;code signing;code-signing certificates;collaboration;compressed air;computer vision;configuration files;configuration repositories;contactors;container registries;containers;contractors;control servers;conveyors;cooling;corporate Wi-Fi;credentials;customer data;customer portals;cutting machines;data gateways;data lakes;data platforms;data science platforms;data warehouses;database backups;database servers;dependency management;design repositories;device certificates;device-management platforms;digital twins;disaster-recovery systems;document management;domain admins;domains;dormant accounts;drawings;drives;edge computers;edge routers;electrical systems;electronic batch records;email;emergency stops;employee data;employees;endpoints;energy management;engineering backups;engineering laptops;engineering stations;engineering workstations;engineers;environmental monitoring;equipment vendors;event buses;event servers;file servers;finance systems;financial data;fire alarm systems;fire/gas systems;firewall logs;firewalls;firmware;firmware repositories;forklift terminals;gRPC;generative AI systems;generators;historian;hybrid cloud;immutable backups;industrial Ethernet;industrial PCs;industrial Wi-Fi;industrial analytics;industrial firewalls;industrial gateways;industrial meters;industrial robots;industrial routers;industrial switches;industrial time synchronization;inspection machines;internal certificates;internet gateways;jump servers;key-management;lighting control;load balancers;log servers;machine accounts;machine telemetry;machine tools;machine vision;machine-monitoring platforms;maintenance contractors;maintenance systems;managed switches;management servers;message brokers;middleware;mobile APIs;mobile devices;mobile manufacturing applications;mobile printers;model serving;motors;network taps;object storage;offline backups;operators;package repositories;packaging machines;patch management;patch-management;power monitoring;predictive maintenance;press machines;printers;private cloud;private endpoints;private keys;process equipment;process parameters;procurement systems;product specifications;production dashboards;production data;production scheduling;public IPs;public cloud endpoints;public storage;quality data;quality inspection;recipe management;recipes;registries;relays;remote I/O;remote diagnostics;remote engineering;remote support platforms;remote-access portals;replication;reverse proxies;robot controllers;routers;rugged tablets;safety PLC;safety controllers;safety interlocks;scanners;secrets;secrets management;security groups;sensors;serial protocols;serverless;service accounts;servo drives;shared accounts;simulation systems;site-to-site VPN;smart instruments;smart meters;smart sensors;snapshots;software update channels;software vendors;software-deployment;source code;source-code repositories;steam;subdomains;subnets;supplier data;supplier portals;supply-chain systems;system integrators;tablets;technical drawings;test equipment;thin clients;third-party APIs;tokens;traceability;turnstiles;utility monitoring;valves;vendor APIs;vendor VPN;vendor maintenance;vendor protocols;vendors;visitor management;vulnerability management;water;web applications;web servers;webhooks;webmail;welding systems;wireless bridges;wireless controllers;wireless sensors;work instructions,396,9bdd32cdac338eb1113905abca6c8480df3353e491e99d9b258b1e83e52b1f3a
MFG-E012,01-Reconnaissance/MFG-E012-Domain-Reconnaissance.md,01-Reconnaissance/MFG-E012-Domain-Reconnaissance.md,1,MFG-E012: Domain Reconnaissance,guide,guide,pentest,manufacturing_industrial,Reconnaissance,manufacturing_asset,controlled,Corporate IT;Identity & Privilege,Domain Controllers;SAN;domain admins,3,f50bb061b55538ab94553469bc6bd1c14d6da959e10a57fffd7af9fe6af97c8a
MFG-E013,01-Reconnaissance/MFG-E013-DNS-Reconnaissance.md,01-Reconnaissance/MFG-E013-DNS-Reconnaissance.md,1,MFG-E013: DNS Reconnaissance,guide,guide,pentest,manufacturing_industrial,Reconnaissance,manufacturing_asset,controlled,Corporate IT;External / Internet-Facing,DNS;SAN,2,03989a7a7075fd7c5f92716eb56963dc71907d4753b71ff15f7a9c97dabed57e
MFG-E014,01-Reconnaissance/MFG-E014-Subdomain-Enumeration.md,01-Reconnaissance/MFG-E014-Subdomain-Enumeration.md,1,MFG-E014: Subdomain Enumeration,guide,guide,pentest,manufacturing_industrial,Reconnaissance,manufacturing_asset,controlled,,,0,b3ae15871ace4a1ef5c4ab5fcbcc536b67dfa860677ca96d239caf58ebf561eb
MFG-E015,01-Reconnaissance/MFG-E015-External-Attack-Surface-Mapping.md,01-Reconnaissance/MFG-E015-External-Attack-Surface-Mapping.md,1,MFG-E015: External Attack Surface Mapping,guide,guide,pentest,manufacturing_industrial,Reconnaissance,manufacturing_asset,controlled,,,0,76be61928585e1095aad4e2a36aa9eb732d2958ccc453a04c6a20c5b963b82cb
MFG-E016,01-Reconnaissance/MFG-E016-Technology-Fingerprinting.md,01-Reconnaissance/MFG-E016-Technology-Fingerprinting.md,1,MFG-E016: Technology Fingerprinting,guide,guide,pentest,manufacturing_industrial,Reconnaissance,erp,controlled,API & Integration;Enterprise & Business Applications,ERP;ERP APIs;Oracle ERP;SAP;SAP HANA,5,5a09d7a25991add7a7995657e5fc15ccec5dca1c80d3a2a2ad1569e496364e4f
MFG-E017,01-Reconnaissance/MFG-E017-Certificate-TLS-Reconnaissance.md,01-Reconnaissance/MFG-E017-Certificate-TLS-Reconnaissance.md,1,MFG-E017: Certificate & TLS Reconnaissance,guide,guide,pentest,manufacturing_industrial,Reconnaissance,data,controlled,Corporate IT,SAN,1,305a1a918fb3455ce15375b9680c8bdfc59f87bbb6468e100d498bd83456fd83
MFG-E018,01-Reconnaissance/MFG-E018-Email-Mail-Infrastructure-Reconnaissance.md,01-Reconnaissance/MFG-E018-Email-Mail-Infrastructure-Reconnaissance.md,1,MFG-E018: Email & Mail Infrastructure Reconnaissance,guide,guide,pentest,manufacturing_industrial,Reconnaissance,manufacturing_asset,controlled,Corporate IT;Enterprise & Business Applications,SAN;email,2,d6553bd98261abb76052d0bc32a5eb18e5aee6a46cb31ca605793873bd1a0db5
MFG-E019,01-Reconnaissance/MFG-E019-VPN-Discovery.md,01-Reconnaissance/MFG-E019-VPN-Discovery.md,1,MFG-E019: VPN Discovery,guide,guide,pentest,manufacturing_industrial,Reconnaissance,manufacturing_asset,controlled,External / Internet-Facing;Remote Access & Third Parties;Security Monitoring,IPsec VPN;SSL VPN;VPN gateways;VPN logs;site-to-site VPN;vendor VPN,6,05facff002a37722d8153c9a1e39a447aeb09f7d7ceab1a0bc434d292fb816dc
MFG-E020,01-Reconnaissance/MFG-E020-Remote-Access-Discovery.md,01-Reconnaissance/MFG-E020-Remote-Access-Discovery.md,1,MFG-E020: Remote Access Discovery,guide,guide,pentest,manufacturing_industrial,Reconnaissance,ot;supply,controlled,External / Internet-Facing,API gateways;CDN;DNS;RFQ portals;VPN gateways;WAF;admin panels;authentication portals;cPanel/hosting panels;customer portals;domains;edge routers;firewalls;internet gateways;load balancers;public IPs;public cloud endpoints;public storage;remote-access portals;reverse proxies;subdomains;supplier portals;web applications;webmail,24,f33e9aa95a0f743ec24c8c2c8b40a9437ddf445cba926d9bf56720aa6fe66340
MFG-E021,01-Reconnaissance/MFG-E021-Web-Application-Discovery.md,01-Reconnaissance/MFG-E021-Web-Application-Discovery.md,1,MFG-E021: Web Application Discovery,guide,guide,pentest,manufacturing_industrial,Reconnaissance,web,controlled,External / Internet-Facing,API gateways;CDN;DNS;RFQ portals;VPN gateways;WAF;admin panels;authentication portals;cPanel/hosting panels;customer portals;domains;edge routers;firewalls;internet gateways;load balancers;public IPs;public cloud endpoints;public storage;remote-access portals;reverse proxies;subdomains;supplier portals;web applications;webmail,24,67cc79d334d4f3b99851c8fce3703bd30b40d0ae2244ad81d06a9a374467e003
MFG-E022,01-Reconnaissance/MFG-E022-API-Discovery.md,01-Reconnaissance/MFG-E022-API-Discovery.md,1,MFG-E022: API Discovery,guide,guide,pentest,manufacturing_industrial,Reconnaissance,api,controlled,External / Internet-Facing,API gateways;CDN;DNS;RFQ portals;VPN gateways;WAF;admin panels;authentication portals;cPanel/hosting panels;customer portals;domains;edge routers;firewalls;internet gateways;load balancers;public IPs;public cloud endpoints;public storage;remote-access portals;reverse proxies;subdomains;supplier portals;web applications;webmail,24,56efbcf82ef395d8312943162996885589488423512cb8fe6838eb77fc781aee
MFG-E023,01-Reconnaissance/MFG-E023-Cloud-Asset-Discovery.md,01-Reconnaissance/MFG-E023-Cloud-Asset-Discovery.md,1,MFG-E023: Cloud Asset Discovery,guide,guide,pentest,manufacturing_industrial,Reconnaissance,cloud,controlled,Security Monitoring,asset discovery,1,15993f9c40de46022fafd74e00cf8194783554c726ec4946e389c5528168d6ec
MFG-E024,01-Reconnaissance/MFG-E024-Public-Object-Storage-Discovery.md,01-Reconnaissance/MFG-E024-Public-Object-Storage-Discovery.md,1,MFG-E024: Public Object Storage Discovery,guide,guide,pentest,manufacturing_industrial,Reconnaissance,cloud,controlled,Cloud & Digital Infrastructure,object storage,1,8f87f1e170fa41d1d6ce51cf3ec0584daac9fb6303fc829d9f25c2a434fe0d9b
MFG-E025,01-Reconnaissance/MFG-E025-Admin-Panel-Discovery.md,01-Reconnaissance/MFG-E025-Admin-Panel-Discovery.md,1,MFG-E025: Admin Panel Discovery,guide,guide,pentest,manufacturing_industrial,Reconnaissance,manufacturing_asset,controlled,,,0,8c73620d79c2a2fcccb0fe7e366479a6e00d621c8729a72ad361c8669b3ac7e4
MFG-E026,01-Reconnaissance/MFG-E026-cPanel-Hosting-Discovery.md,01-Reconnaissance/MFG-E026-cPanel-Hosting-Discovery.md,1,MFG-E026: cPanel & Hosting Discovery,guide,guide,pentest,manufacturing_industrial,Reconnaissance,web,controlled,,,0,3a383166a714c0df488b1630074b75f3d147f286f068155b24a337f7bd56fdd4
MFG-E027,01-Reconnaissance/MFG-E027-ERP-Discovery.md,01-Reconnaissance/MFG-E027-ERP-Discovery.md,1,MFG-E027: ERP Discovery,guide,guide,pentest,manufacturing_industrial,Reconnaissance,erp,controlled,API & Integration;Enterprise & Business Applications,ERP;ERP APIs;Oracle ERP;SAP;SAP HANA,5,49e6ad5c121ba3087dd4351d0b283f82a6266b10184e7e51ed030e47f9c457a8
MFG-E028,01-Reconnaissance/MFG-E028-MES-MOM-Discovery.md,01-Reconnaissance/MFG-E028-MES-MOM-Discovery.md,1,MFG-E028: MES/MOM Discovery,guide,guide,pentest,manufacturing_industrial,Reconnaissance,mes,controlled,API & Integration;Manufacturing Operations,MES;MES APIs;MOM,3,0f282da1ba06a567af3c3d92f22ecd44d591ceff1a6fe5b2e87b30b520c01783
MFG-E029,01-Reconnaissance/MFG-E029-QMS-Discovery.md,01-Reconnaissance/MFG-E029-QMS-Discovery.md,1,MFG-E029: QMS Discovery,guide,guide,pentest,manufacturing_industrial,Reconnaissance,manufacturing_asset,controlled,Manufacturing Operations,QMS,1,2b180cbc9d92924d2768c418d3f6ca44a9b653fd853e854f77a3f87f6f7927a9
MFG-E030,01-Reconnaissance/MFG-E030-WMS-Discovery.md,01-Reconnaissance/MFG-E030-WMS-Discovery.md,1,MFG-E030: WMS Discovery,guide,guide,pentest,manufacturing_industrial,Reconnaissance,manufacturing_asset,controlled,Manufacturing Operations,WMS,1,72ad302ddc90ce2cb4acfd59c17ae3e38470f35be5fbeaefe26fcc2f0a429b43
MFG-E031,01-Reconnaissance/MFG-E031-CMMS-Discovery.md,01-Reconnaissance/MFG-E031-CMMS-Discovery.md,1,MFG-E031: CMMS Discovery,guide,guide,pentest,manufacturing_industrial,Reconnaissance,manufacturing_asset,controlled,Manufacturing Operations,CMMS,1,a2cbed35afbb9cb08d408bb53bb689fbe6f804e5319f487d33503b09689ffa6c
MFG-E032,01-Reconnaissance/MFG-E032-SCM-Supplier-Portal-Discovery.md,01-Reconnaissance/MFG-E032-SCM-Supplier-Portal-Discovery.md,1,MFG-E032: SCM & Supplier Portal Discovery,guide,guide,pentest,manufacturing_industrial,Reconnaissance,web;supply,controlled,Manufacturing Operations,SCM,1,7ec51221081a8aef0de3d81dc47630071a7ab3fb79451bb0ae8908ced38b50c6
MFG-E033,01-Reconnaissance/MFG-E033-CRM-Customer-Portal-Discovery.md,01-Reconnaissance/MFG-E033-CRM-Customer-Portal-Discovery.md,1,MFG-E033: CRM & Customer Portal Discovery,guide,guide,pentest,manufacturing_industrial,Reconnaissance,web,controlled,Enterprise & Business Applications,CRM,1,d170c475e186ccf2fc05f3dc936c809eb44d7a66ab9bcd1dbc4be14aecbe14b2
MFG-E034,01-Reconnaissance/MFG-E034-HRMS-Discovery.md,01-Reconnaissance/MFG-E034-HRMS-Discovery.md,1,MFG-E034: HRMS Discovery,guide,guide,pentest,manufacturing_industrial,Reconnaissance,manufacturing_asset,controlled,Enterprise & Business Applications,HRMS,1,34d0bbe79c2b320ed5958282ccdeac39d7d8398ea799ba4734dbdb27f22e1532
MFG-E035,01-Reconnaissance/MFG-E035-CAD-CAM-PLM-Discovery.md,01-Reconnaissance/MFG-E035-CAD-CAM-PLM-Discovery.md,1,MFG-E035: CAD/CAM/PLM Discovery,guide,guide,pentest,manufacturing_industrial,Reconnaissance,engineering,controlled,API & Integration;Data & Information;Engineering & IP,CAD;CAD repositories;CAD/IP;CAM;PLM;PLM APIs,6,7498ae4fe03ee23ebcfa70b51772e2019453d32efc773a8a2a0f4d4a223aa891
MFG-E036,01-Reconnaissance/MFG-E036-Engineering-Workstation-Discovery.md,01-Reconnaissance/MFG-E036-Engineering-Workstation-Discovery.md,1,MFG-E036: Engineering Workstation Discovery,guide,guide,pentest,manufacturing_industrial,Reconnaissance,engineering,controlled,,,0,fab7ffe11d318d68cd997975a19051b094c81312d4f799789c8264e43dff82de
MFG-E037,01-Reconnaissance/MFG-E037-OT-Asset-Reconnaissance.md,01-Reconnaissance/MFG-E037-OT-Asset-Reconnaissance.md,1,MFG-E037: OT Asset Reconnaissance,guide,guide,pentest,manufacturing_industrial,Reconnaissance,ot,controlled,Corporate IT,SAN,1,8a50fe61aa35f0a018855ab5cbac73935c6d47d7bd43822e06633e46f19db438
MFG-E038,01-Reconnaissance/MFG-E038-SCADA-DCS-Discovery.md,01-Reconnaissance/MFG-E038-SCADA-DCS-Discovery.md,1,MFG-E038: SCADA/DCS Discovery,guide,guide,pentest,manufacturing_industrial,Reconnaissance,ot;engineering,restricted,Backup / DR;Engineering & IP;OT / ICS;Security Monitoring,CAD;DCS;DCS servers;SCADA;SCADA backups;SCADA clients;SCADA logs;SCADA servers,8,f6fd171ceb7c0a7d70d7d00f703f97023886a448f1de23d5a74a01e697cadc8a
MFG-E039,01-Reconnaissance/MFG-E039-PLC-HMI-Discovery.md,01-Reconnaissance/MFG-E039-PLC-HMI-Discovery.md,1,MFG-E039: PLC/HMI Discovery,guide,guide,pentest,manufacturing_industrial,Reconnaissance,ot,restricted,Backup / DR;Engineering & IP;OT / ICS;Security Monitoring,HMI;HMI backups;HMI logs;PLC;PLC backups;PLC programming,6,b24e0d75ae7c93f8649b33f089e210e541df89113a7d7d6c57533579e889bf26
MFG-E040,01-Reconnaissance/MFG-E040-Historian-Discovery.md,01-Reconnaissance/MFG-E040-Historian-Discovery.md,1,MFG-E040: Historian Discovery,guide,guide,pentest,manufacturing_industrial,Reconnaissance,ot,controlled,OT / ICS,historian,1,8022f6cd8b2d45db9a3de289189754ec6dfaf1bb5c6f9ba2f78b900d294c60b7
MFG-E041,01-Reconnaissance/MFG-E041-IIoT-Edge-Discovery.md,01-Reconnaissance/MFG-E041-IIoT-Edge-Discovery.md,1,MFG-E041: IIoT/Edge Discovery,guide,guide,pentest,manufacturing_industrial,Reconnaissance,ot;iiot,controlled,,,0,0c84d715c1fcc1ee8226f2361590bc26a30122ffa7a17025e0b43016157efe7a
MFG-E042,01-Reconnaissance/MFG-E042-Industrial-Network-Reconnaissance.md,01-Reconnaissance/MFG-E042-Industrial-Network-Reconnaissance.md,1,MFG-E042: Industrial Network Reconnaissance,guide,guide,pentest,manufacturing_industrial,Reconnaissance,ot;network,controlled,Corporate IT;IIoT / Edge / Industry 4.0,SAN;industrial analytics,2,7db2f7a593081d3f78ada61851b8cb9514911d1b75b89c03040063c32c3fb60f
MFG-E043,01-Reconnaissance/MFG-E043-Third-Party-Supply-Chain-Reconnaissance.md,01-Reconnaissance/MFG-E043-Third-Party-Supply-Chain-Reconnaissance.md,1,MFG-E043: Third-Party & Supply Chain Reconnaissance,guide,guide,pentest,manufacturing_industrial,Reconnaissance,supply,controlled,Corporate IT;Enterprise & Business Applications,SAN;supply-chain systems,2,d2286385de0fd0064aaeed59fd36a282884be5d7fc6ff7d493cab8e7fa708365
MFG-E044,01-Reconnaissance/MFG-E044-Technology-Dependency-Inventory.md,01-Reconnaissance/MFG-E044-Technology-Dependency-Inventory.md,1,MFG-E044: Technology & Dependency Inventory,guide,guide,pentest,manufacturing_industrial,Reconnaissance,manufacturing_asset,controlled,,,0,a1a1cf3bd9ced91eea5ca5e40cd89c52214084e91503074b50f1a79d5a61756c
MFG-E045,02-Scanning-Enumeration/MFG-E045-Network-Scanning-Methodology.md,02-Scanning-Enumeration/MFG-E045-Network-Scanning-Methodology.md,1,MFG-E045: Network Scanning Methodology,guide,guide,pentest,manufacturing_industrial,Scanning & Enumeration,network,controlled,AI / Analytics;API & Integration;Backup / DR;Cloud & Digital Infrastructure;Corporate IT;Cryptographic / Time Services;Engineering & IP;Enterprise & Business Applications;External / Internet-Facing;Field Devices & Instrumentation;IIoT / Edge / Industry 4.0;Identity & Privilege;Industrial / Cyber-Physical;Industrial Networks & Protocols;Manufacturing Operations;OT / ICS;Physical / Facility / Safety;Plant Utilities;Remote Access & Third Parties;Security Monitoring;Software Supply Chain / DevSecOps;Wireless / Mobile,3D printers;AGVs;AI APIs;AI/ML platforms;AMQP;AMRs;API gateways;API identities;API logs;AWS;Active Directory;Azure;Azure Blob;BLE;BMS;BOM repositories;Bitbucket;Bluetooth;CAD;CAD repositories;CAE;CAM;CAN-related protocols;CCTV;CDN;CI/CD;CMMS;CNC machines;CNC programming;CRM;DBAs;DCS;DCS servers;DNP3;DNS;DNS/DHCP/NTP;DVR;Domain Controllers;Dynamics;EDR;ERP;ERP APIs;ESB;ETL pipelines;Entra ID/IdP;EtherNet/IP;GCP;GPS time;Git;GitHub;GitLab;GraphQL;HART;HMI;HMI backups;HMI logs;HRMS;HVAC;Hyper-V;IAM;IDS;IEDs;IIoT gateways;IPS;IPsec VPN;IT admins;Infrastructure-as-Code;IoT APIs;Jenkins;KVM;Kubernetes;LDAP;LIMS;Linux servers;MDM;MES;MES APIs;MFA infrastructure;ML pipelines;MOM;MQTT;MQTT brokers;MSPs;MSSPs;Microsoft 365/Google Workspace;Modbus;Modbus TCP;NACLs;NAS;NDR;NFC;NTP;NVR;OEE;OPC UA;OPC gateways;OT IDS;OT admins;OT network monitoring;Oracle ERP;PAC;PAM;PDM;PKI;PKI/certificate authorities;PLC;PLC backups;PLC programming;PLM;PLM APIs;PROFINET;PTP;QMS;R&D systems;RDP;REST;RFID;RFID readers;RFQ portals;RTU;S3;SAN;SAP;SAP HANA;SCADA;SCADA backups;SCADA clients;SCADA logs;SCADA servers;SCM;SFTP/file integrations;SIEM;SOAP;SOAR;SSH;SSL VPN;SSO;TLS certificates;UPS;VFDs;VMs;VMware;VNC;VPC/VNet;VPN gateways;VPN logs;WAF;WMS;WebSockets;Windows logs;Windows servers;XDR;access control;actuators;admin panels;alarm servers;analytics platforms;application admins;application logs;application servers;artifact repositories;assembly machines;asset discovery;authentication logs;authentication portals;automated storage;backup repositories;backup servers;badge readers;barcode scanners;bastions;biometrics;break-glass accounts;build servers;cPanel/hosting panels;calibration equipment;cloud APIs;cloud backups;cloud databases;cloud identities;cloud keys;cloud logs;code signing;code-signing certificates;collaboration;compressed air;computer vision;configuration repositories;contactors;container registries;containers;contractors;control servers;conveyors;cooling;corporate Wi-Fi;customer portals;cutting machines;data gateways;data lakes;data platforms;data science platforms;data warehouses;database backups;database servers;dependency management;design repositories;device certificates;device-management platforms;digital twins;disaster-recovery systems;document management;domain admins;domains;dormant accounts;drives;edge computers;edge routers;electrical systems;electronic batch records;email;emergency stops;employees;endpoints;energy management;engineering backups;engineering laptops;engineering stations;engineering workstations;engineers;environmental monitoring;equipment vendors;event buses;event servers;file servers;finance systems;fire alarm systems;fire/gas systems;firewall logs;firewalls;firmware repositories;forklift terminals;gRPC;generative AI systems;generators;historian;hybrid cloud;immutable backups;industrial Ethernet;industrial PCs;industrial Wi-Fi;industrial analytics;industrial firewalls;industrial gateways;industrial meters;industrial robots;industrial routers;industrial switches;industrial time synchronization;inspection machines;internal certificates;internet gateways;jump servers;key-management;lighting control;load balancers;log servers;machine accounts;machine tools;machine vision;machine-monitoring platforms;maintenance contractors;maintenance systems;managed switches;management servers;message brokers;middleware;mobile APIs;mobile devices;mobile manufacturing applications;mobile printers;model serving;motors;network taps;object storage;offline backups;operators;package repositories;packaging machines;patch management;patch-management;power monitoring;predictive maintenance;press machines;printers;private cloud;private endpoints;process equipment;procurement systems;product specifications;production dashboards;production scheduling;public IPs;public cloud endpoints;public storage;quality inspection;recipe management;registries;relays;remote I/O;remote diagnostics;remote engineering;remote support platforms;remote-access portals;replication;reverse proxies;robot controllers;routers;rugged tablets;safety PLC;safety controllers;safety interlocks;scanners;secrets;secrets management;security groups;sensors;serial protocols;serverless;service accounts;servo drives;shared accounts;simulation systems;site-to-site VPN;smart instruments;smart meters;smart sensors;snapshots;software update channels;software vendors;software-deployment;source-code repositories;steam;subdomains;subnets;supplier portals;supply-chain systems;system integrators;tablets;technical drawings;test equipment;thin clients;third-party APIs;traceability;turnstiles;utility monitoring;valves;vendor APIs;vendor VPN;vendor maintenance;vendor protocols;vendors;visitor management;vulnerability management;water;web applications;web servers;webhooks;webmail;welding systems;wireless bridges;wireless controllers;wireless sensors;work instructions,374,377963e5bfb7792ff6397394b5021ef7f35f38dfdcf71ab04be1b1b86edb2ed9
MFG-E046,02-Scanning-Enumeration/MFG-E046-Port-Service-Enumeration.md,02-Scanning-Enumeration/MFG-E046-Port-Service-Enumeration.md,1,MFG-E046: Port & Service Enumeration,guide,guide,pentest,manufacturing_industrial,Scanning & Enumeration,manufacturing_asset,controlled,,,0,c2089c4b405902e3b39f44ae9187c96e53e44c3cd207f2fca2f9600b4510631e
MFG-E047,02-Scanning-Enumeration/MFG-E047-Web-Service-Enumeration.md,02-Scanning-Enumeration/MFG-E047-Web-Service-Enumeration.md,1,MFG-E047: Web Service Enumeration,guide,guide,pentest,manufacturing_industrial,Scanning & Enumeration,web,controlled,,,0,a26a15560334f4da053b1b29e5ffed307fa53a1a46399fb99ef35b90fbbdedca
MFG-E048,02-Scanning-Enumeration/MFG-E048-API-Enumeration.md,02-Scanning-Enumeration/MFG-E048-API-Enumeration.md,1,MFG-E048: API Enumeration,guide,guide,pentest,manufacturing_industrial,Scanning & Enumeration,api,controlled,Cloud & Digital Infrastructure;Data & Information;External / Internet-Facing;Identity & Privilege;Security Monitoring,API gateways;API identities;API keys;API logs,4,72e3ccd8549d8b22c8d4b00ed5c82bb1b3e5bbb0c07bbc1e7d674c6e88323699
MFG-E049,02-Scanning-Enumeration/MFG-E049-TLS-Certificate-Enumeration.md,02-Scanning-Enumeration/MFG-E049-TLS-Certificate-Enumeration.md,1,MFG-E049: TLS/Certificate Enumeration,guide,guide,pentest,manufacturing_industrial,Scanning & Enumeration,data,controlled,,,0,0cb2632a41b8f373c2f358442f00805ccf0c0c0b613824bec55753fa52648505
MFG-E050,02-Scanning-Enumeration/MFG-E050-VPN-Service-Enumeration.md,02-Scanning-Enumeration/MFG-E050-VPN-Service-Enumeration.md,1,MFG-E050: VPN Service Enumeration,guide,guide,pentest,manufacturing_industrial,Scanning & Enumeration,manufacturing_asset,controlled,External / Internet-Facing;Remote Access & Third Parties;Security Monitoring,IPsec VPN;SSL VPN;VPN gateways;VPN logs;site-to-site VPN;vendor VPN,6,e329091169d427ab41cfd03f82d82cd5dbac9c15a7de4e73541dc941568380d7
MFG-E051,02-Scanning-Enumeration/MFG-E051-Remote-Service-Enumeration.md,02-Scanning-Enumeration/MFG-E051-Remote-Service-Enumeration.md,1,MFG-E051: Remote Service Enumeration,guide,guide,pentest,manufacturing_industrial,Scanning & Enumeration,ot,controlled,,,0,9bf63234ec0e04d1aafa8edd60e4c7fbc2d7c84158a8ab49a249eaca3d93344d
MFG-E052,02-Scanning-Enumeration/MFG-E052-DNS-Service-Enumeration.md,02-Scanning-Enumeration/MFG-E052-DNS-Service-Enumeration.md,1,MFG-E052: DNS Service Enumeration,guide,guide,pentest,manufacturing_industrial,Scanning & Enumeration,manufacturing_asset,controlled,External / Internet-Facing,DNS,1,9b14d5f696cd564ff5223a1d00bcd9ed079372237aab759ec3b41fa9972d1cee
MFG-E053,02-Scanning-Enumeration/MFG-E053-Cloud-Service-Enumeration.md,02-Scanning-Enumeration/MFG-E053-Cloud-Service-Enumeration.md,1,MFG-E053: Cloud Service Enumeration,guide,guide,pentest,manufacturing_industrial,Scanning & Enumeration,cloud,controlled,,,0,671b9f7b0a617796cb677f220063246b8680aa345011dc7d258910b7105555f0
MFG-E054,02-Scanning-Enumeration/MFG-E054-Cloud-Identity-Enumeration.md,02-Scanning-Enumeration/MFG-E054-Cloud-Identity-Enumeration.md,1,MFG-E054: Cloud Identity Enumeration,guide,guide,pentest,manufacturing_industrial,Scanning & Enumeration,identity;cloud,controlled,,,0,17682fb46b2c0100645692d33906bb8429674cc5715ec3b1b57108806f735635
MFG-E055,02-Scanning-Enumeration/MFG-E055-Object-Storage-Enumeration.md,02-Scanning-Enumeration/MFG-E055-Object-Storage-Enumeration.md,1,MFG-E055: Object Storage Enumeration,guide,guide,pentest,manufacturing_industrial,Scanning & Enumeration,cloud,controlled,Cloud & Digital Infrastructure,object storage,1,8d680df6ce39be4dab9eee4da20faef68d6899c34309ad7cdb9f6111a1fb358c
MFG-E056,02-Scanning-Enumeration/MFG-E056-Database-Enumeration.md,02-Scanning-Enumeration/MFG-E056-Database-Enumeration.md,1,MFG-E056: Database Enumeration,guide,guide,pentest,manufacturing_industrial,Scanning & Enumeration,data,controlled,,,0,0d3beb89694f4c60394d93de4b9f6ce69399d4f43702a7fee012e7036caafa77
MFG-E057,02-Scanning-Enumeration/MFG-E057-Active-Directory-Enumeration.md,02-Scanning-Enumeration/MFG-E057-Active-Directory-Enumeration.md,1,MFG-E057: Active Directory Enumeration,guide,guide,pentest,manufacturing_industrial,Scanning & Enumeration,manufacturing_asset,controlled,Corporate IT,Active Directory,1,bd21eb2472ba09ebea69fedebf4ef43b12b6e2c9f7e9d81de012a4cdb8ee325f
MFG-E058,02-Scanning-Enumeration/MFG-E058-Internal-Network-Enumeration.md,02-Scanning-Enumeration/MFG-E058-Internal-Network-Enumeration.md,1,MFG-E058: Internal Network Enumeration,guide,guide,pentest,manufacturing_industrial,Scanning & Enumeration,network,controlled,,,0,ab2bc43045e09db39d3632657d5a758f2934895a100e9f3d5af321527c4a4495
MFG-E059,02-Scanning-Enumeration/MFG-E059-Network-Device-Enumeration.md,02-Scanning-Enumeration/MFG-E059-Network-Device-Enumeration.md,1,MFG-E059: Network Device Enumeration,guide,guide,pentest,manufacturing_industrial,Scanning & Enumeration,network,controlled,,,0,ce09a6d90fbb56466359ea0090253c6442fe736813f8ac5933032a440592ca2e
MFG-E060,02-Scanning-Enumeration/MFG-E060-Firewall-Security-Device-Enumeration.md,02-Scanning-Enumeration/MFG-E060-Firewall-Security-Device-Enumeration.md,1,MFG-E060: Firewall & Security Device Enumeration,guide,guide,pentest,manufacturing_industrial,Scanning & Enumeration,network,controlled,External / Internet-Facing;Industrial Networks & Protocols;Security Monitoring,firewall logs;firewalls;industrial firewalls,3,4d79b94c32f9388bbdc4d03bc711ef6f6c601cf584c24a4775114e081ff15513
MFG-E061,02-Scanning-Enumeration/MFG-E061-Industrial-Network-Discovery.md,02-Scanning-Enumeration/MFG-E061-Industrial-Network-Discovery.md,1,MFG-E061: Industrial Network Discovery,guide,guide,pentest,manufacturing_industrial,Scanning & Enumeration,ot;network,controlled,,,0,07776fb28c389cc7044b46905ab0e5e0d48ef61abf7100d887d4cffe0cac7b6b
MFG-E062,02-Scanning-Enumeration/MFG-E062-OT-Passive-Discovery.md,02-Scanning-Enumeration/MFG-E062-OT-Passive-Discovery.md,1,MFG-E062: OT Passive Discovery,guide,guide,pentest,manufacturing_industrial,Scanning & Enumeration,ot,controlled,,,0,c29b53ad3f5a247628c2be117bd6dc50ef217646d885813627e0dde660dde45f
MFG-E063,02-Scanning-Enumeration/MFG-E063-SCADA-DCS-Enumeration.md,02-Scanning-Enumeration/MFG-E063-SCADA-DCS-Enumeration.md,1,MFG-E063: SCADA/DCS Enumeration,guide,guide,pentest,manufacturing_industrial,Scanning & Enumeration,ot;engineering,restricted,Backup / DR;Engineering & IP;OT / ICS;Security Monitoring,CAD;DCS;DCS servers;SCADA;SCADA backups;SCADA clients;SCADA logs;SCADA servers,8,05feb9891540f37b569565dd404c0de7244df86e5468d346c6c45adceabcf71b
MFG-E064,02-Scanning-Enumeration/MFG-E064-PLC-HMI-Enumeration.md,02-Scanning-Enumeration/MFG-E064-PLC-HMI-Enumeration.md,1,MFG-E064: PLC/HMI Enumeration,guide,guide,pentest,manufacturing_industrial,Scanning & Enumeration,ot,restricted,Backup / DR;Engineering & IP;OT / ICS;Security Monitoring,HMI;HMI backups;HMI logs;PLC;PLC backups;PLC programming,6,1bd6b1b2c39db0895bfe655db3386420e3f921b0244791c0dd560382aba12a56
MFG-E065,02-Scanning-Enumeration/MFG-E065-Historian-Enumeration.md,02-Scanning-Enumeration/MFG-E065-Historian-Enumeration.md,1,MFG-E065: Historian Enumeration,guide,guide,pentest,manufacturing_industrial,Scanning & Enumeration,ot,controlled,OT / ICS,historian,1,bd944f314780e4db3afbbe7afc93676742378e0b616a209bd9f7911cddb01968
MFG-E066,02-Scanning-Enumeration/MFG-E066-Industrial-Protocol-Identification.md,02-Scanning-Enumeration/MFG-E066-Industrial-Protocol-Identification.md,1,MFG-E066: Industrial Protocol Identification,guide,guide,pentest,manufacturing_industrial,Scanning & Enumeration,ot,restricted,,,0,3a96175835a66398e67fc4a5ff8b8f637699bf6832cac2cffb2081d68a8f3267
MFG-E067,02-Scanning-Enumeration/MFG-E067-IIoT-Device-Enumeration.md,02-Scanning-Enumeration/MFG-E067-IIoT-Device-Enumeration.md,1,MFG-E067: IIoT Device Enumeration,guide,guide,pentest,manufacturing_industrial,Scanning & Enumeration,ot;iiot,controlled,,,0,d1cfcc88b13426d91dcf05fc7c1b882476c74c2abdc38513d8cdc8085105ba53
MFG-E068,02-Scanning-Enumeration/MFG-E068-Wireless-Enumeration.md,02-Scanning-Enumeration/MFG-E068-Wireless-Enumeration.md,1,MFG-E068: Wireless Enumeration,guide,guide,pentest,manufacturing_industrial,Scanning & Enumeration,network,controlled,Industrial Networks & Protocols;Wireless / Mobile,wireless bridges;wireless controllers;wireless sensors,3,b9f7815fa38f10b8645b841adfe64d32cf9854fccdc25aa2a68330e02fefd6bb
MFG-E069,02-Scanning-Enumeration/MFG-E069-Mobile-Handheld-Enumeration.md,02-Scanning-Enumeration/MFG-E069-Mobile-Handheld-Enumeration.md,1,MFG-E069: Mobile/Handheld Enumeration,guide,guide,pentest,manufacturing_industrial,Scanning & Enumeration,manufacturing_asset,controlled,Wireless / Mobile,BLE;Bluetooth;NFC;RFID;RFID readers;barcode scanners;corporate Wi-Fi;forklift terminals;industrial Wi-Fi;mobile manufacturing applications;mobile printers;rugged tablets;tablets;wireless controllers;wireless sensors,15,646956a72e5ab62d576f10dd9bba5de1a3357a4b5315fe3fcf9c77160d18a88c
MFG-E070,02-Scanning-Enumeration/MFG-E070-Backup-Infrastructure-Enumeration.md,02-Scanning-Enumeration/MFG-E070-Backup-Infrastructure-Enumeration.md,1,MFG-E070: Backup Infrastructure Enumeration,guide,guide,pentest,manufacturing_industrial,Scanning & Enumeration,backup,controlled,Backup / DR;Corporate IT,HMI backups;PLC backups;SCADA backups;backup repositories;backup servers;cloud backups;database backups;disaster-recovery systems;engineering backups;immutable backups;offline backups;replication;snapshots,13,4776fd3bca026f3d1d14ac8f674f6edf07bc374fbb9c895289962f31c854e2f1
MFG-E071,03-Vulnerability-Assessment/MFG-E071-Vulnerability-Assessment-Methodology.md,03-Vulnerability-Assessment/MFG-E071-Vulnerability-Assessment-Methodology.md,1,MFG-E071: Vulnerability Assessment Methodology,guide,guide,pentest,manufacturing_industrial,Vulnerability Assessment,manufacturing_asset,controlled,AI / Analytics;API & Integration;Backup / DR;Cloud & Digital Infrastructure;Corporate IT;Cryptographic / Time Services;Data & Information;Engineering & IP;Enterprise & Business Applications;External / Internet-Facing;Field Devices & Instrumentation;IIoT / Edge / Industry 4.0;Identity & Privilege;Industrial / Cyber-Physical;Industrial Networks & Protocols;Manufacturing Operations;OT / ICS;Physical / Facility / Safety;Plant Utilities;Remote Access & Third Parties;Security Monitoring;Software Supply Chain / DevSecOps;Wireless / Mobile,3D printers;AGVs;AI APIs;AI/ML platforms;AMQP;AMRs;API gateways;API identities;API keys;API logs;AWS;Active Directory;Azure;Azure Blob;BLE;BMS;BOM;BOM repositories;Bitbucket;Bluetooth;CAD;CAD repositories;CAD/IP;CAE;CAM;CAN-related protocols;CCTV;CDN;CI/CD;CMMS;CNC machines;CNC programming;CRM;DBAs;DCS;DCS servers;DNP3;DNS;DNS/DHCP/NTP;DVR;Domain Controllers;Dynamics;EDR;ERP;ERP APIs;ESB;ETL pipelines;Entra ID/IdP;EtherNet/IP;GCP;GPS time;Git;GitHub;GitLab;GraphQL;HART;HMI;HMI backups;HMI logs;HRMS;HVAC;Hyper-V;IAM;IDS;IEDs;IIoT gateways;IPS;IPsec VPN;IT admins;Infrastructure-as-Code;IoT APIs;Jenkins;KVM;Kubernetes;LDAP;LIMS;Linux servers;MDM;MES;MES APIs;MFA infrastructure;ML pipelines;MOM;MQTT;MQTT brokers;MSPs;MSSPs;Microsoft 365/Google Workspace;Modbus;Modbus TCP;NACLs;NAS;NDR;NFC;NTP;NVR;OEE;OPC UA;OPC gateways;OT IDS;OT admins;OT network monitoring;Oracle ERP;PAC;PAM;PDM;PII;PKI;PKI/certificate authorities;PLC;PLC backups;PLC programming;PLM;PLM APIs;PROFINET;PTP;QMS;R&D systems;RDP;REST;RFID;RFID readers;RFQ portals;RTU;S3;SAN;SAP;SAP HANA;SCADA;SCADA backups;SCADA clients;SCADA logs;SCADA servers;SCM;SFTP/file integrations;SIEM;SOAP;SOAR;SSH;SSL VPN;SSO;TLS certificates;UPS;VFDs;VMs;VMware;VNC;VPC/VNet;VPN gateways;VPN logs;WAF;WMS;WebSockets;Windows logs;Windows servers;XDR;access control;actuators;admin panels;alarm servers;analytics platforms;application admins;application logs;application servers;artifact repositories;assembly machines;asset discovery;authentication logs;authentication portals;automated storage;backup repositories;backup servers;backups;badge readers;barcode scanners;bastions;biometrics;break-glass accounts;build servers;cPanel/hosting panels;calibration equipment;certificates;cloud APIs;cloud backups;cloud databases;cloud identities;cloud keys;cloud logs;code signing;code-signing certificates;collaboration;compressed air;computer vision;configuration files;configuration repositories;contactors;container registries;containers;contractors;control servers;conveyors;cooling;corporate Wi-Fi;credentials;customer data;customer portals;cutting machines;data gateways;data lakes;data platforms;data science platforms;data warehouses;database backups;database servers;dependency management;design repositories;device certificates;device-management platforms;digital twins;disaster-recovery systems;document management;domain admins;domains;dormant accounts;drawings;drives;edge computers;edge routers;electrical systems;electronic batch records;email;emergency stops;employee data;employees;endpoints;energy management;engineering backups;engineering laptops;engineering stations;engineering workstations;engineers;environmental monitoring;equipment vendors;event buses;event servers;file servers;finance systems;financial data;fire alarm systems;fire/gas systems;firewall logs;firewalls;firmware;firmware repositories;forklift terminals;gRPC;generative AI systems;generators;historian;hybrid cloud;immutable backups;industrial Ethernet;industrial PCs;industrial Wi-Fi;industrial analytics;industrial firewalls;industrial gateways;industrial meters;industrial robots;industrial routers;industrial switches;industrial time synchronization;inspection machines;internal certificates;internet gateways;jump servers;key-management;lighting control;load balancers;log servers;machine accounts;machine telemetry;machine tools;machine vision;machine-monitoring platforms;maintenance contractors;maintenance systems;managed switches;management servers;message brokers;middleware;mobile APIs;mobile devices;mobile manufacturing applications;mobile printers;model serving;motors;network taps;object storage;offline backups;operators;package repositories;packaging machines;patch management;patch-management;power monitoring;predictive maintenance;press machines;printers;private cloud;private endpoints;private keys;process equipment;process parameters;procurement systems;product specifications;production dashboards;production data;production scheduling;public IPs;public cloud endpoints;public storage;quality data;quality inspection;recipe management;recipes;registries;relays;remote I/O;remote diagnostics;remote engineering;remote support platforms;remote-access portals;replication;reverse proxies;robot controllers;routers;rugged tablets;safety PLC;safety controllers;safety interlocks;scanners;secrets;secrets management;security groups;sensors;serial protocols;serverless;service accounts;servo drives;shared accounts;simulation systems;site-to-site VPN;smart instruments;smart meters;smart sensors;snapshots;software update channels;software vendors;software-deployment;source code;source-code repositories;steam;subdomains;subnets;supplier data;supplier portals;supply-chain systems;system integrators;tablets;technical drawings;test equipment;thin clients;third-party APIs;tokens;traceability;turnstiles;utility monitoring;valves;vendor APIs;vendor VPN;vendor maintenance;vendor protocols;vendors;visitor management;vulnerability management;water;web applications;web servers;webhooks;webmail;welding systems;wireless bridges;wireless controllers;wireless sensors;work instructions,396,f729b10e50f99cd318cfb7c7131950437f52705542c00bd3bbc6ef4f4c58d080
MFG-E072,03-Vulnerability-Assessment/MFG-E072-External-Infrastructure-Vulnerability-Assessment.md,03-Vulnerability-Assessment/MFG-E072-External-Infrastructure-Vulnerability-Assessment.md,1,MFG-E072: External Infrastructure Vulnerability Assessment,guide,guide,pentest,manufacturing_industrial,Vulnerability Assessment,manufacturing_asset,controlled,,,0,cd3456faacc37c9c8e28fd30724f8876ee1bbae68adef14e2e9a2644a6f7c038
MFG-E073,03-Vulnerability-Assessment/MFG-E073-Web-Infrastructure-Vulnerability-Assessment.md,03-Vulnerability-Assessment/MFG-E073-Web-Infrastructure-Vulnerability-Assessment.md,1,MFG-E073: Web Infrastructure Vulnerability Assessment,guide,guide,pentest,manufacturing_industrial,Vulnerability Assessment,web,controlled,Corporate IT,Active Directory;DNS/DHCP/NTP;Domain Controllers;Entra ID/IdP;Hyper-V;KVM;LDAP;Linux servers;MDM;MFA infrastructure;NAS;PAM;PKI/certificate authorities;SAN;SSO;VMware;Windows servers;application servers;backup servers;database servers;endpoints;engineering laptops;file servers;management servers;mobile devices;patch-management;printers;scanners;software-deployment;thin clients;web servers,31,a321e968e7065c7292d06c6d63e0c077d5d1e17e163914620bdbbc516b77b92f
MFG-E074,03-Vulnerability-Assessment/MFG-E074-API-Vulnerability-Assessment.md,03-Vulnerability-Assessment/MFG-E074-API-Vulnerability-Assessment.md,1,MFG-E074: API Vulnerability Assessment,guide,guide,pentest,manufacturing_industrial,Vulnerability Assessment,api,controlled,Cloud & Digital Infrastructure;Corporate IT;Data & Information;External / Internet-Facing;Identity & Privilege;Security Monitoring,API gateways;API identities;API keys;API logs;Active Directory;DNS/DHCP/NTP;Domain Controllers;Entra ID/IdP;Hyper-V;KVM;LDAP;Linux servers;MDM;MFA infrastructure;NAS;PAM;PKI/certificate authorities;SAN;SSO;VMware;Windows servers;application servers;backup servers;database servers;endpoints;engineering laptops;file servers;management servers;mobile devices;patch-management;printers;scanners;software-deployment;thin clients;web servers,35,8a8a79b6837e00f9e7a6c3ff3592705f1893c8d78e59d74f02e2be46a260d96e
MFG-E075,03-Vulnerability-Assessment/MFG-E075-VPN-Vulnerability-Assessment.md,03-Vulnerability-Assessment/MFG-E075-VPN-Vulnerability-Assessment.md,1,MFG-E075: VPN Vulnerability Assessment,guide,guide,pentest,manufacturing_industrial,Vulnerability Assessment,manufacturing_asset,controlled,Corporate IT;External / Internet-Facing;Remote Access & Third Parties;Security Monitoring,Active Directory;DNS/DHCP/NTP;Domain Controllers;Entra ID/IdP;Hyper-V;IPsec VPN;KVM;LDAP;Linux servers;MDM;MFA infrastructure;NAS;PAM;PKI/certificate authorities;SAN;SSL VPN;SSO;VMware;VPN gateways;VPN logs;Windows servers;application servers;backup servers;database servers;endpoints;engineering laptops;file servers;management servers;mobile devices;patch-management;printers;scanners;site-to-site VPN;software-deployment;thin clients;vendor VPN;web servers,37,422e9cf0d3ae8846086ce5c82b6ef05ce10b5a990cf2d45408807f8efc5a736b
MFG-E076,03-Vulnerability-Assessment/MFG-E076-Server-Vulnerability-Assessment.md,03-Vulnerability-Assessment/MFG-E076-Server-Vulnerability-Assessment.md,1,MFG-E076: Server Vulnerability Assessment,guide,guide,pentest,manufacturing_industrial,Vulnerability Assessment,manufacturing_asset,controlled,,,0,e5212f8b14b790a543b712ca6878f3bb80e129209a7f61f22c1996bcb1fef250
MFG-E077,03-Vulnerability-Assessment/MFG-E077-Database-Vulnerability-Assessment.md,03-Vulnerability-Assessment/MFG-E077-Database-Vulnerability-Assessment.md,1,MFG-E077: Database Vulnerability Assessment,guide,guide,pentest,manufacturing_industrial,Vulnerability Assessment,data,controlled,,,0,6c4692461b51991a1d552bf39e7b2ab084886d0fd223e675b2657cbad04e6ed7
MFG-E078,03-Vulnerability-Assessment/MFG-E078-Network-Device-Vulnerability-Assessment.md,03-Vulnerability-Assessment/MFG-E078-Network-Device-Vulnerability-Assessment.md,1,MFG-E078: Network Device Vulnerability Assessment,guide,guide,pentest,manufacturing_industrial,Vulnerability Assessment,network,controlled,,,0,ebf9df9feeaeb032184161b81d9eb11c1990a95a299177fa3edd1b21acc201f2
MFG-E079,03-Vulnerability-Assessment/MFG-E079-Cloud-Vulnerability-Assessment.md,03-Vulnerability-Assessment/MFG-E079-Cloud-Vulnerability-Assessment.md,1,MFG-E079: Cloud Vulnerability Assessment,guide,guide,pentest,manufacturing_industrial,Vulnerability Assessment,cloud,controlled,,,0,682333c77bc3e941aba7257df1345fdf846da6e04651b0af1a9ad9caec0661a3
MFG-E080,03-Vulnerability-Assessment/MFG-E080-Object-Storage-Security-Assessment.md,03-Vulnerability-Assessment/MFG-E080-Object-Storage-Security-Assessment.md,1,MFG-E080: Object Storage Security Assessment,guide,guide,pentest,manufacturing_industrial,Vulnerability Assessment,cloud,controlled,Cloud & Digital Infrastructure,object storage,1,f0098afc6fe155835f486c4be06c62a280d776ca8b49a5a96cc6c690fa3b2bec
MFG-E081,03-Vulnerability-Assessment/MFG-E081-Identity-Infrastructure-Vulnerability-Assessment.md,03-Vulnerability-Assessment/MFG-E081-Identity-Infrastructure-Vulnerability-Assessment.md,1,MFG-E081: Identity Infrastructure Vulnerability Assessment,guide,guide,pentest,manufacturing_industrial,Vulnerability Assessment,identity,controlled,,,0,7e9f39fc6ee4b602cdfccfbb79368fa7bdad1ce4a67634edaa709ceacc93b9c7
MFG-E082,03-Vulnerability-Assessment/MFG-E082-Active-Directory-Security-Assessment.md,03-Vulnerability-Assessment/MFG-E082-Active-Directory-Security-Assessment.md,1,MFG-E082: Active Directory Security Assessment,guide,guide,pentest,manufacturing_industrial,Vulnerability Assessment,manufacturing_asset,controlled,Corporate IT,Active Directory,1,4528de891b8b73c6e5122e5cb080576bfd95144bd5da0d6cbd3626e6765e8151
MFG-E083,03-Vulnerability-Assessment/MFG-E083-Configuration-Hardening-Assessment.md,03-Vulnerability-Assessment/MFG-E083-Configuration-Hardening-Assessment.md,1,MFG-E083: Configuration & Hardening Assessment,guide,guide,pentest,manufacturing_industrial,Vulnerability Assessment,manufacturing_asset,controlled,,,0,1dd0b5f933b633fc8dde310826cf427d04713424a545750f7ac571404910823a
MFG-E084,03-Vulnerability-Assessment/MFG-E084-Patch-Version-Assessment.md,03-Vulnerability-Assessment/MFG-E084-Patch-Version-Assessment.md,1,MFG-E084: Patch & Version Assessment,guide,guide,pentest,manufacturing_industrial,Vulnerability Assessment,manufacturing_asset,controlled,,,0,c29e7c2b89cb53ef934201663d8264fe683f5fde99fc6e36d864acab977f1571
MFG-E085,03-Vulnerability-Assessment/MFG-E085-TLS-Cryptographic-Configuration-Assessment.md,03-Vulnerability-Assessment/MFG-E085-TLS-Cryptographic-Configuration-Assessment.md,1,MFG-E085: TLS/Cryptographic Configuration Assessment,guide,guide,pentest,manufacturing_industrial,Vulnerability Assessment,manufacturing_asset,controlled,,,0,fbc61c27f0a807d8e48d03c4474a3989fdd4ba9d75df0476870479b78d9cec09
MFG-E086,03-Vulnerability-Assessment/MFG-E086-Backup-Security-Assessment.md,03-Vulnerability-Assessment/MFG-E086-Backup-Security-Assessment.md,1,MFG-E086: Backup Security Assessment,guide,guide,pentest,manufacturing_industrial,Vulnerability Assessment,backup,controlled,Backup / DR;Corporate IT,backup repositories;backup servers,2,530c9b36005c5c177416182baafdce427d9f45eb6abb0de489173378c49fc71a
MFG-E087,03-Vulnerability-Assessment/MFG-E087-Container-Kubernetes-Assessment.md,03-Vulnerability-Assessment/MFG-E087-Container-Kubernetes-Assessment.md,1,MFG-E087: Container & Kubernetes Assessment,guide,guide,pentest,manufacturing_industrial,Vulnerability Assessment,cloud,controlled,Cloud & Digital Infrastructure;Software Supply Chain / DevSecOps,Kubernetes;container registries;containers,3,e67c2ef2e2c191ddb6fd54884257c1e83bd646cf42f18544c7aa7e26c1e4c88d
MFG-E088,03-Vulnerability-Assessment/MFG-E088-CI-CD-Security-Assessment.md,03-Vulnerability-Assessment/MFG-E088-CI-CD-Security-Assessment.md,1,MFG-E088: CI/CD Security Assessment,guide,guide,pentest,manufacturing_industrial,Vulnerability Assessment,manufacturing_asset,controlled,Software Supply Chain / DevSecOps,CI/CD,1,26cdbb5de9dc969d79f084606f3f9119af70ca66e79d291d95f4247b7379bdc2
MFG-E089,03-Vulnerability-Assessment/MFG-E089-Software-Dependency-Assessment.md,03-Vulnerability-Assessment/MFG-E089-Software-Dependency-Assessment.md,1,MFG-E089: Software Dependency Assessment,guide,guide,pentest,manufacturing_industrial,Vulnerability Assessment,manufacturing_asset,controlled,,,0,3b2bfa5c103f3d59764111c0a7b4c33cf1440a590e26a026af8d487f8472c778
MFG-E090,03-Vulnerability-Assessment/MFG-E090-Industrial-Network-Vulnerability-Assessment.md,03-Vulnerability-Assessment/MFG-E090-Industrial-Network-Vulnerability-Assessment.md,1,MFG-E090: Industrial Network Vulnerability Assessment,guide,guide,pentest,manufacturing_industrial,Vulnerability Assessment,ot;network,controlled,,,0,a3523e6cbab374a776ecde2e58dd2c85b006dfc82cda6f754be2e98422f10410
MFG-E091,03-Vulnerability-Assessment/MFG-E091-OT-Configuration-Assessment.md,03-Vulnerability-Assessment/MFG-E091-OT-Configuration-Assessment.md,1,MFG-E091: OT Configuration Assessment,guide,guide,pentest,manufacturing_industrial,Vulnerability Assessment,ot,controlled,,,0,24c707922a5dcf10f48536f652d14c394b76f17ee6240dfd0b285c0294ea5512
MFG-E092,03-Vulnerability-Assessment/MFG-E092-SCADA-DCS-Vulnerability-Assessment.md,03-Vulnerability-Assessment/MFG-E092-SCADA-DCS-Vulnerability-Assessment.md,1,MFG-E092: SCADA/DCS Vulnerability Assessment,guide,guide,pentest,manufacturing_industrial,Vulnerability Assessment,ot;engineering,restricted,Backup / DR;Engineering & IP;OT / ICS;Security Monitoring,CAD;DCS;DCS servers;SCADA;SCADA backups;SCADA clients;SCADA logs;SCADA servers,8,47882d17ea7642653df6f0cec693457029355927e5d67e82789690f74d635e18
MFG-E093,03-Vulnerability-Assessment/MFG-E093-PLC-HMI-Vulnerability-Assessment.md,03-Vulnerability-Assessment/MFG-E093-PLC-HMI-Vulnerability-Assessment.md,1,MFG-E093: PLC/HMI Vulnerability Assessment,guide,guide,pentest,manufacturing_industrial,Vulnerability Assessment,ot,restricted,Backup / DR;Engineering & IP;OT / ICS;Security Monitoring,HMI;HMI backups;HMI logs;PLC;PLC backups;PLC programming,6,2f6adeb06db1771fe9603f119077bb6edbd084e41b0519ace8a3d47a26e125aa
MFG-E094,03-Vulnerability-Assessment/MFG-E094-Historian-Security-Assessment.md,03-Vulnerability-Assessment/MFG-E094-Historian-Security-Assessment.md,1,MFG-E094: Historian Security Assessment,guide,guide,pentest,manufacturing_industrial,Vulnerability Assessment,ot,controlled,OT / ICS,historian,1,520e21988da2a491b9cd4d6edb87bf1e62cde0eb148b7522a9df41379b1b076b
MFG-E095,03-Vulnerability-Assessment/MFG-E095-IIoT-Edge-Vulnerability-Assessment.md,03-Vulnerability-Assessment/MFG-E095-IIoT-Edge-Vulnerability-Assessment.md,1,MFG-E095: IIoT/Edge Vulnerability Assessment,guide,guide,pentest,manufacturing_industrial,Vulnerability Assessment,ot;iiot,controlled,,,0,33b312be0b7256ccc9f700271a05385f72b1dd1f978bd8f9eefa42270dcd34d4
MFG-E096,03-Vulnerability-Assessment/MFG-E096-Wireless-Security-Assessment.md,03-Vulnerability-Assessment/MFG-E096-Wireless-Security-Assessment.md,1,MFG-E096: Wireless Security Assessment,guide,guide,pentest,manufacturing_industrial,Vulnerability Assessment,network,controlled,Industrial Networks & Protocols;Wireless / Mobile,wireless bridges;wireless controllers;wireless sensors,3,1f0c6844359afeab844fb6ffbfb42d691cdf17629c4a9839d9c35ef142f8f4b3
MFG-E097,04-Identity-Access/MFG-E097-Authentication-Assessment.md,04-Identity-Access/MFG-E097-Authentication-Assessment.md,1,MFG-E097: Authentication Assessment,guide,guide,pentest,manufacturing_industrial,Identity / Authentication / Authorization,identity,controlled,AI / Analytics;API & Integration;Backup / DR;Cloud & Digital Infrastructure;Corporate IT;Data & Information;Engineering & IP;Enterprise & Business Applications;External / Internet-Facing;Field Devices & Instrumentation;IIoT / Edge / Industry 4.0;Identity & Privilege;Manufacturing Operations;OT / ICS;Physical / Facility / Safety;Remote Access & Third Parties;Security Monitoring;Software Supply Chain / DevSecOps;Wireless / Mobile,AI APIs;API gateways;API identities;API keys;API logs;CAD;CAD repositories;CAD/IP;CMMS;DBAs;DCS servers;ERP;ERP APIs;HMI;HMI backups;HMI logs;IAM;IPsec VPN;IT admins;IoT APIs;LDAP;Linux servers;MES;MES APIs;OT admins;Oracle ERP;PLC;PLC backups;PLC programming;PLM APIs;QMS;RFID readers;RFQ portals;SCADA;SCADA backups;SCADA clients;SCADA logs;SCADA servers;SSL VPN;VPN gateways;VPN logs;WMS;WebSockets;Windows servers;admin panels;alarm servers;application admins;application servers;authentication portals;backup servers;badge readers;break-glass accounts;build servers;cloud APIs;cloud backups;cloud databases;cloud identities;cloud keys;cloud logs;contractors;control servers;customer portals;database servers;domain admins;dormant accounts;employees;engineers;event servers;file servers;hybrid cloud;jump servers;load balancers;log servers;machine accounts;management servers;message brokers;mobile APIs;operators;private cloud;public cloud endpoints;remote I/O;remote diagnostics;remote engineering;remote support platforms;remote-access portals;safety PLC;serverless;service accounts;shared accounts;site-to-site VPN;supplier portals;third-party APIs;vendor APIs;vendor VPN;vendors;web applications;web servers;webhooks;webmail,99,5bb7b8a726098e132e4b1ceb2693ef615131fb0ec5745689b0ebc2ef3c70c99d
MFG-E098,04-Identity-Access/MFG-E098-Authorization-Assessment.md,04-Identity-Access/MFG-E098-Authorization-Assessment.md,1,MFG-E098: Authorization Assessment,guide,guide,pentest,manufacturing_industrial,Identity / Authentication / Authorization,identity,controlled,,,0,26b0e02d709942d7d1bc3aa021afa65022e45ead10e40a8689731d3a04cb088c
MFG-E099,04-Identity-Access/MFG-E099-RBAC-Assessment.md,04-Identity-Access/MFG-E099-RBAC-Assessment.md,1,MFG-E099: RBAC Assessment,guide,guide,pentest,manufacturing_industrial,Identity / Authentication / Authorization,identity,controlled,,,0,1ad585c212a65346816cfdbc05e1f1b82c488ea2147d429b94b44ab5db10923b
MFG-E100,04-Identity-Access/MFG-E100-MFA-Assessment.md,04-Identity-Access/MFG-E100-MFA-Assessment.md,1,MFG-E100: MFA Assessment,guide,guide,pentest,manufacturing_industrial,Identity / Authentication / Authorization,identity,controlled,Corporate IT,MFA infrastructure,1,30fdc649862369242be15ef6eb90d1313f8032fd6d4349078efa3de0575bee93
MFG-E101,04-Identity-Access/MFG-E101-Session-Management-Assessment.md,04-Identity-Access/MFG-E101-Session-Management-Assessment.md,1,MFG-E101: Session Management Assessment,guide,guide,pentest,manufacturing_industrial,Identity / Authentication / Authorization,manufacturing_asset,controlled,,,0,37b1ee58826d321dbace1877b554f6e1ff07095c8df82878ff858b84639f458f
MFG-E102,04-Identity-Access/MFG-E102-Password-Policy-Assessment.md,04-Identity-Access/MFG-E102-Password-Policy-Assessment.md,1,MFG-E102: Password Policy Assessment,guide,guide,pentest,manufacturing_industrial,Identity / Authentication / Authorization,manufacturing_asset,controlled,,,0,7acba167d7098d32a1c48e9a0d14c0204e18a7291473c2496f1e3d5a73e4ebde
MFG-E103,04-Identity-Access/MFG-E103-Privileged-Access-Assessment.md,04-Identity-Access/MFG-E103-Privileged-Access-Assessment.md,1,MFG-E103: Privileged Access Assessment,guide,guide,pentest,manufacturing_industrial,Identity / Authentication / Authorization,identity,controlled,,,0,e075f2645bd3353a00f19913f7f534875368577dfdd08a930336ffdcf56ee8e5
MFG-E104,04-Identity-Access/MFG-E104-Active-Directory-Security-Assessment.md,04-Identity-Access/MFG-E104-Active-Directory-Security-Assessment.md,1,MFG-E104: Active Directory Security Assessment,guide,guide,pentest,manufacturing_industrial,Identity / Authentication / Authorization,manufacturing_asset,controlled,Corporate IT;Identity & Privilege,API identities;Active Directory;DBAs;IT admins;OT admins;application admins;break-glass accounts;cloud identities;contractors;domain admins;dormant accounts;employees;engineers;machine accounts;operators;service accounts;shared accounts;vendors,18,415e46de6a734b1a6d83c839c59b069797046dec6aaee0aadfaf2bd2dfcea22a
MFG-E105,04-Identity-Access/MFG-E105-LDAP-Kerberos-Assessment.md,04-Identity-Access/MFG-E105-LDAP-Kerberos-Assessment.md,1,MFG-E105: LDAP/Kerberos Assessment,guide,guide,pentest,manufacturing_industrial,Identity / Authentication / Authorization,identity,controlled,Corporate IT,LDAP,1,e38ee1c0ab43cd85fa1f1819cb38affaeaf9327f095da1ccf97122c0f1f282c3
MFG-E106,04-Identity-Access/MFG-E106-Service-Account-Assessment.md,04-Identity-Access/MFG-E106-Service-Account-Assessment.md,1,MFG-E106: Service Account Assessment,guide,guide,pentest,manufacturing_industrial,Identity / Authentication / Authorization,identity,controlled,,,0,c5462a58dd342c301800dca073faa6a2b29da9d057e39a8e04d243b32362da50
MFG-E107,04-Identity-Access/MFG-E107-Machine-Account-Assessment.md,04-Identity-Access/MFG-E107-Machine-Account-Assessment.md,1,MFG-E107: Machine Account Assessment,guide,guide,pentest,manufacturing_industrial,Identity / Authentication / Authorization,identity,controlled,,,0,eb9fb2f0a99424736a6f8c0de4a79d7b1fe21ed678112c7cdefe8a3c0a84f873
MFG-E108,04-Identity-Access/MFG-E108-Cloud-IAM-Assessment.md,04-Identity-Access/MFG-E108-Cloud-IAM-Assessment.md,1,MFG-E108: Cloud IAM Assessment,guide,guide,pentest,manufacturing_industrial,Identity / Authentication / Authorization,cloud,controlled,Cloud & Digital Infrastructure;Identity & Privilege,API identities;DBAs;IAM;IT admins;OT admins;application admins;break-glass accounts;cloud identities;contractors;domain admins;dormant accounts;employees;engineers;machine accounts;operators;service accounts;shared accounts;vendors,18,dc81de82e710ef3b59e89a2d52fb8109a2bc61d6c64500ff1a3b0d1b42f3ff53
MFG-E109,04-Identity-Access/MFG-E109-API-Authentication-Assessment.md,04-Identity-Access/MFG-E109-API-Authentication-Assessment.md,1,MFG-E109: API Authentication Assessment,guide,guide,pentest,manufacturing_industrial,Identity / Authentication / Authorization,api;identity,controlled,Cloud & Digital Infrastructure;Cryptographic / Time Services;Data & Information;External / Internet-Facing;Identity & Privilege;Security Monitoring,API gateways;API identities;API keys;API logs;GPS time;NTP;PKI;PTP;TLS certificates;code-signing certificates;device certificates;industrial time synchronization;internal certificates;key-management,14,efdcbf54436261afa134f085a88e1d1f3a28396ea76b70a2716c65cb890c671c
MFG-E110,04-Identity-Access/MFG-E110-ERP-Identity-Access-Assessment.md,04-Identity-Access/MFG-E110-ERP-Identity-Access-Assessment.md,1,MFG-E110: ERP Identity & Access Assessment,guide,guide,pentest,manufacturing_industrial,Identity / Authentication / Authorization,identity;erp,controlled,API & Integration;Enterprise & Business Applications,ERP;ERP APIs;Oracle ERP;SAP;SAP HANA,5,99b952441e7374ac330495446139dd34580d7b6a382b9136553d695916d16b41
MFG-E111,04-Identity-Access/MFG-E111-MES-QMS-Identity-Access-Assessment.md,04-Identity-Access/MFG-E111-MES-QMS-Identity-Access-Assessment.md,1,MFG-E111: MES/QMS Identity & Access Assessment,guide,guide,pentest,manufacturing_industrial,Identity / Authentication / Authorization,identity;mes,controlled,API & Integration;Manufacturing Operations,MES;MES APIs;QMS,3,1a0937bb0713c557e3245b55d0e7342ce1dc7a8f11322370bc4c07988cde5f6d
MFG-E112,04-Identity-Access/MFG-E112-Remote-Access-Authentication.md,04-Identity-Access/MFG-E112-Remote-Access-Authentication.md,1,MFG-E112: Remote Access Authentication,guide,guide,pentest,manufacturing_industrial,Identity / Authentication / Authorization,identity;ot;supply,controlled,,,0,b818fabc4176f7c3b79e13c814219349384242cf428a83fa1d1ca6f87f4a1fb3
MFG-E113,04-Identity-Access/MFG-E113-Vendor-Access-Assessment.md,04-Identity-Access/MFG-E113-Vendor-Access-Assessment.md,1,MFG-E113: Vendor Access Assessment,guide,guide,pentest,manufacturing_industrial,Identity / Authentication / Authorization,supply,controlled,,,0,829fd3a123165ab1b80374f28680a4a8ad2c6a3be6933ea67a6705e60eb678da
MFG-E114,04-Identity-Access/MFG-E114-Dormant-Excessive-Access-Review.md,04-Identity-Access/MFG-E114-Dormant-Excessive-Access-Review.md,1,MFG-E114: Dormant & Excessive Access Review,guide,guide,pentest,manufacturing_industrial,Identity / Authentication / Authorization,manufacturing_asset,controlled,,,0,dcf8a2d1ba31f9699f40495ab9b00cd00dc2332bfdee239ce8b0e1fe3fa2eec2
MFG-E115,04-Identity-Access/MFG-E115-Break-Glass-Account-Review.md,04-Identity-Access/MFG-E115-Break-Glass-Account-Review.md,1,MFG-E115: Break-Glass Account Review,guide,guide,pentest,manufacturing_industrial,Identity / Authentication / Authorization,identity,controlled,,,0,45c25c38607c9413ce71ca55b4b316f25c4941a6038e9252734380f6c1355f15
MFG-E116,04-Identity-Access/MFG-E116-Certificate-Based-Identity.md,04-Identity-Access/MFG-E116-Certificate-Based-Identity.md,1,MFG-E116: Certificate-Based Identity,guide,guide,pentest,manufacturing_industrial,Identity / Authentication / Authorization,identity;data,controlled,,,0,41659a8063d66b21d8bd57daf2e8d0d8db3007253ec6d3528d9341b23585e42b
MFG-E117,05-Web-API-Application/MFG-E117-Web-VAPT-Methodology.md,05-Web-API-Application/MFG-E117-Web-VAPT-Methodology.md,1,MFG-E117: Web VAPT Methodology,guide,guide,pentest,manufacturing_industrial,Web / API / Application / Infrastructure,web,controlled,AI / Analytics;API & Integration;Backup / DR;Cloud & Digital Infrastructure;Corporate IT;Data & Information;Engineering & IP;Enterprise & Business Applications;External / Internet-Facing;IIoT / Edge / Industry 4.0;Identity & Privilege;Manufacturing Operations;OT / ICS;Remote Access & Third Parties;Security Monitoring;Software Supply Chain / DevSecOps,AI APIs;API gateways;API identities;API keys;API logs;CAD;CAD repositories;CAD/IP;CMMS;CRM;ERP;ERP APIs;Git;GitHub;GitLab;HRMS;IIoT gateways;IoT APIs;Jenkins;MES;MES APIs;Oracle ERP;PLM;PLM APIs;QMS;RFQ portals;SAP;SAP HANA;SCADA;SCADA backups;SCADA clients;SCADA logs;SCADA servers;WMS;WebSockets;artifact repositories;authentication portals;cloud APIs;cloud backups;cloud databases;cloud identities;cloud keys;cloud logs;customer portals;database backups;database servers;digital twins;hybrid cloud;message brokers;mobile APIs;private cloud;public cloud endpoints;remote-access portals;supplier portals;third-party APIs;vendor APIs;web applications;web servers;webhooks;webmail,60,1316f35556e321fac783597a4b681038a07d7c59facf56c27f214de2285e49f3
MFG-E118,05-Web-API-Application/MFG-E118-API-VAPT-Methodology.md,05-Web-API-Application/MFG-E118-API-VAPT-Methodology.md,1,MFG-E118: API VAPT Methodology,guide,guide,pentest,manufacturing_industrial,Web / API / Application / Infrastructure,api,controlled,Cloud & Digital Infrastructure;Data & Information;Enterprise & Business Applications;External / Internet-Facing;Identity & Privilege;Security Monitoring,API gateways;API identities;API keys;API logs;CRM;Dynamics;ERP;HRMS;Microsoft 365/Google Workspace;Oracle ERP;SAP;SAP HANA;collaboration;document management;email;finance systems;procurement systems;supply-chain systems,18,3500d561e8bd1b469a4c9e9d41a2524721d2732b06bb857813487f58a3e33f43
MFG-E119,05-Web-API-Application/MFG-E119-Input-Validation-Injection-Assessment.md,05-Web-API-Application/MFG-E119-Input-Validation-Injection-Assessment.md,1,MFG-E119: Input Validation & Injection Assessment,guide,guide,pentest,manufacturing_industrial,Web / API / Application / Infrastructure,manufacturing_asset,controlled,Enterprise & Business Applications,CRM;Dynamics;ERP;HRMS;Microsoft 365/Google Workspace;Oracle ERP;SAP;SAP HANA;collaboration;document management;email;finance systems;procurement systems;supply-chain systems,14,3525293613de6dea48a5b3dd0ac6a3e06234c3eb87c8583b25a99f71a213b829
MFG-E120,05-Web-API-Application/MFG-E120-Access-Control-Assessment.md,05-Web-API-Application/MFG-E120-Access-Control-Assessment.md,1,MFG-E120: Access Control Assessment,guide,guide,pentest,manufacturing_industrial,Web / API / Application / Infrastructure,manufacturing_asset,controlled,Enterprise & Business Applications;Physical / Facility / Safety,CRM;Dynamics;ERP;HRMS;Microsoft 365/Google Workspace;Oracle ERP;SAP;SAP HANA;access control;collaboration;document management;email;finance systems;procurement systems;supply-chain systems,15,b4998c9535e97f7d91be4a29bee8aacfb88ce670081a1d6454b4001a50d2a882
MFG-E121,05-Web-API-Application/MFG-E121-Business-Logic-Assessment.md,05-Web-API-Application/MFG-E121-Business-Logic-Assessment.md,1,MFG-E121: Business Logic Assessment,guide,guide,pentest,manufacturing_industrial,Web / API / Application / Infrastructure,manufacturing_asset,controlled,Manufacturing Operations,CMMS;LIMS;MES;MOM;OEE;QMS;SCM;WMS;electronic batch records;maintenance systems;production dashboards;production scheduling;quality inspection;recipe management;traceability;work instructions,16,d516f1768bfc34f57c8b55e0e9b23f237cd5cbeebbf8717cf885b4b3c3cef67a
MFG-E122,05-Web-API-Application/MFG-E122-Session-Token-Security.md,05-Web-API-Application/MFG-E122-Session-Token-Security.md,1,MFG-E122: Session & Token Security,guide,guide,pentest,manufacturing_industrial,Web / API / Application / Infrastructure,manufacturing_asset,controlled,Manufacturing Operations,CMMS;LIMS;MES;MOM;OEE;QMS;SCM;WMS;electronic batch records;maintenance systems;production dashboards;production scheduling;quality inspection;recipe management;traceability;work instructions,16,51230f0a9ca32ff5892fa29e7de6a5c39c6bfb8be8e0e5e16aeb80c76f2cfd25
MFG-E123,05-Web-API-Application/MFG-E123-File-Upload-Assessment.md,05-Web-API-Application/MFG-E123-File-Upload-Assessment.md,1,MFG-E123: File Upload Assessment,guide,guide,pentest,manufacturing_industrial,Web / API / Application / Infrastructure,web,controlled,Manufacturing Operations,CMMS;LIMS;MES;MOM;OEE;QMS;SCM;WMS;electronic batch records;maintenance systems;production dashboards;production scheduling;quality inspection;recipe management;traceability;work instructions,16,b0012ac9dd90b5d397097478408266722b0979f4d1cef99819ae87d790a110a0
MFG-E124,05-Web-API-Application/MFG-E124-Sensitive-Data-Exposure-Assessment.md,05-Web-API-Application/MFG-E124-Sensitive-Data-Exposure-Assessment.md,1,MFG-E124: Sensitive Data Exposure Assessment,guide,guide,pentest,manufacturing_industrial,Web / API / Application / Infrastructure,data,controlled,API & Integration,ERP APIs;ESB;ETL pipelines;GraphQL;IoT APIs;MES APIs;PLM APIs;REST;SFTP/file integrations;SOAP;WebSockets;cloud APIs;event buses;gRPC;message brokers;middleware;mobile APIs;vendor APIs;webhooks,19,d480e040dbe86ab892f8b84aafb665600fcc5bf5e38acafb38afbfea6916f312
MFG-E125,05-Web-API-Application/MFG-E125-Error-Handling-Information-Disclosure.md,05-Web-API-Application/MFG-E125-Error-Handling-Information-Disclosure.md,1,MFG-E125: Error Handling & Information Disclosure,guide,guide,pentest,manufacturing_industrial,Web / API / Application / Infrastructure,manufacturing_asset,controlled,API & Integration,ERP APIs;ESB;ETL pipelines;GraphQL;IoT APIs;MES APIs;PLM APIs;REST;SFTP/file integrations;SOAP;WebSockets;cloud APIs;event buses;gRPC;message brokers;middleware;mobile APIs;vendor APIs;webhooks,19,c41502eada0a7b72ed2ca3d08977978f8cde4f52b1059316cf56b1ba259b8219
MFG-E126,05-Web-API-Application/MFG-E126-Security-Headers-Configuration.md,05-Web-API-Application/MFG-E126-Security-Headers-Configuration.md,1,MFG-E126: Security Headers & Configuration,guide,guide,pentest,manufacturing_industrial,Web / API / Application / Infrastructure,manufacturing_asset,controlled,,,0,2200faee750502fe399e22ba5f29546f344a64dffab6d7fa9d0c7e1e19825f57
MFG-E127,05-Web-API-Application/MFG-E127-ERP-Security-Assessment.md,05-Web-API-Application/MFG-E127-ERP-Security-Assessment.md,1,MFG-E127: ERP Security Assessment,guide,guide,pentest,manufacturing_industrial,Web / API / Application / Infrastructure,erp,controlled,API & Integration;Enterprise & Business Applications,ERP;ERP APIs;Oracle ERP;SAP;SAP HANA,5,478ef253f78d0536d21c00145a1c706c5aa5fe4ebb4800273f03845532cc0681
MFG-E128,05-Web-API-Application/MFG-E128-SAP-Security-Assessment.md,05-Web-API-Application/MFG-E128-SAP-Security-Assessment.md,1,MFG-E128: SAP Security Assessment,guide,guide,pentest,manufacturing_industrial,Web / API / Application / Infrastructure,erp,controlled,API & Integration;Enterprise & Business Applications,ERP;ERP APIs;Oracle ERP;SAP;SAP HANA,5,1085df08d31c96ed53fd0d27dcac18556c22767abb49a01c362065a2839c4e6b
MFG-E129,05-Web-API-Application/MFG-E129-MES-Security-Assessment.md,05-Web-API-Application/MFG-E129-MES-Security-Assessment.md,1,MFG-E129: MES Security Assessment,guide,guide,pentest,manufacturing_industrial,Web / API / Application / Infrastructure,mes,controlled,API & Integration;Manufacturing Operations,MES;MES APIs,2,ae200309fd70f3da8db5c69063ddeb1b935705ef247de6d3fec016b31587524f
MFG-E130,05-Web-API-Application/MFG-E130-QMS-Security-Assessment.md,05-Web-API-Application/MFG-E130-QMS-Security-Assessment.md,1,MFG-E130: QMS Security Assessment,guide,guide,pentest,manufacturing_industrial,Web / API / Application / Infrastructure,manufacturing_asset,controlled,Manufacturing Operations,QMS,1,fa403bc1bf5931ac92fdec654c6509a7ca73ed0157c5ff46512c6cf676a55f21
MFG-E131,05-Web-API-Application/MFG-E131-WMS-Security-Assessment.md,05-Web-API-Application/MFG-E131-WMS-Security-Assessment.md,1,MFG-E131: WMS Security Assessment,guide,guide,pentest,manufacturing_industrial,Web / API / Application / Infrastructure,manufacturing_asset,controlled,Manufacturing Operations,WMS,1,758c7fcb18a98c3fb71ee1ac943a4f792e9a0c7623fe6c6684c0e103aab9ca35
MFG-E132,05-Web-API-Application/MFG-E132-CMMS-Security-Assessment.md,05-Web-API-Application/MFG-E132-CMMS-Security-Assessment.md,1,MFG-E132: CMMS Security Assessment,guide,guide,pentest,manufacturing_industrial,Web / API / Application / Infrastructure,manufacturing_asset,controlled,Manufacturing Operations,CMMS,1,ed8d9a429cfa1cedbffdd6d725f24fee77c6c0dc0ad3713e6e73ae9fad9ae487
MFG-E133,05-Web-API-Application/MFG-E133-CRM-Security-Assessment.md,05-Web-API-Application/MFG-E133-CRM-Security-Assessment.md,1,MFG-E133: CRM Security Assessment,guide,guide,pentest,manufacturing_industrial,Web / API / Application / Infrastructure,manufacturing_asset,controlled,Enterprise & Business Applications,CRM,1,18709266439ca688f43a7763d8f51b56c8fa6dad0c9de0bdc234f4c3466dad6a
MFG-E134,05-Web-API-Application/MFG-E134-HRMS-Security-Assessment.md,05-Web-API-Application/MFG-E134-HRMS-Security-Assessment.md,1,MFG-E134: HRMS Security Assessment,guide,guide,pentest,manufacturing_industrial,Web / API / Application / Infrastructure,manufacturing_asset,controlled,Enterprise & Business Applications,HRMS,1,039103e3372d9a88ade4ed2a4749230e15014151c3ac85cac5fa34a409c80b70
MFG-E135,05-Web-API-Application/MFG-E135-Supplier-Portal-Assessment.md,05-Web-API-Application/MFG-E135-Supplier-Portal-Assessment.md,1,MFG-E135: Supplier Portal Assessment,guide,guide,pentest,manufacturing_industrial,Web / API / Application / Infrastructure,web;supply,controlled,,,0,db2b742511cfcf1db57f134e49e8aec74a104ba197a36f7fd6709b838b4d57da
MFG-E136,05-Web-API-Application/MFG-E136-Customer-Portal-Assessment.md,05-Web-API-Application/MFG-E136-Customer-Portal-Assessment.md,1,MFG-E136: Customer Portal Assessment,guide,guide,pentest,manufacturing_industrial,Web / API / Application / Infrastructure,web,controlled,,,0,b9c780bbc4e4770d4cbac0fb1d317c43020dac460ff69375f7570bad562fc599
MFG-E137,05-Web-API-Application/MFG-E137-Mobile-Application-Assessment.md,05-Web-API-Application/MFG-E137-Mobile-Application-Assessment.md,1,MFG-E137: Mobile Application Assessment,guide,guide,pentest,manufacturing_industrial,Web / API / Application / Infrastructure,manufacturing_asset,controlled,,,0,50c861bf5120f6fc47d96ff16915cfd79c5386439ff636a22b1e51a91a3948c0
MFG-E138,05-Web-API-Application/MFG-E138-Database-Application-Security.md,05-Web-API-Application/MFG-E138-Database-Application-Security.md,1,MFG-E138: Database Application Security,guide,guide,pentest,manufacturing_industrial,Web / API / Application / Infrastructure,data,controlled,,,0,bb07b9688b44ba202b10a4680ff8756a97bf3530b70f678645b294e41807c04b
MFG-E139,05-Web-API-Application/MFG-E139-Integration-Middleware-Security.md,05-Web-API-Application/MFG-E139-Integration-Middleware-Security.md,1,MFG-E139: Integration & Middleware Security,guide,guide,pentest,manufacturing_industrial,Web / API / Application / Infrastructure,api,controlled,API & Integration,middleware,1,53230030eb42e993892e88d7e56850769d85d7895664a25c7b9a591c796791eb
MFG-E140,05-Web-API-Application/MFG-E140-Message-Broker-Security.md,05-Web-API-Application/MFG-E140-Message-Broker-Security.md,1,MFG-E140: Message Broker Security,guide,guide,pentest,manufacturing_industrial,Web / API / Application / Infrastructure,api;mes,controlled,API & Integration;Manufacturing Operations,MES;message brokers,2,d97989ac21ab1f939e58e87fc93a9e9d087074a090acc4b7104a85d4417b039b
MFG-E141,05-Web-API-Application/MFG-E141-API-Gateway-Security.md,05-Web-API-Application/MFG-E141-API-Gateway-Security.md,1,MFG-E141: API Gateway Security,guide,guide,pentest,manufacturing_industrial,Web / API / Application / Infrastructure,api,controlled,Cloud & Digital Infrastructure;Data & Information;External / Internet-Facing;Identity & Privilege;Security Monitoring,API gateways;API identities;API keys;API logs,4,b2671b6655a067cc497360c922228d09289cf4d865057d18e94048ceaf1c4691
MFG-E142,05-Web-API-Application/MFG-E142-Webhook-Security.md,05-Web-API-Application/MFG-E142-Webhook-Security.md,1,MFG-E142: Webhook Security,guide,guide,pentest,manufacturing_industrial,Web / API / Application / Infrastructure,web;api,controlled,,,0,d5d828a536b10194f4012d5e98f442dcdce8501ecbb8bcef291ec65439f884c6
MFG-E143,05-Web-API-Application/MFG-E143-Document-Management-Security.md,05-Web-API-Application/MFG-E143-Document-Management-Security.md,1,MFG-E143: Document Management Security,guide,guide,pentest,manufacturing_industrial,Web / API / Application / Infrastructure,manufacturing_asset,controlled,Enterprise & Business Applications,document management,1,4bc9887ee5ba78be3ec78549ce2971591367d6ba890125153b27a0564de0cb05
MFG-E144,06-Internal-OT-ICS/MFG-E144-IT-OT-Architecture-Assessment.md,06-Internal-OT-ICS/MFG-E144-IT-OT-Architecture-Assessment.md,1,MFG-E144: IT/OT Architecture Assessment,guide,guide,pentest,manufacturing_industrial,Internal / OT / ICS,ot,restricted,Field Devices & Instrumentation;IIoT / Edge / Industry 4.0;Industrial / Cyber-Physical;Industrial Networks & Protocols;OT / ICS;Physical / Facility / Safety;Plant Utilities,3D printers;AGVs;AMQP;AMRs;BMS;CAN-related protocols;CCTV;CNC machines;DCS;DCS servers;DNP3;DVR;EtherNet/IP;HART;HMI;HVAC;IEDs;IIoT gateways;IoT APIs;MQTT;MQTT brokers;Modbus;Modbus TCP;NVR;OPC UA;OPC gateways;PAC;PLC;PROFINET;RTU;SCADA;SCADA clients;SCADA servers;UPS;VFDs;access control;actuators;alarm servers;application servers;assembly machines;automated storage;badge readers;biometrics;calibration equipment;compressed air;contactors;control servers;conveyors;cooling;cutting machines;data gateways;data platforms;device-management platforms;digital twins;drives;edge computers;electrical systems;emergency stops;energy management;engineering stations;environmental monitoring;event servers;fire alarm systems;fire/gas systems;generators;historian;industrial Ethernet;industrial PCs;industrial analytics;industrial firewalls;industrial gateways;industrial meters;industrial robots;industrial routers;industrial switches;inspection machines;lighting control;machine tools;machine vision;machine-monitoring platforms;managed switches;motors;network taps;packaging machines;power monitoring;predictive maintenance;press machines;process equipment;relays;remote I/O;remote diagnostics;robot controllers;routers;safety PLC;safety controllers;safety interlocks;sensors;serial protocols;servo drives;smart instruments;smart meters;smart sensors;steam;test equipment;turnstiles;utility monitoring;valves;vendor protocols;visitor management;water;welding systems;wireless bridges,112,fbe844d50ba037c77d31353cd04a5c429ace9789ee627f5c0adf5c7e8fe111ec
MFG-E145,06-Internal-OT-ICS/MFG-E145-OT-Asset-Inventory.md,06-Internal-OT-ICS/MFG-E145-OT-Asset-Inventory.md,1,MFG-E145: OT Asset Inventory,guide,guide,pentest,manufacturing_industrial,Internal / OT / ICS,ot,restricted,OT / ICS,DCS;DCS servers;HMI;PAC;PLC;RTU;SCADA;SCADA clients;SCADA servers;alarm servers;application servers;control servers;data gateways;engineering stations;event servers;historian;industrial PCs;industrial gateways;safety controllers,19,3740e14ba01a943feddb42fa5c730e08fe26fe7322384551ef4f8129a55c2f42
MFG-E146,06-Internal-OT-ICS/MFG-E146-OT-Network-Segmentation-Assessment.md,06-Internal-OT-ICS/MFG-E146-OT-Network-Segmentation-Assessment.md,1,MFG-E146: OT Network Segmentation Assessment,guide,guide,pentest,manufacturing_industrial,Internal / OT / ICS,ot;network,restricted,OT / ICS,DCS;DCS servers;HMI;PAC;PLC;RTU;SCADA;SCADA clients;SCADA servers;alarm servers;application servers;control servers;data gateways;engineering stations;event servers;historian;industrial PCs;industrial gateways;safety controllers,19,eba6bec8fdd5e8f25baa7f40e84656634ff48f9c6f80664da92a5e642b0cd6e1
MFG-E147,06-Internal-OT-ICS/MFG-E147-Industrial-DMZ-Assessment.md,06-Internal-OT-ICS/MFG-E147-Industrial-DMZ-Assessment.md,1,MFG-E147: Industrial DMZ Assessment,guide,guide,pentest,manufacturing_industrial,Internal / OT / ICS,ot,restricted,OT / ICS,DCS;DCS servers;HMI;PAC;PLC;RTU;SCADA;SCADA clients;SCADA servers;alarm servers;application servers;control servers;data gateways;engineering stations;event servers;historian;industrial PCs;industrial gateways;safety controllers,19,0f7772b3e1e9a59619009c32354f51cab776d6dcec7bc112171b028ca0ea991e
MFG-E148,06-Internal-OT-ICS/MFG-E148-SCADA-Security-Assessment.md,06-Internal-OT-ICS/MFG-E148-SCADA-Security-Assessment.md,1,MFG-E148: SCADA Security Assessment,guide,guide,pentest,manufacturing_industrial,Internal / OT / ICS,ot;engineering,restricted,Backup / DR;Engineering & IP;OT / ICS;Security Monitoring,CAD;SCADA;SCADA backups;SCADA clients;SCADA logs;SCADA servers,6,9ed853e0f6c1fa84ebc2f581bb20b4950b40da23851fe092ed26689d53ce08a5
MFG-E149,06-Internal-OT-ICS/MFG-E149-DCS-Security-Assessment.md,06-Internal-OT-ICS/MFG-E149-DCS-Security-Assessment.md,1,MFG-E149: DCS Security Assessment,guide,guide,pentest,manufacturing_industrial,Internal / OT / ICS,ot,restricted,OT / ICS,DCS;DCS servers,2,bc2f15962c41f6e5fb8164b79edf350d96559d9665d8580dd54e8b7eb12be965
MFG-E150,06-Internal-OT-ICS/MFG-E150-PLC-Security-Assessment.md,06-Internal-OT-ICS/MFG-E150-PLC-Security-Assessment.md,1,MFG-E150: PLC Security Assessment,guide,guide,pentest,manufacturing_industrial,Internal / OT / ICS,ot,restricted,Backup / DR;Engineering & IP;OT / ICS,PLC;PLC backups;PLC programming,3,ea7063a47619931926ec2558eed2aec8bda70ea8f13d18e5356745ce8d43ef0c
MFG-E151,06-Internal-OT-ICS/MFG-E151-HMI-Security-Assessment.md,06-Internal-OT-ICS/MFG-E151-HMI-Security-Assessment.md,1,MFG-E151: HMI Security Assessment,guide,guide,pentest,manufacturing_industrial,Internal / OT / ICS,ot,restricted,Backup / DR;OT / ICS;Security Monitoring,HMI;HMI backups;HMI logs,3,ecc82f0e856de433ae9a548ec7471da7428f8964529d2421a9d76855e9d6398d
MFG-E152,06-Internal-OT-ICS/MFG-E152-RTU-Security-Assessment.md,06-Internal-OT-ICS/MFG-E152-RTU-Security-Assessment.md,1,MFG-E152: RTU Security Assessment,guide,guide,pentest,manufacturing_industrial,Internal / OT / ICS,ot,restricted,OT / ICS,RTU,1,c0f7f009267f9a8741d16b0e066353d9693965322d4f7a438e8be21c209b8df0
MFG-E153,06-Internal-OT-ICS/MFG-E153-Historian-Security-Assessment.md,06-Internal-OT-ICS/MFG-E153-Historian-Security-Assessment.md,1,MFG-E153: Historian Security Assessment,guide,guide,pentest,manufacturing_industrial,Internal / OT / ICS,ot,restricted,OT / ICS,historian,1,5cc45e90b6b803e0dcdf294d9fb71bfdb785d78f71cc2b3b21a4b762af7c6b13
MFG-E154,06-Internal-OT-ICS/MFG-E154-Engineering-Workstation-Security.md,06-Internal-OT-ICS/MFG-E154-Engineering-Workstation-Security.md,1,MFG-E154: Engineering Workstation Security,guide,guide,pentest,manufacturing_industrial,Internal / OT / ICS,engineering,restricted,Industrial / Cyber-Physical,3D printers;AGVs;AMRs;CNC machines;assembly machines;automated storage;calibration equipment;conveyors;cutting machines;industrial robots;inspection machines;machine tools;machine vision;packaging machines;press machines;process equipment;robot controllers;test equipment;welding systems,19,a8179c41453d381aac3c9eb6aa457defb7dd1bacb3fd68508a9d041e4749554d
MFG-E155,06-Internal-OT-ICS/MFG-E155-Industrial-Gateway-Security.md,06-Internal-OT-ICS/MFG-E155-Industrial-Gateway-Security.md,1,MFG-E155: Industrial Gateway Security,guide,guide,pentest,manufacturing_industrial,Internal / OT / ICS,api;ot,restricted,Industrial / Cyber-Physical,3D printers;AGVs;AMRs;CNC machines;assembly machines;automated storage;calibration equipment;conveyors;cutting machines;industrial robots;inspection machines;machine tools;machine vision;packaging machines;press machines;process equipment;robot controllers;test equipment;welding systems,19,c90b77d0273b499a8cc70c2f6a203dff570e2959f5f35ebbf9c878d7394b3613
MFG-E156,06-Internal-OT-ICS/MFG-E156-Industrial-Firewall-Assessment.md,06-Internal-OT-ICS/MFG-E156-Industrial-Firewall-Assessment.md,1,MFG-E156: Industrial Firewall Assessment,guide,guide,pentest,manufacturing_industrial,Internal / OT / ICS,ot;network,restricted,External / Internet-Facing;Industrial / Cyber-Physical;Industrial Networks & Protocols;Security Monitoring,3D printers;AGVs;AMRs;CNC machines;assembly machines;automated storage;calibration equipment;conveyors;cutting machines;firewall logs;firewalls;industrial firewalls;industrial robots;inspection machines;machine tools;machine vision;packaging machines;press machines;process equipment;robot controllers;test equipment;welding systems,22,c44609a6d85bc7d6bc4d8d7e6c75f9b7fe44aed839d39bec4e0c936997b78848
MFG-E157,06-Internal-OT-ICS/MFG-E157-Industrial-Switch-Assessment.md,06-Internal-OT-ICS/MFG-E157-Industrial-Switch-Assessment.md,1,MFG-E157: Industrial Switch Assessment,guide,guide,pentest,manufacturing_industrial,Internal / OT / ICS,ot;network,restricted,Field Devices & Instrumentation,IEDs;VFDs;actuators;contactors;drives;industrial meters;motors;relays;remote I/O;sensors;servo drives;smart instruments;valves,13,3e13b2fd28badf4d05ff784c95edb35cf928226023ce76d68e44ada0e2f1dc29
MFG-E158,06-Internal-OT-ICS/MFG-E158-Industrial-Protocol-Security-Assessment.md,06-Internal-OT-ICS/MFG-E158-Industrial-Protocol-Security-Assessment.md,1,MFG-E158: Industrial Protocol Security Assessment,guide,guide,pentest,manufacturing_industrial,Internal / OT / ICS,ot,restricted,Field Devices & Instrumentation,IEDs;VFDs;actuators;contactors;drives;industrial meters;motors;relays;remote I/O;sensors;servo drives;smart instruments;valves,13,bdc8004722b6676c29c4cdf1d7e5ce69753a4a25eaadc43fff013907ae9902ec
MFG-E159,06-Internal-OT-ICS/MFG-E159-OPC-UA-Security-Assessment.md,06-Internal-OT-ICS/MFG-E159-OPC-UA-Security-Assessment.md,1,MFG-E159: OPC UA Security Assessment,guide,guide,pentest,manufacturing_industrial,Internal / OT / ICS,ot,restricted,Field Devices & Instrumentation;IIoT / Edge / Industry 4.0;Industrial Networks & Protocols,IEDs;OPC UA;OPC gateways;VFDs;actuators;contactors;drives;industrial meters;motors;relays;remote I/O;sensors;servo drives;smart instruments;valves,15,79870f9ceac5b4e81cf593a8fe14de6397b1d3255d27fc3b80f3493c9eb316a1
MFG-E160,06-Internal-OT-ICS/MFG-E160-Modbus-Security-Assessment.md,06-Internal-OT-ICS/MFG-E160-Modbus-Security-Assessment.md,1,MFG-E160: Modbus Security Assessment,guide,guide,pentest,manufacturing_industrial,Internal / OT / ICS,ot,restricted,Industrial Networks & Protocols,AMQP;CAN-related protocols;DNP3;EtherNet/IP;HART;MQTT;Modbus;Modbus TCP;OPC UA;PROFINET;industrial Ethernet;industrial firewalls;industrial routers;industrial switches;managed switches;network taps;routers;serial protocols;vendor protocols;wireless bridges,20,39b675259e9a722cc62c39d40fd99702faebfa7aec75f2116c43f92bee13c41d
MFG-E161,06-Internal-OT-ICS/MFG-E161-PROFINET-Security-Assessment.md,06-Internal-OT-ICS/MFG-E161-PROFINET-Security-Assessment.md,1,MFG-E161: PROFINET Security Assessment,guide,guide,pentest,manufacturing_industrial,Internal / OT / ICS,ot,restricted,Industrial Networks & Protocols,AMQP;CAN-related protocols;DNP3;EtherNet/IP;HART;MQTT;Modbus;Modbus TCP;OPC UA;PROFINET;industrial Ethernet;industrial firewalls;industrial routers;industrial switches;managed switches;network taps;routers;serial protocols;vendor protocols;wireless bridges,20,d37da1672f58c0e27e674ad4a14819c62b94d453bd24d98d7980ffe024ff8485
MFG-E162,06-Internal-OT-ICS/MFG-E162-EtherNet-IP-Security-Assessment.md,06-Internal-OT-ICS/MFG-E162-EtherNet-IP-Security-Assessment.md,1,MFG-E162: EtherNet/IP Security Assessment,guide,guide,pentest,manufacturing_industrial,Internal / OT / ICS,manufacturing_asset,restricted,Industrial Networks & Protocols,AMQP;CAN-related protocols;DNP3;EtherNet/IP;HART;MQTT;Modbus;Modbus TCP;OPC UA;PROFINET;industrial Ethernet;industrial firewalls;industrial routers;industrial switches;managed switches;network taps;routers;serial protocols;vendor protocols;wireless bridges,20,05d6abe8e961a12671871684de82d12c45db91187370f31c72c74ad27927539f
MFG-E163,06-Internal-OT-ICS/MFG-E163-MQTT-IIoT-Protocol-Security.md,06-Internal-OT-ICS/MFG-E163-MQTT-IIoT-Protocol-Security.md,1,MFG-E163: MQTT/IIoT Protocol Security,guide,guide,pentest,manufacturing_industrial,Internal / OT / ICS,ot;iiot,restricted,IIoT / Edge / Industry 4.0;Industrial Networks & Protocols,MQTT;MQTT brokers,2,780ff81c82db382775a92770fc471bd4dd2370972169c1caf4712deefde54514
MFG-E164,06-Internal-OT-ICS/MFG-E164-OT-Remote-Access-Assessment.md,06-Internal-OT-ICS/MFG-E164-OT-Remote-Access-Assessment.md,1,MFG-E164: OT Remote Access Assessment,guide,guide,pentest,manufacturing_industrial,Internal / OT / ICS,ot;supply,restricted,,,0,3b0a0ec47ee14ada9e25bb01cb4446d7d31351b6c5d734a8de11f7312a630dce
MFG-E165,06-Internal-OT-ICS/MFG-E165-OT-Account-Privilege-Assessment.md,06-Internal-OT-ICS/MFG-E165-OT-Account-Privilege-Assessment.md,1,MFG-E165: OT Account & Privilege Assessment,guide,guide,pentest,manufacturing_industrial,Internal / OT / ICS,identity;ot,restricted,,,0,fbd12607127034fbc9e336da56f03631491e47beaaa1cb0246da66f61465fb1a
MFG-E166,06-Internal-OT-ICS/MFG-E166-OT-Logging-Monitoring-Assessment.md,06-Internal-OT-ICS/MFG-E166-OT-Logging-Monitoring-Assessment.md,1,MFG-E166: OT Logging & Monitoring Assessment,guide,guide,pentest,manufacturing_industrial,Internal / OT / ICS,ot;monitoring,restricted,,,0,f78d159d1943b3b8a0935a6c96ddcf2a113499f63316e54b383987afc2043525
MFG-E167,06-Internal-OT-ICS/MFG-E167-Safety-System-Security-Assessment.md,06-Internal-OT-ICS/MFG-E167-Safety-System-Security-Assessment.md,1,MFG-E167: Safety System Security Assessment,guide,guide,pentest,manufacturing_industrial,Internal / OT / ICS,ot,restricted,OT / ICS;Physical / Facility / Safety,safety PLC;safety controllers;safety interlocks,3,2ff1637d7b21e1b51e098cf2b845365282c400ec53f2a382b658ef3466db4294
MFG-E168,06-Internal-OT-ICS/MFG-E168-OT-Backup-Assessment.md,06-Internal-OT-ICS/MFG-E168-OT-Backup-Assessment.md,1,MFG-E168: OT Backup Assessment,guide,guide,pentest,manufacturing_industrial,Internal / OT / ICS,ot;backup,restricted,Backup / DR;Corporate IT,backup repositories;backup servers,2,618260266fe09e0a8191e0f654aae09118adbda73f961c7f60a3bbd3335e890c
MFG-E169,06-Internal-OT-ICS/MFG-E169-OT-Patch-Management-Assessment.md,06-Internal-OT-ICS/MFG-E169-OT-Patch-Management-Assessment.md,1,MFG-E169: OT Patch Management Assessment,guide,guide,pentest,manufacturing_industrial,Internal / OT / ICS,ot,restricted,Corporate IT;Security Monitoring,patch management;patch-management,2,086b32afad54689b83149fb17d0d27d3dae1afe7fb49f4b6b191bec7c9c2a870
MFG-E170,06-Internal-OT-ICS/MFG-E170-OT-Malware-Removable-Media-Controls.md,06-Internal-OT-ICS/MFG-E170-OT-Malware-Removable-Media-Controls.md,1,MFG-E170: OT Malware/Removable Media Controls,guide,guide,pentest,manufacturing_industrial,Internal / OT / ICS,ot,restricted,Wireless / Mobile,BLE,1,01f61e7f07661fcd971293da53aa0302871e512a6c87211239fc9189962cc7ca
MFG-E171,06-Internal-OT-ICS/MFG-E171-OT-Incident-Response-Readiness.md,06-Internal-OT-ICS/MFG-E171-OT-Incident-Response-Readiness.md,1,MFG-E171: OT Incident Response Readiness,guide,guide,pentest,manufacturing_industrial,Internal / OT / ICS,ot,restricted,,,0,5ad08e260df21b2d7c689a649c7093f0c34b2a5296aeecf498ecf5bbacad7d32
MFG-E172,07-Engineering-IIoT-Cloud/MFG-E172-CAD-CAM-Security-Assessment.md,07-Engineering-IIoT-Cloud/MFG-E172-CAD-CAM-Security-Assessment.md|00-Foundation/MFG-E172-CAD-CAM-Security-Assessment.md,2,MFG-E172: CAD/CAM Security Assessment,guide,guide,pentest,manufacturing_industrial,Engineering / IIoT / Cloud,engineering,controlled,Data & Information;Engineering & IP,BOM repositories;CAD;CAD repositories;CAD/IP;CAE;CAM;CNC programming;PDM;PLC programming;PLM;R&D systems;design repositories;engineering workstations;firmware repositories;product specifications;simulation systems;source-code repositories;technical drawings,18,f9aa71f1e99114d7f635a05740abdc5e9565910324087419cb2b6969e884355f
MFG-E173,07-Engineering-IIoT-Cloud/MFG-E173-PLM-PDM-Security-Assessment.md,07-Engineering-IIoT-Cloud/MFG-E173-PLM-PDM-Security-Assessment.md|00-Foundation/MFG-E173-PLM-PDM-Security-Assessment.md,2,MFG-E173: PLM/PDM Security Assessment,guide,guide,pentest,manufacturing_industrial,Engineering / IIoT / Cloud,engineering,controlled,API & Integration;Engineering & IP,BOM repositories;CAD;CAD repositories;CAE;CAM;CNC programming;PDM;PLC programming;PLM;PLM APIs;R&D systems;design repositories;engineering workstations;firmware repositories;product specifications;simulation systems;source-code repositories;technical drawings,18,19fa67c32bbb1e71f5b0098b1f9cb9ade368dee1fa914c72a40c95b47f04346f
MFG-E174,07-Engineering-IIoT-Cloud/MFG-E174-Engineering-IP-Protection.md,07-Engineering-IIoT-Cloud/MFG-E174-Engineering-IP-Protection.md|00-Foundation/MFG-E174-Engineering-IP-Protection.md,2,MFG-E174: Engineering IP Protection,guide,guide,pentest,manufacturing_industrial,Engineering / IIoT / Cloud,ot;engineering,controlled,Engineering & IP,BOM repositories;CAD;CAD repositories;CAE;CAM;CNC programming;PDM;PLC programming;PLM;R&D systems;design repositories;engineering workstations;firmware repositories;product specifications;simulation systems;source-code repositories;technical drawings,17,8076fb41d455f5042260f5c728b0c899a0665491c57dfb2db45fa7aaea071a28
MFG-E175,07-Engineering-IIoT-Cloud/MFG-E175-Engineering-Workstation-Assessment.md,07-Engineering-IIoT-Cloud/MFG-E175-Engineering-Workstation-Assessment.md|00-Foundation/MFG-E175-Engineering-Workstation-Assessment.md,2,MFG-E175: Engineering Workstation Assessment,guide,guide,pentest,manufacturing_industrial,Engineering / IIoT / Cloud,engineering,controlled,,,0,1b539b9dfd5d366046ce3cd30e4ae1dad5869351f83d3fc79cd9ace159207048
MFG-E176,07-Engineering-IIoT-Cloud/MFG-E176-CNC-Robot-Environment-Assessment.md,07-Engineering-IIoT-Cloud/MFG-E176-CNC-Robot-Environment-Assessment.md|00-Foundation/MFG-E176-CNC-Robot-Environment-Assessment.md,2,MFG-E176: CNC/Robot Environment Assessment,guide,guide,pentest,manufacturing_industrial,Engineering / IIoT / Cloud,ot;engineering,restricted,Engineering & IP;Industrial / Cyber-Physical,CNC machines;CNC programming;robot controllers,3,6b5edff97abc41843416d48833a4db4f5142117929cc4b38436fe7abfc9d66e3
MFG-E177,07-Engineering-IIoT-Cloud/MFG-E177-Firmware-Security-Assessment.md,07-Engineering-IIoT-Cloud/MFG-E177-Firmware-Security-Assessment.md|00-Foundation/MFG-E177-Firmware-Security-Assessment.md,2,MFG-E177: Firmware Security Assessment,guide,guide,pentest,manufacturing_industrial,Engineering / IIoT / Cloud,engineering,controlled,Data & Information;Engineering & IP,firmware;firmware repositories,2,906f0d392949be48c1dc584ef8fff7ec99eec69de1cbdeb7d25a8620550d38b8
MFG-E178,07-Engineering-IIoT-Cloud/MFG-E178-Source-Code-Repository-Assessment.md,07-Engineering-IIoT-Cloud/MFG-E178-Source-Code-Repository-Assessment.md|00-Foundation/MFG-E178-Source-Code-Repository-Assessment.md,2,MFG-E178: Source Code & Repository Assessment,guide,guide,pentest,manufacturing_industrial,Engineering / IIoT / Cloud,engineering,controlled,Data & Information;Engineering & IP,source code;source-code repositories,2,c85ecf9d23ac68bc046822fa9e7fae43119160a2f8c2a526ef7ddfb5572c7282
MFG-E179,07-Engineering-IIoT-Cloud/MFG-E179-IIoT-Security-Assessment.md,07-Engineering-IIoT-Cloud/MFG-E179-IIoT-Security-Assessment.md|00-Foundation/MFG-E179-IIoT-Security-Assessment.md,2,MFG-E179: IIoT Security Assessment,guide,guide,pentest,manufacturing_industrial,Engineering / IIoT / Cloud,ot;iiot,controlled,IIoT / Edge / Industry 4.0,IIoT gateways;IoT APIs;MQTT brokers;OPC gateways;data platforms;device-management platforms;digital twins;edge computers;industrial PCs;industrial analytics;machine-monitoring platforms;predictive maintenance;remote diagnostics;smart sensors,14,8b772e8c9bbe863dd73eb97ddd6bfbb2754deed822c1acbb2d9a26c7f78c3c87
MFG-E180,07-Engineering-IIoT-Cloud/MFG-E180-Edge-Gateway-Security-Assessment.md,07-Engineering-IIoT-Cloud/MFG-E180-Edge-Gateway-Security-Assessment.md|00-Foundation/MFG-E180-Edge-Gateway-Security-Assessment.md,2,MFG-E180: Edge Gateway Security Assessment,guide,guide,pentest,manufacturing_industrial,Engineering / IIoT / Cloud,api;iiot,controlled,IIoT / Edge / Industry 4.0,IIoT gateways;IoT APIs;MQTT brokers;OPC gateways;data platforms;device-management platforms;digital twins;edge computers;industrial PCs;industrial analytics;machine-monitoring platforms;predictive maintenance;remote diagnostics;smart sensors,14,50a398bb97fba3a99d8f9a7442edd00abacbc1750738be2f49a8206c4461e64d
MFG-E181,07-Engineering-IIoT-Cloud/MFG-E181-Device-Management-Security.md,07-Engineering-IIoT-Cloud/MFG-E181-Device-Management-Security.md|00-Foundation/MFG-E181-Device-Management-Security.md,2,MFG-E181: Device Management Security,guide,guide,pentest,manufacturing_industrial,Engineering / IIoT / Cloud,manufacturing_asset,controlled,IIoT / Edge / Industry 4.0,IIoT gateways;IoT APIs;MQTT brokers;OPC gateways;data platforms;device-management platforms;digital twins;edge computers;industrial PCs;industrial analytics;machine-monitoring platforms;predictive maintenance;remote diagnostics;smart sensors,14,74c16426f48ca593905c62a53930ac89b82e330879a366baa54166770f2a48ce
MFG-E182,07-Engineering-IIoT-Cloud/MFG-E182-Cloud-Security-Methodology.md,07-Engineering-IIoT-Cloud/MFG-E182-Cloud-Security-Methodology.md|00-Foundation/MFG-E182-Cloud-Security-Methodology.md,2,MFG-E182: Cloud Security Methodology,guide,guide,pentest,manufacturing_industrial,Engineering / IIoT / Cloud,cloud,controlled,Cloud & Digital Infrastructure,API gateways;AWS;Azure;Azure Blob;GCP;IAM;Kubernetes;NACLs;S3;VMs;VPC/VNet;cloud databases;cloud keys;containers;data lakes;data warehouses;hybrid cloud;load balancers;object storage;private cloud;private endpoints;registries;secrets;security groups;serverless;service accounts;subnets,27,d5cc2edaf8e66e3d284d77f9580bcada2e4f1afa7bf7c35060bb06c5a526744e
MFG-E183,07-Engineering-IIoT-Cloud/MFG-E183-Cloud-Network-Security.md,07-Engineering-IIoT-Cloud/MFG-E183-Cloud-Network-Security.md|00-Foundation/MFG-E183-Cloud-Network-Security.md,2,MFG-E183: Cloud Network Security,guide,guide,pentest,manufacturing_industrial,Engineering / IIoT / Cloud,cloud;network,controlled,Cloud & Digital Infrastructure,API gateways;AWS;Azure;Azure Blob;GCP;IAM;Kubernetes;NACLs;S3;VMs;VPC/VNet;cloud databases;cloud keys;containers;data lakes;data warehouses;hybrid cloud;load balancers;object storage;private cloud;private endpoints;registries;secrets;security groups;serverless;service accounts;subnets,27,b69a0ed1563c92a406c53d32417a2a5d7b7bb331884928d0e86e1d45367c30c7
MFG-E184,07-Engineering-IIoT-Cloud/MFG-E184-Cloud-IAM-Security.md,07-Engineering-IIoT-Cloud/MFG-E184-Cloud-IAM-Security.md|00-Foundation/MFG-E184-Cloud-IAM-Security.md,2,MFG-E184: Cloud IAM Security,guide,guide,pentest,manufacturing_industrial,Engineering / IIoT / Cloud,cloud,controlled,Cloud & Digital Infrastructure,API gateways;AWS;Azure;Azure Blob;GCP;IAM;Kubernetes;NACLs;S3;VMs;VPC/VNet;cloud databases;cloud keys;containers;data lakes;data warehouses;hybrid cloud;load balancers;object storage;private cloud;private endpoints;registries;secrets;security groups;serverless;service accounts;subnets,27,0ec69683d2594fd60834d45b67403d97bc96c65e34ceb2db80d841f0c31efea2
MFG-E185,07-Engineering-IIoT-Cloud/MFG-E185-Cloud-VM-Security.md,07-Engineering-IIoT-Cloud/MFG-E185-Cloud-VM-Security.md|00-Foundation/MFG-E185-Cloud-VM-Security.md,2,MFG-E185: Cloud VM Security,guide,guide,pentest,manufacturing_industrial,Engineering / IIoT / Cloud,cloud,controlled,,,0,b59d5df2be8edda1f71f55c3da380bd37f4fc475d31b87242339d686b66dd80a
MFG-E186,07-Engineering-IIoT-Cloud/MFG-E186-Container-Security.md,07-Engineering-IIoT-Cloud/MFG-E186-Container-Security.md|00-Foundation/MFG-E186-Container-Security.md,2,MFG-E186: Container Security,guide,guide,pentest,manufacturing_industrial,Engineering / IIoT / Cloud,cloud,controlled,Cloud & Digital Infrastructure;Software Supply Chain / DevSecOps,container registries;containers,2,440c91e7a753b8f04739142c56e7d59e27f9f760520da76b870f54e1e29eba0c
MFG-E187,07-Engineering-IIoT-Cloud/MFG-E187-Kubernetes-Security.md,07-Engineering-IIoT-Cloud/MFG-E187-Kubernetes-Security.md|00-Foundation/MFG-E187-Kubernetes-Security.md,2,MFG-E187: Kubernetes Security,guide,guide,pentest,manufacturing_industrial,Engineering / IIoT / Cloud,cloud,controlled,Cloud & Digital Infrastructure,Kubernetes,1,3b4039797f834e9ba1c9cfad111cf7764429ee1a114ee483c1cb060f1a086aff
MFG-E188,07-Engineering-IIoT-Cloud/MFG-E188-Serverless-Security.md,07-Engineering-IIoT-Cloud/MFG-E188-Serverless-Security.md|00-Foundation/MFG-E188-Serverless-Security.md,2,MFG-E188: Serverless Security,guide,guide,pentest,manufacturing_industrial,Engineering / IIoT / Cloud,cloud,controlled,Cloud & Digital Infrastructure,serverless,1,3cbe8a0708b2d1660802b61212b63903861fd3dc17b67d6394faa6c263b56b6b
MFG-E189,07-Engineering-IIoT-Cloud/MFG-E189-S3-Object-Storage-Security.md,07-Engineering-IIoT-Cloud/MFG-E189-S3-Object-Storage-Security.md|00-Foundation/MFG-E189-S3-Object-Storage-Security.md,2,MFG-E189: S3/Object Storage Security,guide,guide,pentest,manufacturing_industrial,Engineering / IIoT / Cloud,cloud,controlled,Cloud & Digital Infrastructure,S3;object storage,2,c994bc9fb2b6a92b4215b8a677d697a8c86aa141e8e2a1750ded44e11db2f154
MFG-E190,07-Engineering-IIoT-Cloud/MFG-E190-Cloud-Database-Security.md,07-Engineering-IIoT-Cloud/MFG-E190-Cloud-Database-Security.md|00-Foundation/MFG-E190-Cloud-Database-Security.md,2,MFG-E190: Cloud Database Security,guide,guide,pentest,manufacturing_industrial,Engineering / IIoT / Cloud,cloud;data,controlled,,,0,60be40322780b9dd2305a2e07898c55b955a475608ae31c1368ae2735bec8042
MFG-E191,07-Engineering-IIoT-Cloud/MFG-E191-Cloud-API-Security.md,07-Engineering-IIoT-Cloud/MFG-E191-Cloud-API-Security.md|00-Foundation/MFG-E191-Cloud-API-Security.md,2,MFG-E191: Cloud API Security,guide,guide,pentest,manufacturing_industrial,Engineering / IIoT / Cloud,api;cloud,controlled,API & Integration;Cloud & Digital Infrastructure;Data & Information;External / Internet-Facing;Identity & Privilege;Security Monitoring,API gateways;API identities;API keys;API logs;ERP APIs;ESB;ETL pipelines;GraphQL;IoT APIs;MES APIs;PLM APIs;REST;SFTP/file integrations;SOAP;WebSockets;cloud APIs;event buses;gRPC;message brokers;middleware;mobile APIs;vendor APIs;webhooks,23,0971b7e4317e4a3776ddddb68c1649604f05f9bd45c122a29f7bb4c9f44ed969
MFG-E192,07-Engineering-IIoT-Cloud/MFG-E192-Cloud-Logging.md,07-Engineering-IIoT-Cloud/MFG-E192-Cloud-Logging.md|00-Foundation/MFG-E192-Cloud-Logging.md,2,MFG-E192: Cloud Logging,guide,guide,pentest,manufacturing_industrial,Engineering / IIoT / Cloud,cloud;monitoring,controlled,,,0,a4d9067a49ab704423e62816b3f031c6a90f2860fcaad8094ffbeff82c6e09f6
MFG-E193,07-Engineering-IIoT-Cloud/MFG-E193-Cloud-Secrets-Key-Management.md,07-Engineering-IIoT-Cloud/MFG-E193-Cloud-Secrets-Key-Management.md|00-Foundation/MFG-E193-Cloud-Secrets-Key-Management.md,2,MFG-E193: Cloud Secrets & Key Management,guide,guide,pentest,manufacturing_industrial,Engineering / IIoT / Cloud,cloud;data,controlled,Cloud & Digital Infrastructure;Cryptographic / Time Services,key-management;secrets,2,7b119eda3f5793fb74f685036d76604b6697e54d73ea671784dd62735925ef40
MFG-E194,07-Engineering-IIoT-Cloud/MFG-E194-Digital-Twin-Security.md,07-Engineering-IIoT-Cloud/MFG-E194-Digital-Twin-Security.md|00-Foundation/MFG-E194-Digital-Twin-Security.md,2,MFG-E194: Digital Twin Security,guide,guide,pentest,manufacturing_industrial,Engineering / IIoT / Cloud,iiot,controlled,IIoT / Edge / Industry 4.0;Software Supply Chain / DevSecOps,Git;digital twins,2,9d860e8613ba3fd70303a31acf64788a0077546d608355064db395feb8f0f766
MFG-E195,07-Engineering-IIoT-Cloud/MFG-E195-Industrial-Analytics-Security.md,07-Engineering-IIoT-Cloud/MFG-E195-Industrial-Analytics-Security.md|00-Foundation/MFG-E195-Industrial-Analytics-Security.md,2,MFG-E195: Industrial Analytics Security,guide,guide,pentest,manufacturing_industrial,Engineering / IIoT / Cloud,ot;iiot,controlled,AI / Analytics;IIoT / Edge / Industry 4.0,AI APIs;AI/ML platforms;ML pipelines;analytics platforms;computer vision;data science platforms;generative AI systems;industrial analytics;model serving;predictive maintenance,10,5b7bd72739d2c868ab84b4c6e0e4361127e085d3bf7eeebeafd2e3e31844492a
MFG-E196,07-Engineering-IIoT-Cloud/MFG-E196-AI-ML-Platform-Security.md,07-Engineering-IIoT-Cloud/MFG-E196-AI-ML-Platform-Security.md|00-Foundation/MFG-E196-AI-ML-Platform-Security.md,2,MFG-E196: AI/ML Platform Security,guide,guide,pentest,manufacturing_industrial,Engineering / IIoT / Cloud,iiot,controlled,AI / Analytics,AI APIs;AI/ML platforms;ML pipelines;analytics platforms;computer vision;data science platforms;generative AI systems;model serving;predictive maintenance,9,62d3ceb9092b6f216f5909104c00e57dd3a1c23d9da2cbad24c7dda377ee862c
MFG-E197,08-Network-Remote-Supply-Chain/MFG-E197-Firewall-Security-Assessment.md,08-Network-Remote-Supply-Chain/MFG-E197-Firewall-Security-Assessment.md|00-Foundation/MFG-E197-Firewall-Security-Assessment.md,2,MFG-E197: Firewall Security Assessment,guide,guide,pentest,manufacturing_industrial,Network / Remote / Supply Chain,network,controlled,External / Internet-Facing;Industrial Networks & Protocols;Security Monitoring,firewall logs;firewalls;industrial firewalls,3,8fb0b5a8bd026b989b2433981b51e8750659d4942345bf871b761aa887292c71
MFG-E198,08-Network-Remote-Supply-Chain/MFG-E198-Network-Segmentation-Assessment.md,08-Network-Remote-Supply-Chain/MFG-E198-Network-Segmentation-Assessment.md|00-Foundation/MFG-E198-Network-Segmentation-Assessment.md,2,MFG-E198: Network Segmentation Assessment,guide,guide,pentest,manufacturing_industrial,Network / Remote / Supply Chain,network,controlled,,,0,22a84f05571a3e0babf2519a544274e3c3f602cf3d9cf0a0f782df62eae58a96
MFG-E199,08-Network-Remote-Supply-Chain/MFG-E199-Routing-ACL-Assessment.md,08-Network-Remote-Supply-Chain/MFG-E199-Routing-ACL-Assessment.md|00-Foundation/MFG-E199-Routing-ACL-Assessment.md,2,MFG-E199: Routing & ACL Assessment,guide,guide,pentest,manufacturing_industrial,Network / Remote / Supply Chain,network,controlled,,,0,992e5ebb2a1147ba5af25c8c128adc7563546439b5b9471f925d41533f250350
MFG-E200,08-Network-Remote-Supply-Chain/MFG-E200-VPN-Security-Assessment.md,08-Network-Remote-Supply-Chain/MFG-E200-VPN-Security-Assessment.md|00-Foundation/MFG-E200-VPN-Security-Assessment.md,2,MFG-E200: VPN Security Assessment,guide,guide,pentest,manufacturing_industrial,Network / Remote / Supply Chain,manufacturing_asset,controlled,External / Internet-Facing;Remote Access & Third Parties;Security Monitoring,IPsec VPN;MSPs;MSSPs;RDP;SSH;SSL VPN;VNC;VPN gateways;VPN logs;bastions;equipment vendors;jump servers;maintenance contractors;remote engineering;remote support platforms;site-to-site VPN;software update channels;software vendors;system integrators;third-party APIs;vendor VPN;vendor maintenance,22,827c717cf54bd87fd78c64329b02bbfeb748b2214d3e20081e268dae25435017
MFG-E201,08-Network-Remote-Supply-Chain/MFG-E201-RDP-Security-Assessment.md,08-Network-Remote-Supply-Chain/MFG-E201-RDP-Security-Assessment.md|00-Foundation/MFG-E201-RDP-Security-Assessment.md,2,MFG-E201: RDP Security Assessment,guide,guide,pentest,manufacturing_industrial,Network / Remote / Supply Chain,manufacturing_asset,controlled,Remote Access & Third Parties,RDP,1,e84dfa15139339f390accb3f8ab3b0f043da352a1febb2de573678daa6e56621
MFG-E202,08-Network-Remote-Supply-Chain/MFG-E202-SSH-Security-Assessment.md,08-Network-Remote-Supply-Chain/MFG-E202-SSH-Security-Assessment.md|00-Foundation/MFG-E202-SSH-Security-Assessment.md,2,MFG-E202: SSH Security Assessment,guide,guide,pentest,manufacturing_industrial,Network / Remote / Supply Chain,manufacturing_asset,controlled,Remote Access & Third Parties,SSH,1,1c4affe4d5742655a262492c5335c63c153788f7aadfa1171cd7e72da4a92e51
MFG-E203,08-Network-Remote-Supply-Chain/MFG-E203-Jump-Server-Assessment.md,08-Network-Remote-Supply-Chain/MFG-E203-Jump-Server-Assessment.md|00-Foundation/MFG-E203-Jump-Server-Assessment.md,2,MFG-E203: Jump Server Assessment,guide,guide,pentest,manufacturing_industrial,Network / Remote / Supply Chain,manufacturing_asset,controlled,,,0,917c023a1dd7cd66c09c36d760159f66130d917cf0d803ec7c074ffc872beeb5
MFG-E204,08-Network-Remote-Supply-Chain/MFG-E204-Remote-Support-Platform-Assessment.md,08-Network-Remote-Supply-Chain/MFG-E204-Remote-Support-Platform-Assessment.md|00-Foundation/MFG-E204-Remote-Support-Platform-Assessment.md,2,MFG-E204: Remote Support Platform Assessment,guide,guide,pentest,manufacturing_industrial,Network / Remote / Supply Chain,ot,controlled,Remote Access & Third Parties,IPsec VPN;MSPs;MSSPs;RDP;SSH;SSL VPN;VNC;bastions;equipment vendors;jump servers;maintenance contractors;remote engineering;remote support platforms;site-to-site VPN;software update channels;software vendors;system integrators;third-party APIs;vendor VPN;vendor maintenance,20,1a1f0eecfda1f94f34a12b96cb7df68e59fa2b2e942801ed6d8c76fc30edcac3
MFG-E205,08-Network-Remote-Supply-Chain/MFG-E205-Vendor-Remote-Access-Assessment.md,08-Network-Remote-Supply-Chain/MFG-E205-Vendor-Remote-Access-Assessment.md|00-Foundation/MFG-E205-Vendor-Remote-Access-Assessment.md,2,MFG-E205: Vendor Remote Access Assessment,guide,guide,pentest,manufacturing_industrial,Network / Remote / Supply Chain,ot;supply,controlled,Remote Access & Third Parties,IPsec VPN;MSPs;MSSPs;RDP;SSH;SSL VPN;VNC;bastions;equipment vendors;jump servers;maintenance contractors;remote engineering;remote support platforms;site-to-site VPN;software update channels;software vendors;system integrators;third-party APIs;vendor VPN;vendor maintenance,20,59d9fafb72f6f9f7a2653d24153afc779be355850fd57379fce660732b2bc1dc
MFG-E206,08-Network-Remote-Supply-Chain/MFG-E206-Third-Party-Connectivity-Assessment.md,08-Network-Remote-Supply-Chain/MFG-E206-Third-Party-Connectivity-Assessment.md|00-Foundation/MFG-E206-Third-Party-Connectivity-Assessment.md,2,MFG-E206: Third-Party Connectivity Assessment,guide,guide,pentest,manufacturing_industrial,Network / Remote / Supply Chain,supply,controlled,,,0,ca1cd3619d7fc62213a270a08c4783f01e03d8fbfcfa6fbb25f25b6e7b49e0ea
MFG-E207,08-Network-Remote-Supply-Chain/MFG-E207-Supplier-Portal-Security.md,08-Network-Remote-Supply-Chain/MFG-E207-Supplier-Portal-Security.md|00-Foundation/MFG-E207-Supplier-Portal-Security.md,2,MFG-E207: Supplier Portal Security,guide,guide,pentest,manufacturing_industrial,Network / Remote / Supply Chain,web;supply,controlled,,,0,eaf6241ba8e12d30debdb53989b0666ee97073c14138ddba0b0335a240ff6646
MFG-E208,08-Network-Remote-Supply-Chain/MFG-E208-Supply-Chain-Risk-Assessment.md,08-Network-Remote-Supply-Chain/MFG-E208-Supply-Chain-Risk-Assessment.md|00-Foundation/MFG-E208-Supply-Chain-Risk-Assessment.md,2,MFG-E208: Supply Chain Risk Assessment,guide,guide,pentest,manufacturing_industrial,Network / Remote / Supply Chain,supply,controlled,Enterprise & Business Applications,supply-chain systems,1,165c16e82d4ba2f77a57b903cd67337edb239e42fb8fa219b1824ebceb203dd7
MFG-E209,08-Network-Remote-Supply-Chain/MFG-E209-Software-Supply-Chain-Assessment.md,08-Network-Remote-Supply-Chain/MFG-E209-Software-Supply-Chain-Assessment.md|00-Foundation/MFG-E209-Software-Supply-Chain-Assessment.md,2,MFG-E209: Software Supply Chain Assessment,guide,guide,pentest,manufacturing_industrial,Network / Remote / Supply Chain,supply,controlled,Enterprise & Business Applications,supply-chain systems,1,445fc22a8678e89a206602a9d86a956c6e158d98775b85b9179cba4dc33b60c7
MFG-E210,08-Network-Remote-Supply-Chain/MFG-E210-Firmware-Software-Update-Channel-Assessment.md,08-Network-Remote-Supply-Chain/MFG-E210-Firmware-Software-Update-Channel-Assessment.md|00-Foundation/MFG-E210-Firmware-Software-Update-Channel-Assessment.md,2,MFG-E210: Firmware/Software Update Channel Assessment,guide,guide,pentest,manufacturing_industrial,Network / Remote / Supply Chain,engineering;supply,controlled,Data & Information;Engineering & IP;Remote Access & Third Parties,firmware;firmware repositories;software update channels,3,aa8511cb501f924f3ccaa59c2a08165d76be6203e008f8ed1df6e3cd086c0dbf
MFG-E211,08-Network-Remote-Supply-Chain/MFG-E211-CI-CD-Pipeline-Security.md,08-Network-Remote-Supply-Chain/MFG-E211-CI-CD-Pipeline-Security.md|00-Foundation/MFG-E211-CI-CD-Pipeline-Security.md,2,MFG-E211: CI/CD Pipeline Security,guide,guide,pentest,manufacturing_industrial,Network / Remote / Supply Chain,manufacturing_asset,controlled,Software Supply Chain / DevSecOps,Bitbucket;CI/CD;Git;GitHub;GitLab;Infrastructure-as-Code;Jenkins;artifact repositories;build servers;code signing;configuration repositories;container registries;dependency management;package repositories;secrets management,15,ac5a06f624a127fff6dcab9b97bf23e16d5d45460cb7d884220ba4a502e421d8
MFG-E212,08-Network-Remote-Supply-Chain/MFG-E212-Git-Repository-Security.md,08-Network-Remote-Supply-Chain/MFG-E212-Git-Repository-Security.md|00-Foundation/MFG-E212-Git-Repository-Security.md,2,MFG-E212: Git Repository Security,guide,guide,pentest,manufacturing_industrial,Network / Remote / Supply Chain,manufacturing_asset,controlled,Software Supply Chain / DevSecOps,Bitbucket;CI/CD;Git;GitHub;GitLab;Infrastructure-as-Code;Jenkins;artifact repositories;build servers;code signing;configuration repositories;container registries;dependency management;package repositories;secrets management,15,c9ba63bc93d88eba34960d3edb5c6e1e34accbed522ce532fd9c5c5a6587da28
MFG-E213,08-Network-Remote-Supply-Chain/MFG-E213-Artifact-Repository-Security.md,08-Network-Remote-Supply-Chain/MFG-E213-Artifact-Repository-Security.md|00-Foundation/MFG-E213-Artifact-Repository-Security.md,2,MFG-E213: Artifact Repository Security,guide,guide,pentest,manufacturing_industrial,Network / Remote / Supply Chain,manufacturing_asset,controlled,Software Supply Chain / DevSecOps,Bitbucket;CI/CD;Git;GitHub;GitLab;Infrastructure-as-Code;Jenkins;artifact repositories;build servers;code signing;configuration repositories;container registries;dependency management;package repositories;secrets management,15,776d4abbd4659aebad5724d031703f53c9810da5be55d235e585209218bc687a
MFG-E214,08-Network-Remote-Supply-Chain/MFG-E214-Package-Dependency-Security.md,08-Network-Remote-Supply-Chain/MFG-E214-Package-Dependency-Security.md|00-Foundation/MFG-E214-Package-Dependency-Security.md,2,MFG-E214: Package/Dependency Security,guide,guide,pentest,manufacturing_industrial,Network / Remote / Supply Chain,manufacturing_asset,controlled,OT / ICS;Software Supply Chain / DevSecOps,PAC;package repositories,2,4ef7113386b3566e12e9f3d3909d94e3605d3772425324d7d9f430e4b49d9c34
MFG-E215,08-Network-Remote-Supply-Chain/MFG-E215-Wireless-Network-Assessment.md,08-Network-Remote-Supply-Chain/MFG-E215-Wireless-Network-Assessment.md|00-Foundation/MFG-E215-Wireless-Network-Assessment.md,2,MFG-E215: Wireless Network Assessment,guide,guide,pentest,manufacturing_industrial,Network / Remote / Supply Chain,network,controlled,Industrial Networks & Protocols;Wireless / Mobile,BLE;Bluetooth;NFC;RFID;RFID readers;barcode scanners;corporate Wi-Fi;forklift terminals;industrial Wi-Fi;mobile manufacturing applications;mobile printers;rugged tablets;tablets;wireless bridges;wireless controllers;wireless sensors,16,61ec1f2afe7bb278792c86dcd578e00b02f2e1c6c0cff8898ac5076f05d2728a
MFG-E216,08-Network-Remote-Supply-Chain/MFG-E216-Industrial-Wireless-Assessment.md,08-Network-Remote-Supply-Chain/MFG-E216-Industrial-Wireless-Assessment.md|00-Foundation/MFG-E216-Industrial-Wireless-Assessment.md,2,MFG-E216: Industrial Wireless Assessment,guide,guide,pentest,manufacturing_industrial,Network / Remote / Supply Chain,ot;network,controlled,Industrial Networks & Protocols;Wireless / Mobile,BLE;Bluetooth;NFC;RFID;RFID readers;barcode scanners;corporate Wi-Fi;forklift terminals;industrial Wi-Fi;mobile manufacturing applications;mobile printers;rugged tablets;tablets;wireless bridges;wireless controllers;wireless sensors,16,abf07c6884ff5e88da81345785d0251881be683758b978f98d5e68e48ee9e417
MFG-E217,09-Data-Privacy-IP/MFG-E217-PII-Discovery-Methodology.md,09-Data-Privacy-IP/MFG-E217-PII-Discovery-Methodology.md|00-Foundation/MFG-E217-PII-Discovery-Methodology.md,2,MFG-E217: PII Discovery Methodology,guide,guide,pentest,manufacturing_industrial,Data / Privacy / IP,data,controlled,Data & Information,API keys;BOM;CAD/IP;PII;backups;certificates;configuration files;credentials;customer data;drawings;employee data;financial data;firmware;machine telemetry;private keys;process parameters;production data;quality data;recipes;source code;supplier data;tokens,22,cd7dde6a06d20938ed6960430a4e1c63eca5ea790e24f951c4a1717a4dadd3c2
MFG-E218,09-Data-Privacy-IP/MFG-E218-Sensitive-Data-Exposure-Assessment.md,09-Data-Privacy-IP/MFG-E218-Sensitive-Data-Exposure-Assessment.md|00-Foundation/MFG-E218-Sensitive-Data-Exposure-Assessment.md,2,MFG-E218: Sensitive Data Exposure Assessment,guide,guide,pentest,manufacturing_industrial,Data / Privacy / IP,data,controlled,Data & Information,API keys;BOM;CAD/IP;PII;backups;certificates;configuration files;credentials;customer data;drawings;employee data;financial data;firmware;machine telemetry;private keys;process parameters;production data;quality data;recipes;source code;supplier data;tokens,22,3aa26e761c19fae28074c35ec0531fbafc9f0ae09104ec31d96a43fc3b03cb25
MFG-E219,09-Data-Privacy-IP/MFG-E219-Employee-Data-Security.md,09-Data-Privacy-IP/MFG-E219-Employee-Data-Security.md|00-Foundation/MFG-E219-Employee-Data-Security.md,2,MFG-E219: Employee Data Security,guide,guide,pentest,manufacturing_industrial,Data / Privacy / IP,data,controlled,Data & Information,customer data;employee data,2,7f62c68fea91db8b6f9333a0815d91361e544f085f8eda0b9fd2d6f847a10610
MFG-E220,09-Data-Privacy-IP/MFG-E220-Customer-Data-Security.md,09-Data-Privacy-IP/MFG-E220-Customer-Data-Security.md|00-Foundation/MFG-E220-Customer-Data-Security.md,2,MFG-E220: Customer Data Security,guide,guide,pentest,manufacturing_industrial,Data / Privacy / IP,data,controlled,Data & Information,customer data;employee data,2,a0add1aaeb2f920d2a9eedf718e866b7b6a94a8a1c34dddc8373fb6b46b4ab44
MFG-E221,09-Data-Privacy-IP/MFG-E221-Supplier-Data-Security.md,09-Data-Privacy-IP/MFG-E221-Supplier-Data-Security.md|00-Foundation/MFG-E221-Supplier-Data-Security.md,2,MFG-E221: Supplier Data Security,guide,guide,pentest,manufacturing_industrial,Data / Privacy / IP,supply;data,controlled,Data & Information,supplier data,1,549ebf66bdeeacc71e31e04b67427d20a63f92ac428408a575dc6fe02db40b1f
MFG-E222,09-Data-Privacy-IP/MFG-E222-Financial-Data-Security.md,09-Data-Privacy-IP/MFG-E222-Financial-Data-Security.md|00-Foundation/MFG-E222-Financial-Data-Security.md,2,MFG-E222: Financial Data Security,guide,guide,pentest,manufacturing_industrial,Data / Privacy / IP,data,controlled,Data & Information,financial data,1,030f2059ea4c9eaa2585f85ed31343a7179a6c6631488d303f35f2168dcdf6d6
MFG-E223,09-Data-Privacy-IP/MFG-E223-Production-Data-Security.md,09-Data-Privacy-IP/MFG-E223-Production-Data-Security.md|00-Foundation/MFG-E223-Production-Data-Security.md,2,MFG-E223: Production Data Security,guide,guide,pentest,manufacturing_industrial,Data / Privacy / IP,data,controlled,Data & Information,production data,1,42d40ebf427708d60bd131288f82a1fcdf9eba267de033064fcf4e3863f729e9
MFG-E224,09-Data-Privacy-IP/MFG-E224-Quality-Data-Security.md,09-Data-Privacy-IP/MFG-E224-Quality-Data-Security.md|00-Foundation/MFG-E224-Quality-Data-Security.md,2,MFG-E224: Quality Data Security,guide,guide,pentest,manufacturing_industrial,Data / Privacy / IP,data,controlled,Data & Information;Manufacturing Operations,quality data;quality inspection,2,546957cf33bafb5ee3bbbd1911f714deea7300566392efd6188015d45727f407
MFG-E225,09-Data-Privacy-IP/MFG-E225-CAD-IP-Data-Security.md,09-Data-Privacy-IP/MFG-E225-CAD-IP-Data-Security.md|00-Foundation/MFG-E225-CAD-IP-Data-Security.md,2,MFG-E225: CAD/IP Data Security,guide,guide,pentest,manufacturing_industrial,Data / Privacy / IP,engineering;data,controlled,Data & Information;Engineering & IP,CAD;CAD repositories;CAD/IP,3,3c04075975aa629f0eb011f17908c922bc826a8459dea5f1140e0a2fe0bae167
MFG-E226,09-Data-Privacy-IP/MFG-E226-Technical-Drawing-Security.md,09-Data-Privacy-IP/MFG-E226-Technical-Drawing-Security.md|00-Foundation/MFG-E226-Technical-Drawing-Security.md,2,MFG-E226: Technical Drawing Security,guide,guide,pentest,manufacturing_industrial,Data / Privacy / IP,manufacturing_asset,controlled,Backup / DR;Data & Information;Engineering & IP,SCADA backups;drawings;technical drawings,3,f90ede392cf86118ef7391351907f079f7d096b77a3508ff99445ef00a953524
MFG-E227,09-Data-Privacy-IP/MFG-E227-Source-Code-Firmware-Protection.md,09-Data-Privacy-IP/MFG-E227-Source-Code-Firmware-Protection.md|00-Foundation/MFG-E227-Source-Code-Firmware-Protection.md,2,MFG-E227: Source Code & Firmware Protection,guide,guide,pentest,manufacturing_industrial,Data / Privacy / IP,ot;engineering,controlled,Data & Information;Engineering & IP,firmware;firmware repositories;source code;source-code repositories,4,d72aeadfa7624d536c2c41f117c92fba7bccb2bacd9bd0542ec7960c96c24724
MFG-E228,09-Data-Privacy-IP/MFG-E228-Database-Security-Assessment.md,09-Data-Privacy-IP/MFG-E228-Database-Security-Assessment.md|00-Foundation/MFG-E228-Database-Security-Assessment.md,2,MFG-E228: Database Security Assessment,guide,guide,pentest,manufacturing_industrial,Data / Privacy / IP,data,controlled,,,0,5f797727ebcd61a9e974d84e04afb1661b454e9ca71c373d6b9691fa7f199b94
MFG-E229,09-Data-Privacy-IP/MFG-E229-File-Share-Security.md,09-Data-Privacy-IP/MFG-E229-File-Share-Security.md|00-Foundation/MFG-E229-File-Share-Security.md,2,MFG-E229: File Share Security,guide,guide,pentest,manufacturing_industrial,Data / Privacy / IP,manufacturing_asset,controlled,,,0,6dbc172a8b94156a32fb50ea5aa16fdc12539edf4e28023dc97c7c98af4391af
MFG-E230,09-Data-Privacy-IP/MFG-E230-NAS-SAN-Security.md,09-Data-Privacy-IP/MFG-E230-NAS-SAN-Security.md|00-Foundation/MFG-E230-NAS-SAN-Security.md,2,MFG-E230: NAS/SAN Security,guide,guide,pentest,manufacturing_industrial,Data / Privacy / IP,manufacturing_asset,controlled,Corporate IT,NAS;SAN,2,3ff66ae81aaf987f3488d9cda5bb37f6d786e3b9c5a28fb53315f8a111759e1d
MFG-E231,09-Data-Privacy-IP/MFG-E231-Backup-Data-Security.md,09-Data-Privacy-IP/MFG-E231-Backup-Data-Security.md|00-Foundation/MFG-E231-Backup-Data-Security.md,2,MFG-E231: Backup Data Security,guide,guide,pentest,manufacturing_industrial,Data / Privacy / IP,data;backup,controlled,Backup / DR;Corporate IT,HMI backups;PLC backups;SCADA backups;backup repositories;backup servers;cloud backups;database backups;disaster-recovery systems;engineering backups;immutable backups;offline backups;replication;snapshots,13,cd14d0f28e65cb290a930464677d25ed47ab8ed6183f54ce42b9d14557e03327
MFG-E232,09-Data-Privacy-IP/MFG-E232-Secrets-Credential-Exposure.md,09-Data-Privacy-IP/MFG-E232-Secrets-Credential-Exposure.md|00-Foundation/MFG-E232-Secrets-Credential-Exposure.md,2,MFG-E232: Secrets & Credential Exposure,guide,guide,pentest,manufacturing_industrial,Data / Privacy / IP,data,controlled,Cloud & Digital Infrastructure;Data & Information,API keys;BOM;CAD/IP;PII;backups;certificates;configuration files;credentials;customer data;drawings;employee data;financial data;firmware;machine telemetry;private keys;process parameters;production data;quality data;recipes;secrets;source code;supplier data;tokens,23,2d8721ab17c0e3920ffa4785cd57a54570e7df46e03e26efa6237ace5f2b88d0
MFG-E233,09-Data-Privacy-IP/MFG-E233-API-Key-Exposure.md,09-Data-Privacy-IP/MFG-E233-API-Key-Exposure.md|00-Foundation/MFG-E233-API-Key-Exposure.md,2,MFG-E233: API Key Exposure,guide,guide,pentest,manufacturing_industrial,Data / Privacy / IP,api;data,controlled,Cloud & Digital Infrastructure;Data & Information;External / Internet-Facing;Identity & Privilege;Security Monitoring,API gateways;API identities;API keys;API logs,4,157357b4812dc477104ecafd6b12a2b0e799da7e16098e234483436078ddd3a6
MFG-E234,09-Data-Privacy-IP/MFG-E234-Certificate-Private-Key-Exposure.md,09-Data-Privacy-IP/MFG-E234-Certificate-Private-Key-Exposure.md|00-Foundation/MFG-E234-Certificate-Private-Key-Exposure.md,2,MFG-E234: Certificate/Private Key Exposure,guide,guide,pentest,manufacturing_industrial,Data / Privacy / IP,data,controlled,Cryptographic / Time Services,GPS time;NTP;PKI;PTP;TLS certificates;code-signing certificates;device certificates;industrial time synchronization;internal certificates;key-management,10,9ff97cf95d8f60b5cd868b99e822e8b0ec25d46c10b4a04c7d338220751a4c10
MFG-E235,10-Monitoring-Detection/MFG-E235-SIEM-Assessment.md,10-Monitoring-Detection/MFG-E235-SIEM-Assessment.md|00-Foundation/MFG-E235-SIEM-Assessment.md,2,MFG-E235: SIEM Assessment,guide,guide,pentest,manufacturing_industrial,Monitoring / Detection,monitoring,controlled,Security Monitoring,API logs;EDR;HMI logs;IDS;IPS;NDR;OT IDS;OT network monitoring;SCADA logs;SIEM;SOAR;VPN logs;Windows logs;XDR;application logs;asset discovery;authentication logs;cloud logs;firewall logs;log servers;patch management;vulnerability management,22,496e485a75b2c26d36b0518db51ef36138ba9a6720eae156990ccb00d03fce26
MFG-E236,10-Monitoring-Detection/MFG-E236-SOAR-Assessment.md,10-Monitoring-Detection/MFG-E236-SOAR-Assessment.md|00-Foundation/MFG-E236-SOAR-Assessment.md,2,MFG-E236: SOAR Assessment,guide,guide,pentest,manufacturing_industrial,Monitoring / Detection,monitoring,controlled,Security Monitoring,SOAR,1,26947687e3c939845a9b8a4ca076d0a712443b4d4b0c8ae830959bf53a2d28cb
MFG-E237,10-Monitoring-Detection/MFG-E237-EDR-XDR-Assessment.md,10-Monitoring-Detection/MFG-E237-EDR-XDR-Assessment.md|00-Foundation/MFG-E237-EDR-XDR-Assessment.md,2,MFG-E237: EDR/XDR Assessment,guide,guide,pentest,manufacturing_industrial,Monitoring / Detection,monitoring,controlled,Security Monitoring,EDR;NDR;XDR,3,cdfcb165353306a8398414cb22f4c704b4d369734aa91b1fd9af3486ac3496cd
MFG-E238,10-Monitoring-Detection/MFG-E238-IDS-IPS-Assessment.md,10-Monitoring-Detection/MFG-E238-IDS-IPS-Assessment.md|00-Foundation/MFG-E238-IDS-IPS-Assessment.md,2,MFG-E238: IDS/IPS Assessment,guide,guide,pentest,manufacturing_industrial,Monitoring / Detection,monitoring,controlled,External / Internet-Facing;Security Monitoring,IDS;IPS;OT IDS;public IPs,4,bdf03cf3ce7e130ff0538e936b43b01a5d86a4ab1f39344f7aa4518c21162a20
MFG-E239,10-Monitoring-Detection/MFG-E239-NDR-Assessment.md,10-Monitoring-Detection/MFG-E239-NDR-Assessment.md|00-Foundation/MFG-E239-NDR-Assessment.md,2,MFG-E239: NDR Assessment,guide,guide,pentest,manufacturing_industrial,Monitoring / Detection,monitoring,controlled,Security Monitoring,EDR;NDR;XDR,3,b09729c1cecf8a3a69211c9838b095041291116cdb9956d530e9f8f75d0fd8e7
MFG-E240,10-Monitoring-Detection/MFG-E240-Vulnerability-Management-Assessment.md,10-Monitoring-Detection/MFG-E240-Vulnerability-Management-Assessment.md|00-Foundation/MFG-E240-Vulnerability-Management-Assessment.md,2,MFG-E240: Vulnerability Management Assessment,guide,guide,pentest,manufacturing_industrial,Monitoring / Detection,manufacturing_asset,controlled,Security Monitoring,vulnerability management,1,3f76c4644461aaff5e48f181bd110807e963c0eba521340e8bdeee3145e74f01
MFG-E241,10-Monitoring-Detection/MFG-E241-Patch-Management-Assessment.md,10-Monitoring-Detection/MFG-E241-Patch-Management-Assessment.md|00-Foundation/MFG-E241-Patch-Management-Assessment.md,2,MFG-E241: Patch Management Assessment,guide,guide,pentest,manufacturing_industrial,Monitoring / Detection,manufacturing_asset,controlled,Corporate IT;Security Monitoring,patch management;patch-management,2,1a56d13ba88aba217a93bb27019fb904b2b8443cbd686f326a715cb9d273dd42
MFG-E242,10-Monitoring-Detection/MFG-E242-OT-Monitoring-Assessment.md,10-Monitoring-Detection/MFG-E242-OT-Monitoring-Assessment.md|00-Foundation/MFG-E242-OT-Monitoring-Assessment.md,2,MFG-E242: OT Monitoring Assessment,guide,guide,pentest,manufacturing_industrial,Monitoring / Detection,ot;monitoring,controlled,Security Monitoring,API logs;EDR;HMI logs;IDS;IPS;NDR;OT IDS;OT network monitoring;SCADA logs;SIEM;SOAR;VPN logs;Windows logs;XDR;application logs;asset discovery;authentication logs;cloud logs;firewall logs;log servers;patch management;vulnerability management,22,2e74d078b88dbbf85b8645b287d0c833cf78c4d1bcb6844879db94960d84f1d1
MFG-E243,10-Monitoring-Detection/MFG-E243-OT-IDS-Assessment.md,10-Monitoring-Detection/MFG-E243-OT-IDS-Assessment.md|00-Foundation/MFG-E243-OT-IDS-Assessment.md,2,MFG-E243: OT IDS Assessment,guide,guide,pentest,manufacturing_industrial,Monitoring / Detection,ot;monitoring,controlled,Security Monitoring,IDS;OT IDS,2,9914f9f44b70d7342127e0034400b2f9d831a9c96320a6fad72c87a4b9ecc849
MFG-E244,10-Monitoring-Detection/MFG-E244-Log-Management-Assessment.md,10-Monitoring-Detection/MFG-E244-Log-Management-Assessment.md|00-Foundation/MFG-E244-Log-Management-Assessment.md,2,MFG-E244: Log Management Assessment,guide,guide,pentest,manufacturing_industrial,Monitoring / Detection,manufacturing_asset,controlled,,,0,b360198dc9d8cae6db16b76495a7d215a516f40e5861df7ddbb279a27a6593f5
MFG-E245,10-Monitoring-Detection/MFG-E245-Authentication-Logging-Assessment.md,10-Monitoring-Detection/MFG-E245-Authentication-Logging-Assessment.md|00-Foundation/MFG-E245-Authentication-Logging-Assessment.md,2,MFG-E245: Authentication Logging Assessment,guide,guide,pentest,manufacturing_industrial,Monitoring / Detection,identity;monitoring,controlled,,,0,90aa6b67e007326c48a9d0b4adce819af45962abc1ac82ff3371412c5d6f5982
MFG-E246,10-Monitoring-Detection/MFG-E246-VPN-Logging-Assessment.md,10-Monitoring-Detection/MFG-E246-VPN-Logging-Assessment.md|00-Foundation/MFG-E246-VPN-Logging-Assessment.md,2,MFG-E246: VPN Logging Assessment,guide,guide,pentest,manufacturing_industrial,Monitoring / Detection,monitoring,controlled,External / Internet-Facing;Remote Access & Third Parties;Security Monitoring,IPsec VPN;SSL VPN;VPN gateways;VPN logs;site-to-site VPN;vendor VPN,6,ee499bbb2f1056c6eae2dc4050287370b6b753a9050b67a5b9e0895f22673468
MFG-E247,10-Monitoring-Detection/MFG-E247-Application-API-Logging-Assessment.md,10-Monitoring-Detection/MFG-E247-Application-API-Logging-Assessment.md|00-Foundation/MFG-E247-Application-API-Logging-Assessment.md,2,MFG-E247: Application/API Logging Assessment,guide,guide,pentest,manufacturing_industrial,Monitoring / Detection,api;monitoring,controlled,Cloud & Digital Infrastructure;Data & Information;External / Internet-Facing;Identity & Privilege;Security Monitoring,API gateways;API identities;API keys;API logs,4,b82af2cbbb1fd7a1994b3cf618f14c913a02efc0631147d20d14ed1b83c46dfd
MFG-E248,10-Monitoring-Detection/MFG-E248-Cloud-Logging-Assessment.md,10-Monitoring-Detection/MFG-E248-Cloud-Logging-Assessment.md|00-Foundation/MFG-E248-Cloud-Logging-Assessment.md,2,MFG-E248: Cloud Logging Assessment,guide,guide,pentest,manufacturing_industrial,Monitoring / Detection,cloud;monitoring,controlled,Backup / DR;Cloud & Digital Infrastructure;External / Internet-Facing;Identity & Privilege;Security Monitoring,cloud backups;cloud databases;cloud identities;cloud keys;cloud logs;hybrid cloud;private cloud;public cloud endpoints,8,a85b18720350eb2c08a3cb93a6272deefa485f76c23e70b1ccb8ebb8eff36ae8
MFG-E249,10-Monitoring-Detection/MFG-E249-SCADA-HMI-Logging-Assessment.md,10-Monitoring-Detection/MFG-E249-SCADA-HMI-Logging-Assessment.md|00-Foundation/MFG-E249-SCADA-HMI-Logging-Assessment.md,2,MFG-E249: SCADA/HMI Logging Assessment,guide,guide,pentest,manufacturing_industrial,Monitoring / Detection,ot;engineering;monitoring,restricted,Backup / DR;Engineering & IP;OT / ICS;Security Monitoring,CAD;HMI;HMI backups;HMI logs;SCADA;SCADA backups;SCADA clients;SCADA logs;SCADA servers,9,b26a3cd95de95b50fd4a6870944b2f0f966327ba05a8d39c04f78b6a00675c98
MFG-E250,10-Monitoring-Detection/MFG-E250-Detection-Use-Case-Review.md,10-Monitoring-Detection/MFG-E250-Detection-Use-Case-Review.md|00-Foundation/MFG-E250-Detection-Use-Case-Review.md,2,MFG-E250: Detection Use-Case Review,guide,guide,pentest,manufacturing_industrial,Monitoring / Detection,monitoring,controlled,Security Monitoring,API logs;EDR;HMI logs;IDS;IPS;NDR;OT IDS;OT network monitoring;SCADA logs;SIEM;SOAR;VPN logs;Windows logs;XDR;application logs;asset discovery;authentication logs;cloud logs;firewall logs;log servers;patch management;vulnerability management,22,a9463f86190fd1facb38e501002f8bbf59f4f476515c4aa69e13a7d1d26e1918
MFG-E251,10-Monitoring-Detection/MFG-E251-Incident-Response-Readiness.md,10-Monitoring-Detection/MFG-E251-Incident-Response-Readiness.md|00-Foundation/MFG-E251-Incident-Response-Readiness.md,2,MFG-E251: Incident Response Readiness,guide,guide,pentest,manufacturing_industrial,Monitoring / Detection,manufacturing_asset,controlled,,,0,761d861125c4b3327dc0cab0fd0e29d95f343102c90f2e0746b4f853c95320aa
MFG-E252,11-Validation-Business-Impact/MFG-E252-Manual-Finding-Validation.md,11-Validation-Business-Impact/MFG-E252-Manual-Finding-Validation.md,1,MFG-E252: Manual Finding Validation,guide,guide,pentest,manufacturing_industrial,Validation / Business Impact,manufacturing_asset,controlled,AI / Analytics;API & Integration;Backup / DR;Cloud & Digital Infrastructure;Corporate IT;Cryptographic / Time Services;Data & Information;Engineering & IP;Enterprise & Business Applications;External / Internet-Facing;Field Devices & Instrumentation;IIoT / Edge / Industry 4.0;Identity & Privilege;Industrial / Cyber-Physical;Industrial Networks & Protocols;Manufacturing Operations;OT / ICS;Physical / Facility / Safety;Plant Utilities;Remote Access & Third Parties;Security Monitoring;Software Supply Chain / DevSecOps;Wireless / Mobile,3D printers;AGVs;AI APIs;AI/ML platforms;AMQP;AMRs;API gateways;API identities;API keys;API logs;AWS;Active Directory;Azure;Azure Blob;BLE;BMS;BOM;BOM repositories;Bitbucket;Bluetooth;CAD;CAD repositories;CAD/IP;CAE;CAM;CAN-related protocols;CCTV;CDN;CI/CD;CMMS;CNC machines;CNC programming;CRM;DBAs;DCS;DCS servers;DNP3;DNS;DNS/DHCP/NTP;DVR;Domain Controllers;Dynamics;EDR;ERP;ERP APIs;ESB;ETL pipelines;Entra ID/IdP;EtherNet/IP;GCP;GPS time;Git;GitHub;GitLab;GraphQL;HART;HMI;HMI backups;HMI logs;HRMS;HVAC;Hyper-V;IAM;IDS;IEDs;IIoT gateways;IPS;IPsec VPN;IT admins;Infrastructure-as-Code;IoT APIs;Jenkins;KVM;Kubernetes;LDAP;LIMS;Linux servers;MDM;MES;MES APIs;MFA infrastructure;ML pipelines;MOM;MQTT;MQTT brokers;MSPs;MSSPs;Microsoft 365/Google Workspace;Modbus;Modbus TCP;NACLs;NAS;NDR;NFC;NTP;NVR;OEE;OPC UA;OPC gateways;OT IDS;OT admins;OT network monitoring;Oracle ERP;PAC;PAM;PDM;PII;PKI;PKI/certificate authorities;PLC;PLC backups;PLC programming;PLM;PLM APIs;PROFINET;PTP;QMS;R&D systems;RDP;REST;RFID;RFID readers;RFQ portals;RTU;S3;SAN;SAP;SAP HANA;SCADA;SCADA backups;SCADA clients;SCADA logs;SCADA servers;SCM;SFTP/file integrations;SIEM;SOAP;SOAR;SSH;SSL VPN;SSO;TLS certificates;UPS;VFDs;VMs;VMware;VNC;VPC/VNet;VPN gateways;VPN logs;WAF;WMS;WebSockets;Windows logs;Windows servers;XDR;access control;actuators;admin panels;alarm servers;analytics platforms;application admins;application logs;application servers;artifact repositories;assembly machines;asset discovery;authentication logs;authentication portals;automated storage;backup repositories;backup servers;backups;badge readers;barcode scanners;bastions;biometrics;break-glass accounts;build servers;cPanel/hosting panels;calibration equipment;certificates;cloud APIs;cloud backups;cloud databases;cloud identities;cloud keys;cloud logs;code signing;code-signing certificates;collaboration;compressed air;computer vision;configuration files;configuration repositories;contactors;container registries;containers;contractors;control servers;conveyors;cooling;corporate Wi-Fi;credentials;customer data;customer portals;cutting machines;data gateways;data lakes;data platforms;data science platforms;data warehouses;database backups;database servers;dependency management;design repositories;device certificates;device-management platforms;digital twins;disaster-recovery systems;document management;domain admins;domains;dormant accounts;drawings;drives;edge computers;edge routers;electrical systems;electronic batch records;email;emergency stops;employee data;employees;endpoints;energy management;engineering backups;engineering laptops;engineering stations;engineering workstations;engineers;environmental monitoring;equipment vendors;event buses;event servers;file servers;finance systems;financial data;fire alarm systems;fire/gas systems;firewall logs;firewalls;firmware;firmware repositories;forklift terminals;gRPC;generative AI systems;generators;historian;hybrid cloud;immutable backups;industrial Ethernet;industrial PCs;industrial Wi-Fi;industrial analytics;industrial firewalls;industrial gateways;industrial meters;industrial robots;industrial routers;industrial switches;industrial time synchronization;inspection machines;internal certificates;internet gateways;jump servers;key-management;lighting control;load balancers;log servers;machine accounts;machine telemetry;machine tools;machine vision;machine-monitoring platforms;maintenance contractors;maintenance systems;managed switches;management servers;message brokers;middleware;mobile APIs;mobile devices;mobile manufacturing applications;mobile printers;model serving;motors;network taps;object storage;offline backups;operators;package repositories;packaging machines;patch management;patch-management;power monitoring;predictive maintenance;press machines;printers;private cloud;private endpoints;private keys;process equipment;process parameters;procurement systems;product specifications;production dashboards;production data;production scheduling;public IPs;public cloud endpoints;public storage;quality data;quality inspection;recipe management;recipes;registries;relays;remote I/O;remote diagnostics;remote engineering;remote support platforms;remote-access portals;replication;reverse proxies;robot controllers;routers;rugged tablets;safety PLC;safety controllers;safety interlocks;scanners;secrets;secrets management;security groups;sensors;serial protocols;serverless;service accounts;servo drives;shared accounts;simulation systems;site-to-site VPN;smart instruments;smart meters;smart sensors;snapshots;software update channels;software vendors;software-deployment;source code;source-code repositories;steam;subdomains;subnets;supplier data;supplier portals;supply-chain systems;system integrators;tablets;technical drawings;test equipment;thin clients;third-party APIs;tokens;traceability;turnstiles;utility monitoring;valves;vendor APIs;vendor VPN;vendor maintenance;vendor protocols;vendors;visitor management;vulnerability management;water;web applications;web servers;webhooks;webmail;welding systems;wireless bridges;wireless controllers;wireless sensors;work instructions,396,1ce588fba8f1c43dae68807f93357c33341fb41aaba6b42251c22ae4ef8b85c5
MFG-E253,11-Validation-Business-Impact/MFG-E253-False-Positive-Reduction.md,11-Validation-Business-Impact/MFG-E253-False-Positive-Reduction.md,1,MFG-E253: False Positive Reduction,guide,guide,pentest,manufacturing_industrial,Validation / Business Impact,manufacturing_asset,controlled,,,0,2b0486b1d4c1d526647b6cd15f518a2d8c28e678e38784e74548424e815aa23c
MFG-E254,11-Validation-Business-Impact/MFG-E254-Controlled-Exploit-Validation.md,11-Validation-Business-Impact/MFG-E254-Controlled-Exploit-Validation.md,1,MFG-E254: Controlled Exploit Validation,guide,guide,pentest,manufacturing_industrial,Validation / Business Impact,manufacturing_asset,controlled,,,0,de69f170afb144f29e7fc55895d2b5059a220303e9f58d5234dd4a15da475721
MFG-E255,11-Validation-Business-Impact/MFG-E255-Attack-Path-Analysis.md,11-Validation-Business-Impact/MFG-E255-Attack-Path-Analysis.md,1,MFG-E255: Attack Path Analysis,guide,guide,pentest,manufacturing_industrial,Validation / Business Impact,manufacturing_asset,controlled,,,0,264f90be707f70ba4c8eb26093004694dc682c560bad3f4b40ac70f7895830e5
MFG-E256,11-Validation-Business-Impact/MFG-E256-Business-Impact-Analysis.md,11-Validation-Business-Impact/MFG-E256-Business-Impact-Analysis.md,1,MFG-E256: Business Impact Analysis,guide,guide,pentest,manufacturing_industrial,Validation / Business Impact,manufacturing_asset,controlled,OT / ICS;Physical / Facility / Safety,PAC;safety PLC,2,2c2bb29a0e22cb2d91c7e8439343fda31a4289fe88a1b4f8b8349c6b662f067a
MFG-E257,11-Validation-Business-Impact/MFG-E257-Operational-Impact-Analysis.md,11-Validation-Business-Impact/MFG-E257-Operational-Impact-Analysis.md,1,MFG-E257: Operational Impact Analysis,guide,guide,pentest,manufacturing_industrial,Validation / Business Impact,manufacturing_asset,controlled,OT / ICS;Physical / Facility / Safety,PAC;safety PLC,2,35741034cf1c6ebc452714c7f42a18a6f71e8945fb44a719c66616bbd35a7c97
MFG-E258,11-Validation-Business-Impact/MFG-E258-Production-Availability-Impact.md,11-Validation-Business-Impact/MFG-E258-Production-Availability-Impact.md,1,MFG-E258: Production Availability Impact,guide,guide,pentest,manufacturing_industrial,Validation / Business Impact,manufacturing_asset,controlled,OT / ICS,PAC,1,1c8cf6f3f7e7496fb4839df369576086e1dc5d92324ab997167cb32e169af1f3
MFG-E259,11-Validation-Business-Impact/MFG-E259-Safety-Impact-Assessment.md,11-Validation-Business-Impact/MFG-E259-Safety-Impact-Assessment.md,1,MFG-E259: Safety Impact Assessment,guide,guide,pentest,manufacturing_industrial,Validation / Business Impact,ot,restricted,OT / ICS;Physical / Facility / Safety,PAC;safety PLC;safety controllers;safety interlocks,4,8543948e54d0c5f6a711aad63ae9921f16ec81e0acd1bd0b33c70b8cad642381
MFG-E260,11-Validation-Business-Impact/MFG-E260-Engineering-IP-Impact.md,11-Validation-Business-Impact/MFG-E260-Engineering-IP-Impact.md,1,MFG-E260: Engineering IP Impact,guide,guide,pentest,manufacturing_industrial,Validation / Business Impact,engineering,controlled,OT / ICS,PAC,1,78d7461c4e441fd532e350546fb4865ec3c9575444dfd766539e519681f7d048
MFG-E261,11-Validation-Business-Impact/MFG-E261-Data-Protection-Impact.md,11-Validation-Business-Impact/MFG-E261-Data-Protection-Impact.md,1,MFG-E261: Data Protection Impact,guide,guide,pentest,manufacturing_industrial,Validation / Business Impact,ot;data,controlled,OT / ICS,PAC,1,e63a8e5e35ad52a49b34adbfada968c6b8898dfeb93e4f6164b83b014eb7c7f9
MFG-E262,11-Validation-Business-Impact/MFG-E262-Ransomware-Impact-Analysis.md,11-Validation-Business-Impact/MFG-E262-Ransomware-Impact-Analysis.md,1,MFG-E262: Ransomware Impact Analysis,guide,guide,pentest,manufacturing_industrial,Validation / Business Impact,manufacturing_asset,controlled,OT / ICS;Physical / Facility / Safety,PAC;safety PLC,2,9bbeb1c987da363d19fe884aac4f0c23778fef1d7e48dca3fb036154dcdfdf6e
MFG-E263,11-Validation-Business-Impact/MFG-E263-Supply-Chain-Impact.md,11-Validation-Business-Impact/MFG-E263-Supply-Chain-Impact.md,1,MFG-E263: Supply Chain Impact,guide,guide,pentest,manufacturing_industrial,Validation / Business Impact,supply,controlled,Enterprise & Business Applications;OT / ICS,PAC;supply-chain systems,2,d50e9ec35dd266a6d56c102e1ca647d42d4de9867bc54a92cc6f0d3bf0023b92
MFG-E264,11-Validation-Business-Impact/MFG-E264-Recovery-Resilience-Assessment.md,11-Validation-Business-Impact/MFG-E264-Recovery-Resilience-Assessment.md,1,MFG-E264: Recovery/Resilience Assessment,guide,guide,pentest,manufacturing_industrial,Validation / Business Impact,backup,controlled,,,0,62a2cccabb44e7545a2b0374b296b3e32ae0f226608a22cdc20af68a99c172e4
MFG-E265,11-Validation-Business-Impact/MFG-E265-Risk-Contextualization.md,11-Validation-Business-Impact/MFG-E265-Risk-Contextualization.md,1,MFG-E265: Risk Contextualization,guide,guide,pentest,manufacturing_industrial,Validation / Business Impact,manufacturing_asset,controlled,,,0,aa968366b544174421ce4311f8c0a44594aa7dbc58723614243447ce25e23a62
MFG-E266,12-Reporting-Remediation/MFG-E266-VAPT-Reporting-Methodology.md,12-Reporting-Remediation/MFG-E266-VAPT-Reporting-Methodology.md,1,MFG-E266: VAPT Reporting Methodology,guide,guide,pentest,manufacturing_industrial,Reporting / Remediation / Retest,manufacturing_asset,controlled,AI / Analytics;API & Integration;Backup / DR;Cloud & Digital Infrastructure;Corporate IT;Cryptographic / Time Services;Data & Information;Engineering & IP;Enterprise & Business Applications;External / Internet-Facing;Field Devices & Instrumentation;IIoT / Edge / Industry 4.0;Identity & Privilege;Industrial / Cyber-Physical;Industrial Networks & Protocols;Manufacturing Operations;OT / ICS;Physical / Facility / Safety;Plant Utilities;Remote Access & Third Parties;Security Monitoring;Software Supply Chain / DevSecOps;Wireless / Mobile,3D printers;AGVs;AI APIs;AI/ML platforms;AMQP;AMRs;API gateways;API identities;API keys;API logs;AWS;Active Directory;Azure;Azure Blob;BLE;BMS;BOM;BOM repositories;Bitbucket;Bluetooth;CAD;CAD repositories;CAD/IP;CAE;CAM;CAN-related protocols;CCTV;CDN;CI/CD;CMMS;CNC machines;CNC programming;CRM;DBAs;DCS;DCS servers;DNP3;DNS;DNS/DHCP/NTP;DVR;Domain Controllers;Dynamics;EDR;ERP;ERP APIs;ESB;ETL pipelines;Entra ID/IdP;EtherNet/IP;GCP;GPS time;Git;GitHub;GitLab;GraphQL;HART;HMI;HMI backups;HMI logs;HRMS;HVAC;Hyper-V;IAM;IDS;IEDs;IIoT gateways;IPS;IPsec VPN;IT admins;Infrastructure-as-Code;IoT APIs;Jenkins;KVM;Kubernetes;LDAP;LIMS;Linux servers;MDM;MES;MES APIs;MFA infrastructure;ML pipelines;MOM;MQTT;MQTT brokers;MSPs;MSSPs;Microsoft 365/Google Workspace;Modbus;Modbus TCP;NACLs;NAS;NDR;NFC;NTP;NVR;OEE;OPC UA;OPC gateways;OT IDS;OT admins;OT network monitoring;Oracle ERP;PAC;PAM;PDM;PII;PKI;PKI/certificate authorities;PLC;PLC backups;PLC programming;PLM;PLM APIs;PROFINET;PTP;QMS;R&D systems;RDP;REST;RFID;RFID readers;RFQ portals;RTU;S3;SAN;SAP;SAP HANA;SCADA;SCADA backups;SCADA clients;SCADA logs;SCADA servers;SCM;SFTP/file integrations;SIEM;SOAP;SOAR;SSH;SSL VPN;SSO;TLS certificates;UPS;VFDs;VMs;VMware;VNC;VPC/VNet;VPN gateways;VPN logs;WAF;WMS;WebSockets;Windows logs;Windows servers;XDR;access control;actuators;admin panels;alarm servers;analytics platforms;application admins;application logs;application servers;artifact repositories;assembly machines;asset discovery;authentication logs;authentication portals;automated storage;backup repositories;backup servers;backups;badge readers;barcode scanners;bastions;biometrics;break-glass accounts;build servers;cPanel/hosting panels;calibration equipment;certificates;cloud APIs;cloud backups;cloud databases;cloud identities;cloud keys;cloud logs;code signing;code-signing certificates;collaboration;compressed air;computer vision;configuration files;configuration repositories;contactors;container registries;containers;contractors;control servers;conveyors;cooling;corporate Wi-Fi;credentials;customer data;customer portals;cutting machines;data gateways;data lakes;data platforms;data science platforms;data warehouses;database backups;database servers;dependency management;design repositories;device certificates;device-management platforms;digital twins;disaster-recovery systems;document management;domain admins;domains;dormant accounts;drawings;drives;edge computers;edge routers;electrical systems;electronic batch records;email;emergency stops;employee data;employees;endpoints;energy management;engineering backups;engineering laptops;engineering stations;engineering workstations;engineers;environmental monitoring;equipment vendors;event buses;event servers;file servers;finance systems;financial data;fire alarm systems;fire/gas systems;firewall logs;firewalls;firmware;firmware repositories;forklift terminals;gRPC;generative AI systems;generators;historian;hybrid cloud;immutable backups;industrial Ethernet;industrial PCs;industrial Wi-Fi;industrial analytics;industrial firewalls;industrial gateways;industrial meters;industrial robots;industrial routers;industrial switches;industrial time synchronization;inspection machines;internal certificates;internet gateways;jump servers;key-management;lighting control;load balancers;log servers;machine accounts;machine telemetry;machine tools;machine vision;machine-monitoring platforms;maintenance contractors;maintenance systems;managed switches;management servers;message brokers;middleware;mobile APIs;mobile devices;mobile manufacturing applications;mobile printers;model serving;motors;network taps;object storage;offline backups;operators;package repositories;packaging machines;patch management;patch-management;power monitoring;predictive maintenance;press machines;printers;private cloud;private endpoints;private keys;process equipment;process parameters;procurement systems;product specifications;production dashboards;production data;production scheduling;public IPs;public cloud endpoints;public storage;quality data;quality inspection;recipe management;recipes;registries;relays;remote I/O;remote diagnostics;remote engineering;remote support platforms;remote-access portals;replication;reverse proxies;robot controllers;routers;rugged tablets;safety PLC;safety controllers;safety interlocks;scanners;secrets;secrets management;security groups;sensors;serial protocols;serverless;service accounts;servo drives;shared accounts;simulation systems;site-to-site VPN;smart instruments;smart meters;smart sensors;snapshots;software update channels;software vendors;software-deployment;source code;source-code repositories;steam;subdomains;subnets;supplier data;supplier portals;supply-chain systems;system integrators;tablets;technical drawings;test equipment;thin clients;third-party APIs;tokens;traceability;turnstiles;utility monitoring;valves;vendor APIs;vendor VPN;vendor maintenance;vendor protocols;vendors;visitor management;vulnerability management;water;web applications;web servers;webhooks;webmail;welding systems;wireless bridges;wireless controllers;wireless sensors;work instructions,396,fc30ae5ba61473d1b63bf26b19c0cd828e0def43508311b7604e228abdae9257
MFG-E267,12-Reporting-Remediation/MFG-E267-Executive-Summary.md,12-Reporting-Remediation/MFG-E267-Executive-Summary.md,1,MFG-E267: Executive Summary,guide,guide,pentest,manufacturing_industrial,Reporting / Remediation / Retest,manufacturing_asset,controlled,,,0,8ec5e1116dee7e0677dcbf43609d483ec53fe884e7844d0f945ec511c31ac901
MFG-E268,12-Reporting-Remediation/MFG-E268-Technical-Finding-Structure.md,12-Reporting-Remediation/MFG-E268-Technical-Finding-Structure.md,1,MFG-E268: Technical Finding Structure,guide,guide,pentest,manufacturing_industrial,Reporting / Remediation / Retest,manufacturing_asset,controlled,,,0,092f225ec54480ec177a44be856579d191bd68fa336af2a3df8c7bb22e9a3b38
MFG-E269,12-Reporting-Remediation/MFG-E269-Evidence-Standards.md,12-Reporting-Remediation/MFG-E269-Evidence-Standards.md,1,MFG-E269: Evidence Standards,guide,guide,pentest,manufacturing_industrial,Reporting / Remediation / Retest,manufacturing_asset,controlled,,,0,aa24c2b2073c1de60fc82e0f0bb9f6aae1583839f02225a217813ea53af81785
MFG-E270,12-Reporting-Remediation/MFG-E270-Severity-Risk-Rating.md,12-Reporting-Remediation/MFG-E270-Severity-Risk-Rating.md,1,MFG-E270: Severity & Risk Rating,guide,guide,pentest,manufacturing_industrial,Reporting / Remediation / Retest,manufacturing_asset,controlled,,,0,0b053ca0e43310dc2823aabda82611f77295e3b8899d22434a53081486ccff1a
MFG-E271,12-Reporting-Remediation/MFG-E271-CVSS-Application.md,12-Reporting-Remediation/MFG-E271-CVSS-Application.md,1,MFG-E271: CVSS Application,guide,guide,pentest,manufacturing_industrial,Reporting / Remediation / Retest,manufacturing_asset,controlled,,,0,2b7b16c3964d94a48d4fcf2935e73df7c8a09549e053231ec7a6f2217ca2de4f
MFG-E272,12-Reporting-Remediation/MFG-E272-CWE-OWASP-Mapping.md,12-Reporting-Remediation/MFG-E272-CWE-OWASP-Mapping.md,1,MFG-E272: CWE/OWASP Mapping,guide,guide,pentest,manufacturing_industrial,Reporting / Remediation / Retest,manufacturing_asset,controlled,,,0,e7612a154c600533ee5add47d8bbfdb248306bf4dd9eca8148975c1f7c389fab
MFG-E273,12-Reporting-Remediation/MFG-E273-MITRE-ATT-CK-ICS-Mapping.md,12-Reporting-Remediation/MFG-E273-MITRE-ATT-CK-ICS-Mapping.md,1,MFG-E273: MITRE ATT&CK ICS Mapping,guide,guide,pentest,manufacturing_industrial,Reporting / Remediation / Retest,manufacturing_asset,controlled,,,0,daa51f94560a318826163ddec3d3511ab81d9fe24e392d2a064fc2ef9a32a352
MFG-E274,12-Reporting-Remediation/MFG-E274-Business-Impact-Writing.md,12-Reporting-Remediation/MFG-E274-Business-Impact-Writing.md,1,MFG-E274: Business Impact Writing,guide,guide,pentest,manufacturing_industrial,Reporting / Remediation / Retest,manufacturing_asset,controlled,OT / ICS,PAC,1,39480f766a4025c90110cc34957055dac74abf99974ca1f54d1f89f4e0eb66bf
MFG-E275,12-Reporting-Remediation/MFG-E275-Remediation-Recommendation.md,12-Reporting-Remediation/MFG-E275-Remediation-Recommendation.md,1,MFG-E275: Remediation Recommendation,guide,guide,pentest,manufacturing_industrial,Reporting / Remediation / Retest,manufacturing_asset,controlled,,,0,0cfd67d606c593e2af945b75adc2a0f6197382515939c314ba097b1b0d2c3fdd
MFG-E276,12-Reporting-Remediation/MFG-E276-Compensating-Controls.md,12-Reporting-Remediation/MFG-E276-Compensating-Controls.md,1,MFG-E276: Compensating Controls,guide,guide,pentest,manufacturing_industrial,Reporting / Remediation / Retest,manufacturing_asset,controlled,,,0,3026836e0df8857be55441182b6337d7a91f0b9c39885900031b93bb6e3b843b
MFG-E277,12-Reporting-Remediation/MFG-E277-Remediation-Tracking.md,12-Reporting-Remediation/MFG-E277-Remediation-Tracking.md,1,MFG-E277: Remediation Tracking,guide,guide,pentest,manufacturing_industrial,Reporting / Remediation / Retest,manufacturing_asset,controlled,,,0,12fadf4a92268a65c521e6c1c9bd1976f1f18e37a699748823d4fab7a7a5aef9
MFG-E278,12-Reporting-Remediation/MFG-E278-Retest-Methodology.md,12-Reporting-Remediation/MFG-E278-Retest-Methodology.md,1,MFG-E278: Retest Methodology,guide,guide,pentest,manufacturing_industrial,Reporting / Remediation / Retest,manufacturing_asset,controlled,,,0,aa9fb17f0cf90afe7c90fd7ba9895a377922ffe9690b61a9999414e5f2965486
MFG-E279,12-Reporting-Remediation/MFG-E279-Residual-Risk.md,12-Reporting-Remediation/MFG-E279-Residual-Risk.md,1,MFG-E279: Residual Risk,guide,guide,pentest,manufacturing_industrial,Reporting / Remediation / Retest,manufacturing_asset,controlled,,,0,ea2ba1eae543a140360f0f8d86cb79783b37addebce09d2a987d2f63a90d7c2c
MFG-E280,12-Reporting-Remediation/MFG-E280-Management-Walkthrough.md,12-Reporting-Remediation/MFG-E280-Management-Walkthrough.md,1,MFG-E280: Management Walkthrough,guide,guide,pentest,manufacturing_industrial,Reporting / Remediation / Retest,manufacturing_asset,controlled,,,0,87b54c48c9b3d3533b22f227903537336f5da0c1521a624997093ae9b253796e
MFG-E281,12-Reporting-Remediation/MFG-E281-Final-Scope-Coverage-Matrix.md,12-Reporting-Remediation/MFG-E281-Final-Scope-Coverage-Matrix.md,1,MFG-E281: Final Scope & Coverage Matrix,guide,guide,pentest,manufacturing_industrial,Reporting / Remediation / Retest,manufacturing_asset,controlled,,,0,db28464549b8202157d945da8c7312d3da37280ec58b41702b1383c908a64132
MFG-X300,00-Foundation/MFG-X300-ISA-95-Level-0-Physical-Process.md,00-Foundation/MFG-X300-ISA-95-Level-0-Physical-Process.md,1,MFG-X300: ISA-95 Level 0 Physical Process,guide,guide,pentest,manufacturing_industrial,,,controlled,,,0,510307b3595e251e389e4f1cecd388eb8b7280a2122e67909dca3a40fa6c4d6a
MFG-X301,00-Foundation/MFG-X301-ISA-95-Level-1-Sensing-Actuation.md,00-Foundation/MFG-X301-ISA-95-Level-1-Sensing-Actuation.md,1,MFG-X301: ISA-95 Level 1 Sensing & Actuation,guide,guide,pentest,manufacturing_industrial,,,controlled,,,0,d3d53eac47655b21b7e01dff59214ce7bdb2325d88edbd8cb4a7f444d30423bf
MFG-X302,00-Foundation/MFG-X302-ISA-95-Level-2-Supervisory-Control.md,00-Foundation/MFG-X302-ISA-95-Level-2-Supervisory-Control.md,1,MFG-X302: ISA-95 Level 2 Supervisory Control,guide,guide,pentest,manufacturing_industrial,,,controlled,,,0,bc159f90d7b293a92beb971c309c6dafdf6ee9ae972dc0ec29485fadf13a8dfc
MFG-X303,00-Foundation/MFG-X303-ISA-95-Level-3-Manufacturing-Operations-Management.md,00-Foundation/MFG-X303-ISA-95-Level-3-Manufacturing-Operations-Management.md,1,MFG-X303: ISA-95 Level 3 Manufacturing Operations Management,guide,guide,pentest,manufacturing_industrial,,,controlled,,,0,571cc4932c9773d18dfce661e8c5627f11db959ae92790c88ff0330cbd1fc178
MFG-X304,00-Foundation/MFG-X304-ISA-95-Level-4-Business-Planning-Logistics.md,00-Foundation/MFG-X304-ISA-95-Level-4-Business-Planning-Logistics.md,1,MFG-X304: ISA-95 Level 4 Business Planning & Logistics,guide,guide,pentest,manufacturing_industrial,,,controlled,,,0,510d0cb3cfb2d2436ed5e082fcb05c9ce02c01d098d53327ddf01d73966b529c
MFG-X305,00-Foundation/MFG-X305-Enterprise-Cloud-Integration-Layer-where-implemented.md,00-Foundation/MFG-X305-Enterprise-Cloud-Integration-Layer-where-implemented.md,1,MFG-X305: Enterprise/Cloud Integration Layer where implemented,guide,guide,pentest,manufacturing_industrial,,,controlled,API & Integration;Backup / DR;Cloud & Digital Infrastructure;Enterprise & Business Applications;External / Internet-Facing;Identity & Privilege;Security Monitoring,ERP;ERP APIs;Oracle ERP;SAP;SAP HANA;cloud APIs;cloud backups;cloud databases;cloud identities;cloud keys;cloud logs;hybrid cloud;private cloud;public cloud endpoints,14,ae3ba3c924de6e3a2f682e1e39399b0ac2f7945f5cf9a0a36cb86afa34418038
MFG-X306,00-Foundation/MFG-X306-Purdue-zone-architecture.md,00-Foundation/MFG-X306-Purdue-zone-architecture.md,1,MFG-X306: Purdue/zone architecture,guide,guide,pentest,manufacturing_industrial,,,controlled,,,0,1c225bd1936a82c90d9875d862a6fbc5dcd0763f8285c67d980e2ddda2280163
MFG-X307,00-Foundation/MFG-X307-Zones-Conduits.md,00-Foundation/MFG-X307-Zones-Conduits.md,1,MFG-X307: Zones & Conduits,guide,guide,pentest,manufacturing_industrial,,,controlled,,,0,df8e7fe9c0136589b26ab4bfa796e992b803a2076f30faa023e55282b2359451
MFG-X308,00-Foundation/MFG-X308-Industrial-DMZ.md,00-Foundation/MFG-X308-Industrial-DMZ.md,1,MFG-X308: Industrial DMZ,guide,guide,pentest,manufacturing_industrial,,,controlled,,,0,518a015d01e40891eac2d3aefb410edcfec5a26a5d562fba864edcba6f609cc9
MFG-X309,00-Foundation/MFG-X309-Safety-Instrumented-Systems.md,00-Foundation/MFG-X309-Safety-Instrumented-Systems.md,1,MFG-X309: Safety Instrumented Systems,guide,guide,pentest,manufacturing_industrial,,,controlled,OT / ICS;Physical / Facility / Safety,BMS;CCTV;DVR;HVAC;NVR;UPS;access control;badge readers;biometrics;emergency stops;environmental monitoring;fire alarm systems;fire/gas systems;generators;lighting control;power monitoring;safety PLC;safety controllers;safety interlocks;turnstiles;visitor management,21,b2045fbbaadab3bd6695adb2c82bd6e03606e2d160d96130f53a94824fa97823
MFG-X310,00-Foundation/MFG-X310-Safety-PLC-SIS.md,00-Foundation/MFG-X310-Safety-PLC-SIS.md,1,MFG-X310: Safety PLC/SIS,guide,guide,pentest,manufacturing_industrial,,,controlled,Backup / DR;Engineering & IP;OT / ICS;Physical / Facility / Safety,BMS;CCTV;DVR;HVAC;NVR;PLC;PLC backups;PLC programming;UPS;access control;badge readers;biometrics;emergency stops;environmental monitoring;fire alarm systems;fire/gas systems;generators;lighting control;power monitoring;safety PLC;safety controllers;safety interlocks;turnstiles;visitor management,24,2966bac20d38590d435131ac8f5f1a1344ce57d77d1bad4703d6599a47dcfcf0
MFG-X311,00-Foundation/MFG-X311-Safety-lifecycle.md,00-Foundation/MFG-X311-Safety-lifecycle.md,1,MFG-X311: Safety lifecycle,guide,guide,pentest,manufacturing_industrial,,,controlled,OT / ICS;Physical / Facility / Safety,BMS;CCTV;DVR;HVAC;NVR;UPS;access control;badge readers;biometrics;emergency stops;environmental monitoring;fire alarm systems;fire/gas systems;generators;lighting control;power monitoring;safety PLC;safety controllers;safety interlocks;turnstiles;visitor management,21,242bc4145664d28baf666146cb1c633a1cf617ffcdb065e98999bb50c0bee061
MFG-X312,00-Foundation/MFG-X312-Process-safety-vs-cybersecurity.md,00-Foundation/MFG-X312-Process-safety-vs-cybersecurity.md,1,MFG-X312: Process safety vs cybersecurity,guide,guide,pentest,manufacturing_industrial,,,controlled,OT / ICS;Physical / Facility / Safety,safety PLC;safety controllers;safety interlocks,3,c2205a93de3a4f36d1c61a6af1fd998c254caa0e22f8748ba4e3bb1f89bd897c
MFG-X313,00-Foundation/MFG-X313-Discrete-manufacturing.md,00-Foundation/MFG-X313-Discrete-manufacturing.md,1,MFG-X313: Discrete manufacturing,guide,guide,pentest,manufacturing_industrial,,,controlled,,,0,18be145277b0b7130a5ef55d566cc51d2d380255808bb18e934d186556c19c87
MFG-X314,00-Foundation/MFG-X314-Continuous-process-manufacturing.md,00-Foundation/MFG-X314-Continuous-process-manufacturing.md,1,MFG-X314: Continuous/process manufacturing,guide,guide,pentest,manufacturing_industrial,,,controlled,,,0,57a6a9aa31007066fbbf11604ee59684f92e69b4a1cff6a60e437161137f7f3a
MFG-X315,00-Foundation/MFG-X315-Batch-manufacturing.md,00-Foundation/MFG-X315-Batch-manufacturing.md,1,MFG-X315: Batch manufacturing,guide,guide,pentest,manufacturing_industrial,,,controlled,,,0,bd987b363525aefa8a77ace176b4c853f1ad701248e6298460cef6121a1dbb14
MFG-X316,00-Foundation/MFG-X316-Hybrid-manufacturing.md,00-Foundation/MFG-X316-Hybrid-manufacturing.md,1,MFG-X316: Hybrid manufacturing,guide,guide,pentest,manufacturing_industrial,,,controlled,,,0,a21d83ab74d887558b2341926febaa5b883ae80bb0eb4d4641e68fd7814c1367
MFG-X317,00-Foundation/MFG-X317-Production-cell-workcell.md,00-Foundation/MFG-X317-Production-cell-workcell.md,1,MFG-X317: Production cell/workcell,guide,guide,pentest,manufacturing_industrial,,,controlled,,,0,9ebd3060b35393e5112c75d608ff22289fc774f6aca713ae16fbe87805fd93ce
MFG-X318,00-Foundation/MFG-X318-Plant-site-enterprise-boundaries.md,00-Foundation/MFG-X318-Plant-site-enterprise-boundaries.md,1,MFG-X318: Plant/site/enterprise boundaries,guide,guide,pentest,manufacturing_industrial,,,controlled,API & Integration;Enterprise & Business Applications,ERP;ERP APIs;Oracle ERP;SAP;SAP HANA,5,fc6bc162bdf58754d3905276abf4a81e1d64f4b3b294001af090781bd562711a
MFG-X319,00-Foundation/MFG-X319-Security-governance.md,00-Foundation/MFG-X319-Security-governance.md,1,MFG-X319: Security governance,guide,guide,pentest,manufacturing_industrial,,,controlled,,,0,8b6d401e096e056234483b19261bc921e6c9604dcd12f4f4ea22c8f51b401ef6
MFG-X320,00-Foundation/MFG-X320-Asset-ownership.md,00-Foundation/MFG-X320-Asset-ownership.md,1,MFG-X320: Asset ownership,guide,guide,pentest,manufacturing_industrial,,,controlled,,,0,5b8180fb4dad9017a6d39c63122d5af0d05cbf5d20fccbeb567f1e5e09d770d6
MFG-X321,00-Foundation/MFG-X321-Risk-management.md,00-Foundation/MFG-X321-Risk-management.md,1,MFG-X321: Risk management,guide,guide,pentest,manufacturing_industrial,,,controlled,,,0,38cc370981ca3f37347efe8513aee312138b6c744608326fd1575eb57a3e5454
MFG-X322,00-Foundation/MFG-X322-Cybersecurity-policies.md,00-Foundation/MFG-X322-Cybersecurity-policies.md,1,MFG-X322: Cybersecurity policies,guide,guide,pentest,manufacturing_industrial,,,controlled,,,0,1dc63c4a9337dcde45c014913f1393e450a16ea5b53656a69be2dbc26d876232
MFG-X323,00-Foundation/MFG-X323-OT-security-policy.md,00-Foundation/MFG-X323-OT-security-policy.md,1,MFG-X323: OT security policy,guide,guide,pentest,manufacturing_industrial,,,controlled,,,0,01e4dd60239182a719ff860c9006e30adda6e981b203cd059e0e7a48dadf2eac
MFG-X324,00-Foundation/MFG-X324-Third-party-risk.md,00-Foundation/MFG-X324-Third-party-risk.md,1,MFG-X324: Third-party risk,guide,guide,pentest,manufacturing_industrial,,,controlled,,,0,bf89a34fe578a44efefd75abaf7479a1a93fef3430a03bd8c1625b57ce69267a
MFG-X325,00-Foundation/MFG-X325-Vendor-risk.md,00-Foundation/MFG-X325-Vendor-risk.md,1,MFG-X325: Vendor risk,guide,guide,pentest,manufacturing_industrial,,,controlled,,,0,a79155d29d74464771223b3f09520899a2457963a3df0b459d0b44abb45d4441
MFG-X326,00-Foundation/MFG-X326-Security-requirements-in-procurement.md,00-Foundation/MFG-X326-Security-requirements-in-procurement.md,1,MFG-X326: Security requirements in procurement,guide,guide,pentest,manufacturing_industrial,,,controlled,,,0,da309df7b6d4adc08b20f7fd1c1c4c44de99d07c063df32ea41cf2285d2c18e5
MFG-X327,00-Foundation/MFG-X327-Change-management.md,00-Foundation/MFG-X327-Change-management.md,1,MFG-X327: Change management,guide,guide,pentest,manufacturing_industrial,,,controlled,,,0,506209aeedc07b0c41c9caf12329c8a9387ae1d3bb86b7ac92a5b3c33457ea83
MFG-X328,00-Foundation/MFG-X328-Configuration-management.md,00-Foundation/MFG-X328-Configuration-management.md,1,MFG-X328: Configuration management,guide,guide,pentest,manufacturing_industrial,,,controlled,,,0,bae07d724d3b218ff9408c780d579660b974be31c04169c26b613784d7029e28
MFG-X329,00-Foundation/MFG-X329-Vulnerability-management.md,00-Foundation/MFG-X329-Vulnerability-management.md,1,MFG-X329: Vulnerability management,guide,guide,pentest,manufacturing_industrial,,,controlled,Security Monitoring,vulnerability management,1,b82e8bfe7fd4244a8de0be9294c1c96781fb277080183256a712c9d2036bb0f7
MFG-X330,00-Foundation/MFG-X330-Patch-management.md,00-Foundation/MFG-X330-Patch-management.md,1,MFG-X330: Patch management,guide,guide,pentest,manufacturing_industrial,,,controlled,Corporate IT;Security Monitoring,patch management;patch-management,2,457bddce667ea2c96c0df3b2618868cd3180daadd90a71efadf95a5ff7e478cd
MFG-X331,00-Foundation/MFG-X331-Exception-management.md,00-Foundation/MFG-X331-Exception-management.md,1,MFG-X331: Exception management,guide,guide,pentest,manufacturing_industrial,,,controlled,,,0,fad31a279fdfff86eea94e9e85ccc6dc96891ddf7759fb84f43ad40b247c0430
MFG-X332,00-Foundation/MFG-X332-Risk-acceptance.md,00-Foundation/MFG-X332-Risk-acceptance.md,1,MFG-X332: Risk acceptance,guide,guide,pentest,manufacturing_industrial,,,controlled,,,0,f7285773767542b1da2325b83707ec7dece79bce35c6d2282c3d77e1c1d24bfc
MFG-X333,00-Foundation/MFG-X333-Audit-evidence.md,00-Foundation/MFG-X333-Audit-evidence.md,1,MFG-X333: Audit evidence,guide,guide,pentest,manufacturing_industrial,,,controlled,,,0,92e30e98d802ea103d2377673d07faa407ea4367622472074c69272e962ca0fd
MFG-X334,00-Foundation/MFG-X334-Business-continuity.md,00-Foundation/MFG-X334-Business-continuity.md,1,MFG-X334: Business continuity,guide,guide,pentest,manufacturing_industrial,,,controlled,,,0,9a85d99e629d77d84696462eb6d36383e9c6eef541ce4a707d3decd1d928268e
MFG-X335,00-Foundation/MFG-X335-Disaster-recovery.md,00-Foundation/MFG-X335-Disaster-recovery.md,1,MFG-X335: Disaster recovery,guide,guide,pentest,manufacturing_industrial,,,controlled,Backup / DR,disaster-recovery systems,1,8f55db1bf9a8e2c1ed363b2ea95b75fb6e2ccd0be349d0d08093932e81af538e
MFG-X336,00-Foundation/MFG-X336-Incident-response.md,00-Foundation/MFG-X336-Incident-response.md,1,MFG-X336: Incident response,guide,guide,pentest,manufacturing_industrial,,,controlled,,,0,5e7d411ceac45b56fb5e7eb5057467fff243b56f83fee0b34f178f3ee914ac41
MFG-X337,00-Foundation/MFG-X337-Crisis-management.md,00-Foundation/MFG-X337-Crisis-management.md,1,MFG-X337: Crisis management,guide,guide,pentest,manufacturing_industrial,,,controlled,,,0,0869afd4cc1ef9cb5588d451e2c9a1aae195292758dcacaab44bdf4d12de44f2
MFG-X338,00-Foundation/MFG-X338-Security-awareness.md,00-Foundation/MFG-X338-Security-awareness.md,1,MFG-X338: Security awareness,guide,guide,pentest,manufacturing_industrial,,,controlled,,,0,6d45697d025a86069710196007b87b5fa9ac38b1c47eac610a4bb9bcd394213c
MFG-X339,00-Foundation/MFG-X339-Regulatory-obligations.md,00-Foundation/MFG-X339-Regulatory-obligations.md,1,MFG-X339: Regulatory obligations,guide,guide,pentest,manufacturing_industrial,,,controlled,,,0,c2718e9a5d1d02b73174d7803c9cff07ac7e93d4a630ef5a95b4c90e6e85f063
MFG-X340,00-Foundation/MFG-X340-Contractual-requirements.md,00-Foundation/MFG-X340-Contractual-requirements.md,1,MFG-X340: Contractual requirements,guide,guide,pentest,manufacturing_industrial,,,controlled,,,0,a288c6fe95b9d5f71c0bdd5d58061221a5094d9788b955d306c52e725781c77e
MFG-X341,00-Foundation/MFG-X341-Customer-security-requirements.md,00-Foundation/MFG-X341-Customer-security-requirements.md,1,MFG-X341: Customer security requirements,guide,guide,pentest,manufacturing_industrial,,,controlled,,,0,b2192e176498fa4cd792d395336d1d006fb2dfe20dc3bf8cc0c1ef1102207b1c
MFG-X342,00-Foundation/MFG-X342-Cyber-insurance-requirements.md,00-Foundation/MFG-X342-Cyber-insurance-requirements.md,1,MFG-X342: Cyber insurance requirements,guide,guide,pentest,manufacturing_industrial,,,controlled,,,0,231bc31b308a40cf80b49487dd42690599ee84d0594b465cd361c05ee01d7365
MFG-X343,00-Foundation/MFG-X343-Applicable-national-sectoral-requirements.md,00-Foundation/MFG-X343-Applicable-national-sectoral-requirements.md,1,MFG-X343: Applicable national/sectoral requirements,guide,guide,pentest,manufacturing_industrial,,,controlled,Wireless / Mobile,BLE,1,73bd69a6444c0b4430dee5fadf074a16d30098af360e4c73b3faa20956b74168
MFG-X344,00-Foundation/MFG-X344-Security-awareness.md,00-Foundation/MFG-X344-Security-awareness.md,1,MFG-X344: Security awareness,guide,guide,pentest,manufacturing_industrial,,,controlled,,,0,8987956d085c78f893019ce75b54b7cba391870de968dee0733352c25700c0f7
MFG-X345,00-Foundation/MFG-X345-Phishing.md,00-Foundation/MFG-X345-Phishing.md,1,MFG-X345: Phishing,guide,guide,pentest,manufacturing_industrial,,,controlled,,,0,796760e1642eda9252d2d9a4686c555cc474666df5145e306c9672b264d5bc41
MFG-X346,00-Foundation/MFG-X346-Spear-phishing.md,00-Foundation/MFG-X346-Spear-phishing.md,1,MFG-X346: Spear phishing,guide,guide,pentest,manufacturing_industrial,,,controlled,,,0,ea2183aef397a06f73011dce12c3a45833cf846b7dfba4017c010bdbca2a9416
MFG-X347,00-Foundation/MFG-X347-Business-email-compromise-scenarios.md,00-Foundation/MFG-X347-Business-email-compromise-scenarios.md,1,MFG-X347: Business email compromise scenarios,guide,guide,pentest,manufacturing_industrial,,,controlled,Enterprise & Business Applications,email,1,d41d15201ad186f1bbd17518e89ff5b241966ab6b8cd7677dd5d2cdeba690016
MFG-X348,00-Foundation/MFG-X348-Vishing.md,00-Foundation/MFG-X348-Vishing.md,1,MFG-X348: Vishing,guide,guide,pentest,manufacturing_industrial,,,controlled,,,0,6655acda66d18bd16240f083709e0cb67d5d49e19f78f5c16c3feb4f8cf05d59
MFG-X349,00-Foundation/MFG-X349-Smishing.md,00-Foundation/MFG-X349-Smishing.md,1,MFG-X349: Smishing,guide,guide,pentest,manufacturing_industrial,,,controlled,,,0,88d24508e0a82afbe778f79f2c8b852a75331daa255140325eada6502e4bf99d
MFG-X350,00-Foundation/MFG-X350-Pretexting.md,00-Foundation/MFG-X350-Pretexting.md,1,MFG-X350: Pretexting,guide,guide,pentest,manufacturing_industrial,,,controlled,Plant Utilities,HVAC;compressed air;cooling;electrical systems;energy management;smart meters;steam;utility monitoring;water,9,99b46b312b06b7f4de6a79d4300c5351645a6f35e19d07426d0754903479ce11
MFG-X351,00-Foundation/MFG-X351-Physical-access-assessment.md,00-Foundation/MFG-X351-Physical-access-assessment.md,1,MFG-X351: Physical access assessment,guide,guide,pentest,manufacturing_industrial,,,controlled,Plant Utilities,HVAC;compressed air;cooling;electrical systems;energy management;smart meters;steam;utility monitoring;water,9,0ec0939205897369c53b3af3bf5c2dd0d884b5db83b4cdd819f391c45e9453d8
MFG-X352,00-Foundation/MFG-X352-Badge-access-control-review.md,00-Foundation/MFG-X352-Badge-access-control-review.md,1,MFG-X352: Badge/access-control review,guide,guide,pentest,manufacturing_industrial,,,controlled,Physical / Facility / Safety;Plant Utilities,HVAC;access control;badge readers;compressed air;cooling;electrical systems;energy management;smart meters;steam;utility monitoring;water,11,dd554648875b6358d67e904593ce5deaef4120891d101e3e97623902936117a7
MFG-X353,00-Foundation/MFG-X353-Tailgating-assessment.md,00-Foundation/MFG-X353-Tailgating-assessment.md,1,MFG-X353: Tailgating assessment,guide,guide,pentest,manufacturing_industrial,,,controlled,,,0,e22f5d21a35a91670e99d519309c85bc24fe420aec18279ec83c91ca661182a4
MFG-X354,00-Foundation/MFG-X354-Visitor-controls.md,00-Foundation/MFG-X354-Visitor-controls.md,1,MFG-X354: Visitor controls,guide,guide,pentest,manufacturing_industrial,,,controlled,Physical / Facility / Safety,visitor management,1,7a98ae1255fa003eb5f2c95f18feb89c4a05fadedc2689c8e8a2acc6978ee207
MFG-X355,00-Foundation/MFG-X355-Clean-desk-media-handling.md,00-Foundation/MFG-X355-Clean-desk-media-handling.md,1,MFG-X355: Clean desk/media handling,guide,guide,pentest,manufacturing_industrial,,,controlled,,,0,a86c8c033b37b56c5f1e5d07bc119d8b7b0f49a594c978995416f76769c8946f
MFG-X356,00-Foundation/MFG-X356-Removable-media-controls.md,00-Foundation/MFG-X356-Removable-media-controls.md,1,MFG-X356: Removable media controls,guide,guide,pentest,manufacturing_industrial,,,controlled,Wireless / Mobile,BLE,1,aa6ed76115e6ac095e4555eba7fa0f7d79e9e5fcc7d24ed38f4c6655b8b7cba3
MFG-X357,00-Foundation/MFG-X357-Security-of-engineering-areas.md,00-Foundation/MFG-X357-Security-of-engineering-areas.md,1,MFG-X357: Security of engineering areas,guide,guide,pentest,manufacturing_industrial,,,controlled,,,0,d72832e3598d5b1ceb53b2f5d3d0d3e2bc3fc3c44f486d48eb2ee19334f0f4b0
MFG-X358,00-Foundation/MFG-X358-Control-room-security.md,00-Foundation/MFG-X358-Control-room-security.md,1,MFG-X358: Control-room security,guide,guide,pentest,manufacturing_industrial,,,controlled,,,0,4af5aaf1c27cf38637c4c8e2eb7fe9700ad6d52c86ef331aea759fb4271d2c6c
MFG-X359,00-Foundation/MFG-X359-Server-room-security.md,00-Foundation/MFG-X359-Server-room-security.md,1,MFG-X359: Server-room security,guide,guide,pentest,manufacturing_industrial,,,controlled,,,0,cd876bc92a64e652a1dd76cc60ed511d3999803e63335075b15823e5c6bcf363
MFG-X360,00-Foundation/MFG-X360-Social-engineering-rules-of-engagement.md,00-Foundation/MFG-X360-Social-engineering-rules-of-engagement.md,1,MFG-X360: Social engineering rules of engagement,guide,guide,pentest,manufacturing_industrial,,,controlled,,,0,00c3b3ca98fae84c668e6d446fc3a391c523e6493c8eb2d7a2de80c75f6a44d7
MFG-X361,00-Foundation/MFG-X361-Backup-architecture.md,00-Foundation/MFG-X361-Backup-architecture.md,1,MFG-X361: Backup architecture,guide,guide,pentest,manufacturing_industrial,,,controlled,Backup / DR;Corporate IT,backup repositories;backup servers,2,619930c82928ceb9d7e74a79434a9a0865758ed760c56fd3613ce2dbb18b1f28
MFG-X362,00-Foundation/MFG-X362-Backup-immutability.md,00-Foundation/MFG-X362-Backup-immutability.md,1,MFG-X362: Backup immutability,guide,guide,pentest,manufacturing_industrial,,,controlled,Backup / DR;Corporate IT,backup repositories;backup servers,2,a73cb6f39e66a1a024b63ed1f1ffa82cf71c5665f779628a785417d715c06104
MFG-X363,00-Foundation/MFG-X363-Offline-backups.md,00-Foundation/MFG-X363-Offline-backups.md,1,MFG-X363: Offline backups,guide,guide,pentest,manufacturing_industrial,,,controlled,Backup / DR;Data & Information;Physical / Facility / Safety,HMI backups;PLC backups;SCADA backups;UPS;backups;cloud backups;database backups;engineering backups;immutable backups;offline backups,10,e04f9d23a3c91851724731cb93e8839904a11055cf0c5db8b95b615e99c60a83
MFG-X364,00-Foundation/MFG-X364-Restore-testing.md,00-Foundation/MFG-X364-Restore-testing.md,1,MFG-X364: Restore testing,guide,guide,pentest,manufacturing_industrial,,,controlled,API & Integration,REST,1,5cd4e98f0d44b283a32ee1867a973e49f5e8f639184d7e3c0207b09200321a16
MFG-X365,00-Foundation/MFG-X365-PLC-logic-backup.md,00-Foundation/MFG-X365-PLC-logic-backup.md,1,MFG-X365: PLC logic backup,guide,guide,pentest,manufacturing_industrial,,,controlled,Backup / DR;Corporate IT;Engineering & IP;OT / ICS;Physical / Facility / Safety,PLC;PLC backups;PLC programming;backup repositories;backup servers;safety PLC,6,aebfa4c17f7df99afa6b44b4e235cbfc67502f088484f41e95f3df9082475152
MFG-X366,00-Foundation/MFG-X366-SCADA-backup.md,00-Foundation/MFG-X366-SCADA-backup.md,1,MFG-X366: SCADA backup,guide,guide,pentest,manufacturing_industrial,,,controlled,Backup / DR;Corporate IT;Data & Information;Engineering & IP;OT / ICS;Security Monitoring,CAD;SCADA;SCADA backups;SCADA clients;SCADA logs;SCADA servers;backup repositories;backup servers;drawings;technical drawings,10,c617344f51395b2edbe564ea6764955ed2df4716d3bf6da17f0f349ce82a9efc
MFG-X367,00-Foundation/MFG-X367-HMI-backup.md,00-Foundation/MFG-X367-HMI-backup.md,1,MFG-X367: HMI backup,guide,guide,pentest,manufacturing_industrial,,,controlled,Backup / DR;Corporate IT;OT / ICS;Security Monitoring,HMI;HMI backups;HMI logs;backup repositories;backup servers,5,16c704e02062ef5984ef1bd6c66d615b7fd9d618d255a56eec715c29dba22a17
MFG-X368,00-Foundation/MFG-X368-Engineering-workstation-backup.md,00-Foundation/MFG-X368-Engineering-workstation-backup.md,1,MFG-X368: Engineering workstation backup,guide,guide,pentest,manufacturing_industrial,,,controlled,Backup / DR;Corporate IT,backup repositories;backup servers;engineering backups,3,617e7f5501a7599bb39be20d80d87fe388f37392b5a2dbb17a181398046744da
MFG-X369,00-Foundation/MFG-X369-Configuration-backup.md,00-Foundation/MFG-X369-Configuration-backup.md,1,MFG-X369: Configuration backup,guide,guide,pentest,manufacturing_industrial,,,controlled,Backup / DR;Corporate IT,backup repositories;backup servers,2,3e1ad7bbf5de614a0d274518b90d3250ad59c60e21331fcc52f63a76f804f3c9
MFG-X370,00-Foundation/MFG-X370-Golden-images.md,00-Foundation/MFG-X370-Golden-images.md,1,MFG-X370: Golden images,guide,guide,pentest,manufacturing_industrial,,,controlled,,,0,e93d37c9991405cb8fc6005741ab542f0bc6402956e44491e75ee1adcc68b38a
MFG-X371,00-Foundation/MFG-X371-Disaster-recovery.md,00-Foundation/MFG-X371-Disaster-recovery.md,1,MFG-X371: Disaster recovery,guide,guide,pentest,manufacturing_industrial,,,controlled,Backup / DR,disaster-recovery systems,1,1b7fa70e5f7d29248eb52cb4a827a8c9f333b674b4c7dce814424b47e2ddb4c2
MFG-X372,00-Foundation/MFG-X372-Business-continuity.md,00-Foundation/MFG-X372-Business-continuity.md,1,MFG-X372: Business continuity,guide,guide,pentest,manufacturing_industrial,,,controlled,,,0,961aac7a2594a1271bcb919a26bfce88befac34e22ae9d7f03d5e201b5d5d046
MFG-X373,00-Foundation/MFG-X373-RTO-RPO.md,00-Foundation/MFG-X373-RTO-RPO.md,1,MFG-X373: RTO/RPO,guide,guide,pentest,manufacturing_industrial,,,controlled,,,0,e49489aeed2ad40df1119f1034b23c3fb2912beb1e3a6ab7880a207b04a43160
MFG-X374,00-Foundation/MFG-X374-Production-recovery.md,00-Foundation/MFG-X374-Production-recovery.md,1,MFG-X374: Production recovery,guide,guide,pentest,manufacturing_industrial,,,controlled,,,0,5ae18df81a0b5f18169b4551b8b1f649fb54cc3a376dccdcfdcda7a74c1d024a
MFG-X375,00-Foundation/MFG-X375-Failover.md,00-Foundation/MFG-X375-Failover.md,1,MFG-X375: Failover,guide,guide,pentest,manufacturing_industrial,,,controlled,,,0,b05a81ffc201fd95bc93fc1ae23da30bf0e2cac202bc2bc40c493141541b0f4b
MFG-X376,00-Foundation/MFG-X376-Redundancy.md,00-Foundation/MFG-X376-Redundancy.md,1,MFG-X376: Redundancy,guide,guide,pentest,manufacturing_industrial,,,controlled,,,0,6501b974db58a3941bbb46e39d5a97beba65495528076edf8c0004da9e84b5c6
MFG-X377,00-Foundation/MFG-X377-High-availability.md,00-Foundation/MFG-X377-High-availability.md,1,MFG-X377: High availability,guide,guide,pentest,manufacturing_industrial,,,controlled,,,0,a757e565ca37ce18156db4fe8f81d1c148ae294f0220d78ab22488b163a720e2
MFG-X378,00-Foundation/MFG-X378-Single-points-of-failure.md,00-Foundation/MFG-X378-Single-points-of-failure.md,1,MFG-X378: Single points of failure,guide,guide,pentest,manufacturing_industrial,,,controlled,,,0,c45943eb26727d3961d4de339d1cd0cecac878237441cdaf78af5d63cbf2b5bd
MFG-X379,00-Foundation/MFG-X379-Crisis-communications.md,00-Foundation/MFG-X379-Crisis-communications.md,1,MFG-X379: Crisis communications,guide,guide,pentest,manufacturing_industrial,,,controlled,,,0,bcad2fb6aaf8f6c5451743aae4f2a68f0de5afe7c9dd5bbead9849d88b0dec2f
MFG-X380,00-Foundation/MFG-X380-Ransomware-recovery.md,00-Foundation/MFG-X380-Ransomware-recovery.md,1,MFG-X380: Ransomware recovery,guide,guide,pentest,manufacturing_industrial,,,controlled,,,0,a43c26d341c7400347b5794aea630e119545ad17b425315d1018fdcb5af6b772
MFG-X381,00-Foundation/MFG-X381-Manufacturing-threat-model.md,00-Foundation/MFG-X381-Manufacturing-threat-model.md,1,MFG-X381: Manufacturing threat model,guide,guide,pentest,manufacturing_industrial,,,controlled,,,0,66f8df47d5a3a40610a21c95c47bf0dba9470f59d1cf8c24ee593751080a64fd
MFG-X382,00-Foundation/MFG-X382-Asset-to-process-mapping.md,00-Foundation/MFG-X382-Asset-to-process-mapping.md,1,MFG-X382: Asset-to-process mapping,guide,guide,pentest,manufacturing_industrial,,,controlled,,,0,87e9bf60360f5c3a68b8a7235917e7f95ae13ecd4a13043cbbdf48ee9406ec9d
MFG-X383,00-Foundation/MFG-X383-Trust-boundary-analysis.md,00-Foundation/MFG-X383-Trust-boundary-analysis.md,1,MFG-X383: Trust-boundary analysis,guide,guide,pentest,manufacturing_industrial,,,controlled,,,0,bcfb7911d5531782174a4c645ccb43eb7105a8abac21f1669e404a8698241a57
MFG-X384,00-Foundation/MFG-X384-Attack-path-analysis.md,00-Foundation/MFG-X384-Attack-path-analysis.md,1,MFG-X384: Attack-path analysis,guide,guide,pentest,manufacturing_industrial,,,controlled,,,0,532746c55fcb37ddbae4adde2826ce0b9f9717381f1fd1ec8658f7354b68f9cb
MFG-X385,00-Foundation/MFG-X385-Initial-access-paths.md,00-Foundation/MFG-X385-Initial-access-paths.md,1,MFG-X385: Initial access paths,guide,guide,pentest,manufacturing_industrial,,,controlled,,,0,41cfdf6f3b3985c3e447c24e13caec35226f5fa4b6e4dffe45fd05effccd5694
MFG-X386,00-Foundation/MFG-X386-IT-to-OT-pathways.md,00-Foundation/MFG-X386-IT-to-OT-pathways.md,1,MFG-X386: IT-to-OT pathways,guide,guide,pentest,manufacturing_industrial,,,controlled,,,0,d3326da49a1261d5c4d058e3d6c7cac8e7f7ccbcb817b1051500d13e938f4b50
MFG-X387,00-Foundation/MFG-X387-OT-to-IT-pathways.md,00-Foundation/MFG-X387-OT-to-IT-pathways.md,1,MFG-X387: OT-to-IT pathways,guide,guide,pentest,manufacturing_industrial,,,controlled,,,0,0adb318830c6a5521f54a6988fa76076774789c7ba1e9717a19ec09b4347cd0a
MFG-X388,00-Foundation/MFG-X388-Vendor-access-paths.md,00-Foundation/MFG-X388-Vendor-access-paths.md,1,MFG-X388: Vendor access paths,guide,guide,pentest,manufacturing_industrial,,,controlled,,,0,7f834b907ef62af3890facfe2f51cd385cd6a1a0c014253a94861501de61434f
MFG-X389,00-Foundation/MFG-X389-Cloud-to-plant-paths.md,00-Foundation/MFG-X389-Cloud-to-plant-paths.md,1,MFG-X389: Cloud-to-plant paths,guide,guide,pentest,manufacturing_industrial,,,controlled,API & Integration;Backup / DR;Cloud & Digital Infrastructure;External / Internet-Facing;Identity & Privilege;Security Monitoring,cloud APIs;cloud backups;cloud databases;cloud identities;cloud keys;cloud logs;hybrid cloud;private cloud;public cloud endpoints,9,d8f69b6a389e4a3812888f0a27d107c73b34221dd05ed7c69c4e707c361accc1
MFG-X390,00-Foundation/MFG-X390-Engineering-workstation-attack-paths.md,00-Foundation/MFG-X390-Engineering-workstation-attack-paths.md,1,MFG-X390: Engineering workstation attack paths,guide,guide,pentest,manufacturing_industrial,,,controlled,,,0,8fe6e2a0bea87f0913dbeb4b2e7eac0ad3f07cd2f9f41210a286305cc2d6f3d2
MFG-X391,00-Foundation/MFG-X391-Identity-attack-paths.md,00-Foundation/MFG-X391-Identity-attack-paths.md,1,MFG-X391: Identity attack paths,guide,guide,pentest,manufacturing_industrial,,,controlled,,,0,cd34d1431c79c05941c18479faa04c6f8346200af643266a3d5b28c3c3f3a19b
MFG-X392,00-Foundation/MFG-X392-Data-exfiltration-paths.md,00-Foundation/MFG-X392-Data-exfiltration-paths.md,1,MFG-X392: Data exfiltration paths,guide,guide,pentest,manufacturing_industrial,,,controlled,,,0,fb7c774fc266d9a7496339f9d46ef108f168aa899cd33404f8efedb786a29a0c
MFG-X393,00-Foundation/MFG-X393-Process-manipulation-scenarios.md,00-Foundation/MFG-X393-Process-manipulation-scenarios.md,1,MFG-X393: Process manipulation scenarios,guide,guide,pentest,manufacturing_industrial,,,controlled,,,0,a9d7786b64cef9d24bb2acc92061a3ee115b73633499c6016d6158bbd36786e0
MFG-X394,00-Foundation/MFG-X394-Availability-disruption-scenarios.md,00-Foundation/MFG-X394-Availability-disruption-scenarios.md,1,MFG-X394: Availability disruption scenarios,guide,guide,pentest,manufacturing_industrial,,,controlled,,,0,fa832adec1d9f1cfffd64539ecaaebb85898e386f140bcf6b8e9bdb32c10ade4
MFG-X395,00-Foundation/MFG-X395-Safety-impact-scenarios.md,00-Foundation/MFG-X395-Safety-impact-scenarios.md,1,MFG-X395: Safety-impact scenarios,guide,guide,pentest,manufacturing_industrial,,,controlled,OT / ICS;Physical / Facility / Safety,PAC;safety PLC;safety controllers;safety interlocks,4,beb27416e987e348059352b0fda500340610eea98725ffa857bfb99596c0e090
MFG-X396,00-Foundation/MFG-X396-OT-telemetry.md,00-Foundation/MFG-X396-OT-telemetry.md,1,MFG-X396: OT telemetry,guide,guide,pentest,manufacturing_industrial,,,controlled,,,0,7a3d31f8cff9ee3ac70bfe35f635d9453bd6fb6925e20ab422553e0b02bab177
MFG-X397,00-Foundation/MFG-X397-Network-telemetry.md,00-Foundation/MFG-X397-Network-telemetry.md,1,MFG-X397: Network telemetry,guide,guide,pentest,manufacturing_industrial,,,controlled,,,0,c0736593dec59599da51fa4209898be3fd9ccd87d9fd67162d76ca34801c462f
MFG-X398,00-Foundation/MFG-X398-Asset-aware-logging.md,00-Foundation/MFG-X398-Asset-aware-logging.md,1,MFG-X398: Asset-aware logging,guide,guide,pentest,manufacturing_industrial,,,controlled,,,0,808f75a2dfb462e12d4449209da125c1f7d3f1510786b2214606e1fde4a93f55
MFG-X399,00-Foundation/MFG-X399-SIEM-integration.md,00-Foundation/MFG-X399-SIEM-integration.md,1,MFG-X399: SIEM integration,guide,guide,pentest,manufacturing_industrial,,,controlled,Security Monitoring,SIEM,1,0fb7c35d39cb7ce92fff81f10f0198a42a7d072be78ac69a07414a6f68db1265
MFG-X400,00-Foundation/MFG-X400-OT-IDS.md,00-Foundation/MFG-X400-OT-IDS.md,1,MFG-X400: OT IDS,guide,guide,pentest,manufacturing_industrial,,,controlled,Security Monitoring,IDS;OT IDS,2,f343ae985987f0a261dbf975ca15d737f95d5ead4076f222ae7f81f92bc0459f
MFG-X401,00-Foundation/MFG-X401-Detection-use-cases.md,00-Foundation/MFG-X401-Detection-use-cases.md,1,MFG-X401: Detection use cases,guide,guide,pentest,manufacturing_industrial,,,controlled,,,0,493f994d6876366ce943ce192eb895f419c503abcf6f57242064463d09b8086d
MFG-X402,00-Foundation/MFG-X402-Alert-triage.md,00-Foundation/MFG-X402-Alert-triage.md,1,MFG-X402: Alert triage,guide,guide,pentest,manufacturing_industrial,,,controlled,,,0,a5c95e1f25d4a70daab1ab5c9ec8bdfa8cc311cfe361f56b922250ac3424c701
MFG-X403,00-Foundation/MFG-X403-SOC-OT-SOC-workflow.md,00-Foundation/MFG-X403-SOC-OT-SOC-workflow.md,1,MFG-X403: SOC/OT SOC workflow,guide,guide,pentest,manufacturing_industrial,,,controlled,,,0,8bbaf94d7000b0396d72e42e2317edc2ea55d2783a0391df233de98adcf64281
MFG-X404,00-Foundation/MFG-X404-Incident-escalation.md,00-Foundation/MFG-X404-Incident-escalation.md,1,MFG-X404: Incident escalation,guide,guide,pentest,manufacturing_industrial,,,controlled,,,0,59d54974fd2240a725dbdf1aaece69ec5404f2a1f741d1a25aa8fc2a16057cf0
MFG-X405,00-Foundation/MFG-X405-Containment.md,00-Foundation/MFG-X405-Containment.md,1,MFG-X405: Containment,guide,guide,pentest,manufacturing_industrial,,,controlled,,,0,1df5f723403ec3c461863699e24083840b19fba39fcd826d4fe99a1e33d170c0
MFG-X406,00-Foundation/MFG-X406-OT-safe-incident-response.md,00-Foundation/MFG-X406-OT-safe-incident-response.md,1,MFG-X406: OT-safe incident response,guide,guide,pentest,manufacturing_industrial,,,controlled,,,0,c2968badca90fb142cf00490a9e50b7ce760660bbeaf7e1885d3854c083ea022
MFG-X407,00-Foundation/MFG-X407-Forensics-readiness.md,00-Foundation/MFG-X407-Forensics-readiness.md,1,MFG-X407: Forensics readiness,guide,guide,pentest,manufacturing_industrial,,,controlled,,,0,36a89a740b2734152fa2ad68b325c52fa7c8a7a21a956925c90e71589ff86e90
MFG-X408,00-Foundation/MFG-X408-Evidence-preservation.md,00-Foundation/MFG-X408-Evidence-preservation.md,1,MFG-X408: Evidence preservation,guide,guide,pentest,manufacturing_industrial,,,controlled,,,0,6b1079ec56ddd9a394966fce63e14794f9b68345cf78117bc549bed9848aa00d
MFG-X409,00-Foundation/MFG-X409-Threat-hunting.md,00-Foundation/MFG-X409-Threat-hunting.md,1,MFG-X409: Threat hunting,guide,guide,pentest,manufacturing_industrial,,,controlled,,,0,8307bde6687c1e33d8609952f6e0139cc16c4f57843f2248482084d06feea4f3
MFG-X410,00-Foundation/MFG-X410-Recovery-validation.md,00-Foundation/MFG-X410-Recovery-validation.md,1,MFG-X410: Recovery validation,guide,guide,pentest,manufacturing_industrial,,,controlled,,,0,e679dd4245fb65c98ee842a23e0c7239ca7292bc93d6974f472adee33c7778fe
MFG-X411,00-Foundation/MFG-X411-SDLC.md,00-Foundation/MFG-X411-SDLC.md,1,MFG-X411: SDLC,guide,guide,pentest,manufacturing_industrial,,,controlled,,,0,4b40d2e5bbcb14c62ed8a914ebb0a129e4f50d2ec8390ff52f4e0ea22dbd5401
MFG-X412,00-Foundation/MFG-X412-Secure-SDLC.md,00-Foundation/MFG-X412-Secure-SDLC.md,1,MFG-X412: Secure SDLC,guide,guide,pentest,manufacturing_industrial,,,controlled,,,0,7cbcf8c1160a679d459124cdb47e91b3057d36e77d98317fcc9dc76a170322cc
MFG-X413,00-Foundation/MFG-X413-Requirements-security.md,00-Foundation/MFG-X413-Requirements-security.md,1,MFG-X413: Requirements security,guide,guide,pentest,manufacturing_industrial,,,controlled,,,0,31a35b0717658d16048c3eb290232f2ffc7c571c75d55b60860ba7aa733bbb34
MFG-X414,00-Foundation/MFG-X414-Architecture-review.md,00-Foundation/MFG-X414-Architecture-review.md,1,MFG-X414: Architecture review,guide,guide,pentest,manufacturing_industrial,,,controlled,,,0,1cadaaec48436601f8c592e9a8df731a9482abe6ca0ce3ea54993bfa6694529a
MFG-X415,00-Foundation/MFG-X415-Code-review.md,00-Foundation/MFG-X415-Code-review.md,1,MFG-X415: Code review,guide,guide,pentest,manufacturing_industrial,,,controlled,,,0,20d9f9fe0174b66833e25106cb95d300da7fe7dfdcbeddb106ca23172ed5e292
MFG-X416,00-Foundation/MFG-X416-SAST.md,00-Foundation/MFG-X416-SAST.md,1,MFG-X416: SAST,guide,guide,pentest,manufacturing_industrial,,,controlled,Backup / DR,disaster-recovery systems,1,850e77da8d4bae60d55a55bcdcb2e9c46b91546af5669495fb7bf398a6164113
MFG-X417,00-Foundation/MFG-X417-DAST.md,00-Foundation/MFG-X417-DAST.md,1,MFG-X417: DAST,guide,guide,pentest,manufacturing_industrial,,,controlled,,,0,21373cd0d13db0c974f3a0c48f2cd2db51ebe4c317661839b5c76680f1718b0f
MFG-X418,00-Foundation/MFG-X418-Dependency-SBOM-review.md,00-Foundation/MFG-X418-Dependency-SBOM-review.md,1,MFG-X418: Dependency/SBOM review,guide,guide,pentest,manufacturing_industrial,,,controlled,Data & Information,BOM,1,ee74d78a892be50cb2a31871046e943f9ed3ecd7abba0482e78fc14440ae54ed
MFG-X419,00-Foundation/MFG-X419-Container-image-security.md,00-Foundation/MFG-X419-Container-image-security.md,1,MFG-X419: Container image security,guide,guide,pentest,manufacturing_industrial,,,controlled,Cloud & Digital Infrastructure;Software Supply Chain / DevSecOps,container registries;containers,2,c3a1522b8589ec3aca1f444d2828746230fa5b50c5e836e2d45a1c51fdec18a7
MFG-X420,00-Foundation/MFG-X420-CI-CD-security.md,00-Foundation/MFG-X420-CI-CD-security.md,1,MFG-X420: CI/CD security,guide,guide,pentest,manufacturing_industrial,,,controlled,Software Supply Chain / DevSecOps,CI/CD,1,7020695766c6e1f75792cddc62b813fca95cb9d948552908debaf0fa8bfd6054
MFG-X421,00-Foundation/MFG-X421-Artifact-integrity.md,00-Foundation/MFG-X421-Artifact-integrity.md,1,MFG-X421: Artifact integrity,guide,guide,pentest,manufacturing_industrial,,,controlled,,,0,3540cbcbbf1d00148d801a6299b12176e1069fdf40c86e87d47137a163410a1c
MFG-X422,00-Foundation/MFG-X422-Code-signing.md,00-Foundation/MFG-X422-Code-signing.md,1,MFG-X422: Code signing,guide,guide,pentest,manufacturing_industrial,,,controlled,Cryptographic / Time Services;Software Supply Chain / DevSecOps,code signing;code-signing certificates,2,74fd9ad8ba8ca3c245aff5756ba89dbb74983bcf8734137e88a1c45fe5f4be94
MFG-X423,00-Foundation/MFG-X423-Firmware-signing.md,00-Foundation/MFG-X423-Firmware-signing.md,1,MFG-X423: Firmware signing,guide,guide,pentest,manufacturing_industrial,,,controlled,Data & Information;Engineering & IP,firmware;firmware repositories,2,1b324d8c2a1c22cc06c5741790c9ec397903818b101be348b2b65883ff319050
MFG-X424,00-Foundation/MFG-X424-Update-mechanisms.md,00-Foundation/MFG-X424-Update-mechanisms.md,1,MFG-X424: Update mechanisms,guide,guide,pentest,manufacturing_industrial,,,controlled,,,0,03580ffcb8da154e7cc3f2007aff9f640694f81a6bd30c86f9eea92d351ed71e
MFG-X425,00-Foundation/MFG-X425-Secrets-management.md,00-Foundation/MFG-X425-Secrets-management.md,1,MFG-X425: Secrets management,guide,guide,pentest,manufacturing_industrial,,,controlled,Cloud & Digital Infrastructure;Software Supply Chain / DevSecOps,secrets;secrets management,2,454f2538cbf041082d2be85e2a304a4636aa26fbf545f79c2e45680774c5426c
MFG-X426,00-Foundation/MFG-X426-Data-classification.md,00-Foundation/MFG-X426-Data-classification.md,1,MFG-X426: Data classification,guide,guide,pentest,manufacturing_industrial,,,controlled,,,0,5bc50f03bc386138981d8bff71decaa7c89b3003b6a2ecf4ab27c379ec48b1e5
MFG-X427,00-Foundation/MFG-X427-Data-retention.md,00-Foundation/MFG-X427-Data-retention.md,1,MFG-X427: Data retention,guide,guide,pentest,manufacturing_industrial,,,controlled,,,0,35e05013d8171372514cbab6d52e4efb8e36ed82af78f64518e23e8fcca6ccf0
MFG-X428,00-Foundation/MFG-X428-Data-minimization.md,00-Foundation/MFG-X428-Data-minimization.md,1,MFG-X428: Data minimization,guide,guide,pentest,manufacturing_industrial,,,controlled,,,0,4f93eefe3ba7d8ca2a4e0cba785b3d1ba6c80b052e7381f4c7cb1be334177b5e
MFG-X429,00-Foundation/MFG-X429-DLP.md,00-Foundation/MFG-X429-DLP.md,1,MFG-X429: DLP,guide,guide,pentest,manufacturing_industrial,,,controlled,,,0,9a2082c546c6db1b331bdbd7fb7e75a0a43b87f87dd0ca9158e4caf02727ebb6
MFG-X430,00-Foundation/MFG-X430-Encryption-at-rest.md,00-Foundation/MFG-X430-Encryption-at-rest.md,1,MFG-X430: Encryption at rest,guide,guide,pentest,manufacturing_industrial,,,controlled,API & Integration,REST,1,189b49e3327fa0992e83567c8b32f4ab69e367d7abd56c968d350aeb0e02405a
MFG-X431,00-Foundation/MFG-X431-Encryption-in-transit.md,00-Foundation/MFG-X431-Encryption-in-transit.md,1,MFG-X431: Encryption in transit,guide,guide,pentest,manufacturing_industrial,,,controlled,,,0,4c97df096b5ef2192dcc9abd8852f9373ba74f1b603630ce0603c3a9ad150350
MFG-X432,00-Foundation/MFG-X432-Key-management.md,00-Foundation/MFG-X432-Key-management.md,1,MFG-X432: Key management,guide,guide,pentest,manufacturing_industrial,,,controlled,Cryptographic / Time Services,key-management,1,71e069e295abb04e927db875a92c02d481802579376d090607e9c8fccb81c2d0
MFG-X433,00-Foundation/MFG-X433-Cloud-landing-zones.md,00-Foundation/MFG-X433-Cloud-landing-zones.md,1,MFG-X433: Cloud landing zones,guide,guide,pentest,manufacturing_industrial,,,controlled,API & Integration;Backup / DR;Cloud & Digital Infrastructure;External / Internet-Facing;Identity & Privilege;Security Monitoring,cloud APIs;cloud backups;cloud databases;cloud identities;cloud keys;cloud logs;hybrid cloud;private cloud;public cloud endpoints,9,8541b04142f9f1f82b0da9404b32d56244cc5062e4ac399fb5a356f561c21530
MFG-X434,00-Foundation/MFG-X434-Cloud-governance.md,00-Foundation/MFG-X434-Cloud-governance.md,1,MFG-X434: Cloud governance,guide,guide,pentest,manufacturing_industrial,,,controlled,API & Integration;Backup / DR;Cloud & Digital Infrastructure;External / Internet-Facing;Identity & Privilege;Security Monitoring,cloud APIs;cloud backups;cloud databases;cloud identities;cloud keys;cloud logs;hybrid cloud;private cloud;public cloud endpoints,9,01a14a01683a1ea03b0b418121ba16c3637c6f49ac857a392d5094e1450fba68
MFG-X435,00-Foundation/MFG-X435-Cloud-IAM.md,00-Foundation/MFG-X435-Cloud-IAM.md,1,MFG-X435: Cloud IAM,guide,guide,pentest,manufacturing_industrial,,,controlled,API & Integration;Backup / DR;Cloud & Digital Infrastructure;External / Internet-Facing;Identity & Privilege;Security Monitoring,IAM;cloud APIs;cloud backups;cloud databases;cloud identities;cloud keys;cloud logs;hybrid cloud;private cloud;public cloud endpoints,10,7365780d8c20d1b95c40cb45d91b49460106a215acc01ae1a414052ba0709524
MFG-X436,00-Foundation/MFG-X436-Cloud-network-segmentation.md,00-Foundation/MFG-X436-Cloud-network-segmentation.md,1,MFG-X436: Cloud network segmentation,guide,guide,pentest,manufacturing_industrial,,,controlled,API & Integration;Backup / DR;Cloud & Digital Infrastructure;External / Internet-Facing;Identity & Privilege;Security Monitoring,cloud APIs;cloud backups;cloud databases;cloud identities;cloud keys;cloud logs;hybrid cloud;private cloud;public cloud endpoints,9,29af2f6cee510d04be40237e45382d52ac57dd7dfcf3a7fe1b7753d80742c3e6
MFG-X437,00-Foundation/MFG-X437-Cloud-logging.md,00-Foundation/MFG-X437-Cloud-logging.md,1,MFG-X437: Cloud logging,guide,guide,pentest,manufacturing_industrial,,,controlled,API & Integration;Backup / DR;Cloud & Digital Infrastructure;External / Internet-Facing;Identity & Privilege;Security Monitoring,cloud APIs;cloud backups;cloud databases;cloud identities;cloud keys;cloud logs;hybrid cloud;private cloud;public cloud endpoints,9,dc05b7d8388346838b581d79b1950727ca2f33cac74de500dec381a5c15ddf1c
MFG-X438,00-Foundation/MFG-X438-Cloud-posture.md,00-Foundation/MFG-X438-Cloud-posture.md,1,MFG-X438: Cloud posture,guide,guide,pentest,manufacturing_industrial,,,controlled,API & Integration;Backup / DR;Cloud & Digital Infrastructure;External / Internet-Facing;Identity & Privilege;Security Monitoring,cloud APIs;cloud backups;cloud databases;cloud identities;cloud keys;cloud logs;hybrid cloud;private cloud;public cloud endpoints,9,2d8d007aea66e4004835e6a5fedc609de830910366366ffb614d6545608246af
MFG-X439,00-Foundation/MFG-X439-Object-storage.md,00-Foundation/MFG-X439-Object-storage.md,1,MFG-X439: Object storage,guide,guide,pentest,manufacturing_industrial,,,controlled,Cloud & Digital Infrastructure,object storage,1,1a7a1992c627e70bd7fc1fd86990db66744ffdac13b282a338da236ed737c9c6
MFG-X440,00-Foundation/MFG-X440-Cloud-databases.md,00-Foundation/MFG-X440-Cloud-databases.md,1,MFG-X440: Cloud databases,guide,guide,pentest,manufacturing_industrial,,,controlled,AI / Analytics;API & Integration;Backup / DR;Cloud & Digital Infrastructure;External / Internet-Facing;Identity & Privilege;Security Monitoring,AI APIs;AI/ML platforms;ML pipelines;analytics platforms;cloud APIs;cloud backups;cloud databases;cloud identities;cloud keys;cloud logs;computer vision;data science platforms;generative AI systems;hybrid cloud;model serving;predictive maintenance;private cloud;public cloud endpoints,18,821c8dcb10a42480343745b858c17e213b90927638a03b100412e6ba51317a7e
MFG-X441,00-Foundation/MFG-X441-Containers.md,00-Foundation/MFG-X441-Containers.md,1,MFG-X441: Containers,guide,guide,pentest,manufacturing_industrial,,,controlled,Cloud & Digital Infrastructure;Software Supply Chain / DevSecOps,container registries;containers,2,40769b68a16343c8ee5a7b3c909eb1168ac6d404160cb1a9ea3646a89428d4f1
MFG-X442,00-Foundation/MFG-X442-Kubernetes.md,00-Foundation/MFG-X442-Kubernetes.md,1,MFG-X442: Kubernetes,guide,guide,pentest,manufacturing_industrial,,,controlled,Cloud & Digital Infrastructure,Kubernetes,1,783853891edc6159590b8aa3323415f9a1b96d77d6c5c3e4febbdcf39bde6198
MFG-X443,00-Foundation/MFG-X443-Serverless.md,00-Foundation/MFG-X443-Serverless.md,1,MFG-X443: Serverless,guide,guide,pentest,manufacturing_industrial,,,controlled,Cloud & Digital Infrastructure,serverless,1,0fb2fd008b600c70986b715013d0e7e8295061ddf799c14a9444d7b980c3fb81
MFG-X444,00-Foundation/MFG-X444-Edge-computing.md,00-Foundation/MFG-X444-Edge-computing.md,1,MFG-X444: Edge computing,guide,guide,pentest,manufacturing_industrial,,,controlled,,,0,4fadd50756e4951f4f61ba3cf4edbc74f67978fde1f6cfde8e49b78540288197
MFG-X445,00-Foundation/MFG-X445-Edge-to-cloud-trust.md,00-Foundation/MFG-X445-Edge-to-cloud-trust.md,1,MFG-X445: Edge-to-cloud trust,guide,guide,pentest,manufacturing_industrial,,,controlled,API & Integration;Backup / DR;Cloud & Digital Infrastructure;External / Internet-Facing;Identity & Privilege;Security Monitoring,cloud APIs;cloud backups;cloud databases;cloud identities;cloud keys;cloud logs;hybrid cloud;private cloud;public cloud endpoints,9,a3ad8bd249d6dedc72c4fddd9ea369ef070d41b45fc82c028f4b65fd2c6d346e
MFG-X446,00-Foundation/MFG-X446-IoT-device-identity.md,00-Foundation/MFG-X446-IoT-device-identity.md,1,MFG-X446: IoT device identity,guide,guide,pentest,manufacturing_industrial,,,controlled,,,0,f5f61890a16bcdd9b2f4f2a901dfe5fa069c6510ad627f3cf6b404aeb2702031
MFG-X447,00-Foundation/MFG-X447-Device-provisioning.md,00-Foundation/MFG-X447-Device-provisioning.md,1,MFG-X447: Device provisioning,guide,guide,pentest,manufacturing_industrial,,,controlled,,,0,29e48c6a87f6685bcb5fcec0b6ee139d07caf999693b825f8af6eac0526d0fa8
MFG-X448,00-Foundation/MFG-X448-Device-decommissioning.md,00-Foundation/MFG-X448-Device-decommissioning.md,1,MFG-X448: Device decommissioning,guide,guide,pentest,manufacturing_industrial,,,controlled,,,0,2501226c3f9a6444f078ebc7f1da605823abd72b6e7e9c55fb41174013a3eaee
MFG-X449,00-Foundation/MFG-X449-Digital-twins.md,00-Foundation/MFG-X449-Digital-twins.md,1,MFG-X449: Digital twins,guide,guide,pentest,manufacturing_industrial,,,controlled,IIoT / Edge / Industry 4.0;Software Supply Chain / DevSecOps,Git;digital twins,2,39ec25ceaf5b3b3fcd8c6edd2fcbd9f6371c4236194be202771f4e3b0777e519
MFG-X450,00-Foundation/MFG-X450-AI-ML-pipelines.md,00-Foundation/MFG-X450-AI-ML-pipelines.md,1,MFG-X450: AI/ML pipelines,guide,guide,pentest,manufacturing_industrial,,,controlled,AI / Analytics,ML pipelines,1,301924e59c410d99d4d7bd6a322556845b18eed74111cfde33e8bd660d5891fd
MFG-X451,00-Foundation/MFG-X451-Model-security.md,00-Foundation/MFG-X451-Model-security.md,1,MFG-X451: Model security,guide,guide,pentest,manufacturing_industrial,,,controlled,,,0,f7807ebcc0e7978fe625f076a7e57d2ee0edf5a928a5e5aeabb85e29acff3172
MFG-X452,00-Foundation/MFG-X452-AI-API-security.md,00-Foundation/MFG-X452-AI-API-security.md,1,MFG-X452: AI API security,guide,guide,pentest,manufacturing_industrial,,,controlled,AI / Analytics;Cloud & Digital Infrastructure;Data & Information;External / Internet-Facing;Identity & Privilege;Security Monitoring,AI APIs;API gateways;API identities;API keys;API logs,5,6a0dfe219b3907d5fe66b5a32b116e43920e6e49dcb69b710ebe428feb73a5c6
MFG-X453,00-Foundation/MFG-X453-AI-data-exposure.md,00-Foundation/MFG-X453-AI-data-exposure.md,1,MFG-X453: AI data exposure,guide,guide,pentest,manufacturing_industrial,,,controlled,,,0,2e645c9090faf756bf17fcac74f1a1b81574b065f7a8a41aaa33b4b1f73076df
MFG-X454,00-Foundation/MFG-X454-AI-supply-chain.md,00-Foundation/MFG-X454-AI-supply-chain.md,1,MFG-X454: AI supply chain,guide,guide,pentest,manufacturing_industrial,,,controlled,Enterprise & Business Applications,supply-chain systems,1,8bf9fece44cc0513dff2308792546e95d5d5291cb90d8b1b499ff5d7332f0594
MFG-X455,00-Foundation/MFG-X455-Robotics.md,00-Foundation/MFG-X455-Robotics.md,1,MFG-X455: Robotics,guide,guide,pentest,manufacturing_industrial,,,controlled,,,0,3923df52964f97600f5723bf71900507e11b3c7a1133da921a3928f4774cc0e4
MFG-X456,00-Foundation/MFG-X456-CNC.md,00-Foundation/MFG-X456-CNC.md,1,MFG-X456: CNC,guide,guide,pentest,manufacturing_industrial,,,controlled,Engineering & IP;Industrial / Cyber-Physical,CNC machines;CNC programming,2,e49797416abc90a7a08e464a513e2b89cb98f0e1ceef9e4e2a740cdba851e559
MFG-X457,00-Foundation/MFG-X457-Machine-vision.md,00-Foundation/MFG-X457-Machine-vision.md,1,MFG-X457: Machine vision,guide,guide,pentest,manufacturing_industrial,,,controlled,Industrial / Cyber-Physical,machine vision,1,d6aea6c57b39d944b4d22886fcf91332cfc406fdbf9a704fa3761e7b96f9dec7
MFG-X458,00-Foundation/MFG-X458-AGV.md,00-Foundation/MFG-X458-AGV.md,1,MFG-X458: AGV,guide,guide,pentest,manufacturing_industrial,,,controlled,Industrial / Cyber-Physical,AGVs,1,4ae88636f1c52f4b6176249e42a3068933442c36303b75348156b860418697ff
MFG-X459,00-Foundation/MFG-X459-AMR.md,00-Foundation/MFG-X459-AMR.md,1,MFG-X459: AMR,guide,guide,pentest,manufacturing_industrial,,,controlled,Industrial / Cyber-Physical,AMRs,1,f96438bba32aeb37cbac4e9a3faf1fc7bed9be603694c6072bddcb74458f626c
MFG-X460,00-Foundation/MFG-X460-Barcode-systems.md,00-Foundation/MFG-X460-Barcode-systems.md,1,MFG-X460: Barcode systems,guide,guide,pentest,manufacturing_industrial,,,controlled,,,0,f03166f8c67eba364c3787550b5c86504093311244a95750c0a5723ac6a9cedb
MFG-X461,00-Foundation/MFG-X461-RFID.md,00-Foundation/MFG-X461-RFID.md,1,MFG-X461: RFID,guide,guide,pentest,manufacturing_industrial,,,controlled,Wireless / Mobile,RFID;RFID readers,2,72d661d1de761619c078183c18c45ae3d6ec8d4f653b03fc51e504adc4a56831
MFG-X462,00-Foundation/MFG-X462-Industrial-printers.md,00-Foundation/MFG-X462-Industrial-printers.md,1,MFG-X462: Industrial printers,guide,guide,pentest,manufacturing_industrial,,,controlled,Corporate IT,printers,1,1ecf4fa9888d7811cf2bd706405a2925fb64316897c85da269f94019731fc329
MFG-X463,00-Foundation/MFG-X463-Laboratory-systems.md,00-Foundation/MFG-X463-Laboratory-systems.md,1,MFG-X463: Laboratory systems,guide,guide,pentest,manufacturing_industrial,,,controlled,,,0,50d6b69b4b66a0bdf57134c691de105bbbbb7792aacd0c8566c6443c3ee815a0
MFG-X464,00-Foundation/MFG-X464-Calibration-systems.md,00-Foundation/MFG-X464-Calibration-systems.md,1,MFG-X464: Calibration systems,guide,guide,pentest,manufacturing_industrial,,,controlled,,,0,3e5599717e8b697edd1ea2bcfdda58e6277ed048eb969bbce4353eb76b603e15
MFG-X465,00-Foundation/MFG-X465-Test-systems.md,00-Foundation/MFG-X465-Test-systems.md,1,MFG-X465: Test systems,guide,guide,pentest,manufacturing_industrial,,,controlled,,,0,730398218af0c7289c97f8325fcb0fb20951766b541fbcee79bc964afef0514c
MFG-X466,00-Foundation/MFG-X466-Electronic-work-instructions.md,00-Foundation/MFG-X466-Electronic-work-instructions.md,1,MFG-X466: Electronic work instructions,guide,guide,pentest,manufacturing_industrial,,,controlled,Manufacturing Operations,work instructions,1,7ee5619d4ee9b9867a8677f0a3a5c8d105a6e0ee6d6f86b06248c245aef08a26
MFG-X467,00-Foundation/MFG-X467-Track-and-trace.md,00-Foundation/MFG-X467-Track-and-trace.md,1,MFG-X467: Track-and-trace,guide,guide,pentest,manufacturing_industrial,,,controlled,,,0,71a79fd84932f2e1678f63f11f9ab61d493f452af1753b344eaaad1d852b9c5a
MFG-X468,00-Foundation/MFG-X468-Serialization.md,00-Foundation/MFG-X468-Serialization.md,1,MFG-X468: Serialization,guide,guide,pentest,manufacturing_industrial,,,controlled,,,0,6faa6b4c23fe461ef7005dd26d86dbb14b997115a44ef73049b5f2bfa49b10cb
MFG-X469,00-Foundation/MFG-X469-Batch-records.md,00-Foundation/MFG-X469-Batch-records.md,1,MFG-X469: Batch records,guide,guide,pentest,manufacturing_industrial,,,controlled,Manufacturing Operations,electronic batch records,1,f855a936586ba6f77ecbe66900878c942928dc7476fbad7e2de37102520d11a3
MFG-X470,00-Foundation/MFG-X470-Warehouse-automation.md,00-Foundation/MFG-X470-Warehouse-automation.md,1,MFG-X470: Warehouse automation,guide,guide,pentest,manufacturing_industrial,,,controlled,,,0,ea39fce3cc40136901a41d2e546b07bf2a271581aedadcbe35608a877ce31732
MFG-X471,00-Foundation/MFG-X471-Automated-storage-retrieval.md,00-Foundation/MFG-X471-Automated-storage-retrieval.md,1,MFG-X471: Automated storage/retrieval,guide,guide,pentest,manufacturing_industrial,,,controlled,Industrial / Cyber-Physical,automated storage,1,c3ff17844971a59ac8bb8c5270b026b53615e48196c3539ede0da2c10a5d732d
MFG-X472,00-Foundation/MFG-X472-Energy-management.md,00-Foundation/MFG-X472-Energy-management.md,1,MFG-X472: Energy management,guide,guide,pentest,manufacturing_industrial,,,controlled,Plant Utilities,energy management,1,32a4e9cda24288616bb3bf963b2eca73f14b86cb62d121da6ff4ec426927468f
MFG-X473,00-Foundation/MFG-X473-Building-management.md,00-Foundation/MFG-X473-Building-management.md,1,MFG-X473: Building management,guide,guide,pentest,manufacturing_industrial,,,controlled,,,0,06f2adc9a72cba982a1856b4a2c54e11d5973f046912f45dc1592e1b9b33e93b
MFG-X474,00-Foundation/MFG-X474-Environmental-monitoring.md,00-Foundation/MFG-X474-Environmental-monitoring.md,1,MFG-X474: Environmental monitoring,guide,guide,pentest,manufacturing_industrial,,,controlled,Physical / Facility / Safety,environmental monitoring,1,c49d750bed5140d9e2d8ff0bb2809ce2574fc152d3af830992aa386acb15a010
MFG-X475,00-Foundation/MFG-X475-Rules-of-engagement.md,00-Foundation/MFG-X475-Rules-of-engagement.md,1,MFG-X475: Rules of engagement,guide,guide,pentest,manufacturing_industrial,,,controlled,,,0,d5d7d95916e5c19035c5725311e5169c1da42537575e2b44c7a06f2f6e10c89f
MFG-X476,00-Foundation/MFG-X476-Asset-authorization.md,00-Foundation/MFG-X476-Asset-authorization.md,1,MFG-X476: Asset authorization,guide,guide,pentest,manufacturing_industrial,,,controlled,,,0,5a8f4b18a784696d6748674aee866a19fb786ee97ab8edb884e5967b01a0e989
MFG-X477,00-Foundation/MFG-X477-Test-accounts.md,00-Foundation/MFG-X477-Test-accounts.md,1,MFG-X477: Test accounts,guide,guide,pentest,manufacturing_industrial,,,controlled,,,0,28cc7833344855e498aed8125aec61d49612fb73a17fd073cad45cec8a3bf287
MFG-X478,00-Foundation/MFG-X478-Maintenance-windows.md,00-Foundation/MFG-X478-Maintenance-windows.md,1,MFG-X478: Maintenance windows,guide,guide,pentest,manufacturing_industrial,,,controlled,AI / Analytics;IIoT / Edge / Industry 4.0;Manufacturing Operations;Remote Access & Third Parties,maintenance contractors;maintenance systems;predictive maintenance;vendor maintenance,4,00aaeaaa3a0e75a3445b94e5dfab351bfcdcb70fb41a8a3b80f5156180b5798d
MFG-X479,00-Foundation/MFG-X479-Safety-approvals.md,00-Foundation/MFG-X479-Safety-approvals.md,1,MFG-X479: Safety approvals,guide,guide,pentest,manufacturing_industrial,,,controlled,OT / ICS;Physical / Facility / Safety,safety PLC;safety controllers;safety interlocks,3,4308c7baa76a89d8f153b2f78f14f2936978969eca1beb41c127d81e4bc5c7cd
MFG-X480,00-Foundation/MFG-X480-Emergency-stop-stop-conditions.md,00-Foundation/MFG-X480-Emergency-stop-stop-conditions.md,1,MFG-X480: Emergency stop/stop conditions,guide,guide,pentest,manufacturing_industrial,,,controlled,Physical / Facility / Safety,emergency stops,1,1537f463eed9fc9ee699574f57b6e6a42949d8aa803c1c69e7a879d0eeb19610
MFG-X481,00-Foundation/MFG-X481-Communications-plan.md,00-Foundation/MFG-X481-Communications-plan.md,1,MFG-X481: Communications plan,guide,guide,pentest,manufacturing_industrial,,,controlled,,,0,239bc3703f36dd588354adc540a394fc9123aee28f0285d54652d70c1cb4973f
MFG-X482,00-Foundation/MFG-X482-Escalation-matrix.md,00-Foundation/MFG-X482-Escalation-matrix.md,1,MFG-X482: Escalation matrix,guide,guide,pentest,manufacturing_industrial,,,controlled,,,0,42fbf3a1bae84a223766236f5b08fee03c1593fc71acbadbefc1ae2de6ee14fe
MFG-X483,00-Foundation/MFG-X483-Evidence-handling.md,00-Foundation/MFG-X483-Evidence-handling.md,1,MFG-X483: Evidence handling,guide,guide,pentest,manufacturing_industrial,,,controlled,,,0,b9c19291d57dc8f55f30b593d1c1e64a245aa399f56bc0aadd4b06688ba3f575
MFG-X484,00-Foundation/MFG-X484-Data-retention.md,00-Foundation/MFG-X484-Data-retention.md,1,MFG-X484: Data retention,guide,guide,pentest,manufacturing_industrial,,,controlled,,,0,824154aaf6ac72b7f2319986107ccb2b8ed363c27370ec14799d3b24ff93fb2c
MFG-X485,00-Foundation/MFG-X485-Tester-access-control.md,00-Foundation/MFG-X485-Tester-access-control.md,1,MFG-X485: Tester access control,guide,guide,pentest,manufacturing_industrial,,,controlled,Physical / Facility / Safety,access control,1,f7e9c2529ddd4196a500299044387f9af6ad9d6cbe0cf02dcb04085c9846fc14
MFG-X486,00-Foundation/MFG-X486-Third-party-authorization.md,00-Foundation/MFG-X486-Third-party-authorization.md,1,MFG-X486: Third-party authorization,guide,guide,pentest,manufacturing_industrial,,,controlled,,,0,d272f2e824c52216556ee3e1c512973dd76cc2b6e6a92ed702452e0e44764294
MFG-X487,00-Foundation/MFG-X487-Production-vs-lab-testing.md,00-Foundation/MFG-X487-Production-vs-lab-testing.md,1,MFG-X487: Production vs lab testing,guide,guide,pentest,manufacturing_industrial,,,controlled,,,0,759d90da749778084a7a36555bfdbaa0d712617ebbe58014c601133c2a7dd662
MFG-X488,00-Foundation/MFG-X488-Finding-validation.md,00-Foundation/MFG-X488-Finding-validation.md,1,MFG-X488: Finding validation,guide,guide,pentest,manufacturing_industrial,,,controlled,,,0,07aad19d8fc8dc35344db95cb632a5a2d9ae4b9b351ce9f72b728cd89ff764f6
MFG-X489,00-Foundation/MFG-X489-Quality-assurance.md,00-Foundation/MFG-X489-Quality-assurance.md,1,MFG-X489: Quality assurance,guide,guide,pentest,manufacturing_industrial,,,controlled,Data & Information;Manufacturing Operations,quality data;quality inspection,2,813e0e2b3141a3636c44cf2890c61eebfaa4b45715f4f656cdfbe3bfc28dcdb8
MFG-X490,00-Foundation/MFG-X490-Peer-review.md,00-Foundation/MFG-X490-Peer-review.md,1,MFG-X490: Peer review,guide,guide,pentest,manufacturing_industrial,,,controlled,,,0,13875587852f684d7a2e18edac68578e5adf96a3d8b13150ebc7f2321fdb7815
MFG-X491,00-Foundation/MFG-X491-Coverage-tracking.md,00-Foundation/MFG-X491-Coverage-tracking.md,1,MFG-X491: Coverage tracking,guide,guide,pentest,manufacturing_industrial,,,controlled,,,0,7bc9ab8d49ffa124a53e37fd1a024f8d5d99b29c35093cfc7fa54ac0546a4cfe
MFG-X492,00-Foundation/MFG-X492-Retest-tracking.md,00-Foundation/MFG-X492-Retest-tracking.md,1,MFG-X492: Retest tracking,guide,guide,pentest,manufacturing_industrial,,,controlled,,,0,5f2c4a04be2245625b252d07ec521f1cc5c9efd6b77ade293366cc5b88a882c2
