asset_family,asset,applicable_phases,knowledge_unit_ids,standards_references,assessment_mode,safety,preconditions,evidence_expected,attack_path_ids,mitre_ics_technique_ids
External / Internet-Facing,domains,Reconnaissance;Scanning/Enumeration;Vulnerability Assessment;Identity/Auth;Web/API/Application;Validation/Business Impact;Reporting/Retest,MFG-E011;MFG-E020;MFG-E021;MFG-E022;MFG-E045;MFG-E071;MFG-E252;MFG-E266,NIST SP 800-115; OWASP WSTG; OWASP Top 10; OWASP API Security Top 10,Active + manual validation where authorized; non-destructive by default,Controlled,Written authorization; confirmed scope; test accounts/access; testing window; logging/evidence plan,Asset inventory; architecture/trust-boundary notes; configuration or request/response evidence; timestamps; approved screenshots/logs; finding references as applicable,AP-001;AP-002;AP-018;AP-021;AP-037;AP-031,T0819;T0883;T0866;T0822;T0846
External / Internet-Facing,subdomains,Reconnaissance;Scanning/Enumeration;Vulnerability Assessment;Identity/Auth;Web/API/Application;Validation/Business Impact;Reporting/Retest,MFG-E011;MFG-E020;MFG-E021;MFG-E022;MFG-E045;MFG-E071;MFG-E252;MFG-E266,NIST SP 800-115; OWASP WSTG; OWASP Top 10; OWASP API Security Top 10,Active + manual validation where authorized; non-destructive by default,Controlled,Written authorization; confirmed scope; test accounts/access; testing window; logging/evidence plan,Asset inventory; architecture/trust-boundary notes; configuration or request/response evidence; timestamps; approved screenshots/logs; finding references as applicable,AP-001;AP-002;AP-018;AP-021;AP-037;AP-031,T0819;T0883;T0866;T0822;T0846
External / Internet-Facing,DNS,Reconnaissance;Scanning/Enumeration;Vulnerability Assessment;Identity/Auth;Web/API/Application;Validation/Business Impact;Reporting/Retest,MFG-E011;MFG-E013;MFG-E020;MFG-E021;MFG-E022;MFG-E045;MFG-E052;MFG-E071;MFG-E252;MFG-E266,NIST SP 800-115; OWASP WSTG; OWASP Top 10; OWASP API Security Top 10,Active + manual validation where authorized; non-destructive by default,Controlled,Written authorization; confirmed scope; test accounts/access; testing window; logging/evidence plan,Asset inventory; architecture/trust-boundary notes; configuration or request/response evidence; timestamps; approved screenshots/logs; finding references as applicable,AP-001;AP-002;AP-018;AP-021;AP-037,T0819;T0883;T0866;T0822;T0846
External / Internet-Facing,public IPs,Reconnaissance;Scanning/Enumeration;Vulnerability Assessment;Identity/Auth;Web/API/Application;Validation/Business Impact;Reporting/Retest,MFG-E011;MFG-E020;MFG-E021;MFG-E022;MFG-E045;MFG-E071;MFG-E238;MFG-E252;MFG-E266,NIST SP 800-115; OWASP WSTG; OWASP Top 10; OWASP API Security Top 10,Active + manual validation where authorized; non-destructive by default,Controlled,Written authorization; confirmed scope; test accounts/access; testing window; logging/evidence plan,Asset inventory; architecture/trust-boundary notes; configuration or request/response evidence; timestamps; approved screenshots/logs; finding references as applicable,AP-001;AP-002;AP-018;AP-021;AP-037,T0819;T0883;T0866;T0822;T0846
External / Internet-Facing,internet gateways,Reconnaissance;Scanning/Enumeration;Vulnerability Assessment;Identity/Auth;Web/API/Application;Validation/Business Impact;Reporting/Retest,MFG-E011;MFG-E020;MFG-E021;MFG-E022;MFG-E045;MFG-E071;MFG-E252;MFG-E266,NIST SP 800-115; OWASP WSTG; OWASP Top 10; OWASP API Security Top 10,Active + manual validation where authorized; non-destructive by default,Controlled,Written authorization; confirmed scope; test accounts/access; testing window; logging/evidence plan,Asset inventory; architecture/trust-boundary notes; configuration or request/response evidence; timestamps; approved screenshots/logs; finding references as applicable,AP-001;AP-002;AP-018;AP-021;AP-037;AP-035,T0819;T0883;T0866;T0822;T0846
External / Internet-Facing,edge routers,Reconnaissance;Scanning/Enumeration;Vulnerability Assessment;Identity/Auth;Web/API/Application;Validation/Business Impact;Reporting/Retest,MFG-E011;MFG-E020;MFG-E021;MFG-E022;MFG-E045;MFG-E071;MFG-E252;MFG-E266,NIST SP 800-115; OWASP WSTG; OWASP Top 10; OWASP API Security Top 10,Active + manual validation where authorized; non-destructive by default,Controlled,Written authorization; confirmed scope; test accounts/access; testing window; logging/evidence plan,Asset inventory; architecture/trust-boundary notes; configuration or request/response evidence; timestamps; approved screenshots/logs; finding references as applicable,AP-001;AP-002;AP-018;AP-021;AP-037,T0819;T0883;T0866;T0822;T0846
External / Internet-Facing,firewalls,Reconnaissance;Scanning/Enumeration;Vulnerability Assessment;Identity/Auth;Web/API/Application;Validation/Business Impact;Reporting/Retest,MFG-E011;MFG-E020;MFG-E021;MFG-E022;MFG-E045;MFG-E060;MFG-E071;MFG-E156;MFG-E197;MFG-E252;MFG-E266,NIST SP 800-115; OWASP WSTG; OWASP Top 10; OWASP API Security Top 10,Active + manual validation where authorized; non-destructive by default,Controlled,Written authorization; confirmed scope; test accounts/access; testing window; logging/evidence plan,Asset inventory; architecture/trust-boundary notes; configuration or request/response evidence; timestamps; approved screenshots/logs; finding references as applicable,AP-001;AP-002;AP-018;AP-021;AP-037;AP-026;AP-027;AP-028,T0819;T0883;T0866;T0822;T0846
External / Internet-Facing,WAF,Reconnaissance;Scanning/Enumeration;Vulnerability Assessment;Identity/Auth;Web/API/Application;Validation/Business Impact;Reporting/Retest,MFG-E011;MFG-E020;MFG-E021;MFG-E022;MFG-E045;MFG-E071;MFG-E252;MFG-E266,NIST SP 800-115; OWASP WSTG; OWASP Top 10; OWASP API Security Top 10,Active + manual validation where authorized; non-destructive by default,Controlled,Written authorization; confirmed scope; test accounts/access; testing window; logging/evidence plan,Asset inventory; architecture/trust-boundary notes; configuration or request/response evidence; timestamps; approved screenshots/logs; finding references as applicable,AP-001;AP-002;AP-018;AP-021;AP-037,T0819;T0883;T0866;T0822;T0846
External / Internet-Facing,load balancers,Reconnaissance;Scanning/Enumeration;Vulnerability Assessment;Identity/Auth;Web/API/Application;Validation/Business Impact;Reporting/Retest,MFG-E011;MFG-E020;MFG-E021;MFG-E022;MFG-E045;MFG-E071;MFG-E097;MFG-E252;MFG-E266,NIST SP 800-115; OWASP WSTG; OWASP Top 10; OWASP API Security Top 10,Active + manual validation where authorized; non-destructive by default,Controlled,Written authorization; confirmed scope; test accounts/access; testing window; logging/evidence plan,Asset inventory; architecture/trust-boundary notes; configuration or request/response evidence; timestamps; approved screenshots/logs; finding references as applicable,AP-001;AP-002;AP-018;AP-021;AP-037,T0819;T0883;T0866;T0822;T0846
External / Internet-Facing,reverse proxies,Reconnaissance;Scanning/Enumeration;Vulnerability Assessment;Identity/Auth;Web/API/Application;Validation/Business Impact;Reporting/Retest,MFG-E011;MFG-E020;MFG-E021;MFG-E022;MFG-E045;MFG-E071;MFG-E252;MFG-E266,NIST SP 800-115; OWASP WSTG; OWASP Top 10; OWASP API Security Top 10,Active + manual validation where authorized; non-destructive by default,Controlled,Written authorization; confirmed scope; test accounts/access; testing window; logging/evidence plan,Asset inventory; architecture/trust-boundary notes; configuration or request/response evidence; timestamps; approved screenshots/logs; finding references as applicable,AP-001;AP-002;AP-018;AP-021;AP-037,T0819;T0883;T0866;T0822;T0846
External / Internet-Facing,CDN,Reconnaissance;Scanning/Enumeration;Vulnerability Assessment;Identity/Auth;Web/API/Application;Validation/Business Impact;Reporting/Retest,MFG-E011;MFG-E020;MFG-E021;MFG-E022;MFG-E045;MFG-E071;MFG-E252;MFG-E266,NIST SP 800-115; OWASP WSTG; OWASP Top 10; OWASP API Security Top 10,Active + manual validation where authorized; non-destructive by default,Controlled,Written authorization; confirmed scope; test accounts/access; testing window; logging/evidence plan,Asset inventory; architecture/trust-boundary notes; configuration or request/response evidence; timestamps; approved screenshots/logs; finding references as applicable,AP-001;AP-002;AP-018;AP-021;AP-037,T0819;T0883;T0866;T0822;T0846
External / Internet-Facing,API gateways,Reconnaissance;Scanning/Enumeration;Vulnerability Assessment;Identity/Auth;Web/API/Application;Validation/Business Impact;Reporting/Retest,MFG-E011;MFG-E020;MFG-E021;MFG-E022;MFG-E045;MFG-E048;MFG-E071;MFG-E074;MFG-E097;MFG-E109;MFG-E117;MFG-E118;MFG-E141;MFG-E191;MFG-E233;MFG-E247;MFG-E252;MFG-E266;MFG-X452,NIST SP 800-115; OWASP WSTG; OWASP Top 10; OWASP API Security Top 10,Active + manual validation where authorized; non-destructive by default,Controlled,Written authorization; confirmed scope; test accounts/access; testing window; logging/evidence plan,Asset inventory; architecture/trust-boundary notes; configuration or request/response evidence; timestamps; approved screenshots/logs; finding references as applicable,AP-001;AP-002;AP-018;AP-021;AP-037;AP-035,T0819;T0883;T0866;T0822;T0846
External / Internet-Facing,web applications,Reconnaissance;Scanning/Enumeration;Vulnerability Assessment;Identity/Auth;Web/API/Application;Validation/Business Impact;Reporting/Retest,MFG-E011;MFG-E020;MFG-E021;MFG-E022;MFG-E045;MFG-E071;MFG-E097;MFG-E117;MFG-E252;MFG-E266,NIST SP 800-115; OWASP WSTG; OWASP Top 10; OWASP API Security Top 10,Active + manual validation where authorized; non-destructive by default,Controlled,Written authorization; confirmed scope; test accounts/access; testing window; logging/evidence plan,Asset inventory; architecture/trust-boundary notes; configuration or request/response evidence; timestamps; approved screenshots/logs; finding references as applicable,AP-001;AP-002;AP-018;AP-021;AP-037,T0819;T0883;T0866;T0822;T0846
External / Internet-Facing,admin panels,Reconnaissance;Scanning/Enumeration;Vulnerability Assessment;Identity/Auth;Web/API/Application;Validation/Business Impact;Reporting/Retest,MFG-E011;MFG-E020;MFG-E021;MFG-E022;MFG-E045;MFG-E071;MFG-E097;MFG-E252;MFG-E266,NIST SP 800-115; OWASP WSTG; OWASP Top 10; OWASP API Security Top 10,Active + manual validation where authorized; non-destructive by default,Controlled,Written authorization; confirmed scope; test accounts/access; testing window; logging/evidence plan,Asset inventory; architecture/trust-boundary notes; configuration or request/response evidence; timestamps; approved screenshots/logs; finding references as applicable,AP-001;AP-002;AP-018;AP-021;AP-037,T0819;T0883;T0866;T0822;T0846
External / Internet-Facing,cPanel/hosting panels,Reconnaissance;Scanning/Enumeration;Vulnerability Assessment;Identity/Auth;Web/API/Application;Validation/Business Impact;Reporting/Retest,MFG-E011;MFG-E020;MFG-E021;MFG-E022;MFG-E045;MFG-E071;MFG-E252;MFG-E266,NIST SP 800-115; OWASP WSTG; OWASP Top 10; OWASP API Security Top 10,Active + manual validation where authorized; non-destructive by default,Controlled,Written authorization; confirmed scope; test accounts/access; testing window; logging/evidence plan,Asset inventory; architecture/trust-boundary notes; configuration or request/response evidence; timestamps; approved screenshots/logs; finding references as applicable,AP-001;AP-002;AP-018;AP-021;AP-037,T0819;T0883;T0866;T0822;T0846
External / Internet-Facing,webmail,Reconnaissance;Scanning/Enumeration;Vulnerability Assessment;Identity/Auth;Web/API/Application;Validation/Business Impact;Reporting/Retest,MFG-E011;MFG-E020;MFG-E021;MFG-E022;MFG-E045;MFG-E071;MFG-E097;MFG-E117;MFG-E252;MFG-E266,NIST SP 800-115; OWASP WSTG; OWASP Top 10; OWASP API Security Top 10,Active + manual validation where authorized; non-destructive by default,Controlled,Written authorization; confirmed scope; test accounts/access; testing window; logging/evidence plan,Asset inventory; architecture/trust-boundary notes; configuration or request/response evidence; timestamps; approved screenshots/logs; finding references as applicable,AP-001;AP-002;AP-018;AP-021;AP-037;AP-031,T0819;T0883;T0866;T0822;T0846
External / Internet-Facing,customer portals,Reconnaissance;Scanning/Enumeration;Vulnerability Assessment;Identity/Auth;Web/API/Application;Validation/Business Impact;Reporting/Retest,MFG-E011;MFG-E020;MFG-E021;MFG-E022;MFG-E045;MFG-E071;MFG-E097;MFG-E117;MFG-E252;MFG-E266,NIST SP 800-115; OWASP WSTG; OWASP Top 10; OWASP API Security Top 10,Active + manual validation where authorized; non-destructive by default,Controlled,Written authorization; confirmed scope; test accounts/access; testing window; logging/evidence plan,Asset inventory; architecture/trust-boundary notes; configuration or request/response evidence; timestamps; approved screenshots/logs; finding references as applicable,AP-001;AP-002;AP-018;AP-021;AP-037,T0819;T0883;T0866;T0822;T0846
External / Internet-Facing,supplier portals,Reconnaissance;Scanning/Enumeration;Vulnerability Assessment;Identity/Auth;Web/API/Application;Validation/Business Impact;Reporting/Retest,MFG-E011;MFG-E020;MFG-E021;MFG-E022;MFG-E045;MFG-E071;MFG-E097;MFG-E117;MFG-E252;MFG-E266,NIST SP 800-115; OWASP WSTG; OWASP Top 10; OWASP API Security Top 10,Active + manual validation where authorized; non-destructive by default,Controlled,Written authorization; confirmed scope; test accounts/access; testing window; logging/evidence plan,Asset inventory; architecture/trust-boundary notes; configuration or request/response evidence; timestamps; approved screenshots/logs; finding references as applicable,AP-001;AP-002;AP-018;AP-021;AP-037,T0819;T0883;T0866;T0822;T0846
External / Internet-Facing,RFQ portals,Reconnaissance;Scanning/Enumeration;Vulnerability Assessment;Identity/Auth;Web/API/Application;Validation/Business Impact;Reporting/Retest,MFG-E011;MFG-E020;MFG-E021;MFG-E022;MFG-E045;MFG-E071;MFG-E097;MFG-E117;MFG-E252;MFG-E266,NIST SP 800-115; OWASP WSTG; OWASP Top 10; OWASP API Security Top 10,Active + manual validation where authorized; non-destructive by default,Controlled,Written authorization; confirmed scope; test accounts/access; testing window; logging/evidence plan,Asset inventory; architecture/trust-boundary notes; configuration or request/response evidence; timestamps; approved screenshots/logs; finding references as applicable,AP-001;AP-002;AP-018;AP-021;AP-037,T0819;T0883;T0866;T0822;T0846
External / Internet-Facing,authentication portals,Reconnaissance;Scanning/Enumeration;Vulnerability Assessment;Identity/Auth;Web/API/Application;Validation/Business Impact;Reporting/Retest,MFG-E011;MFG-E020;MFG-E021;MFG-E022;MFG-E045;MFG-E071;MFG-E097;MFG-E117;MFG-E252;MFG-E266,NIST SP 800-115; OWASP WSTG; OWASP Top 10; OWASP API Security Top 10,Active + manual validation where authorized; non-destructive by default,Controlled,Written authorization; confirmed scope; test accounts/access; testing window; logging/evidence plan,Asset inventory; architecture/trust-boundary notes; configuration or request/response evidence; timestamps; approved screenshots/logs; finding references as applicable,AP-001;AP-002;AP-018;AP-021;AP-037,T0819;T0883;T0866;T0822;T0846
External / Internet-Facing,VPN gateways,Reconnaissance;Scanning/Enumeration;Vulnerability Assessment;Identity/Auth;Web/API/Application;Validation/Business Impact;Reporting/Retest,MFG-E011;MFG-E019;MFG-E020;MFG-E021;MFG-E022;MFG-E045;MFG-E050;MFG-E071;MFG-E075;MFG-E097;MFG-E200;MFG-E246;MFG-E252;MFG-E266,NIST SP 800-115; OWASP WSTG; OWASP Top 10; OWASP API Security Top 10,Active + manual validation where authorized; non-destructive by default,Controlled,Written authorization; confirmed scope; test accounts/access; testing window; logging/evidence plan,Asset inventory; architecture/trust-boundary notes; configuration or request/response evidence; timestamps; approved screenshots/logs; finding references as applicable,AP-001;AP-002;AP-018;AP-021;AP-037;AP-005;AP-035,T0819;T0883;T0866;T0822;T0846
External / Internet-Facing,remote-access portals,Reconnaissance;Scanning/Enumeration;Vulnerability Assessment;Identity/Auth;Web/API/Application;Validation/Business Impact;Reporting/Retest,MFG-E011;MFG-E020;MFG-E021;MFG-E022;MFG-E045;MFG-E071;MFG-E097;MFG-E117;MFG-E252;MFG-E266,NIST SP 800-115; OWASP WSTG; OWASP Top 10; OWASP API Security Top 10,Active + manual validation where authorized; non-destructive by default,Controlled,Written authorization; confirmed scope; test accounts/access; testing window; logging/evidence plan,Asset inventory; architecture/trust-boundary notes; configuration or request/response evidence; timestamps; approved screenshots/logs; finding references as applicable,AP-001;AP-002;AP-018;AP-021;AP-037,T0819;T0883;T0866;T0822;T0846
External / Internet-Facing,public cloud endpoints,Reconnaissance;Scanning/Enumeration;Vulnerability Assessment;Identity/Auth;Web/API/Application;Validation/Business Impact;Reporting/Retest,MFG-E011;MFG-E020;MFG-E021;MFG-E022;MFG-E045;MFG-E071;MFG-E097;MFG-E117;MFG-E248;MFG-E252;MFG-E266;MFG-X305;MFG-X389;MFG-X433;MFG-X434;MFG-X435;MFG-X436;MFG-X437;MFG-X438;MFG-X440;MFG-X445,NIST SP 800-115; OWASP WSTG; OWASP Top 10; OWASP API Security Top 10,Active + manual validation where authorized; non-destructive by default,Controlled,Written authorization; confirmed scope; test accounts/access; testing window; logging/evidence plan,Asset inventory; architecture/trust-boundary notes; configuration or request/response evidence; timestamps; approved screenshots/logs; finding references as applicable,AP-001;AP-002;AP-018;AP-021;AP-037;AP-019;AP-022,T0819;T0883;T0866;T0822;T0846
External / Internet-Facing,public storage,Reconnaissance;Scanning/Enumeration;Vulnerability Assessment;Identity/Auth;Web/API/Application;Validation/Business Impact;Reporting/Retest,MFG-E011;MFG-E020;MFG-E021;MFG-E022;MFG-E045;MFG-E071;MFG-E252;MFG-E266,NIST SP 800-115; OWASP WSTG; OWASP Top 10; OWASP API Security Top 10,Active + manual validation where authorized; non-destructive by default,Controlled,Written authorization; confirmed scope; test accounts/access; testing window; logging/evidence plan,Asset inventory; architecture/trust-boundary notes; configuration or request/response evidence; timestamps; approved screenshots/logs; finding references as applicable,AP-001;AP-002;AP-018;AP-021;AP-037,T0819;T0883;T0866;T0822;T0846
Corporate IT,Windows servers,Reconnaissance;Scanning/Enumeration;Vulnerability Assessment;Identity/Auth;Web/API/Application;Validation/Business Impact;Reporting/Retest,MFG-E011;MFG-E045;MFG-E071;MFG-E073;MFG-E074;MFG-E075;MFG-E097;MFG-E252;MFG-E266,NIST SP 800-115; CIS Controls,Active + manual validation where authorized; non-destructive by default,Controlled,Written authorization; confirmed scope; test accounts/access; testing window; logging/evidence plan,Asset inventory; architecture/trust-boundary notes; configuration or request/response evidence; timestamps; approved screenshots/logs; finding references as applicable,AP-001;AP-003;AP-004;AP-006;AP-007;AP-025;AP-027;AP-029;AP-030,T0859;T0886;T0846;T0867;T0890;T0842
Corporate IT,Linux servers,Reconnaissance;Scanning/Enumeration;Vulnerability Assessment;Identity/Auth;Web/API/Application;Validation/Business Impact;Reporting/Retest,MFG-E011;MFG-E045;MFG-E071;MFG-E073;MFG-E074;MFG-E075;MFG-E097;MFG-E252;MFG-E266,NIST SP 800-115; CIS Controls,Active + manual validation where authorized; non-destructive by default,Controlled,Written authorization; confirmed scope; test accounts/access; testing window; logging/evidence plan,Asset inventory; architecture/trust-boundary notes; configuration or request/response evidence; timestamps; approved screenshots/logs; finding references as applicable,AP-001;AP-003;AP-004;AP-006;AP-007;AP-025;AP-027;AP-029;AP-030,T0859;T0886;T0846;T0867;T0890;T0842
Corporate IT,application servers,Reconnaissance;Scanning/Enumeration;Vulnerability Assessment;Identity/Auth;Web/API/Application;Validation/Business Impact;Reporting/Retest,MFG-E011;MFG-E045;MFG-E071;MFG-E073;MFG-E074;MFG-E075;MFG-E097;MFG-E252;MFG-E266,NIST SP 800-115; CIS Controls,Active + manual validation where authorized; non-destructive by default,Controlled,Written authorization; confirmed scope; test accounts/access; testing window; logging/evidence plan,Asset inventory; architecture/trust-boundary notes; configuration or request/response evidence; timestamps; approved screenshots/logs; finding references as applicable,AP-001;AP-003;AP-004;AP-006;AP-007;AP-025;AP-027;AP-029;AP-030,T0859;T0886;T0846;T0867;T0890;T0842
Corporate IT,web servers,Reconnaissance;Scanning/Enumeration;Vulnerability Assessment;Identity/Auth;Web/API/Application;Validation/Business Impact;Reporting/Retest,MFG-E011;MFG-E045;MFG-E071;MFG-E073;MFG-E074;MFG-E075;MFG-E097;MFG-E117;MFG-E252;MFG-E266,NIST SP 800-115; OWASP WSTG; OWASP Top 10; OWASP API Security Top 10; CIS Controls,Active + manual validation where authorized; non-destructive by default,Controlled,Written authorization; confirmed scope; test accounts/access; testing window; logging/evidence plan,Asset inventory; architecture/trust-boundary notes; configuration or request/response evidence; timestamps; approved screenshots/logs; finding references as applicable,AP-001;AP-003;AP-004;AP-006;AP-007;AP-025;AP-027;AP-029;AP-030,T0859;T0886;T0846;T0867;T0890;T0842
Corporate IT,database servers,Reconnaissance;Scanning/Enumeration;Vulnerability Assessment;Identity/Auth;Web/API/Application;Validation/Business Impact;Reporting/Retest,MFG-E011;MFG-E045;MFG-E071;MFG-E073;MFG-E074;MFG-E075;MFG-E097;MFG-E117;MFG-E252;MFG-E266,NIST SP 800-115; CIS Controls,Active + manual validation where authorized; non-destructive by default,Controlled,Written authorization; confirmed scope; test accounts/access; testing window; logging/evidence plan,Asset inventory; architecture/trust-boundary notes; configuration or request/response evidence; timestamps; approved screenshots/logs; finding references as applicable,AP-001;AP-003;AP-004;AP-006;AP-007;AP-025;AP-027;AP-029;AP-030,T0859;T0886;T0846;T0867;T0890;T0842
Corporate IT,file servers,Reconnaissance;Scanning/Enumeration;Vulnerability Assessment;Identity/Auth;Web/API/Application;Validation/Business Impact;Reporting/Retest,MFG-E011;MFG-E045;MFG-E071;MFG-E073;MFG-E074;MFG-E075;MFG-E097;MFG-E252;MFG-E266,NIST SP 800-115; CIS Controls,Active + manual validation where authorized; non-destructive by default,Controlled,Written authorization; confirmed scope; test accounts/access; testing window; logging/evidence plan,Asset inventory; architecture/trust-boundary notes; configuration or request/response evidence; timestamps; approved screenshots/logs; finding references as applicable,AP-001;AP-003;AP-004;AP-006;AP-007;AP-025;AP-027;AP-029;AP-030,T0859;T0886;T0846;T0867;T0890;T0842
Corporate IT,backup servers,Reconnaissance;Scanning/Enumeration;Vulnerability Assessment;Identity/Auth;Web/API/Application;Validation/Business Impact;Reporting/Retest,MFG-E011;MFG-E045;MFG-E070;MFG-E071;MFG-E073;MFG-E074;MFG-E075;MFG-E086;MFG-E097;MFG-E168;MFG-E231;MFG-E252;MFG-E266;MFG-X361;MFG-X362;MFG-X365;MFG-X366;MFG-X367;MFG-X368;MFG-X369,NIST SP 800-115; CIS Controls,Active + manual validation where authorized; non-destructive by default,Controlled,Written authorization; confirmed scope; test accounts/access; testing window; logging/evidence plan,Asset inventory; architecture/trust-boundary notes; configuration or request/response evidence; timestamps; approved screenshots/logs; finding references as applicable,AP-001;AP-003;AP-004;AP-006;AP-007;AP-025;AP-027;AP-029;AP-030;AP-024;AP-036,T0859;T0886;T0846;T0867;T0890;T0842
Corporate IT,DNS/DHCP/NTP,Reconnaissance;Scanning/Enumeration;Vulnerability Assessment;Identity/Auth;Web/API/Application;Validation/Business Impact;Reporting/Retest,MFG-E011;MFG-E045;MFG-E071;MFG-E073;MFG-E074;MFG-E075;MFG-E252;MFG-E266,NIST SP 800-115; CIS Controls,Active + manual validation where authorized; non-destructive by default,Controlled,Written authorization; confirmed scope; test accounts/access; testing window; logging/evidence plan,Asset inventory; architecture/trust-boundary notes; configuration or request/response evidence; timestamps; approved screenshots/logs; finding references as applicable,AP-001;AP-003;AP-004;AP-006;AP-007;AP-025;AP-027;AP-029;AP-030,T0859;T0886;T0846;T0867;T0890;T0842
Corporate IT,Active Directory,Reconnaissance;Scanning/Enumeration;Vulnerability Assessment;Identity/Auth;Web/API/Application;Validation/Business Impact;Reporting/Retest,MFG-E011;MFG-E045;MFG-E057;MFG-E071;MFG-E073;MFG-E074;MFG-E075;MFG-E082;MFG-E104;MFG-E252;MFG-E266,NIST SP 800-115; CIS Controls,Active + manual validation where authorized; non-destructive by default,Controlled,Written authorization; confirmed scope; test accounts/access; testing window; logging/evidence plan,Asset inventory; architecture/trust-boundary notes; configuration or request/response evidence; timestamps; approved screenshots/logs; finding references as applicable,AP-001;AP-003;AP-004;AP-006;AP-007;AP-025;AP-027;AP-029;AP-030,T0859;T0886;T0846;T0867;T0890;T0842
Corporate IT,Domain Controllers,Reconnaissance;Scanning/Enumeration;Vulnerability Assessment;Identity/Auth;Web/API/Application;Validation/Business Impact;Reporting/Retest,MFG-E011;MFG-E012;MFG-E045;MFG-E071;MFG-E073;MFG-E074;MFG-E075;MFG-E252;MFG-E266,NIST SP 800-115; CIS Controls,Active + manual validation where authorized; non-destructive by default,Controlled,Written authorization; confirmed scope; test accounts/access; testing window; logging/evidence plan,Asset inventory; architecture/trust-boundary notes; configuration or request/response evidence; timestamps; approved screenshots/logs; finding references as applicable,AP-001;AP-003;AP-004;AP-006;AP-007;AP-025;AP-027;AP-029;AP-030;AP-031,T0859;T0886;T0846;T0867;T0890;T0842
Corporate IT,LDAP,Reconnaissance;Scanning/Enumeration;Vulnerability Assessment;Identity/Auth;Web/API/Application;Validation/Business Impact;Reporting/Retest,MFG-E011;MFG-E045;MFG-E071;MFG-E073;MFG-E074;MFG-E075;MFG-E097;MFG-E105;MFG-E252;MFG-E266,NIST SP 800-115; CIS Controls,Active + manual validation where authorized; non-destructive by default,Controlled,Written authorization; confirmed scope; test accounts/access; testing window; logging/evidence plan,Asset inventory; architecture/trust-boundary notes; configuration or request/response evidence; timestamps; approved screenshots/logs; finding references as applicable,AP-001;AP-003;AP-004;AP-006;AP-007;AP-025;AP-027;AP-029;AP-030,T0859;T0886;T0846;T0867;T0890;T0842
Corporate IT,Entra ID/IdP,Reconnaissance;Scanning/Enumeration;Vulnerability Assessment;Identity/Auth;Web/API/Application;Validation/Business Impact;Reporting/Retest,MFG-E011;MFG-E045;MFG-E071;MFG-E073;MFG-E074;MFG-E075;MFG-E252;MFG-E266,NIST SP 800-115; CIS Controls,Active + manual validation where authorized; non-destructive by default,Controlled,Written authorization; confirmed scope; test accounts/access; testing window; logging/evidence plan,Asset inventory; architecture/trust-boundary notes; configuration or request/response evidence; timestamps; approved screenshots/logs; finding references as applicable,AP-001;AP-003;AP-004;AP-006;AP-007;AP-025;AP-027;AP-029;AP-030,T0859;T0886;T0846;T0867;T0890;T0842
Corporate IT,SSO,Reconnaissance;Scanning/Enumeration;Vulnerability Assessment;Identity/Auth;Web/API/Application;Validation/Business Impact;Reporting/Retest,MFG-E011;MFG-E045;MFG-E071;MFG-E073;MFG-E074;MFG-E075;MFG-E252;MFG-E266,NIST SP 800-115; CIS Controls,Active + manual validation where authorized; non-destructive by default,Controlled,Written authorization; confirmed scope; test accounts/access; testing window; logging/evidence plan,Asset inventory; architecture/trust-boundary notes; configuration or request/response evidence; timestamps; approved screenshots/logs; finding references as applicable,AP-001;AP-003;AP-004;AP-006;AP-007;AP-025;AP-027;AP-029;AP-030,T0859;T0886;T0846;T0867;T0890;T0842
Corporate IT,MFA infrastructure,Reconnaissance;Scanning/Enumeration;Vulnerability Assessment;Identity/Auth;Web/API/Application;Validation/Business Impact;Reporting/Retest,MFG-E011;MFG-E045;MFG-E071;MFG-E073;MFG-E074;MFG-E075;MFG-E100;MFG-E252;MFG-E266,NIST SP 800-115; CIS Controls,Active + manual validation where authorized; non-destructive by default,Controlled,Written authorization; confirmed scope; test accounts/access; testing window; logging/evidence plan,Asset inventory; architecture/trust-boundary notes; configuration or request/response evidence; timestamps; approved screenshots/logs; finding references as applicable,AP-001;AP-003;AP-004;AP-006;AP-007;AP-025;AP-027;AP-029;AP-030,T0859;T0886;T0846;T0867;T0890;T0842
Corporate IT,PKI/certificate authorities,Reconnaissance;Scanning/Enumeration;Vulnerability Assessment;Identity/Auth;Web/API/Application;Validation/Business Impact;Reporting/Retest,MFG-E011;MFG-E045;MFG-E071;MFG-E073;MFG-E074;MFG-E075;MFG-E252;MFG-E266,NIST SP 800-115; CIS Controls,Active + manual validation where authorized; non-destructive by default,Controlled,Written authorization; confirmed scope; test accounts/access; testing window; logging/evidence plan,Asset inventory; architecture/trust-boundary notes; configuration or request/response evidence; timestamps; approved screenshots/logs; finding references as applicable,AP-001;AP-003;AP-004;AP-006;AP-007;AP-025;AP-027;AP-029;AP-030,T0859;T0886;T0846;T0867;T0890;T0842
Corporate IT,PAM,Reconnaissance;Scanning/Enumeration;Vulnerability Assessment;Identity/Auth;Web/API/Application;Validation/Business Impact;Reporting/Retest,MFG-E011;MFG-E045;MFG-E071;MFG-E073;MFG-E074;MFG-E075;MFG-E252;MFG-E266,NIST SP 800-115; CIS Controls,Active + manual validation where authorized; non-destructive by default,Controlled,Written authorization; confirmed scope; test accounts/access; testing window; logging/evidence plan,Asset inventory; architecture/trust-boundary notes; configuration or request/response evidence; timestamps; approved screenshots/logs; finding references as applicable,AP-001;AP-003;AP-004;AP-006;AP-007;AP-025;AP-027;AP-029;AP-030,T0859;T0886;T0846;T0867;T0890;T0842
Corporate IT,endpoints,Reconnaissance;Scanning/Enumeration;Vulnerability Assessment;Identity/Auth;Web/API/Application;Validation/Business Impact;Reporting/Retest,MFG-E011;MFG-E045;MFG-E071;MFG-E073;MFG-E074;MFG-E075;MFG-E252;MFG-E266,NIST SP 800-115; CIS Controls,Active + manual validation where authorized; non-destructive by default,Controlled,Written authorization; confirmed scope; test accounts/access; testing window; logging/evidence plan,Asset inventory; architecture/trust-boundary notes; configuration or request/response evidence; timestamps; approved screenshots/logs; finding references as applicable,AP-001;AP-003;AP-004;AP-006;AP-007;AP-025;AP-027;AP-029;AP-030,T0859;T0886;T0846;T0867;T0890;T0842
Corporate IT,engineering laptops,Reconnaissance;Scanning/Enumeration;Vulnerability Assessment;Identity/Auth;Web/API/Application;Validation/Business Impact;Reporting/Retest,MFG-E011;MFG-E045;MFG-E071;MFG-E073;MFG-E074;MFG-E075;MFG-E252;MFG-E266,NIST SP 800-115; CIS Controls,Active + manual validation where authorized; non-destructive by default,Controlled,Written authorization; confirmed scope; test accounts/access; testing window; logging/evidence plan,Asset inventory; architecture/trust-boundary notes; configuration or request/response evidence; timestamps; approved screenshots/logs; finding references as applicable,AP-001;AP-003;AP-004;AP-006;AP-007;AP-025;AP-027;AP-029;AP-030;AP-008;AP-009;AP-032,T0859;T0886;T0846;T0867;T0890;T0842
Corporate IT,thin clients,Reconnaissance;Scanning/Enumeration;Vulnerability Assessment;Identity/Auth;Web/API/Application;Validation/Business Impact;Reporting/Retest,MFG-E011;MFG-E045;MFG-E071;MFG-E073;MFG-E074;MFG-E075;MFG-E252;MFG-E266,NIST SP 800-115; CIS Controls,Active + manual validation where authorized; non-destructive by default,Controlled,Written authorization; confirmed scope; test accounts/access; testing window; logging/evidence plan,Asset inventory; architecture/trust-boundary notes; configuration or request/response evidence; timestamps; approved screenshots/logs; finding references as applicable,AP-001;AP-003;AP-004;AP-006;AP-007;AP-025;AP-027;AP-029;AP-030,T0859;T0886;T0846;T0867;T0890;T0842
Corporate IT,mobile devices,Reconnaissance;Scanning/Enumeration;Vulnerability Assessment;Identity/Auth;Web/API/Application;Validation/Business Impact;Reporting/Retest,MFG-E011;MFG-E045;MFG-E071;MFG-E073;MFG-E074;MFG-E075;MFG-E252;MFG-E266,NIST SP 800-115; OWASP WSTG; OWASP Top 10; OWASP API Security Top 10; CIS Controls,Active + manual validation where authorized; non-destructive by default,Controlled,Written authorization; confirmed scope; test accounts/access; testing window; logging/evidence plan,Asset inventory; architecture/trust-boundary notes; configuration or request/response evidence; timestamps; approved screenshots/logs; finding references as applicable,AP-001;AP-003;AP-004;AP-006;AP-007;AP-025;AP-027;AP-029;AP-030;AP-016;AP-033,T0859;T0886;T0846;T0867;T0890;T0842
Corporate IT,printers,Reconnaissance;Scanning/Enumeration;Vulnerability Assessment;Identity/Auth;Web/API/Application;Validation/Business Impact;Reporting/Retest,MFG-E011;MFG-E045;MFG-E071;MFG-E073;MFG-E074;MFG-E075;MFG-E252;MFG-E266;MFG-X462,NIST SP 800-115; CIS Controls,Active + manual validation where authorized; non-destructive by default,Controlled,Written authorization; confirmed scope; test accounts/access; testing window; logging/evidence plan,Asset inventory; architecture/trust-boundary notes; configuration or request/response evidence; timestamps; approved screenshots/logs; finding references as applicable,AP-001;AP-003;AP-004;AP-006;AP-007;AP-025;AP-027;AP-029;AP-030,T0859;T0886;T0846;T0867;T0890;T0842
Corporate IT,scanners,Reconnaissance;Scanning/Enumeration;Vulnerability Assessment;Identity/Auth;Web/API/Application;Validation/Business Impact;Reporting/Retest,MFG-E011;MFG-E045;MFG-E071;MFG-E073;MFG-E074;MFG-E075;MFG-E252;MFG-E266,NIST SP 800-115; CIS Controls,Active + manual validation where authorized; non-destructive by default,Controlled,Written authorization; confirmed scope; test accounts/access; testing window; logging/evidence plan,Asset inventory; architecture/trust-boundary notes; configuration or request/response evidence; timestamps; approved screenshots/logs; finding references as applicable,AP-001;AP-003;AP-004;AP-006;AP-007;AP-025;AP-027;AP-029;AP-030,T0859;T0886;T0846;T0867;T0890;T0842
Corporate IT,NAS,Reconnaissance;Scanning/Enumeration;Vulnerability Assessment;Identity/Auth;Web/API/Application;Validation/Business Impact;Reporting/Retest,MFG-E011;MFG-E045;MFG-E071;MFG-E073;MFG-E074;MFG-E075;MFG-E230;MFG-E252;MFG-E266,NIST SP 800-115; CIS Controls,Active + manual validation where authorized; non-destructive by default,Controlled,Written authorization; confirmed scope; test accounts/access; testing window; logging/evidence plan,Asset inventory; architecture/trust-boundary notes; configuration or request/response evidence; timestamps; approved screenshots/logs; finding references as applicable,AP-001;AP-003;AP-004;AP-006;AP-007;AP-025;AP-027;AP-029;AP-030,T0859;T0886;T0846;T0867;T0890;T0842
Corporate IT,SAN,Reconnaissance;Scanning/Enumeration;Vulnerability Assessment;Identity/Auth;Web/API/Application;Validation/Business Impact;Reporting/Retest,MFG-E011;MFG-E012;MFG-E013;MFG-E017;MFG-E018;MFG-E037;MFG-E042;MFG-E043;MFG-E045;MFG-E071;MFG-E073;MFG-E074;MFG-E075;MFG-E230;MFG-E252;MFG-E266,NIST SP 800-115; CIS Controls,Active + manual validation where authorized; non-destructive by default,Controlled,Written authorization; confirmed scope; test accounts/access; testing window; logging/evidence plan,Asset inventory; architecture/trust-boundary notes; configuration or request/response evidence; timestamps; approved screenshots/logs; finding references as applicable,AP-001;AP-003;AP-004;AP-006;AP-007;AP-025;AP-027;AP-029;AP-030,T0859;T0886;T0846;T0867;T0890;T0842
Corporate IT,VMware,Reconnaissance;Scanning/Enumeration;Vulnerability Assessment;Identity/Auth;Web/API/Application;Validation/Business Impact;Reporting/Retest,MFG-E011;MFG-E045;MFG-E071;MFG-E073;MFG-E074;MFG-E075;MFG-E252;MFG-E266,NIST SP 800-115; CIS Controls,Active + manual validation where authorized; non-destructive by default,Controlled,Written authorization; confirmed scope; test accounts/access; testing window; logging/evidence plan,Asset inventory; architecture/trust-boundary notes; configuration or request/response evidence; timestamps; approved screenshots/logs; finding references as applicable,AP-001;AP-003;AP-004;AP-006;AP-007;AP-025;AP-027;AP-029;AP-030,T0859;T0886;T0846;T0867;T0890;T0842
Corporate IT,Hyper-V,Reconnaissance;Scanning/Enumeration;Vulnerability Assessment;Identity/Auth;Web/API/Application;Validation/Business Impact;Reporting/Retest,MFG-E011;MFG-E045;MFG-E071;MFG-E073;MFG-E074;MFG-E075;MFG-E252;MFG-E266,NIST SP 800-115; CIS Controls,Active + manual validation where authorized; non-destructive by default,Controlled,Written authorization; confirmed scope; test accounts/access; testing window; logging/evidence plan,Asset inventory; architecture/trust-boundary notes; configuration or request/response evidence; timestamps; approved screenshots/logs; finding references as applicable,AP-001;AP-003;AP-004;AP-006;AP-007;AP-025;AP-027;AP-029;AP-030,T0859;T0886;T0846;T0867;T0890;T0842
Corporate IT,KVM,Reconnaissance;Scanning/Enumeration;Vulnerability Assessment;Identity/Auth;Web/API/Application;Validation/Business Impact;Reporting/Retest,MFG-E011;MFG-E045;MFG-E071;MFG-E073;MFG-E074;MFG-E075;MFG-E252;MFG-E266,NIST SP 800-115; CIS Controls,Active + manual validation where authorized; non-destructive by default,Controlled,Written authorization; confirmed scope; test accounts/access; testing window; logging/evidence plan,Asset inventory; architecture/trust-boundary notes; configuration or request/response evidence; timestamps; approved screenshots/logs; finding references as applicable,AP-001;AP-003;AP-004;AP-006;AP-007;AP-025;AP-027;AP-029;AP-030,T0859;T0886;T0846;T0867;T0890;T0842
Corporate IT,management servers,Reconnaissance;Scanning/Enumeration;Vulnerability Assessment;Identity/Auth;Web/API/Application;Validation/Business Impact;Reporting/Retest,MFG-E011;MFG-E045;MFG-E071;MFG-E073;MFG-E074;MFG-E075;MFG-E097;MFG-E252;MFG-E266,NIST SP 800-115; CIS Controls,Active + manual validation where authorized; non-destructive by default,Controlled,Written authorization; confirmed scope; test accounts/access; testing window; logging/evidence plan,Asset inventory; architecture/trust-boundary notes; configuration or request/response evidence; timestamps; approved screenshots/logs; finding references as applicable,AP-001;AP-003;AP-004;AP-006;AP-007;AP-025;AP-027;AP-029;AP-030,T0859;T0886;T0846;T0867;T0890;T0842
Corporate IT,patch-management,Reconnaissance;Scanning/Enumeration;Vulnerability Assessment;Identity/Auth;Web/API/Application;Validation/Business Impact;Reporting/Retest,MFG-E011;MFG-E045;MFG-E071;MFG-E073;MFG-E074;MFG-E075;MFG-E169;MFG-E241;MFG-E252;MFG-E266;MFG-X330,NIST SP 800-115; CIS Controls,Active + manual validation where authorized; non-destructive by default,Controlled,Written authorization; confirmed scope; test accounts/access; testing window; logging/evidence plan,Asset inventory; architecture/trust-boundary notes; configuration or request/response evidence; timestamps; approved screenshots/logs; finding references as applicable,AP-001;AP-003;AP-004;AP-006;AP-007;AP-025;AP-027;AP-029;AP-030,T0859;T0886;T0846;T0867;T0890;T0842
Corporate IT,software-deployment,Reconnaissance;Scanning/Enumeration;Vulnerability Assessment;Identity/Auth;Web/API/Application;Validation/Business Impact;Reporting/Retest,MFG-E011;MFG-E045;MFG-E071;MFG-E073;MFG-E074;MFG-E075;MFG-E252;MFG-E266,NIST SP 800-115; CIS Controls,Active + manual validation where authorized; non-destructive by default,Controlled,Written authorization; confirmed scope; test accounts/access; testing window; logging/evidence plan,Asset inventory; architecture/trust-boundary notes; configuration or request/response evidence; timestamps; approved screenshots/logs; finding references as applicable,AP-001;AP-003;AP-004;AP-006;AP-007;AP-025;AP-027;AP-029;AP-030,T0859;T0886;T0846;T0867;T0890;T0842
Corporate IT,MDM,Reconnaissance;Scanning/Enumeration;Vulnerability Assessment;Identity/Auth;Web/API/Application;Validation/Business Impact;Reporting/Retest,MFG-E011;MFG-E045;MFG-E071;MFG-E073;MFG-E074;MFG-E075;MFG-E252;MFG-E266,NIST SP 800-115; CIS Controls,Active + manual validation where authorized; non-destructive by default,Controlled,Written authorization; confirmed scope; test accounts/access; testing window; logging/evidence plan,Asset inventory; architecture/trust-boundary notes; configuration or request/response evidence; timestamps; approved screenshots/logs; finding references as applicable,AP-001;AP-003;AP-004;AP-006;AP-007;AP-025;AP-027;AP-029;AP-030,T0859;T0886;T0846;T0867;T0890;T0842
Enterprise & Business Applications,ERP,Reconnaissance;Scanning/Enumeration;Vulnerability Assessment;Identity/Auth;Web/API/Application;Validation/Business Impact;Reporting/Retest,MFG-E011;MFG-E016;MFG-E027;MFG-E045;MFG-E071;MFG-E097;MFG-E110;MFG-E117;MFG-E118;MFG-E119;MFG-E120;MFG-E127;MFG-E128;MFG-E252;MFG-E266;MFG-X305;MFG-X318,NIST SP 800-115; OWASP WSTG; OWASP Top 10; OWASP API Security Top 10,Active + manual validation where authorized; non-destructive by default,Controlled,Written authorization; confirmed scope; test accounts/access; testing window; logging/evidence plan,Asset inventory; architecture/trust-boundary notes; configuration or request/response evidence; timestamps; approved screenshots/logs; finding references as applicable,AP-003;AP-020;AP-021;AP-025;AP-038,T0859;T0871;T0811;T0846;T0866
Enterprise & Business Applications,SAP,Reconnaissance;Scanning/Enumeration;Vulnerability Assessment;Identity/Auth;Web/API/Application;Validation/Business Impact;Reporting/Retest,MFG-E011;MFG-E016;MFG-E027;MFG-E045;MFG-E071;MFG-E110;MFG-E117;MFG-E118;MFG-E119;MFG-E120;MFG-E127;MFG-E128;MFG-E252;MFG-E266;MFG-X305;MFG-X318,NIST SP 800-115; OWASP WSTG; OWASP Top 10; OWASP API Security Top 10,Active + manual validation where authorized; non-destructive by default,Controlled,Written authorization; confirmed scope; test accounts/access; testing window; logging/evidence plan,Asset inventory; architecture/trust-boundary notes; configuration or request/response evidence; timestamps; approved screenshots/logs; finding references as applicable,AP-003;AP-020;AP-021;AP-025;AP-038,T0859;T0871;T0811;T0846;T0866
Enterprise & Business Applications,SAP HANA,Reconnaissance;Scanning/Enumeration;Vulnerability Assessment;Identity/Auth;Web/API/Application;Validation/Business Impact;Reporting/Retest,MFG-E011;MFG-E016;MFG-E027;MFG-E045;MFG-E071;MFG-E110;MFG-E117;MFG-E118;MFG-E119;MFG-E120;MFG-E127;MFG-E128;MFG-E252;MFG-E266;MFG-X305;MFG-X318,NIST SP 800-115; OWASP WSTG; OWASP Top 10; OWASP API Security Top 10,Active + manual validation where authorized; non-destructive by default,Controlled,Written authorization; confirmed scope; test accounts/access; testing window; logging/evidence plan,Asset inventory; architecture/trust-boundary notes; configuration or request/response evidence; timestamps; approved screenshots/logs; finding references as applicable,AP-003;AP-020;AP-021;AP-025;AP-038,T0859;T0871;T0811;T0846;T0866
Enterprise & Business Applications,Oracle ERP,Reconnaissance;Scanning/Enumeration;Vulnerability Assessment;Identity/Auth;Web/API/Application;Validation/Business Impact;Reporting/Retest,MFG-E011;MFG-E016;MFG-E027;MFG-E045;MFG-E071;MFG-E097;MFG-E110;MFG-E117;MFG-E118;MFG-E119;MFG-E120;MFG-E127;MFG-E128;MFG-E252;MFG-E266;MFG-X305;MFG-X318,NIST SP 800-115; OWASP WSTG; OWASP Top 10; OWASP API Security Top 10,Active + manual validation where authorized; non-destructive by default,Controlled,Written authorization; confirmed scope; test accounts/access; testing window; logging/evidence plan,Asset inventory; architecture/trust-boundary notes; configuration or request/response evidence; timestamps; approved screenshots/logs; finding references as applicable,AP-003;AP-020;AP-021;AP-025;AP-038,T0859;T0871;T0811;T0846;T0866
Enterprise & Business Applications,Dynamics,Reconnaissance;Scanning/Enumeration;Vulnerability Assessment;Identity/Auth;Web/API/Application;Validation/Business Impact;Reporting/Retest,MFG-E011;MFG-E045;MFG-E071;MFG-E118;MFG-E119;MFG-E120;MFG-E252;MFG-E266,NIST SP 800-115; OWASP WSTG; OWASP Top 10; OWASP API Security Top 10,Active + manual validation where authorized; non-destructive by default,Controlled,Written authorization; confirmed scope; test accounts/access; testing window; logging/evidence plan,Asset inventory; architecture/trust-boundary notes; configuration or request/response evidence; timestamps; approved screenshots/logs; finding references as applicable,AP-003;AP-020;AP-021;AP-025;AP-038,T0859;T0871;T0811;T0846;T0866
Enterprise & Business Applications,CRM,Reconnaissance;Scanning/Enumeration;Vulnerability Assessment;Identity/Auth;Web/API/Application;Validation/Business Impact;Reporting/Retest,MFG-E011;MFG-E033;MFG-E045;MFG-E071;MFG-E117;MFG-E118;MFG-E119;MFG-E120;MFG-E133;MFG-E252;MFG-E266,NIST SP 800-115; OWASP WSTG; OWASP Top 10; OWASP API Security Top 10,Active + manual validation where authorized; non-destructive by default,Controlled,Written authorization; confirmed scope; test accounts/access; testing window; logging/evidence plan,Asset inventory; architecture/trust-boundary notes; configuration or request/response evidence; timestamps; approved screenshots/logs; finding references as applicable,AP-003;AP-020;AP-021;AP-025;AP-038,T0859;T0871;T0811;T0846;T0866
Enterprise & Business Applications,HRMS,Reconnaissance;Scanning/Enumeration;Vulnerability Assessment;Identity/Auth;Web/API/Application;Validation/Business Impact;Reporting/Retest,MFG-E011;MFG-E034;MFG-E045;MFG-E071;MFG-E117;MFG-E118;MFG-E119;MFG-E120;MFG-E134;MFG-E252;MFG-E266,NIST SP 800-115; OWASP WSTG; OWASP Top 10; OWASP API Security Top 10,Active + manual validation where authorized; non-destructive by default,Controlled,Written authorization; confirmed scope; test accounts/access; testing window; logging/evidence plan,Asset inventory; architecture/trust-boundary notes; configuration or request/response evidence; timestamps; approved screenshots/logs; finding references as applicable,AP-003;AP-020;AP-021;AP-025;AP-038,T0859;T0871;T0811;T0846;T0866
Enterprise & Business Applications,finance systems,Reconnaissance;Scanning/Enumeration;Vulnerability Assessment;Identity/Auth;Web/API/Application;Validation/Business Impact;Reporting/Retest,MFG-E011;MFG-E045;MFG-E071;MFG-E118;MFG-E119;MFG-E120;MFG-E252;MFG-E266,NIST SP 800-115; OWASP WSTG; OWASP Top 10; OWASP API Security Top 10,Active + manual validation where authorized; non-destructive by default,Controlled,Written authorization; confirmed scope; test accounts/access; testing window; logging/evidence plan,Asset inventory; architecture/trust-boundary notes; configuration or request/response evidence; timestamps; approved screenshots/logs; finding references as applicable,AP-003;AP-020;AP-021;AP-025;AP-038,T0859;T0871;T0811;T0846;T0866
Enterprise & Business Applications,procurement systems,Reconnaissance;Scanning/Enumeration;Vulnerability Assessment;Identity/Auth;Web/API/Application;Validation/Business Impact;Reporting/Retest,MFG-E011;MFG-E045;MFG-E071;MFG-E118;MFG-E119;MFG-E120;MFG-E252;MFG-E266,NIST SP 800-115; OWASP WSTG; OWASP Top 10; OWASP API Security Top 10,Active + manual validation where authorized; non-destructive by default,Controlled,Written authorization; confirmed scope; test accounts/access; testing window; logging/evidence plan,Asset inventory; architecture/trust-boundary notes; configuration or request/response evidence; timestamps; approved screenshots/logs; finding references as applicable,AP-003;AP-020;AP-021;AP-025;AP-038,T0859;T0871;T0811;T0846;T0866
Enterprise & Business Applications,supply-chain systems,Reconnaissance;Scanning/Enumeration;Vulnerability Assessment;Identity/Auth;Web/API/Application;Validation/Business Impact;Reporting/Retest,MFG-E011;MFG-E043;MFG-E045;MFG-E071;MFG-E118;MFG-E119;MFG-E120;MFG-E208;MFG-E209;MFG-E252;MFG-E263;MFG-E266;MFG-X454,NIST SP 800-115; OWASP WSTG; OWASP Top 10; OWASP API Security Top 10,Active + manual validation where authorized; non-destructive by default,Controlled,Written authorization; confirmed scope; test accounts/access; testing window; logging/evidence plan,Asset inventory; architecture/trust-boundary notes; configuration or request/response evidence; timestamps; approved screenshots/logs; finding references as applicable,AP-003;AP-020;AP-021;AP-025;AP-038;AP-031,T0859;T0871;T0811;T0846;T0866
Enterprise & Business Applications,document management,Reconnaissance;Scanning/Enumeration;Vulnerability Assessment;Identity/Auth;Web/API/Application;Validation/Business Impact;Reporting/Retest,MFG-E011;MFG-E045;MFG-E071;MFG-E118;MFG-E119;MFG-E120;MFG-E143;MFG-E252;MFG-E266,NIST SP 800-115; OWASP WSTG; OWASP Top 10; OWASP API Security Top 10,Active + manual validation where authorized; non-destructive by default,Controlled,Written authorization; confirmed scope; test accounts/access; testing window; logging/evidence plan,Asset inventory; architecture/trust-boundary notes; configuration or request/response evidence; timestamps; approved screenshots/logs; finding references as applicable,AP-003;AP-020;AP-021;AP-025;AP-038,T0859;T0871;T0811;T0846;T0866
Enterprise & Business Applications,collaboration,Reconnaissance;Scanning/Enumeration;Vulnerability Assessment;Identity/Auth;Web/API/Application;Validation/Business Impact;Reporting/Retest,MFG-E011;MFG-E045;MFG-E071;MFG-E118;MFG-E119;MFG-E120;MFG-E252;MFG-E266,NIST SP 800-115; OWASP WSTG; OWASP Top 10; OWASP API Security Top 10,Active + manual validation where authorized; non-destructive by default,Controlled,Written authorization; confirmed scope; test accounts/access; testing window; logging/evidence plan,Asset inventory; architecture/trust-boundary notes; configuration or request/response evidence; timestamps; approved screenshots/logs; finding references as applicable,AP-003;AP-020;AP-021;AP-025;AP-038,T0859;T0871;T0811;T0846;T0866
Enterprise & Business Applications,email,Reconnaissance;Scanning/Enumeration;Vulnerability Assessment;Identity/Auth;Web/API/Application;Validation/Business Impact;Reporting/Retest,MFG-E011;MFG-E018;MFG-E045;MFG-E071;MFG-E118;MFG-E119;MFG-E120;MFG-E252;MFG-E266;MFG-X347,NIST SP 800-115; OWASP WSTG; OWASP Top 10; OWASP API Security Top 10,Active + manual validation where authorized; non-destructive by default,Controlled,Written authorization; confirmed scope; test accounts/access; testing window; logging/evidence plan,Asset inventory; architecture/trust-boundary notes; configuration or request/response evidence; timestamps; approved screenshots/logs; finding references as applicable,AP-003;AP-020;AP-021;AP-025;AP-038;AP-031,T0859;T0871;T0811;T0846;T0866
Enterprise & Business Applications,Microsoft 365/Google Workspace,Reconnaissance;Scanning/Enumeration;Vulnerability Assessment;Identity/Auth;Web/API/Application;Validation/Business Impact;Reporting/Retest,MFG-E011;MFG-E045;MFG-E071;MFG-E118;MFG-E119;MFG-E120;MFG-E252;MFG-E266,NIST SP 800-115; OWASP WSTG; OWASP Top 10; OWASP API Security Top 10,Active + manual validation where authorized; non-destructive by default,Controlled,Written authorization; confirmed scope; test accounts/access; testing window; logging/evidence plan,Asset inventory; architecture/trust-boundary notes; configuration or request/response evidence; timestamps; approved screenshots/logs; finding references as applicable,AP-003;AP-020;AP-021;AP-025;AP-038;AP-011;AP-012;AP-013,T0859;T0871;T0811;T0846;T0866
Manufacturing Operations,MES,Reconnaissance;Scanning/Enumeration;Vulnerability Assessment;Identity/Auth;Web/API/Application;Validation/Business Impact;Reporting/Retest,MFG-E011;MFG-E028;MFG-E045;MFG-E071;MFG-E097;MFG-E111;MFG-E117;MFG-E121;MFG-E122;MFG-E123;MFG-E129;MFG-E140;MFG-E252;MFG-E266,NIST SP 800-115; OWASP WSTG; OWASP Top 10; OWASP API Security Top 10,Active + manual validation where authorized; non-destructive by default,Controlled,Written authorization; confirmed scope; test accounts/access; testing window; logging/evidence plan,Asset inventory; architecture/trust-boundary notes; configuration or request/response evidence; timestamps; approved screenshots/logs; finding references as applicable,AP-020;AP-021;AP-038;AP-039;AP-025;AP-006,T0871;T0859;T0811;T0832;T0826
Manufacturing Operations,MOM,Reconnaissance;Scanning/Enumeration;Vulnerability Assessment;Identity/Auth;Web/API/Application;Validation/Business Impact;Reporting/Retest,MFG-E011;MFG-E028;MFG-E045;MFG-E071;MFG-E121;MFG-E122;MFG-E123;MFG-E252;MFG-E266,NIST SP 800-115; OWASP WSTG; OWASP Top 10; OWASP API Security Top 10,Active + manual validation where authorized; non-destructive by default,Controlled,Written authorization; confirmed scope; test accounts/access; testing window; logging/evidence plan,Asset inventory; architecture/trust-boundary notes; configuration or request/response evidence; timestamps; approved screenshots/logs; finding references as applicable,AP-020;AP-021;AP-038;AP-039;AP-025;AP-006,T0871;T0859;T0811;T0832;T0826
Manufacturing Operations,QMS,Reconnaissance;Scanning/Enumeration;Vulnerability Assessment;Identity/Auth;Web/API/Application;Validation/Business Impact;Reporting/Retest,MFG-E011;MFG-E029;MFG-E045;MFG-E071;MFG-E097;MFG-E111;MFG-E117;MFG-E121;MFG-E122;MFG-E123;MFG-E130;MFG-E252;MFG-E266,NIST SP 800-115; OWASP WSTG; OWASP Top 10; OWASP API Security Top 10,Active + manual validation where authorized; non-destructive by default,Controlled,Written authorization; confirmed scope; test accounts/access; testing window; logging/evidence plan,Asset inventory; architecture/trust-boundary notes; configuration or request/response evidence; timestamps; approved screenshots/logs; finding references as applicable,AP-020;AP-021;AP-038;AP-039;AP-025;AP-006,T0871;T0859;T0811;T0832;T0826
Manufacturing Operations,WMS,Reconnaissance;Scanning/Enumeration;Vulnerability Assessment;Identity/Auth;Web/API/Application;Validation/Business Impact;Reporting/Retest,MFG-E011;MFG-E030;MFG-E045;MFG-E071;MFG-E097;MFG-E117;MFG-E121;MFG-E122;MFG-E123;MFG-E131;MFG-E252;MFG-E266,NIST SP 800-115; OWASP WSTG; OWASP Top 10; OWASP API Security Top 10,Active + manual validation where authorized; non-destructive by default,Controlled,Written authorization; confirmed scope; test accounts/access; testing window; logging/evidence plan,Asset inventory; architecture/trust-boundary notes; configuration or request/response evidence; timestamps; approved screenshots/logs; finding references as applicable,AP-020;AP-021;AP-038;AP-039;AP-025;AP-006,T0871;T0859;T0811;T0832;T0826
Manufacturing Operations,CMMS,Reconnaissance;Scanning/Enumeration;Vulnerability Assessment;Identity/Auth;Web/API/Application;Validation/Business Impact;Reporting/Retest,MFG-E011;MFG-E031;MFG-E045;MFG-E071;MFG-E097;MFG-E117;MFG-E121;MFG-E122;MFG-E123;MFG-E132;MFG-E252;MFG-E266,NIST SP 800-115; OWASP WSTG; OWASP Top 10; OWASP API Security Top 10,Active + manual validation where authorized; non-destructive by default,Controlled,Written authorization; confirmed scope; test accounts/access; testing window; logging/evidence plan,Asset inventory; architecture/trust-boundary notes; configuration or request/response evidence; timestamps; approved screenshots/logs; finding references as applicable,AP-020;AP-021;AP-038;AP-039;AP-025;AP-006,T0871;T0859;T0811;T0832;T0826
Manufacturing Operations,LIMS,Reconnaissance;Scanning/Enumeration;Vulnerability Assessment;Identity/Auth;Web/API/Application;Validation/Business Impact;Reporting/Retest,MFG-E011;MFG-E045;MFG-E071;MFG-E121;MFG-E122;MFG-E123;MFG-E252;MFG-E266,NIST SP 800-115; OWASP WSTG; OWASP Top 10; OWASP API Security Top 10,Active + manual validation where authorized; non-destructive by default,Controlled,Written authorization; confirmed scope; test accounts/access; testing window; logging/evidence plan,Asset inventory; architecture/trust-boundary notes; configuration or request/response evidence; timestamps; approved screenshots/logs; finding references as applicable,AP-020;AP-021;AP-038;AP-039;AP-025;AP-006,T0871;T0859;T0811;T0832;T0826
Manufacturing Operations,SCM,Reconnaissance;Scanning/Enumeration;Vulnerability Assessment;Identity/Auth;Web/API/Application;Validation/Business Impact;Reporting/Retest,MFG-E011;MFG-E032;MFG-E045;MFG-E071;MFG-E121;MFG-E122;MFG-E123;MFG-E252;MFG-E266,NIST SP 800-115; OWASP WSTG; OWASP Top 10; OWASP API Security Top 10,Active + manual validation where authorized; non-destructive by default,Controlled,Written authorization; confirmed scope; test accounts/access; testing window; logging/evidence plan,Asset inventory; architecture/trust-boundary notes; configuration or request/response evidence; timestamps; approved screenshots/logs; finding references as applicable,AP-020;AP-021;AP-038;AP-039;AP-025;AP-006,T0871;T0859;T0811;T0832;T0826
Manufacturing Operations,production scheduling,Reconnaissance;Scanning/Enumeration;Vulnerability Assessment;Identity/Auth;Web/API/Application;Validation/Business Impact;Reporting/Retest,MFG-E011;MFG-E045;MFG-E071;MFG-E121;MFG-E122;MFG-E123;MFG-E252;MFG-E266,NIST SP 800-115; OWASP WSTG; OWASP Top 10; OWASP API Security Top 10,Active + manual validation where authorized; non-destructive by default,Controlled,Written authorization; confirmed scope; test accounts/access; testing window; logging/evidence plan,Asset inventory; architecture/trust-boundary notes; configuration or request/response evidence; timestamps; approved screenshots/logs; finding references as applicable,AP-020;AP-021;AP-038;AP-039;AP-025;AP-006,T0871;T0859;T0811;T0832;T0826
Manufacturing Operations,OEE,Reconnaissance;Scanning/Enumeration;Vulnerability Assessment;Identity/Auth;Web/API/Application;Validation/Business Impact;Reporting/Retest,MFG-E011;MFG-E045;MFG-E071;MFG-E121;MFG-E122;MFG-E123;MFG-E252;MFG-E266,NIST SP 800-115; OWASP WSTG; OWASP Top 10; OWASP API Security Top 10,Active + manual validation where authorized; non-destructive by default,Controlled,Written authorization; confirmed scope; test accounts/access; testing window; logging/evidence plan,Asset inventory; architecture/trust-boundary notes; configuration or request/response evidence; timestamps; approved screenshots/logs; finding references as applicable,AP-020;AP-021;AP-038;AP-039;AP-025;AP-006,T0871;T0859;T0811;T0832;T0826
Manufacturing Operations,traceability,Reconnaissance;Scanning/Enumeration;Vulnerability Assessment;Identity/Auth;Web/API/Application;Validation/Business Impact;Reporting/Retest,MFG-E011;MFG-E045;MFG-E071;MFG-E121;MFG-E122;MFG-E123;MFG-E252;MFG-E266,NIST SP 800-115; OWASP WSTG; OWASP Top 10; OWASP API Security Top 10,Active + manual validation where authorized; non-destructive by default,Controlled,Written authorization; confirmed scope; test accounts/access; testing window; logging/evidence plan,Asset inventory; architecture/trust-boundary notes; configuration or request/response evidence; timestamps; approved screenshots/logs; finding references as applicable,AP-020;AP-021;AP-038;AP-039;AP-025;AP-006,T0871;T0859;T0811;T0832;T0826
Manufacturing Operations,work instructions,Reconnaissance;Scanning/Enumeration;Vulnerability Assessment;Identity/Auth;Web/API/Application;Validation/Business Impact;Reporting/Retest,MFG-E011;MFG-E045;MFG-E071;MFG-E121;MFG-E122;MFG-E123;MFG-E252;MFG-E266;MFG-X466,NIST SP 800-115; OWASP WSTG; OWASP Top 10; OWASP API Security Top 10,Active + manual validation where authorized; non-destructive by default,Controlled,Written authorization; confirmed scope; test accounts/access; testing window; logging/evidence plan,Asset inventory; architecture/trust-boundary notes; configuration or request/response evidence; timestamps; approved screenshots/logs; finding references as applicable,AP-020;AP-021;AP-038;AP-039;AP-025;AP-006,T0871;T0859;T0811;T0832;T0826
Manufacturing Operations,recipe management,Reconnaissance;Scanning/Enumeration;Vulnerability Assessment;Identity/Auth;Web/API/Application;Validation/Business Impact;Reporting/Retest,MFG-E011;MFG-E045;MFG-E071;MFG-E121;MFG-E122;MFG-E123;MFG-E252;MFG-E266,NIST SP 800-115; OWASP WSTG; OWASP Top 10; OWASP API Security Top 10,Active + manual validation where authorized; non-destructive by default,Controlled,Written authorization; confirmed scope; test accounts/access; testing window; logging/evidence plan,Asset inventory; architecture/trust-boundary notes; configuration or request/response evidence; timestamps; approved screenshots/logs; finding references as applicable,AP-020;AP-021;AP-038;AP-039;AP-025;AP-006,T0871;T0859;T0811;T0832;T0826
Manufacturing Operations,quality inspection,Reconnaissance;Scanning/Enumeration;Vulnerability Assessment;Identity/Auth;Web/API/Application;Validation/Business Impact;Reporting/Retest,MFG-E011;MFG-E045;MFG-E071;MFG-E121;MFG-E122;MFG-E123;MFG-E224;MFG-E252;MFG-E266;MFG-X489,NIST SP 800-115; OWASP WSTG; OWASP Top 10; OWASP API Security Top 10,Active + manual validation where authorized; non-destructive by default,Controlled,Written authorization; confirmed scope; test accounts/access; testing window; logging/evidence plan,Asset inventory; architecture/trust-boundary notes; configuration or request/response evidence; timestamps; approved screenshots/logs; finding references as applicable,AP-020;AP-021;AP-038;AP-039;AP-025;AP-006,T0871;T0859;T0811;T0832;T0826
Manufacturing Operations,maintenance systems,Reconnaissance;Scanning/Enumeration;Vulnerability Assessment;Identity/Auth;Web/API/Application;Validation/Business Impact;Reporting/Retest,MFG-E011;MFG-E045;MFG-E071;MFG-E121;MFG-E122;MFG-E123;MFG-E252;MFG-E266;MFG-X478,NIST SP 800-115; OWASP WSTG; OWASP Top 10; OWASP API Security Top 10,Active + manual validation where authorized; non-destructive by default,Controlled,Written authorization; confirmed scope; test accounts/access; testing window; logging/evidence plan,Asset inventory; architecture/trust-boundary notes; configuration or request/response evidence; timestamps; approved screenshots/logs; finding references as applicable,AP-020;AP-021;AP-038;AP-039;AP-025;AP-006;AP-031,T0871;T0859;T0811;T0832;T0826
Manufacturing Operations,electronic batch records,Reconnaissance;Scanning/Enumeration;Vulnerability Assessment;Identity/Auth;Web/API/Application;Validation/Business Impact;Reporting/Retest,MFG-E011;MFG-E045;MFG-E071;MFG-E121;MFG-E122;MFG-E123;MFG-E252;MFG-E266;MFG-X469,NIST SP 800-115; OWASP WSTG; OWASP Top 10; OWASP API Security Top 10,Active + manual validation where authorized; non-destructive by default,Controlled,Written authorization; confirmed scope; test accounts/access; testing window; logging/evidence plan,Asset inventory; architecture/trust-boundary notes; configuration or request/response evidence; timestamps; approved screenshots/logs; finding references as applicable,AP-020;AP-021;AP-038;AP-039;AP-025;AP-006,T0871;T0859;T0811;T0832;T0826
Manufacturing Operations,production dashboards,Reconnaissance;Scanning/Enumeration;Vulnerability Assessment;Identity/Auth;Web/API/Application;Validation/Business Impact;Reporting/Retest,MFG-E011;MFG-E045;MFG-E071;MFG-E121;MFG-E122;MFG-E123;MFG-E252;MFG-E266,NIST SP 800-115; OWASP WSTG; OWASP Top 10; OWASP API Security Top 10,Active + manual validation where authorized; non-destructive by default,Controlled,Written authorization; confirmed scope; test accounts/access; testing window; logging/evidence plan,Asset inventory; architecture/trust-boundary notes; configuration or request/response evidence; timestamps; approved screenshots/logs; finding references as applicable,AP-020;AP-021;AP-038;AP-039;AP-025;AP-006,T0871;T0859;T0811;T0832;T0826
Engineering & IP,CAD,Reconnaissance;Scanning/Enumeration;Vulnerability Assessment;Identity/Auth;Web/API/Application;Validation/Business Impact;Reporting/Retest,MFG-E011;MFG-E035;MFG-E038;MFG-E045;MFG-E063;MFG-E071;MFG-E092;MFG-E097;MFG-E117;MFG-E148;MFG-E172;MFG-E173;MFG-E174;MFG-E225;MFG-E249;MFG-E252;MFG-E266;MFG-X366,NIST SP 800-115,Active + manual validation where authorized; non-destructive by default,Controlled,Written authorization; confirmed scope; test accounts/access; testing window; logging/evidence plan,Asset inventory; architecture/trust-boundary notes; configuration or request/response evidence; timestamps; approved screenshots/logs; finding references as applicable,AP-008;AP-009;AP-022;AP-032;AP-036;AP-040,T0859;T0845;T0873;T0843;T0889;T0811
Engineering & IP,CAM,Reconnaissance;Scanning/Enumeration;Vulnerability Assessment;Identity/Auth;Web/API/Application;Validation/Business Impact;Reporting/Retest,MFG-E011;MFG-E035;MFG-E045;MFG-E071;MFG-E172;MFG-E173;MFG-E174;MFG-E252;MFG-E266,NIST SP 800-115,Active + manual validation where authorized; non-destructive by default,Controlled,Written authorization; confirmed scope; test accounts/access; testing window; logging/evidence plan,Asset inventory; architecture/trust-boundary notes; configuration or request/response evidence; timestamps; approved screenshots/logs; finding references as applicable,AP-008;AP-009;AP-022;AP-032;AP-036;AP-040,T0859;T0845;T0873;T0843;T0889;T0811
Engineering & IP,CAE,Reconnaissance;Scanning/Enumeration;Vulnerability Assessment;Identity/Auth;Web/API/Application;Validation/Business Impact;Reporting/Retest,MFG-E011;MFG-E045;MFG-E071;MFG-E172;MFG-E173;MFG-E174;MFG-E252;MFG-E266,NIST SP 800-115,Active + manual validation where authorized; non-destructive by default,Controlled,Written authorization; confirmed scope; test accounts/access; testing window; logging/evidence plan,Asset inventory; architecture/trust-boundary notes; configuration or request/response evidence; timestamps; approved screenshots/logs; finding references as applicable,AP-008;AP-009;AP-022;AP-032;AP-036;AP-040,T0859;T0845;T0873;T0843;T0889;T0811
Engineering & IP,PLM,Reconnaissance;Scanning/Enumeration;Vulnerability Assessment;Identity/Auth;Web/API/Application;Validation/Business Impact;Reporting/Retest,MFG-E011;MFG-E035;MFG-E045;MFG-E071;MFG-E117;MFG-E172;MFG-E173;MFG-E174;MFG-E252;MFG-E266,NIST SP 800-115,Active + manual validation where authorized; non-destructive by default,Controlled,Written authorization; confirmed scope; test accounts/access; testing window; logging/evidence plan,Asset inventory; architecture/trust-boundary notes; configuration or request/response evidence; timestamps; approved screenshots/logs; finding references as applicable,AP-008;AP-009;AP-022;AP-032;AP-036;AP-040,T0859;T0845;T0873;T0843;T0889;T0811
Engineering & IP,PDM,Reconnaissance;Scanning/Enumeration;Vulnerability Assessment;Identity/Auth;Web/API/Application;Validation/Business Impact;Reporting/Retest,MFG-E011;MFG-E045;MFG-E071;MFG-E172;MFG-E173;MFG-E174;MFG-E252;MFG-E266,NIST SP 800-115,Active + manual validation where authorized; non-destructive by default,Controlled,Written authorization; confirmed scope; test accounts/access; testing window; logging/evidence plan,Asset inventory; architecture/trust-boundary notes; configuration or request/response evidence; timestamps; approved screenshots/logs; finding references as applicable,AP-008;AP-009;AP-022;AP-032;AP-036;AP-040,T0859;T0845;T0873;T0843;T0889;T0811
Engineering & IP,engineering workstations,Reconnaissance;Scanning/Enumeration;Vulnerability Assessment;Identity/Auth;Web/API/Application;Validation/Business Impact;Reporting/Retest,MFG-E011;MFG-E045;MFG-E071;MFG-E172;MFG-E173;MFG-E174;MFG-E252;MFG-E266,NIST SP 800-115,Active + manual validation where authorized; non-destructive by default,Controlled,Written authorization; confirmed scope; test accounts/access; testing window; logging/evidence plan,Asset inventory; architecture/trust-boundary notes; configuration or request/response evidence; timestamps; approved screenshots/logs; finding references as applicable,AP-008;AP-009;AP-022;AP-032;AP-036;AP-040,T0859;T0845;T0873;T0843;T0889;T0811
Engineering & IP,CNC programming,Reconnaissance;Scanning/Enumeration;Vulnerability Assessment;Identity/Auth;Web/API/Application;Validation/Business Impact;Reporting/Retest,MFG-E011;MFG-E045;MFG-E071;MFG-E172;MFG-E173;MFG-E174;MFG-E176;MFG-E252;MFG-E266;MFG-X456,NIST SP 800-115,Active + manual validation where authorized; non-destructive by default,Controlled,Written authorization; confirmed scope; test accounts/access; testing window; logging/evidence plan,Asset inventory; architecture/trust-boundary notes; configuration or request/response evidence; timestamps; approved screenshots/logs; finding references as applicable,AP-008;AP-009;AP-022;AP-032;AP-036;AP-040,T0859;T0845;T0873;T0843;T0889;T0811
Engineering & IP,PLC programming,Reconnaissance;Scanning/Enumeration;Vulnerability Assessment;Identity/Auth;Web/API/Application;Validation/Business Impact;Reporting/Retest,MFG-E011;MFG-E039;MFG-E045;MFG-E064;MFG-E071;MFG-E093;MFG-E097;MFG-E150;MFG-E172;MFG-E173;MFG-E174;MFG-E252;MFG-E266;MFG-X310;MFG-X365,NIST SP 800-115,Active + manual validation where authorized; non-destructive by default,Controlled,Written authorization; confirmed scope; test accounts/access; testing window; logging/evidence plan,Asset inventory; architecture/trust-boundary notes; configuration or request/response evidence; timestamps; approved screenshots/logs; finding references as applicable,AP-008;AP-009;AP-022;AP-032;AP-036;AP-040;AP-011;AP-012;AP-013,T0859;T0845;T0873;T0843;T0889;T0811
Engineering & IP,design repositories,Reconnaissance;Scanning/Enumeration;Vulnerability Assessment;Identity/Auth;Web/API/Application;Validation/Business Impact;Reporting/Retest,MFG-E011;MFG-E045;MFG-E071;MFG-E172;MFG-E173;MFG-E174;MFG-E252;MFG-E266,NIST SP 800-115,Active + manual validation where authorized; non-destructive by default,Controlled,Written authorization; confirmed scope; test accounts/access; testing window; logging/evidence plan,Asset inventory; architecture/trust-boundary notes; configuration or request/response evidence; timestamps; approved screenshots/logs; finding references as applicable,AP-008;AP-009;AP-022;AP-032;AP-036;AP-040,T0859;T0845;T0873;T0843;T0889;T0811
Engineering & IP,CAD repositories,Reconnaissance;Scanning/Enumeration;Vulnerability Assessment;Identity/Auth;Web/API/Application;Validation/Business Impact;Reporting/Retest,MFG-E011;MFG-E035;MFG-E045;MFG-E071;MFG-E097;MFG-E117;MFG-E172;MFG-E173;MFG-E174;MFG-E225;MFG-E252;MFG-E266,NIST SP 800-115,Active + manual validation where authorized; non-destructive by default,Controlled,Written authorization; confirmed scope; test accounts/access; testing window; logging/evidence plan,Asset inventory; architecture/trust-boundary notes; configuration or request/response evidence; timestamps; approved screenshots/logs; finding references as applicable,AP-008;AP-009;AP-022;AP-032;AP-036;AP-040,T0859;T0845;T0873;T0843;T0889;T0811
Engineering & IP,BOM repositories,Reconnaissance;Scanning/Enumeration;Vulnerability Assessment;Identity/Auth;Web/API/Application;Validation/Business Impact;Reporting/Retest,MFG-E011;MFG-E045;MFG-E071;MFG-E172;MFG-E173;MFG-E174;MFG-E252;MFG-E266,NIST SP 800-115,Active + manual validation where authorized; non-destructive by default,Controlled,Written authorization; confirmed scope; test accounts/access; testing window; logging/evidence plan,Asset inventory; architecture/trust-boundary notes; configuration or request/response evidence; timestamps; approved screenshots/logs; finding references as applicable,AP-008;AP-009;AP-022;AP-032;AP-036;AP-040,T0859;T0845;T0873;T0843;T0889;T0811
Engineering & IP,technical drawings,Reconnaissance;Scanning/Enumeration;Vulnerability Assessment;Identity/Auth;Web/API/Application;Validation/Business Impact;Reporting/Retest,MFG-E011;MFG-E045;MFG-E071;MFG-E172;MFG-E173;MFG-E174;MFG-E226;MFG-E252;MFG-E266;MFG-X366,NIST SP 800-115,Active + manual validation where authorized; non-destructive by default,Controlled,Written authorization; confirmed scope; test accounts/access; testing window; logging/evidence plan,Asset inventory; architecture/trust-boundary notes; configuration or request/response evidence; timestamps; approved screenshots/logs; finding references as applicable,AP-008;AP-009;AP-022;AP-032;AP-036;AP-040;AP-024,T0859;T0845;T0873;T0843;T0889;T0811
Engineering & IP,product specifications,Reconnaissance;Scanning/Enumeration;Vulnerability Assessment;Identity/Auth;Web/API/Application;Validation/Business Impact;Reporting/Retest,MFG-E011;MFG-E045;MFG-E071;MFG-E172;MFG-E173;MFG-E174;MFG-E252;MFG-E266,NIST SP 800-115,Active + manual validation where authorized; non-destructive by default,Controlled,Written authorization; confirmed scope; test accounts/access; testing window; logging/evidence plan,Asset inventory; architecture/trust-boundary notes; configuration or request/response evidence; timestamps; approved screenshots/logs; finding references as applicable,AP-008;AP-009;AP-022;AP-032;AP-036;AP-040,T0859;T0845;T0873;T0843;T0889;T0811
Engineering & IP,firmware repositories,Reconnaissance;Scanning/Enumeration;Vulnerability Assessment;Identity/Auth;Web/API/Application;Validation/Business Impact;Reporting/Retest,MFG-E011;MFG-E045;MFG-E071;MFG-E172;MFG-E173;MFG-E174;MFG-E177;MFG-E210;MFG-E227;MFG-E252;MFG-E266;MFG-X423,NIST SP 800-115,Active + manual validation where authorized; non-destructive by default,Controlled,Written authorization; confirmed scope; test accounts/access; testing window; logging/evidence plan,Asset inventory; architecture/trust-boundary notes; configuration or request/response evidence; timestamps; approved screenshots/logs; finding references as applicable,AP-008;AP-009;AP-022;AP-032;AP-036;AP-040,T0859;T0845;T0873;T0843;T0889;T0811
Engineering & IP,source-code repositories,Reconnaissance;Scanning/Enumeration;Vulnerability Assessment;Identity/Auth;Web/API/Application;Validation/Business Impact;Reporting/Retest,MFG-E011;MFG-E045;MFG-E071;MFG-E172;MFG-E173;MFG-E174;MFG-E178;MFG-E227;MFG-E252;MFG-E266,NIST SP 800-115,Active + manual validation where authorized; non-destructive by default,Controlled,Written authorization; confirmed scope; test accounts/access; testing window; logging/evidence plan,Asset inventory; architecture/trust-boundary notes; configuration or request/response evidence; timestamps; approved screenshots/logs; finding references as applicable,AP-008;AP-009;AP-022;AP-032;AP-036;AP-040,T0859;T0845;T0873;T0843;T0889;T0811
Engineering & IP,R&D systems,Reconnaissance;Scanning/Enumeration;Vulnerability Assessment;Identity/Auth;Web/API/Application;Validation/Business Impact;Reporting/Retest,MFG-E011;MFG-E045;MFG-E071;MFG-E172;MFG-E173;MFG-E174;MFG-E252;MFG-E266,NIST SP 800-115,Active + manual validation where authorized; non-destructive by default,Controlled,Written authorization; confirmed scope; test accounts/access; testing window; logging/evidence plan,Asset inventory; architecture/trust-boundary notes; configuration or request/response evidence; timestamps; approved screenshots/logs; finding references as applicable,AP-008;AP-009;AP-022;AP-032;AP-036;AP-040,T0859;T0845;T0873;T0843;T0889;T0811
Engineering & IP,simulation systems,Reconnaissance;Scanning/Enumeration;Vulnerability Assessment;Identity/Auth;Web/API/Application;Validation/Business Impact;Reporting/Retest,MFG-E011;MFG-E045;MFG-E071;MFG-E172;MFG-E173;MFG-E174;MFG-E252;MFG-E266,NIST SP 800-115,Active + manual validation where authorized; non-destructive by default,Controlled,Written authorization; confirmed scope; test accounts/access; testing window; logging/evidence plan,Asset inventory; architecture/trust-boundary notes; configuration or request/response evidence; timestamps; approved screenshots/logs; finding references as applicable,AP-008;AP-009;AP-022;AP-032;AP-036;AP-040,T0859;T0845;T0873;T0843;T0889;T0811
OT / ICS,SCADA,Reconnaissance;Scanning/Enumeration;Vulnerability Assessment;Identity/Auth;Web/API/Application;OT/ICS;Validation/Business Impact;Reporting/Retest,MFG-E011;MFG-E038;MFG-E045;MFG-E063;MFG-E071;MFG-E092;MFG-E097;MFG-E117;MFG-E144;MFG-E145;MFG-E146;MFG-E147;MFG-E148;MFG-E249;MFG-E252;MFG-E266;MFG-X366,NIST SP 800-115; NIST SP 800-82 Rev. 3; ISA/IEC 62443; MITRE ATT&CK for ICS,Passive/read-only by default; controlled validation only with explicit authorization and safety gate,Restricted,Written authorization; asset owner; production status; OT safety approval; maintenance window; emergency contact; stop conditions,Asset inventory; architecture/trust-boundary notes; configuration or request/response evidence; timestamps; approved screenshots/logs; finding references as applicable; OT-safe observations; approved controller/HMI/SCADA logs; change records where applicable,AP-005;AP-006;AP-008;AP-010;AP-011;AP-012;AP-013;AP-014;AP-015;AP-017;AP-018;AP-025;AP-035;AP-036;AP-009;AP-032,T0846;T0840;T0842;T0868;T0845;T0843;T0831
OT / ICS,SCADA servers,Reconnaissance;Scanning/Enumeration;Vulnerability Assessment;Identity/Auth;Web/API/Application;OT/ICS;Validation/Business Impact;Reporting/Retest,MFG-E011;MFG-E038;MFG-E045;MFG-E063;MFG-E071;MFG-E092;MFG-E097;MFG-E117;MFG-E144;MFG-E145;MFG-E146;MFG-E147;MFG-E148;MFG-E249;MFG-E252;MFG-E266;MFG-X366,NIST SP 800-115; NIST SP 800-82 Rev. 3; ISA/IEC 62443; MITRE ATT&CK for ICS,Passive/read-only by default; controlled validation only with explicit authorization and safety gate,Restricted,Written authorization; asset owner; production status; OT safety approval; maintenance window; emergency contact; stop conditions,Asset inventory; architecture/trust-boundary notes; configuration or request/response evidence; timestamps; approved screenshots/logs; finding references as applicable; OT-safe observations; approved controller/HMI/SCADA logs; change records where applicable,AP-005;AP-006;AP-008;AP-010;AP-011;AP-012;AP-013;AP-014;AP-015;AP-017;AP-018;AP-025;AP-035;AP-036;AP-009;AP-032,T0846;T0840;T0842;T0868;T0845;T0843;T0831
OT / ICS,SCADA clients,Reconnaissance;Scanning/Enumeration;Vulnerability Assessment;Identity/Auth;Web/API/Application;OT/ICS;Validation/Business Impact;Reporting/Retest,MFG-E011;MFG-E038;MFG-E045;MFG-E063;MFG-E071;MFG-E092;MFG-E097;MFG-E117;MFG-E144;MFG-E145;MFG-E146;MFG-E147;MFG-E148;MFG-E249;MFG-E252;MFG-E266;MFG-X366,NIST SP 800-115; NIST SP 800-82 Rev. 3; ISA/IEC 62443; MITRE ATT&CK for ICS,Passive/read-only by default; controlled validation only with explicit authorization and safety gate,Restricted,Written authorization; asset owner; production status; OT safety approval; maintenance window; emergency contact; stop conditions,Asset inventory; architecture/trust-boundary notes; configuration or request/response evidence; timestamps; approved screenshots/logs; finding references as applicable; OT-safe observations; approved controller/HMI/SCADA logs; change records where applicable,AP-005;AP-006;AP-008;AP-010;AP-011;AP-012;AP-013;AP-014;AP-015;AP-017;AP-018;AP-025;AP-035;AP-036;AP-009;AP-032,T0846;T0840;T0842;T0868;T0845;T0843;T0831
OT / ICS,DCS,Reconnaissance;Scanning/Enumeration;Vulnerability Assessment;Identity/Auth;Web/API/Application;OT/ICS;Validation/Business Impact;Reporting/Retest,MFG-E011;MFG-E038;MFG-E045;MFG-E063;MFG-E071;MFG-E092;MFG-E144;MFG-E145;MFG-E146;MFG-E147;MFG-E149;MFG-E252;MFG-E266,NIST SP 800-115; NIST SP 800-82 Rev. 3; ISA/IEC 62443; MITRE ATT&CK for ICS,Passive/read-only by default; controlled validation only with explicit authorization and safety gate,Restricted,Written authorization; asset owner; production status; OT safety approval; maintenance window; emergency contact; stop conditions,Asset inventory; architecture/trust-boundary notes; configuration or request/response evidence; timestamps; approved screenshots/logs; finding references as applicable; OT-safe observations; approved controller/HMI/SCADA logs; change records where applicable,AP-005;AP-006;AP-008;AP-010;AP-011;AP-012;AP-013;AP-014;AP-015;AP-017;AP-018;AP-025;AP-035;AP-036,T0846;T0840;T0842;T0868;T0845;T0843;T0831
OT / ICS,DCS servers,Reconnaissance;Scanning/Enumeration;Vulnerability Assessment;Identity/Auth;Web/API/Application;OT/ICS;Validation/Business Impact;Reporting/Retest,MFG-E011;MFG-E038;MFG-E045;MFG-E063;MFG-E071;MFG-E092;MFG-E097;MFG-E144;MFG-E145;MFG-E146;MFG-E147;MFG-E149;MFG-E252;MFG-E266,NIST SP 800-115; NIST SP 800-82 Rev. 3; ISA/IEC 62443; MITRE ATT&CK for ICS,Passive/read-only by default; controlled validation only with explicit authorization and safety gate,Restricted,Written authorization; asset owner; production status; OT safety approval; maintenance window; emergency contact; stop conditions,Asset inventory; architecture/trust-boundary notes; configuration or request/response evidence; timestamps; approved screenshots/logs; finding references as applicable; OT-safe observations; approved controller/HMI/SCADA logs; change records where applicable,AP-005;AP-006;AP-008;AP-010;AP-011;AP-012;AP-013;AP-014;AP-015;AP-017;AP-018;AP-025;AP-035;AP-036,T0846;T0840;T0842;T0868;T0845;T0843;T0831
OT / ICS,PLC,Reconnaissance;Scanning/Enumeration;Vulnerability Assessment;Identity/Auth;Web/API/Application;OT/ICS;Validation/Business Impact;Reporting/Retest,MFG-E011;MFG-E039;MFG-E045;MFG-E064;MFG-E071;MFG-E093;MFG-E097;MFG-E144;MFG-E145;MFG-E146;MFG-E147;MFG-E150;MFG-E252;MFG-E266;MFG-X310;MFG-X365,NIST SP 800-115; NIST SP 800-82 Rev. 3; ISA/IEC 62443; MITRE ATT&CK for ICS,Passive/read-only by default; controlled validation only with explicit authorization and safety gate,Restricted,Written authorization; asset owner; production status; OT safety approval; maintenance window; emergency contact; stop conditions,Asset inventory; architecture/trust-boundary notes; configuration or request/response evidence; timestamps; approved screenshots/logs; finding references as applicable; OT-safe observations; approved controller/HMI/SCADA logs; change records where applicable,AP-005;AP-006;AP-008;AP-010;AP-011;AP-012;AP-013;AP-014;AP-015;AP-017;AP-018;AP-025;AP-035;AP-036,T0846;T0840;T0842;T0868;T0845;T0843;T0831
OT / ICS,PAC,Reconnaissance;Scanning/Enumeration;Vulnerability Assessment;Identity/Auth;Web/API/Application;OT/ICS;Validation/Business Impact;Reporting/Retest,MFG-E011;MFG-E045;MFG-E071;MFG-E144;MFG-E145;MFG-E146;MFG-E147;MFG-E214;MFG-E252;MFG-E256;MFG-E257;MFG-E258;MFG-E259;MFG-E260;MFG-E261;MFG-E262;MFG-E263;MFG-E266;MFG-E274;MFG-X395,NIST SP 800-115; NIST SP 800-82 Rev. 3; ISA/IEC 62443; MITRE ATT&CK for ICS,Passive/read-only by default; controlled validation only with explicit authorization and safety gate,Restricted,Written authorization; asset owner; production status; OT safety approval; maintenance window; emergency contact; stop conditions,Asset inventory; architecture/trust-boundary notes; configuration or request/response evidence; timestamps; approved screenshots/logs; finding references as applicable; OT-safe observations; approved controller/HMI/SCADA logs; change records where applicable,AP-005;AP-006;AP-008;AP-010;AP-011;AP-012;AP-013;AP-014;AP-015;AP-017;AP-018;AP-025;AP-035;AP-036,T0846;T0840;T0842;T0868;T0845;T0843;T0831
OT / ICS,RTU,Reconnaissance;Scanning/Enumeration;Vulnerability Assessment;Identity/Auth;Web/API/Application;OT/ICS;Validation/Business Impact;Reporting/Retest,MFG-E011;MFG-E045;MFG-E071;MFG-E144;MFG-E145;MFG-E146;MFG-E147;MFG-E152;MFG-E252;MFG-E266,NIST SP 800-115; NIST SP 800-82 Rev. 3; ISA/IEC 62443; MITRE ATT&CK for ICS,Passive/read-only by default; controlled validation only with explicit authorization and safety gate,Restricted,Written authorization; asset owner; production status; OT safety approval; maintenance window; emergency contact; stop conditions,Asset inventory; architecture/trust-boundary notes; configuration or request/response evidence; timestamps; approved screenshots/logs; finding references as applicable; OT-safe observations; approved controller/HMI/SCADA logs; change records where applicable,AP-005;AP-006;AP-008;AP-010;AP-011;AP-012;AP-013;AP-014;AP-015;AP-017;AP-018;AP-025;AP-035;AP-036,T0846;T0840;T0842;T0868;T0845;T0843;T0831
OT / ICS,HMI,Reconnaissance;Scanning/Enumeration;Vulnerability Assessment;Identity/Auth;Web/API/Application;OT/ICS;Validation/Business Impact;Reporting/Retest,MFG-E011;MFG-E039;MFG-E045;MFG-E064;MFG-E071;MFG-E093;MFG-E097;MFG-E144;MFG-E145;MFG-E146;MFG-E147;MFG-E151;MFG-E249;MFG-E252;MFG-E266;MFG-X367,NIST SP 800-115; NIST SP 800-82 Rev. 3; ISA/IEC 62443; MITRE ATT&CK for ICS,Passive/read-only by default; controlled validation only with explicit authorization and safety gate,Restricted,Written authorization; asset owner; production status; OT safety approval; maintenance window; emergency contact; stop conditions,Asset inventory; architecture/trust-boundary notes; configuration or request/response evidence; timestamps; approved screenshots/logs; finding references as applicable; OT-safe observations; approved controller/HMI/SCADA logs; change records where applicable,AP-005;AP-006;AP-008;AP-010;AP-011;AP-012;AP-013;AP-014;AP-015;AP-017;AP-018;AP-025;AP-035;AP-036,T0846;T0840;T0842;T0868;T0845;T0843;T0831
OT / ICS,historian,Reconnaissance;Scanning/Enumeration;Vulnerability Assessment;Identity/Auth;Web/API/Application;OT/ICS;Validation/Business Impact;Reporting/Retest,MFG-E011;MFG-E040;MFG-E045;MFG-E065;MFG-E071;MFG-E094;MFG-E144;MFG-E145;MFG-E146;MFG-E147;MFG-E153;MFG-E252;MFG-E266,NIST SP 800-115; NIST SP 800-82 Rev. 3; ISA/IEC 62443; MITRE ATT&CK for ICS,Passive/read-only by default; controlled validation only with explicit authorization and safety gate,Restricted,Written authorization; asset owner; production status; OT safety approval; maintenance window; emergency contact; stop conditions,Asset inventory; architecture/trust-boundary notes; configuration or request/response evidence; timestamps; approved screenshots/logs; finding references as applicable; OT-safe observations; approved controller/HMI/SCADA logs; change records where applicable,AP-005;AP-006;AP-008;AP-010;AP-011;AP-012;AP-013;AP-014;AP-015;AP-017;AP-018;AP-025;AP-035;AP-036,T0846;T0840;T0842;T0868;T0845;T0843;T0831
OT / ICS,alarm servers,Reconnaissance;Scanning/Enumeration;Vulnerability Assessment;Identity/Auth;Web/API/Application;OT/ICS;Validation/Business Impact;Reporting/Retest,MFG-E011;MFG-E045;MFG-E071;MFG-E097;MFG-E144;MFG-E145;MFG-E146;MFG-E147;MFG-E252;MFG-E266,NIST SP 800-115; NIST SP 800-82 Rev. 3; ISA/IEC 62443; MITRE ATT&CK for ICS,Passive/read-only by default; controlled validation only with explicit authorization and safety gate,Restricted,Written authorization; asset owner; production status; OT safety approval; maintenance window; emergency contact; stop conditions,Asset inventory; architecture/trust-boundary notes; configuration or request/response evidence; timestamps; approved screenshots/logs; finding references as applicable; OT-safe observations; approved controller/HMI/SCADA logs; change records where applicable,AP-005;AP-006;AP-008;AP-010;AP-011;AP-012;AP-013;AP-014;AP-015;AP-017;AP-018;AP-025;AP-035;AP-036,T0846;T0840;T0842;T0868;T0845;T0843;T0831
OT / ICS,event servers,Reconnaissance;Scanning/Enumeration;Vulnerability Assessment;Identity/Auth;Web/API/Application;OT/ICS;Validation/Business Impact;Reporting/Retest,MFG-E011;MFG-E045;MFG-E071;MFG-E097;MFG-E144;MFG-E145;MFG-E146;MFG-E147;MFG-E252;MFG-E266,NIST SP 800-115; NIST SP 800-82 Rev. 3; ISA/IEC 62443; MITRE ATT&CK for ICS,Passive/read-only by default; controlled validation only with explicit authorization and safety gate,Restricted,Written authorization; asset owner; production status; OT safety approval; maintenance window; emergency contact; stop conditions,Asset inventory; architecture/trust-boundary notes; configuration or request/response evidence; timestamps; approved screenshots/logs; finding references as applicable; OT-safe observations; approved controller/HMI/SCADA logs; change records where applicable,AP-005;AP-006;AP-008;AP-010;AP-011;AP-012;AP-013;AP-014;AP-015;AP-017;AP-018;AP-025;AP-035;AP-036,T0846;T0840;T0842;T0868;T0845;T0843;T0831
OT / ICS,engineering stations,Reconnaissance;Scanning/Enumeration;Vulnerability Assessment;Identity/Auth;Web/API/Application;OT/ICS;Validation/Business Impact;Reporting/Retest,MFG-E011;MFG-E045;MFG-E071;MFG-E144;MFG-E145;MFG-E146;MFG-E147;MFG-E252;MFG-E266,NIST SP 800-115; NIST SP 800-82 Rev. 3; ISA/IEC 62443; MITRE ATT&CK for ICS,Passive/read-only by default; controlled validation only with explicit authorization and safety gate,Restricted,Written authorization; asset owner; production status; OT safety approval; maintenance window; emergency contact; stop conditions,Asset inventory; architecture/trust-boundary notes; configuration or request/response evidence; timestamps; approved screenshots/logs; finding references as applicable; OT-safe observations; approved controller/HMI/SCADA logs; change records where applicable,AP-005;AP-006;AP-008;AP-010;AP-011;AP-012;AP-013;AP-014;AP-015;AP-017;AP-018;AP-025;AP-035;AP-036;AP-009;AP-032,T0846;T0840;T0842;T0868;T0845;T0843;T0831
OT / ICS,control servers,Reconnaissance;Scanning/Enumeration;Vulnerability Assessment;Identity/Auth;Web/API/Application;OT/ICS;Validation/Business Impact;Reporting/Retest,MFG-E011;MFG-E045;MFG-E071;MFG-E097;MFG-E144;MFG-E145;MFG-E146;MFG-E147;MFG-E252;MFG-E266,NIST SP 800-115; NIST SP 800-82 Rev. 3; ISA/IEC 62443; MITRE ATT&CK for ICS,Passive/read-only by default; controlled validation only with explicit authorization and safety gate,Restricted,Written authorization; asset owner; production status; OT safety approval; maintenance window; emergency contact; stop conditions,Asset inventory; architecture/trust-boundary notes; configuration or request/response evidence; timestamps; approved screenshots/logs; finding references as applicable; OT-safe observations; approved controller/HMI/SCADA logs; change records where applicable,AP-005;AP-006;AP-008;AP-010;AP-011;AP-012;AP-013;AP-014;AP-015;AP-017;AP-018;AP-025;AP-035;AP-036,T0846;T0840;T0842;T0868;T0845;T0843;T0831
OT / ICS,application servers,Reconnaissance;Scanning/Enumeration;Vulnerability Assessment;Identity/Auth;Web/API/Application;OT/ICS;Validation/Business Impact;Reporting/Retest,MFG-E011;MFG-E045;MFG-E071;MFG-E097;MFG-E144;MFG-E145;MFG-E146;MFG-E147;MFG-E252;MFG-E266,NIST SP 800-115; NIST SP 800-82 Rev. 3; ISA/IEC 62443; MITRE ATT&CK for ICS,Passive/read-only by default; controlled validation only with explicit authorization and safety gate,Restricted,Written authorization; asset owner; production status; OT safety approval; maintenance window; emergency contact; stop conditions,Asset inventory; architecture/trust-boundary notes; configuration or request/response evidence; timestamps; approved screenshots/logs; finding references as applicable; OT-safe observations; approved controller/HMI/SCADA logs; change records where applicable,AP-005;AP-006;AP-008;AP-010;AP-011;AP-012;AP-013;AP-014;AP-015;AP-017;AP-018;AP-025;AP-035;AP-036,T0846;T0840;T0842;T0868;T0845;T0843;T0831
OT / ICS,data gateways,Reconnaissance;Scanning/Enumeration;Vulnerability Assessment;Identity/Auth;Web/API/Application;OT/ICS;Validation/Business Impact;Reporting/Retest,MFG-E011;MFG-E045;MFG-E071;MFG-E144;MFG-E145;MFG-E146;MFG-E147;MFG-E252;MFG-E266,NIST SP 800-115; NIST SP 800-82 Rev. 3; ISA/IEC 62443; MITRE ATT&CK for ICS,Passive/read-only by default; controlled validation only with explicit authorization and safety gate,Restricted,Written authorization; asset owner; production status; OT safety approval; maintenance window; emergency contact; stop conditions,Asset inventory; architecture/trust-boundary notes; configuration or request/response evidence; timestamps; approved screenshots/logs; finding references as applicable; OT-safe observations; approved controller/HMI/SCADA logs; change records where applicable,AP-005;AP-006;AP-008;AP-010;AP-011;AP-012;AP-013;AP-014;AP-015;AP-017;AP-018;AP-025;AP-035;AP-036;AP-021,T0846;T0840;T0842;T0868;T0845;T0843;T0831
OT / ICS,industrial PCs,Reconnaissance;Scanning/Enumeration;Vulnerability Assessment;Identity/Auth;Web/API/Application;OT/ICS;Validation/Business Impact;Reporting/Retest,MFG-E011;MFG-E045;MFG-E071;MFG-E144;MFG-E145;MFG-E146;MFG-E147;MFG-E252;MFG-E266,NIST SP 800-115; NIST SP 800-82 Rev. 3; ISA/IEC 62443; MITRE ATT&CK for ICS,Passive/read-only by default; controlled validation only with explicit authorization and safety gate,Restricted,Written authorization; asset owner; production status; OT safety approval; maintenance window; emergency contact; stop conditions,Asset inventory; architecture/trust-boundary notes; configuration or request/response evidence; timestamps; approved screenshots/logs; finding references as applicable; OT-safe observations; approved controller/HMI/SCADA logs; change records where applicable,AP-005;AP-006;AP-008;AP-010;AP-011;AP-012;AP-013;AP-014;AP-015;AP-017;AP-018;AP-025;AP-035;AP-036,T0846;T0840;T0842;T0868;T0845;T0843;T0831
OT / ICS,safety controllers,Reconnaissance;Scanning/Enumeration;Vulnerability Assessment;Identity/Auth;Web/API/Application;OT/ICS;Validation/Business Impact;Reporting/Retest,MFG-E006;MFG-E011;MFG-E045;MFG-E071;MFG-E144;MFG-E145;MFG-E146;MFG-E147;MFG-E167;MFG-E252;MFG-E259;MFG-E266;MFG-X309;MFG-X310;MFG-X311;MFG-X312;MFG-X395;MFG-X479,NIST SP 800-115; NIST SP 800-82 Rev. 3; ISA/IEC 62443; MITRE ATT&CK for ICS,Passive/read-only by default; controlled validation only with explicit authorization and safety gate,Restricted,Written authorization; asset owner; production status; OT safety approval; maintenance window; emergency contact; stop conditions,Asset inventory; architecture/trust-boundary notes; configuration or request/response evidence; timestamps; approved screenshots/logs; finding references as applicable; OT-safe observations; approved controller/HMI/SCADA logs; change records where applicable,AP-005;AP-006;AP-008;AP-010;AP-011;AP-012;AP-013;AP-014;AP-015;AP-017;AP-018;AP-025;AP-035;AP-036,T0846;T0840;T0842;T0868;T0845;T0843;T0831
OT / ICS,industrial gateways,Reconnaissance;Scanning/Enumeration;Vulnerability Assessment;Identity/Auth;Web/API/Application;OT/ICS;Validation/Business Impact;Reporting/Retest,MFG-E011;MFG-E045;MFG-E071;MFG-E144;MFG-E145;MFG-E146;MFG-E147;MFG-E252;MFG-E266,NIST SP 800-115; NIST SP 800-82 Rev. 3; ISA/IEC 62443; MITRE ATT&CK for ICS,Passive/read-only by default; controlled validation only with explicit authorization and safety gate,Restricted,Written authorization; asset owner; production status; OT safety approval; maintenance window; emergency contact; stop conditions,Asset inventory; architecture/trust-boundary notes; configuration or request/response evidence; timestamps; approved screenshots/logs; finding references as applicable; OT-safe observations; approved controller/HMI/SCADA logs; change records where applicable,AP-005;AP-006;AP-008;AP-010;AP-011;AP-012;AP-013;AP-014;AP-015;AP-017;AP-018;AP-025;AP-035;AP-036;AP-021,T0846;T0840;T0842;T0868;T0845;T0843;T0831
Industrial / Cyber-Physical,CNC machines,Reconnaissance;Scanning/Enumeration;Vulnerability Assessment;Identity/Auth;Web/API/Application;OT/ICS;Validation/Business Impact;Reporting/Retest,MFG-E011;MFG-E045;MFG-E071;MFG-E144;MFG-E154;MFG-E155;MFG-E156;MFG-E176;MFG-E252;MFG-E266;MFG-X456,NIST SP 800-115; NIST SP 800-82 Rev. 3; ISA/IEC 62443; MITRE ATT&CK for ICS,Passive/read-only by default; controlled validation only with explicit authorization and safety gate,Restricted,Written authorization; asset owner; production status; OT safety approval; maintenance window; emergency contact; stop conditions,Asset inventory; architecture/trust-boundary notes; configuration or request/response evidence; timestamps; approved screenshots/logs; finding references as applicable; OT-safe observations; approved controller/HMI/SCADA logs; change records where applicable,AP-011;AP-012;AP-015;AP-016;AP-017;AP-028;AP-036,T0831;T0836;T0835;T1692;T1693;T0816
Industrial / Cyber-Physical,industrial robots,Reconnaissance;Scanning/Enumeration;Vulnerability Assessment;Identity/Auth;Web/API/Application;OT/ICS;Validation/Business Impact;Reporting/Retest,MFG-E011;MFG-E045;MFG-E071;MFG-E144;MFG-E154;MFG-E155;MFG-E156;MFG-E252;MFG-E266,NIST SP 800-115; NIST SP 800-82 Rev. 3; ISA/IEC 62443; MITRE ATT&CK for ICS,Passive/read-only by default; controlled validation only with explicit authorization and safety gate,Restricted,Written authorization; asset owner; production status; OT safety approval; maintenance window; emergency contact; stop conditions,Asset inventory; architecture/trust-boundary notes; configuration or request/response evidence; timestamps; approved screenshots/logs; finding references as applicable; OT-safe observations; approved controller/HMI/SCADA logs; change records where applicable,AP-011;AP-012;AP-015;AP-016;AP-017;AP-028;AP-036,T0831;T0836;T0835;T1692;T1693;T0816
Industrial / Cyber-Physical,robot controllers,Reconnaissance;Scanning/Enumeration;Vulnerability Assessment;Identity/Auth;Web/API/Application;OT/ICS;Validation/Business Impact;Reporting/Retest,MFG-E011;MFG-E045;MFG-E071;MFG-E144;MFG-E154;MFG-E155;MFG-E156;MFG-E176;MFG-E252;MFG-E266,NIST SP 800-115; NIST SP 800-82 Rev. 3; ISA/IEC 62443; MITRE ATT&CK for ICS,Passive/read-only by default; controlled validation only with explicit authorization and safety gate,Restricted,Written authorization; asset owner; production status; OT safety approval; maintenance window; emergency contact; stop conditions,Asset inventory; architecture/trust-boundary notes; configuration or request/response evidence; timestamps; approved screenshots/logs; finding references as applicable; OT-safe observations; approved controller/HMI/SCADA logs; change records where applicable,AP-011;AP-012;AP-015;AP-016;AP-017;AP-028;AP-036,T0831;T0836;T0835;T1692;T1693;T0816
Industrial / Cyber-Physical,AGVs,Reconnaissance;Scanning/Enumeration;Vulnerability Assessment;Identity/Auth;Web/API/Application;OT/ICS;Validation/Business Impact;Reporting/Retest,MFG-E011;MFG-E045;MFG-E071;MFG-E144;MFG-E154;MFG-E155;MFG-E156;MFG-E252;MFG-E266;MFG-X458,NIST SP 800-115; NIST SP 800-82 Rev. 3; ISA/IEC 62443; MITRE ATT&CK for ICS,Passive/read-only by default; controlled validation only with explicit authorization and safety gate,Restricted,Written authorization; asset owner; production status; OT safety approval; maintenance window; emergency contact; stop conditions,Asset inventory; architecture/trust-boundary notes; configuration or request/response evidence; timestamps; approved screenshots/logs; finding references as applicable; OT-safe observations; approved controller/HMI/SCADA logs; change records where applicable,AP-011;AP-012;AP-015;AP-016;AP-017;AP-028;AP-036,T0831;T0836;T0835;T1692;T1693;T0816
Industrial / Cyber-Physical,AMRs,Reconnaissance;Scanning/Enumeration;Vulnerability Assessment;Identity/Auth;Web/API/Application;OT/ICS;Validation/Business Impact;Reporting/Retest,MFG-E011;MFG-E045;MFG-E071;MFG-E144;MFG-E154;MFG-E155;MFG-E156;MFG-E252;MFG-E266;MFG-X459,NIST SP 800-115; NIST SP 800-82 Rev. 3; ISA/IEC 62443; MITRE ATT&CK for ICS,Passive/read-only by default; controlled validation only with explicit authorization and safety gate,Restricted,Written authorization; asset owner; production status; OT safety approval; maintenance window; emergency contact; stop conditions,Asset inventory; architecture/trust-boundary notes; configuration or request/response evidence; timestamps; approved screenshots/logs; finding references as applicable; OT-safe observations; approved controller/HMI/SCADA logs; change records where applicable,AP-011;AP-012;AP-015;AP-016;AP-017;AP-028;AP-036,T0831;T0836;T0835;T1692;T1693;T0816
Industrial / Cyber-Physical,assembly machines,Reconnaissance;Scanning/Enumeration;Vulnerability Assessment;Identity/Auth;Web/API/Application;OT/ICS;Validation/Business Impact;Reporting/Retest,MFG-E011;MFG-E045;MFG-E071;MFG-E144;MFG-E154;MFG-E155;MFG-E156;MFG-E252;MFG-E266,NIST SP 800-115; NIST SP 800-82 Rev. 3; ISA/IEC 62443; MITRE ATT&CK for ICS,Passive/read-only by default; controlled validation only with explicit authorization and safety gate,Restricted,Written authorization; asset owner; production status; OT safety approval; maintenance window; emergency contact; stop conditions,Asset inventory; architecture/trust-boundary notes; configuration or request/response evidence; timestamps; approved screenshots/logs; finding references as applicable; OT-safe observations; approved controller/HMI/SCADA logs; change records where applicable,AP-011;AP-012;AP-015;AP-016;AP-017;AP-028;AP-036,T0831;T0836;T0835;T1692;T1693;T0816
Industrial / Cyber-Physical,welding systems,Reconnaissance;Scanning/Enumeration;Vulnerability Assessment;Identity/Auth;Web/API/Application;OT/ICS;Validation/Business Impact;Reporting/Retest,MFG-E011;MFG-E045;MFG-E071;MFG-E144;MFG-E154;MFG-E155;MFG-E156;MFG-E252;MFG-E266,NIST SP 800-115; NIST SP 800-82 Rev. 3; ISA/IEC 62443; MITRE ATT&CK for ICS,Passive/read-only by default; controlled validation only with explicit authorization and safety gate,Restricted,Written authorization; asset owner; production status; OT safety approval; maintenance window; emergency contact; stop conditions,Asset inventory; architecture/trust-boundary notes; configuration or request/response evidence; timestamps; approved screenshots/logs; finding references as applicable; OT-safe observations; approved controller/HMI/SCADA logs; change records where applicable,AP-011;AP-012;AP-015;AP-016;AP-017;AP-028;AP-036,T0831;T0836;T0835;T1692;T1693;T0816
Industrial / Cyber-Physical,cutting machines,Reconnaissance;Scanning/Enumeration;Vulnerability Assessment;Identity/Auth;Web/API/Application;OT/ICS;Validation/Business Impact;Reporting/Retest,MFG-E011;MFG-E045;MFG-E071;MFG-E144;MFG-E154;MFG-E155;MFG-E156;MFG-E252;MFG-E266,NIST SP 800-115; NIST SP 800-82 Rev. 3; ISA/IEC 62443; MITRE ATT&CK for ICS,Passive/read-only by default; controlled validation only with explicit authorization and safety gate,Restricted,Written authorization; asset owner; production status; OT safety approval; maintenance window; emergency contact; stop conditions,Asset inventory; architecture/trust-boundary notes; configuration or request/response evidence; timestamps; approved screenshots/logs; finding references as applicable; OT-safe observations; approved controller/HMI/SCADA logs; change records where applicable,AP-011;AP-012;AP-015;AP-016;AP-017;AP-028;AP-036,T0831;T0836;T0835;T1692;T1693;T0816
Industrial / Cyber-Physical,press machines,Reconnaissance;Scanning/Enumeration;Vulnerability Assessment;Identity/Auth;Web/API/Application;OT/ICS;Validation/Business Impact;Reporting/Retest,MFG-E011;MFG-E045;MFG-E071;MFG-E144;MFG-E154;MFG-E155;MFG-E156;MFG-E252;MFG-E266,NIST SP 800-115; NIST SP 800-82 Rev. 3; ISA/IEC 62443; MITRE ATT&CK for ICS,Passive/read-only by default; controlled validation only with explicit authorization and safety gate,Restricted,Written authorization; asset owner; production status; OT safety approval; maintenance window; emergency contact; stop conditions,Asset inventory; architecture/trust-boundary notes; configuration or request/response evidence; timestamps; approved screenshots/logs; finding references as applicable; OT-safe observations; approved controller/HMI/SCADA logs; change records where applicable,AP-011;AP-012;AP-015;AP-016;AP-017;AP-028;AP-036,T0831;T0836;T0835;T1692;T1693;T0816
Industrial / Cyber-Physical,packaging machines,Reconnaissance;Scanning/Enumeration;Vulnerability Assessment;Identity/Auth;Web/API/Application;OT/ICS;Validation/Business Impact;Reporting/Retest,MFG-E011;MFG-E045;MFG-E071;MFG-E144;MFG-E154;MFG-E155;MFG-E156;MFG-E252;MFG-E266,NIST SP 800-115; NIST SP 800-82 Rev. 3; ISA/IEC 62443; MITRE ATT&CK for ICS,Passive/read-only by default; controlled validation only with explicit authorization and safety gate,Restricted,Written authorization; asset owner; production status; OT safety approval; maintenance window; emergency contact; stop conditions,Asset inventory; architecture/trust-boundary notes; configuration or request/response evidence; timestamps; approved screenshots/logs; finding references as applicable; OT-safe observations; approved controller/HMI/SCADA logs; change records where applicable,AP-011;AP-012;AP-015;AP-016;AP-017;AP-028;AP-036;AP-013,T0831;T0836;T0835;T1692;T1693;T0816
Industrial / Cyber-Physical,inspection machines,Reconnaissance;Scanning/Enumeration;Vulnerability Assessment;Identity/Auth;Web/API/Application;OT/ICS;Validation/Business Impact;Reporting/Retest,MFG-E011;MFG-E045;MFG-E071;MFG-E144;MFG-E154;MFG-E155;MFG-E156;MFG-E252;MFG-E266,NIST SP 800-115; NIST SP 800-82 Rev. 3; ISA/IEC 62443; MITRE ATT&CK for ICS,Passive/read-only by default; controlled validation only with explicit authorization and safety gate,Restricted,Written authorization; asset owner; production status; OT safety approval; maintenance window; emergency contact; stop conditions,Asset inventory; architecture/trust-boundary notes; configuration or request/response evidence; timestamps; approved screenshots/logs; finding references as applicable; OT-safe observations; approved controller/HMI/SCADA logs; change records where applicable,AP-011;AP-012;AP-015;AP-016;AP-017;AP-028;AP-036,T0831;T0836;T0835;T1692;T1693;T0816
Industrial / Cyber-Physical,machine vision,Reconnaissance;Scanning/Enumeration;Vulnerability Assessment;Identity/Auth;Web/API/Application;OT/ICS;Validation/Business Impact;Reporting/Retest,MFG-E011;MFG-E045;MFG-E071;MFG-E144;MFG-E154;MFG-E155;MFG-E156;MFG-E252;MFG-E266;MFG-X457,NIST SP 800-115; NIST SP 800-82 Rev. 3; ISA/IEC 62443; MITRE ATT&CK for ICS,Passive/read-only by default; controlled validation only with explicit authorization and safety gate,Restricted,Written authorization; asset owner; production status; OT safety approval; maintenance window; emergency contact; stop conditions,Asset inventory; architecture/trust-boundary notes; configuration or request/response evidence; timestamps; approved screenshots/logs; finding references as applicable; OT-safe observations; approved controller/HMI/SCADA logs; change records where applicable,AP-011;AP-012;AP-015;AP-016;AP-017;AP-028;AP-036;AP-031,T0831;T0836;T0835;T1692;T1693;T0816
Industrial / Cyber-Physical,3D printers,Reconnaissance;Scanning/Enumeration;Vulnerability Assessment;Identity/Auth;Web/API/Application;OT/ICS;Validation/Business Impact;Reporting/Retest,MFG-E011;MFG-E045;MFG-E071;MFG-E144;MFG-E154;MFG-E155;MFG-E156;MFG-E252;MFG-E266,NIST SP 800-115; NIST SP 800-82 Rev. 3; ISA/IEC 62443; MITRE ATT&CK for ICS,Passive/read-only by default; controlled validation only with explicit authorization and safety gate,Restricted,Written authorization; asset owner; production status; OT safety approval; maintenance window; emergency contact; stop conditions,Asset inventory; architecture/trust-boundary notes; configuration or request/response evidence; timestamps; approved screenshots/logs; finding references as applicable; OT-safe observations; approved controller/HMI/SCADA logs; change records where applicable,AP-011;AP-012;AP-015;AP-016;AP-017;AP-028;AP-036,T0831;T0836;T0835;T1692;T1693;T0816
Industrial / Cyber-Physical,conveyors,Reconnaissance;Scanning/Enumeration;Vulnerability Assessment;Identity/Auth;Web/API/Application;OT/ICS;Validation/Business Impact;Reporting/Retest,MFG-E011;MFG-E045;MFG-E071;MFG-E144;MFG-E154;MFG-E155;MFG-E156;MFG-E252;MFG-E266,NIST SP 800-115; NIST SP 800-82 Rev. 3; ISA/IEC 62443; MITRE ATT&CK for ICS,Passive/read-only by default; controlled validation only with explicit authorization and safety gate,Restricted,Written authorization; asset owner; production status; OT safety approval; maintenance window; emergency contact; stop conditions,Asset inventory; architecture/trust-boundary notes; configuration or request/response evidence; timestamps; approved screenshots/logs; finding references as applicable; OT-safe observations; approved controller/HMI/SCADA logs; change records where applicable,AP-011;AP-012;AP-015;AP-016;AP-017;AP-028;AP-036,T0831;T0836;T0835;T1692;T1693;T0816
Industrial / Cyber-Physical,automated storage,Reconnaissance;Scanning/Enumeration;Vulnerability Assessment;Identity/Auth;Web/API/Application;OT/ICS;Validation/Business Impact;Reporting/Retest,MFG-E011;MFG-E045;MFG-E071;MFG-E144;MFG-E154;MFG-E155;MFG-E156;MFG-E252;MFG-E266;MFG-X471,NIST SP 800-115; NIST SP 800-82 Rev. 3; ISA/IEC 62443; MITRE ATT&CK for ICS,Passive/read-only by default; controlled validation only with explicit authorization and safety gate,Restricted,Written authorization; asset owner; production status; OT safety approval; maintenance window; emergency contact; stop conditions,Asset inventory; architecture/trust-boundary notes; configuration or request/response evidence; timestamps; approved screenshots/logs; finding references as applicable; OT-safe observations; approved controller/HMI/SCADA logs; change records where applicable,AP-011;AP-012;AP-015;AP-016;AP-017;AP-028;AP-036,T0831;T0836;T0835;T1692;T1693;T0816
Industrial / Cyber-Physical,test equipment,Reconnaissance;Scanning/Enumeration;Vulnerability Assessment;Identity/Auth;Web/API/Application;OT/ICS;Validation/Business Impact;Reporting/Retest,MFG-E011;MFG-E045;MFG-E071;MFG-E144;MFG-E154;MFG-E155;MFG-E156;MFG-E252;MFG-E266,NIST SP 800-115; NIST SP 800-82 Rev. 3; ISA/IEC 62443; MITRE ATT&CK for ICS,Passive/read-only by default; controlled validation only with explicit authorization and safety gate,Restricted,Written authorization; asset owner; production status; OT safety approval; maintenance window; emergency contact; stop conditions,Asset inventory; architecture/trust-boundary notes; configuration or request/response evidence; timestamps; approved screenshots/logs; finding references as applicable; OT-safe observations; approved controller/HMI/SCADA logs; change records where applicable,AP-011;AP-012;AP-015;AP-016;AP-017;AP-028;AP-036,T0831;T0836;T0835;T1692;T1693;T0816
Industrial / Cyber-Physical,calibration equipment,Reconnaissance;Scanning/Enumeration;Vulnerability Assessment;Identity/Auth;Web/API/Application;OT/ICS;Validation/Business Impact;Reporting/Retest,MFG-E011;MFG-E045;MFG-E071;MFG-E144;MFG-E154;MFG-E155;MFG-E156;MFG-E252;MFG-E266,NIST SP 800-115; NIST SP 800-82 Rev. 3; ISA/IEC 62443; MITRE ATT&CK for ICS,Passive/read-only by default; controlled validation only with explicit authorization and safety gate,Restricted,Written authorization; asset owner; production status; OT safety approval; maintenance window; emergency contact; stop conditions,Asset inventory; architecture/trust-boundary notes; configuration or request/response evidence; timestamps; approved screenshots/logs; finding references as applicable; OT-safe observations; approved controller/HMI/SCADA logs; change records where applicable,AP-011;AP-012;AP-015;AP-016;AP-017;AP-028;AP-036,T0831;T0836;T0835;T1692;T1693;T0816
Industrial / Cyber-Physical,machine tools,Reconnaissance;Scanning/Enumeration;Vulnerability Assessment;Identity/Auth;Web/API/Application;OT/ICS;Validation/Business Impact;Reporting/Retest,MFG-E011;MFG-E045;MFG-E071;MFG-E144;MFG-E154;MFG-E155;MFG-E156;MFG-E252;MFG-E266,NIST SP 800-115; NIST SP 800-82 Rev. 3; ISA/IEC 62443; MITRE ATT&CK for ICS,Passive/read-only by default; controlled validation only with explicit authorization and safety gate,Restricted,Written authorization; asset owner; production status; OT safety approval; maintenance window; emergency contact; stop conditions,Asset inventory; architecture/trust-boundary notes; configuration or request/response evidence; timestamps; approved screenshots/logs; finding references as applicable; OT-safe observations; approved controller/HMI/SCADA logs; change records where applicable,AP-011;AP-012;AP-015;AP-016;AP-017;AP-028;AP-036,T0831;T0836;T0835;T1692;T1693;T0816
Industrial / Cyber-Physical,process equipment,Reconnaissance;Scanning/Enumeration;Vulnerability Assessment;Identity/Auth;Web/API/Application;OT/ICS;Validation/Business Impact;Reporting/Retest,MFG-E011;MFG-E045;MFG-E071;MFG-E144;MFG-E154;MFG-E155;MFG-E156;MFG-E252;MFG-E266,NIST SP 800-115; NIST SP 800-82 Rev. 3; ISA/IEC 62443; MITRE ATT&CK for ICS,Passive/read-only by default; controlled validation only with explicit authorization and safety gate,Restricted,Written authorization; asset owner; production status; OT safety approval; maintenance window; emergency contact; stop conditions,Asset inventory; architecture/trust-boundary notes; configuration or request/response evidence; timestamps; approved screenshots/logs; finding references as applicable; OT-safe observations; approved controller/HMI/SCADA logs; change records where applicable,AP-011;AP-012;AP-015;AP-016;AP-017;AP-028;AP-036,T0831;T0836;T0835;T1692;T1693;T0816
Field Devices & Instrumentation,sensors,Reconnaissance;Scanning/Enumeration;Vulnerability Assessment;Identity/Auth;Web/API/Application;OT/ICS;Validation/Business Impact;Reporting/Retest,MFG-E011;MFG-E045;MFG-E071;MFG-E144;MFG-E157;MFG-E158;MFG-E159;MFG-E252;MFG-E266,NIST SP 800-115; NIST SP 800-82 Rev. 3; ISA/IEC 62443; MITRE ATT&CK for ICS,Passive/read-only by default; controlled validation only with explicit authorization and safety gate,Restricted,Written authorization; asset owner; production status; OT safety approval; maintenance window; emergency contact; stop conditions,Asset inventory; architecture/trust-boundary notes; configuration or request/response evidence; timestamps; approved screenshots/logs; finding references as applicable; OT-safe observations; approved controller/HMI/SCADA logs; change records where applicable,AP-011;AP-012;AP-015;AP-016;AP-017;AP-028,T1694;T0840;T0836;T1692;T0800;T1693
Field Devices & Instrumentation,actuators,Reconnaissance;Scanning/Enumeration;Vulnerability Assessment;Identity/Auth;Web/API/Application;OT/ICS;Validation/Business Impact;Reporting/Retest,MFG-E011;MFG-E045;MFG-E071;MFG-E144;MFG-E157;MFG-E158;MFG-E159;MFG-E252;MFG-E266,NIST SP 800-115; NIST SP 800-82 Rev. 3; ISA/IEC 62443; MITRE ATT&CK for ICS,Passive/read-only by default; controlled validation only with explicit authorization and safety gate,Restricted,Written authorization; asset owner; production status; OT safety approval; maintenance window; emergency contact; stop conditions,Asset inventory; architecture/trust-boundary notes; configuration or request/response evidence; timestamps; approved screenshots/logs; finding references as applicable; OT-safe observations; approved controller/HMI/SCADA logs; change records where applicable,AP-011;AP-012;AP-015;AP-016;AP-017;AP-028,T1694;T0840;T0836;T1692;T0800;T1693
Field Devices & Instrumentation,motors,Reconnaissance;Scanning/Enumeration;Vulnerability Assessment;Identity/Auth;Web/API/Application;OT/ICS;Validation/Business Impact;Reporting/Retest,MFG-E011;MFG-E045;MFG-E071;MFG-E144;MFG-E157;MFG-E158;MFG-E159;MFG-E252;MFG-E266,NIST SP 800-115; NIST SP 800-82 Rev. 3; ISA/IEC 62443; MITRE ATT&CK for ICS,Passive/read-only by default; controlled validation only with explicit authorization and safety gate,Restricted,Written authorization; asset owner; production status; OT safety approval; maintenance window; emergency contact; stop conditions,Asset inventory; architecture/trust-boundary notes; configuration or request/response evidence; timestamps; approved screenshots/logs; finding references as applicable; OT-safe observations; approved controller/HMI/SCADA logs; change records where applicable,AP-011;AP-012;AP-015;AP-016;AP-017;AP-028,T1694;T0840;T0836;T1692;T0800;T1693
Field Devices & Instrumentation,valves,Reconnaissance;Scanning/Enumeration;Vulnerability Assessment;Identity/Auth;Web/API/Application;OT/ICS;Validation/Business Impact;Reporting/Retest,MFG-E011;MFG-E045;MFG-E071;MFG-E144;MFG-E157;MFG-E158;MFG-E159;MFG-E252;MFG-E266,NIST SP 800-115; NIST SP 800-82 Rev. 3; ISA/IEC 62443; MITRE ATT&CK for ICS,Passive/read-only by default; controlled validation only with explicit authorization and safety gate,Restricted,Written authorization; asset owner; production status; OT safety approval; maintenance window; emergency contact; stop conditions,Asset inventory; architecture/trust-boundary notes; configuration or request/response evidence; timestamps; approved screenshots/logs; finding references as applicable; OT-safe observations; approved controller/HMI/SCADA logs; change records where applicable,AP-011;AP-012;AP-015;AP-016;AP-017;AP-028,T1694;T0840;T0836;T1692;T0800;T1693
Field Devices & Instrumentation,drives,Reconnaissance;Scanning/Enumeration;Vulnerability Assessment;Identity/Auth;Web/API/Application;OT/ICS;Validation/Business Impact;Reporting/Retest,MFG-E011;MFG-E045;MFG-E071;MFG-E144;MFG-E157;MFG-E158;MFG-E159;MFG-E252;MFG-E266,NIST SP 800-115; NIST SP 800-82 Rev. 3; ISA/IEC 62443; MITRE ATT&CK for ICS,Passive/read-only by default; controlled validation only with explicit authorization and safety gate,Restricted,Written authorization; asset owner; production status; OT safety approval; maintenance window; emergency contact; stop conditions,Asset inventory; architecture/trust-boundary notes; configuration or request/response evidence; timestamps; approved screenshots/logs; finding references as applicable; OT-safe observations; approved controller/HMI/SCADA logs; change records where applicable,AP-011;AP-012;AP-015;AP-016;AP-017;AP-028;AP-024;AP-036,T1694;T0840;T0836;T1692;T0800;T1693
Field Devices & Instrumentation,VFDs,Reconnaissance;Scanning/Enumeration;Vulnerability Assessment;Identity/Auth;Web/API/Application;OT/ICS;Validation/Business Impact;Reporting/Retest,MFG-E011;MFG-E045;MFG-E071;MFG-E144;MFG-E157;MFG-E158;MFG-E159;MFG-E252;MFG-E266,NIST SP 800-115; NIST SP 800-82 Rev. 3; ISA/IEC 62443; MITRE ATT&CK for ICS,Passive/read-only by default; controlled validation only with explicit authorization and safety gate,Restricted,Written authorization; asset owner; production status; OT safety approval; maintenance window; emergency contact; stop conditions,Asset inventory; architecture/trust-boundary notes; configuration or request/response evidence; timestamps; approved screenshots/logs; finding references as applicable; OT-safe observations; approved controller/HMI/SCADA logs; change records where applicable,AP-011;AP-012;AP-015;AP-016;AP-017;AP-028,T1694;T0840;T0836;T1692;T0800;T1693
Field Devices & Instrumentation,servo drives,Reconnaissance;Scanning/Enumeration;Vulnerability Assessment;Identity/Auth;Web/API/Application;OT/ICS;Validation/Business Impact;Reporting/Retest,MFG-E011;MFG-E045;MFG-E071;MFG-E144;MFG-E157;MFG-E158;MFG-E159;MFG-E252;MFG-E266,NIST SP 800-115; NIST SP 800-82 Rev. 3; ISA/IEC 62443; MITRE ATT&CK for ICS,Passive/read-only by default; controlled validation only with explicit authorization and safety gate,Restricted,Written authorization; asset owner; production status; OT safety approval; maintenance window; emergency contact; stop conditions,Asset inventory; architecture/trust-boundary notes; configuration or request/response evidence; timestamps; approved screenshots/logs; finding references as applicable; OT-safe observations; approved controller/HMI/SCADA logs; change records where applicable,AP-011;AP-012;AP-015;AP-016;AP-017;AP-028;AP-024;AP-036,T1694;T0840;T0836;T1692;T0800;T1693
Field Devices & Instrumentation,relays,Reconnaissance;Scanning/Enumeration;Vulnerability Assessment;Identity/Auth;Web/API/Application;OT/ICS;Validation/Business Impact;Reporting/Retest,MFG-E011;MFG-E045;MFG-E071;MFG-E144;MFG-E157;MFG-E158;MFG-E159;MFG-E252;MFG-E266,NIST SP 800-115; NIST SP 800-82 Rev. 3; ISA/IEC 62443; MITRE ATT&CK for ICS,Passive/read-only by default; controlled validation only with explicit authorization and safety gate,Restricted,Written authorization; asset owner; production status; OT safety approval; maintenance window; emergency contact; stop conditions,Asset inventory; architecture/trust-boundary notes; configuration or request/response evidence; timestamps; approved screenshots/logs; finding references as applicable; OT-safe observations; approved controller/HMI/SCADA logs; change records where applicable,AP-011;AP-012;AP-015;AP-016;AP-017;AP-028,T1694;T0840;T0836;T1692;T0800;T1693
Field Devices & Instrumentation,contactors,Reconnaissance;Scanning/Enumeration;Vulnerability Assessment;Identity/Auth;Web/API/Application;OT/ICS;Validation/Business Impact;Reporting/Retest,MFG-E011;MFG-E045;MFG-E071;MFG-E144;MFG-E157;MFG-E158;MFG-E159;MFG-E252;MFG-E266,NIST SP 800-115; NIST SP 800-82 Rev. 3; ISA/IEC 62443; MITRE ATT&CK for ICS,Passive/read-only by default; controlled validation only with explicit authorization and safety gate,Restricted,Written authorization; asset owner; production status; OT safety approval; maintenance window; emergency contact; stop conditions,Asset inventory; architecture/trust-boundary notes; configuration or request/response evidence; timestamps; approved screenshots/logs; finding references as applicable; OT-safe observations; approved controller/HMI/SCADA logs; change records where applicable,AP-011;AP-012;AP-015;AP-016;AP-017;AP-028,T1694;T0840;T0836;T1692;T0800;T1693
Field Devices & Instrumentation,smart instruments,Reconnaissance;Scanning/Enumeration;Vulnerability Assessment;Identity/Auth;Web/API/Application;OT/ICS;Validation/Business Impact;Reporting/Retest,MFG-E011;MFG-E045;MFG-E071;MFG-E144;MFG-E157;MFG-E158;MFG-E159;MFG-E252;MFG-E266,NIST SP 800-115; NIST SP 800-82 Rev. 3; ISA/IEC 62443; MITRE ATT&CK for ICS,Passive/read-only by default; controlled validation only with explicit authorization and safety gate,Restricted,Written authorization; asset owner; production status; OT safety approval; maintenance window; emergency contact; stop conditions,Asset inventory; architecture/trust-boundary notes; configuration or request/response evidence; timestamps; approved screenshots/logs; finding references as applicable; OT-safe observations; approved controller/HMI/SCADA logs; change records where applicable,AP-011;AP-012;AP-015;AP-016;AP-017;AP-028,T1694;T0840;T0836;T1692;T0800;T1693
Field Devices & Instrumentation,IEDs,Reconnaissance;Scanning/Enumeration;Vulnerability Assessment;Identity/Auth;Web/API/Application;OT/ICS;Validation/Business Impact;Reporting/Retest,MFG-E011;MFG-E045;MFG-E071;MFG-E144;MFG-E157;MFG-E158;MFG-E159;MFG-E252;MFG-E266,NIST SP 800-115; NIST SP 800-82 Rev. 3; ISA/IEC 62443; MITRE ATT&CK for ICS,Passive/read-only by default; controlled validation only with explicit authorization and safety gate,Restricted,Written authorization; asset owner; production status; OT safety approval; maintenance window; emergency contact; stop conditions,Asset inventory; architecture/trust-boundary notes; configuration or request/response evidence; timestamps; approved screenshots/logs; finding references as applicable; OT-safe observations; approved controller/HMI/SCADA logs; change records where applicable,AP-011;AP-012;AP-015;AP-016;AP-017;AP-028,T1694;T0840;T0836;T1692;T0800;T1693
Field Devices & Instrumentation,remote I/O,Reconnaissance;Scanning/Enumeration;Vulnerability Assessment;Identity/Auth;Web/API/Application;OT/ICS;Validation/Business Impact;Reporting/Retest,MFG-E011;MFG-E045;MFG-E071;MFG-E097;MFG-E144;MFG-E157;MFG-E158;MFG-E159;MFG-E252;MFG-E266,NIST SP 800-115; NIST SP 800-82 Rev. 3; ISA/IEC 62443; MITRE ATT&CK for ICS,Passive/read-only by default; controlled validation only with explicit authorization and safety gate,Restricted,Written authorization; asset owner; production status; OT safety approval; maintenance window; emergency contact; stop conditions,Asset inventory; architecture/trust-boundary notes; configuration or request/response evidence; timestamps; approved screenshots/logs; finding references as applicable; OT-safe observations; approved controller/HMI/SCADA logs; change records where applicable,AP-011;AP-012;AP-015;AP-016;AP-017;AP-028,T1694;T0840;T0836;T1692;T0800;T1693
Field Devices & Instrumentation,industrial meters,Reconnaissance;Scanning/Enumeration;Vulnerability Assessment;Identity/Auth;Web/API/Application;OT/ICS;Validation/Business Impact;Reporting/Retest,MFG-E011;MFG-E045;MFG-E071;MFG-E144;MFG-E157;MFG-E158;MFG-E159;MFG-E252;MFG-E266,NIST SP 800-115; NIST SP 800-82 Rev. 3; ISA/IEC 62443; MITRE ATT&CK for ICS,Passive/read-only by default; controlled validation only with explicit authorization and safety gate,Restricted,Written authorization; asset owner; production status; OT safety approval; maintenance window; emergency contact; stop conditions,Asset inventory; architecture/trust-boundary notes; configuration or request/response evidence; timestamps; approved screenshots/logs; finding references as applicable; OT-safe observations; approved controller/HMI/SCADA logs; change records where applicable,AP-011;AP-012;AP-015;AP-016;AP-017;AP-028,T1694;T0840;T0836;T1692;T0800;T1693
Industrial Networks & Protocols,industrial Ethernet,Reconnaissance;Scanning/Enumeration;Vulnerability Assessment;Identity/Auth;Web/API/Application;OT/ICS;Validation/Business Impact;Reporting/Retest,MFG-E011;MFG-E045;MFG-E071;MFG-E144;MFG-E160;MFG-E161;MFG-E162;MFG-E252;MFG-E266,NIST SP 800-115; NIST SP 800-82 Rev. 3; ISA/IEC 62443; MITRE ATT&CK for ICS,Passive/read-only by default; controlled validation only with explicit authorization and safety gate,Restricted,Written authorization; asset owner; production status; OT safety approval; maintenance window; emergency contact; stop conditions,Asset inventory; architecture/trust-boundary notes; configuration or request/response evidence; timestamps; approved screenshots/logs; finding references as applicable,AP-006;AP-007;AP-010;AP-011;AP-016;AP-035;AP-037,T0840;T0842;T0830;T1691;T1692;T0848
Industrial Networks & Protocols,managed switches,Reconnaissance;Scanning/Enumeration;Vulnerability Assessment;Identity/Auth;Web/API/Application;OT/ICS;Validation/Business Impact;Reporting/Retest,MFG-E011;MFG-E045;MFG-E071;MFG-E144;MFG-E160;MFG-E161;MFG-E162;MFG-E252;MFG-E266,NIST SP 800-115; NIST SP 800-82 Rev. 3; ISA/IEC 62443; MITRE ATT&CK for ICS,Passive/read-only by default; controlled validation only with explicit authorization and safety gate,Restricted,Written authorization; asset owner; production status; OT safety approval; maintenance window; emergency contact; stop conditions,Asset inventory; architecture/trust-boundary notes; configuration or request/response evidence; timestamps; approved screenshots/logs; finding references as applicable,AP-006;AP-007;AP-010;AP-011;AP-016;AP-035;AP-037,T0840;T0842;T0830;T1691;T1692;T0848
Industrial Networks & Protocols,industrial switches,Reconnaissance;Scanning/Enumeration;Vulnerability Assessment;Identity/Auth;Web/API/Application;OT/ICS;Validation/Business Impact;Reporting/Retest,MFG-E011;MFG-E045;MFG-E071;MFG-E144;MFG-E160;MFG-E161;MFG-E162;MFG-E252;MFG-E266,NIST SP 800-115; NIST SP 800-82 Rev. 3; ISA/IEC 62443; MITRE ATT&CK for ICS,Passive/read-only by default; controlled validation only with explicit authorization and safety gate,Restricted,Written authorization; asset owner; production status; OT safety approval; maintenance window; emergency contact; stop conditions,Asset inventory; architecture/trust-boundary notes; configuration or request/response evidence; timestamps; approved screenshots/logs; finding references as applicable,AP-006;AP-007;AP-010;AP-011;AP-016;AP-035;AP-037,T0840;T0842;T0830;T1691;T1692;T0848
Industrial Networks & Protocols,routers,Reconnaissance;Scanning/Enumeration;Vulnerability Assessment;Identity/Auth;Web/API/Application;OT/ICS;Validation/Business Impact;Reporting/Retest,MFG-E011;MFG-E045;MFG-E071;MFG-E144;MFG-E160;MFG-E161;MFG-E162;MFG-E252;MFG-E266,NIST SP 800-115; NIST SP 800-82 Rev. 3; ISA/IEC 62443; MITRE ATT&CK for ICS,Passive/read-only by default; controlled validation only with explicit authorization and safety gate,Restricted,Written authorization; asset owner; production status; OT safety approval; maintenance window; emergency contact; stop conditions,Asset inventory; architecture/trust-boundary notes; configuration or request/response evidence; timestamps; approved screenshots/logs; finding references as applicable,AP-006;AP-007;AP-010;AP-011;AP-016;AP-035;AP-037,T0840;T0842;T0830;T1691;T1692;T0848
Industrial Networks & Protocols,industrial routers,Reconnaissance;Scanning/Enumeration;Vulnerability Assessment;Identity/Auth;Web/API/Application;OT/ICS;Validation/Business Impact;Reporting/Retest,MFG-E011;MFG-E045;MFG-E071;MFG-E144;MFG-E160;MFG-E161;MFG-E162;MFG-E252;MFG-E266,NIST SP 800-115; NIST SP 800-82 Rev. 3; ISA/IEC 62443; MITRE ATT&CK for ICS,Passive/read-only by default; controlled validation only with explicit authorization and safety gate,Restricted,Written authorization; asset owner; production status; OT safety approval; maintenance window; emergency contact; stop conditions,Asset inventory; architecture/trust-boundary notes; configuration or request/response evidence; timestamps; approved screenshots/logs; finding references as applicable,AP-006;AP-007;AP-010;AP-011;AP-016;AP-035;AP-037,T0840;T0842;T0830;T1691;T1692;T0848
Industrial Networks & Protocols,industrial firewalls,Reconnaissance;Scanning/Enumeration;Vulnerability Assessment;Identity/Auth;Web/API/Application;OT/ICS;Validation/Business Impact;Reporting/Retest,MFG-E011;MFG-E045;MFG-E060;MFG-E071;MFG-E144;MFG-E156;MFG-E160;MFG-E161;MFG-E162;MFG-E197;MFG-E252;MFG-E266,NIST SP 800-115; NIST SP 800-82 Rev. 3; ISA/IEC 62443; MITRE ATT&CK for ICS,Passive/read-only by default; controlled validation only with explicit authorization and safety gate,Restricted,Written authorization; asset owner; production status; OT safety approval; maintenance window; emergency contact; stop conditions,Asset inventory; architecture/trust-boundary notes; configuration or request/response evidence; timestamps; approved screenshots/logs; finding references as applicable,AP-006;AP-007;AP-010;AP-011;AP-016;AP-035;AP-037;AP-026;AP-027;AP-028,T0840;T0842;T0830;T1691;T1692;T0848
Industrial Networks & Protocols,wireless bridges,Reconnaissance;Scanning/Enumeration;Vulnerability Assessment;Identity/Auth;Web/API/Application;OT/ICS;Validation/Business Impact;Reporting/Retest,MFG-E011;MFG-E045;MFG-E068;MFG-E071;MFG-E096;MFG-E144;MFG-E160;MFG-E161;MFG-E162;MFG-E215;MFG-E216;MFG-E252;MFG-E266,NIST SP 800-115; NIST SP 800-82 Rev. 3; ISA/IEC 62443; MITRE ATT&CK for ICS,Passive/read-only by default; controlled validation only with explicit authorization and safety gate,Restricted,Written authorization; asset owner; production status; OT safety approval; maintenance window; emergency contact; stop conditions,Asset inventory; architecture/trust-boundary notes; configuration or request/response evidence; timestamps; approved screenshots/logs; finding references as applicable,AP-006;AP-007;AP-010;AP-011;AP-016;AP-035;AP-037;AP-033,T0840;T0842;T0830;T1691;T1692;T0848
Industrial Networks & Protocols,network taps,Reconnaissance;Scanning/Enumeration;Vulnerability Assessment;Identity/Auth;Web/API/Application;OT/ICS;Validation/Business Impact;Reporting/Retest,MFG-E011;MFG-E045;MFG-E071;MFG-E144;MFG-E160;MFG-E161;MFG-E162;MFG-E252;MFG-E266,NIST SP 800-115; NIST SP 800-82 Rev. 3; ISA/IEC 62443; MITRE ATT&CK for ICS,Passive/read-only by default; controlled validation only with explicit authorization and safety gate,Restricted,Written authorization; asset owner; production status; OT safety approval; maintenance window; emergency contact; stop conditions,Asset inventory; architecture/trust-boundary notes; configuration or request/response evidence; timestamps; approved screenshots/logs; finding references as applicable,AP-006;AP-007;AP-010;AP-011;AP-016;AP-035;AP-037,T0840;T0842;T0830;T1691;T1692;T0848
Industrial Networks & Protocols,Modbus,Reconnaissance;Scanning/Enumeration;Vulnerability Assessment;Identity/Auth;Web/API/Application;OT/ICS;Validation/Business Impact;Reporting/Retest,MFG-E011;MFG-E045;MFG-E071;MFG-E144;MFG-E160;MFG-E161;MFG-E162;MFG-E252;MFG-E266,NIST SP 800-115; NIST SP 800-82 Rev. 3; ISA/IEC 62443; MITRE ATT&CK for ICS,Passive/read-only by default; controlled validation only with explicit authorization and safety gate,Restricted,Written authorization; asset owner; production status; OT safety approval; maintenance window; emergency contact; stop conditions,Asset inventory; architecture/trust-boundary notes; configuration or request/response evidence; timestamps; approved screenshots/logs; finding references as applicable,AP-006;AP-007;AP-010;AP-011;AP-016;AP-035;AP-037,T0840;T0842;T0830;T1691;T1692;T0848
Industrial Networks & Protocols,Modbus TCP,Reconnaissance;Scanning/Enumeration;Vulnerability Assessment;Identity/Auth;Web/API/Application;OT/ICS;Validation/Business Impact;Reporting/Retest,MFG-E011;MFG-E045;MFG-E071;MFG-E144;MFG-E160;MFG-E161;MFG-E162;MFG-E252;MFG-E266,NIST SP 800-115; NIST SP 800-82 Rev. 3; ISA/IEC 62443; MITRE ATT&CK for ICS,Passive/read-only by default; controlled validation only with explicit authorization and safety gate,Restricted,Written authorization; asset owner; production status; OT safety approval; maintenance window; emergency contact; stop conditions,Asset inventory; architecture/trust-boundary notes; configuration or request/response evidence; timestamps; approved screenshots/logs; finding references as applicable,AP-006;AP-007;AP-010;AP-011;AP-016;AP-035;AP-037,T0840;T0842;T0830;T1691;T1692;T0848
Industrial Networks & Protocols,OPC UA,Reconnaissance;Scanning/Enumeration;Vulnerability Assessment;Identity/Auth;Web/API/Application;OT/ICS;Validation/Business Impact;Reporting/Retest,MFG-E011;MFG-E045;MFG-E071;MFG-E144;MFG-E159;MFG-E160;MFG-E161;MFG-E162;MFG-E252;MFG-E266,NIST SP 800-115; NIST SP 800-82 Rev. 3; ISA/IEC 62443; MITRE ATT&CK for ICS,Passive/read-only by default; controlled validation only with explicit authorization and safety gate,Restricted,Written authorization; asset owner; production status; OT safety approval; maintenance window; emergency contact; stop conditions,Asset inventory; architecture/trust-boundary notes; configuration or request/response evidence; timestamps; approved screenshots/logs; finding references as applicable,AP-006;AP-007;AP-010;AP-011;AP-016;AP-035;AP-037,T0840;T0842;T0830;T1691;T1692;T0848
Industrial Networks & Protocols,EtherNet/IP,Reconnaissance;Scanning/Enumeration;Vulnerability Assessment;Identity/Auth;Web/API/Application;OT/ICS;Validation/Business Impact;Reporting/Retest,MFG-E011;MFG-E045;MFG-E071;MFG-E144;MFG-E160;MFG-E161;MFG-E162;MFG-E252;MFG-E266,NIST SP 800-115; NIST SP 800-82 Rev. 3; ISA/IEC 62443; MITRE ATT&CK for ICS,Passive/read-only by default; controlled validation only with explicit authorization and safety gate,Restricted,Written authorization; asset owner; production status; OT safety approval; maintenance window; emergency contact; stop conditions,Asset inventory; architecture/trust-boundary notes; configuration or request/response evidence; timestamps; approved screenshots/logs; finding references as applicable,AP-006;AP-007;AP-010;AP-011;AP-016;AP-035;AP-037,T0840;T0842;T0830;T1691;T1692;T0848
Industrial Networks & Protocols,PROFINET,Reconnaissance;Scanning/Enumeration;Vulnerability Assessment;Identity/Auth;Web/API/Application;OT/ICS;Validation/Business Impact;Reporting/Retest,MFG-E011;MFG-E045;MFG-E071;MFG-E144;MFG-E160;MFG-E161;MFG-E162;MFG-E252;MFG-E266,NIST SP 800-115; NIST SP 800-82 Rev. 3; ISA/IEC 62443; MITRE ATT&CK for ICS,Passive/read-only by default; controlled validation only with explicit authorization and safety gate,Restricted,Written authorization; asset owner; production status; OT safety approval; maintenance window; emergency contact; stop conditions,Asset inventory; architecture/trust-boundary notes; configuration or request/response evidence; timestamps; approved screenshots/logs; finding references as applicable,AP-006;AP-007;AP-010;AP-011;AP-016;AP-035;AP-037,T0840;T0842;T0830;T1691;T1692;T0848
Industrial Networks & Protocols,DNP3,Reconnaissance;Scanning/Enumeration;Vulnerability Assessment;Identity/Auth;Web/API/Application;OT/ICS;Validation/Business Impact;Reporting/Retest,MFG-E011;MFG-E045;MFG-E071;MFG-E144;MFG-E160;MFG-E161;MFG-E162;MFG-E252;MFG-E266,NIST SP 800-115; NIST SP 800-82 Rev. 3; ISA/IEC 62443; MITRE ATT&CK for ICS,Passive/read-only by default; controlled validation only with explicit authorization and safety gate,Restricted,Written authorization; asset owner; production status; OT safety approval; maintenance window; emergency contact; stop conditions,Asset inventory; architecture/trust-boundary notes; configuration or request/response evidence; timestamps; approved screenshots/logs; finding references as applicable,AP-006;AP-007;AP-010;AP-011;AP-016;AP-035;AP-037,T0840;T0842;T0830;T1691;T1692;T0848
Industrial Networks & Protocols,MQTT,Reconnaissance;Scanning/Enumeration;Vulnerability Assessment;Identity/Auth;Web/API/Application;OT/ICS;Validation/Business Impact;Reporting/Retest,MFG-E011;MFG-E045;MFG-E071;MFG-E144;MFG-E160;MFG-E161;MFG-E162;MFG-E163;MFG-E252;MFG-E266,NIST SP 800-115; NIST SP 800-82 Rev. 3; ISA/IEC 62443; MITRE ATT&CK for ICS,Passive/read-only by default; controlled validation only with explicit authorization and safety gate,Restricted,Written authorization; asset owner; production status; OT safety approval; maintenance window; emergency contact; stop conditions,Asset inventory; architecture/trust-boundary notes; configuration or request/response evidence; timestamps; approved screenshots/logs; finding references as applicable,AP-006;AP-007;AP-010;AP-011;AP-016;AP-035;AP-037,T0840;T0842;T0830;T1691;T1692;T0848
Industrial Networks & Protocols,AMQP,Reconnaissance;Scanning/Enumeration;Vulnerability Assessment;Identity/Auth;Web/API/Application;OT/ICS;Validation/Business Impact;Reporting/Retest,MFG-E011;MFG-E045;MFG-E071;MFG-E144;MFG-E160;MFG-E161;MFG-E162;MFG-E252;MFG-E266,NIST SP 800-115; NIST SP 800-82 Rev. 3; ISA/IEC 62443; MITRE ATT&CK for ICS,Passive/read-only by default; controlled validation only with explicit authorization and safety gate,Restricted,Written authorization; asset owner; production status; OT safety approval; maintenance window; emergency contact; stop conditions,Asset inventory; architecture/trust-boundary notes; configuration or request/response evidence; timestamps; approved screenshots/logs; finding references as applicable,AP-006;AP-007;AP-010;AP-011;AP-016;AP-035;AP-037,T0840;T0842;T0830;T1691;T1692;T0848
Industrial Networks & Protocols,HART,Reconnaissance;Scanning/Enumeration;Vulnerability Assessment;Identity/Auth;Web/API/Application;OT/ICS;Validation/Business Impact;Reporting/Retest,MFG-E011;MFG-E045;MFG-E071;MFG-E144;MFG-E160;MFG-E161;MFG-E162;MFG-E252;MFG-E266,NIST SP 800-115; NIST SP 800-82 Rev. 3; ISA/IEC 62443; MITRE ATT&CK for ICS,Passive/read-only by default; controlled validation only with explicit authorization and safety gate,Restricted,Written authorization; asset owner; production status; OT safety approval; maintenance window; emergency contact; stop conditions,Asset inventory; architecture/trust-boundary notes; configuration or request/response evidence; timestamps; approved screenshots/logs; finding references as applicable,AP-006;AP-007;AP-010;AP-011;AP-016;AP-035;AP-037,T0840;T0842;T0830;T1691;T1692;T0848
Industrial Networks & Protocols,CAN-related protocols,Reconnaissance;Scanning/Enumeration;Vulnerability Assessment;Identity/Auth;Web/API/Application;OT/ICS;Validation/Business Impact;Reporting/Retest,MFG-E011;MFG-E045;MFG-E071;MFG-E144;MFG-E160;MFG-E161;MFG-E162;MFG-E252;MFG-E266,NIST SP 800-115; NIST SP 800-82 Rev. 3; ISA/IEC 62443; MITRE ATT&CK for ICS,Passive/read-only by default; controlled validation only with explicit authorization and safety gate,Restricted,Written authorization; asset owner; production status; OT safety approval; maintenance window; emergency contact; stop conditions,Asset inventory; architecture/trust-boundary notes; configuration or request/response evidence; timestamps; approved screenshots/logs; finding references as applicable,AP-006;AP-007;AP-010;AP-011;AP-016;AP-035;AP-037,T0840;T0842;T0830;T1691;T1692;T0848
Industrial Networks & Protocols,serial protocols,Reconnaissance;Scanning/Enumeration;Vulnerability Assessment;Identity/Auth;Web/API/Application;OT/ICS;Validation/Business Impact;Reporting/Retest,MFG-E011;MFG-E045;MFG-E071;MFG-E144;MFG-E160;MFG-E161;MFG-E162;MFG-E252;MFG-E266,NIST SP 800-115; NIST SP 800-82 Rev. 3; ISA/IEC 62443; MITRE ATT&CK for ICS,Passive/read-only by default; controlled validation only with explicit authorization and safety gate,Restricted,Written authorization; asset owner; production status; OT safety approval; maintenance window; emergency contact; stop conditions,Asset inventory; architecture/trust-boundary notes; configuration or request/response evidence; timestamps; approved screenshots/logs; finding references as applicable,AP-006;AP-007;AP-010;AP-011;AP-016;AP-035;AP-037,T0840;T0842;T0830;T1691;T1692;T0848
Industrial Networks & Protocols,vendor protocols,Reconnaissance;Scanning/Enumeration;Vulnerability Assessment;Identity/Auth;Web/API/Application;OT/ICS;Validation/Business Impact;Reporting/Retest,MFG-E011;MFG-E045;MFG-E071;MFG-E144;MFG-E160;MFG-E161;MFG-E162;MFG-E252;MFG-E266,NIST SP 800-115; NIST SP 800-82 Rev. 3; ISA/IEC 62443; MITRE ATT&CK for ICS,Passive/read-only by default; controlled validation only with explicit authorization and safety gate,Restricted,Written authorization; asset owner; production status; OT safety approval; maintenance window; emergency contact; stop conditions,Asset inventory; architecture/trust-boundary notes; configuration or request/response evidence; timestamps; approved screenshots/logs; finding references as applicable,AP-006;AP-007;AP-010;AP-011;AP-016;AP-035;AP-037;AP-002;AP-005,T0840;T0842;T0830;T1691;T1692;T0848
IIoT / Edge / Industry 4.0,smart sensors,Reconnaissance;Scanning/Enumeration;Vulnerability Assessment;Identity/Auth;Web/API/Application;OT/ICS;Validation/Business Impact;Reporting/Retest,MFG-E011;MFG-E045;MFG-E071;MFG-E144;MFG-E179;MFG-E180;MFG-E181;MFG-E252;MFG-E266,NIST SP 800-115; NIST SP 800-82 Rev. 3; ISA/IEC 62443; MITRE ATT&CK for ICS,Active + manual validation where authorized; non-destructive by default,Restricted,Written authorization; confirmed scope; test accounts/access; testing window; logging/evidence plan,Asset inventory; architecture/trust-boundary notes; configuration or request/response evidence; timestamps; approved screenshots/logs; finding references as applicable,AP-010;AP-016;AP-018;AP-021;AP-031;AP-035,T0871;T0840;T0842;T1694;T0862;T0830
IIoT / Edge / Industry 4.0,IIoT gateways,Reconnaissance;Scanning/Enumeration;Vulnerability Assessment;Identity/Auth;Web/API/Application;OT/ICS;Validation/Business Impact;Reporting/Retest,MFG-E011;MFG-E045;MFG-E071;MFG-E117;MFG-E144;MFG-E179;MFG-E180;MFG-E181;MFG-E252;MFG-E266,NIST SP 800-115; NIST SP 800-82 Rev. 3; ISA/IEC 62443; MITRE ATT&CK for ICS,Active + manual validation where authorized; non-destructive by default,Restricted,Written authorization; confirmed scope; test accounts/access; testing window; logging/evidence plan,Asset inventory; architecture/trust-boundary notes; configuration or request/response evidence; timestamps; approved screenshots/logs; finding references as applicable,AP-010;AP-016;AP-018;AP-021;AP-031;AP-035,T0871;T0840;T0842;T1694;T0862;T0830
IIoT / Edge / Industry 4.0,edge computers,Reconnaissance;Scanning/Enumeration;Vulnerability Assessment;Identity/Auth;Web/API/Application;OT/ICS;Validation/Business Impact;Reporting/Retest,MFG-E011;MFG-E045;MFG-E071;MFG-E144;MFG-E179;MFG-E180;MFG-E181;MFG-E252;MFG-E266,NIST SP 800-115; NIST SP 800-82 Rev. 3; ISA/IEC 62443; MITRE ATT&CK for ICS,Active + manual validation where authorized; non-destructive by default,Restricted,Written authorization; confirmed scope; test accounts/access; testing window; logging/evidence plan,Asset inventory; architecture/trust-boundary notes; configuration or request/response evidence; timestamps; approved screenshots/logs; finding references as applicable,AP-010;AP-016;AP-018;AP-021;AP-031;AP-035,T0871;T0840;T0842;T1694;T0862;T0830
IIoT / Edge / Industry 4.0,industrial PCs,Reconnaissance;Scanning/Enumeration;Vulnerability Assessment;Identity/Auth;Web/API/Application;OT/ICS;Validation/Business Impact;Reporting/Retest,MFG-E011;MFG-E045;MFG-E071;MFG-E144;MFG-E179;MFG-E180;MFG-E181;MFG-E252;MFG-E266,NIST SP 800-115; NIST SP 800-82 Rev. 3; ISA/IEC 62443; MITRE ATT&CK for ICS,Active + manual validation where authorized; non-destructive by default,Restricted,Written authorization; confirmed scope; test accounts/access; testing window; logging/evidence plan,Asset inventory; architecture/trust-boundary notes; configuration or request/response evidence; timestamps; approved screenshots/logs; finding references as applicable,AP-010;AP-016;AP-018;AP-021;AP-031;AP-035,T0871;T0840;T0842;T1694;T0862;T0830
IIoT / Edge / Industry 4.0,device-management platforms,Reconnaissance;Scanning/Enumeration;Vulnerability Assessment;Identity/Auth;Web/API/Application;OT/ICS;Validation/Business Impact;Reporting/Retest,MFG-E011;MFG-E045;MFG-E071;MFG-E144;MFG-E179;MFG-E180;MFG-E181;MFG-E252;MFG-E266,NIST SP 800-115; NIST SP 800-82 Rev. 3; ISA/IEC 62443; MITRE ATT&CK for ICS,Active + manual validation where authorized; non-destructive by default,Restricted,Written authorization; confirmed scope; test accounts/access; testing window; logging/evidence plan,Asset inventory; architecture/trust-boundary notes; configuration or request/response evidence; timestamps; approved screenshots/logs; finding references as applicable,AP-010;AP-016;AP-018;AP-021;AP-031;AP-035,T0871;T0840;T0842;T1694;T0862;T0830
IIoT / Edge / Industry 4.0,machine-monitoring platforms,Reconnaissance;Scanning/Enumeration;Vulnerability Assessment;Identity/Auth;Web/API/Application;OT/ICS;Validation/Business Impact;Reporting/Retest,MFG-E011;MFG-E045;MFG-E071;MFG-E144;MFG-E179;MFG-E180;MFG-E181;MFG-E252;MFG-E266,NIST SP 800-115; NIST SP 800-82 Rev. 3; ISA/IEC 62443; MITRE ATT&CK for ICS,Active + manual validation where authorized; non-destructive by default,Restricted,Written authorization; confirmed scope; test accounts/access; testing window; logging/evidence plan,Asset inventory; architecture/trust-boundary notes; configuration or request/response evidence; timestamps; approved screenshots/logs; finding references as applicable,AP-010;AP-016;AP-018;AP-021;AP-031;AP-035,T0871;T0840;T0842;T1694;T0862;T0830
IIoT / Edge / Industry 4.0,IoT APIs,Reconnaissance;Scanning/Enumeration;Vulnerability Assessment;Identity/Auth;Web/API/Application;OT/ICS;Validation/Business Impact;Reporting/Retest,MFG-E011;MFG-E045;MFG-E071;MFG-E097;MFG-E117;MFG-E144;MFG-E179;MFG-E180;MFG-E181;MFG-E252;MFG-E266,NIST SP 800-115; NIST SP 800-82 Rev. 3; ISA/IEC 62443; MITRE ATT&CK for ICS; OWASP WSTG; OWASP Top 10; OWASP API Security Top 10,Active + manual validation where authorized; non-destructive by default,Restricted,Written authorization; confirmed scope; test accounts/access; testing window; logging/evidence plan,Asset inventory; architecture/trust-boundary notes; configuration or request/response evidence; timestamps; approved screenshots/logs; finding references as applicable,AP-010;AP-016;AP-018;AP-021;AP-031;AP-035,T0871;T0840;T0842;T1694;T0862;T0830
IIoT / Edge / Industry 4.0,MQTT brokers,Reconnaissance;Scanning/Enumeration;Vulnerability Assessment;Identity/Auth;Web/API/Application;OT/ICS;Validation/Business Impact;Reporting/Retest,MFG-E011;MFG-E045;MFG-E071;MFG-E144;MFG-E163;MFG-E179;MFG-E180;MFG-E181;MFG-E252;MFG-E266,NIST SP 800-115; NIST SP 800-82 Rev. 3; ISA/IEC 62443; MITRE ATT&CK for ICS,Active + manual validation where authorized; non-destructive by default,Restricted,Written authorization; confirmed scope; test accounts/access; testing window; logging/evidence plan,Asset inventory; architecture/trust-boundary notes; configuration or request/response evidence; timestamps; approved screenshots/logs; finding references as applicable,AP-010;AP-016;AP-018;AP-021;AP-031;AP-035,T0871;T0840;T0842;T1694;T0862;T0830
IIoT / Edge / Industry 4.0,OPC gateways,Reconnaissance;Scanning/Enumeration;Vulnerability Assessment;Identity/Auth;Web/API/Application;OT/ICS;Validation/Business Impact;Reporting/Retest,MFG-E011;MFG-E045;MFG-E071;MFG-E144;MFG-E159;MFG-E179;MFG-E180;MFG-E181;MFG-E252;MFG-E266,NIST SP 800-115; NIST SP 800-82 Rev. 3; ISA/IEC 62443; MITRE ATT&CK for ICS,Active + manual validation where authorized; non-destructive by default,Restricted,Written authorization; confirmed scope; test accounts/access; testing window; logging/evidence plan,Asset inventory; architecture/trust-boundary notes; configuration or request/response evidence; timestamps; approved screenshots/logs; finding references as applicable,AP-010;AP-016;AP-018;AP-021;AP-031;AP-035,T0871;T0840;T0842;T1694;T0862;T0830
IIoT / Edge / Industry 4.0,remote diagnostics,Reconnaissance;Scanning/Enumeration;Vulnerability Assessment;Identity/Auth;Web/API/Application;OT/ICS;Validation/Business Impact;Reporting/Retest,MFG-E011;MFG-E045;MFG-E071;MFG-E097;MFG-E144;MFG-E179;MFG-E180;MFG-E181;MFG-E252;MFG-E266,NIST SP 800-115; NIST SP 800-82 Rev. 3; ISA/IEC 62443; MITRE ATT&CK for ICS,Active + manual validation where authorized; non-destructive by default,Restricted,Written authorization; confirmed scope; test accounts/access; testing window; logging/evidence plan,Asset inventory; architecture/trust-boundary notes; configuration or request/response evidence; timestamps; approved screenshots/logs; finding references as applicable,AP-010;AP-016;AP-018;AP-021;AP-031;AP-035,T0871;T0840;T0842;T1694;T0862;T0830
IIoT / Edge / Industry 4.0,predictive maintenance,Reconnaissance;Scanning/Enumeration;Vulnerability Assessment;Identity/Auth;Web/API/Application;OT/ICS;Validation/Business Impact;Reporting/Retest,MFG-E011;MFG-E045;MFG-E071;MFG-E144;MFG-E179;MFG-E180;MFG-E181;MFG-E252;MFG-E266;MFG-X478,NIST SP 800-115; NIST SP 800-82 Rev. 3; ISA/IEC 62443; MITRE ATT&CK for ICS,Active + manual validation where authorized; non-destructive by default,Restricted,Written authorization; confirmed scope; test accounts/access; testing window; logging/evidence plan,Asset inventory; architecture/trust-boundary notes; configuration or request/response evidence; timestamps; approved screenshots/logs; finding references as applicable,AP-010;AP-016;AP-018;AP-021;AP-031;AP-035,T0871;T0840;T0842;T1694;T0862;T0830
IIoT / Edge / Industry 4.0,digital twins,Reconnaissance;Scanning/Enumeration;Vulnerability Assessment;Identity/Auth;Web/API/Application;OT/ICS;Validation/Business Impact;Reporting/Retest,MFG-E011;MFG-E045;MFG-E071;MFG-E117;MFG-E144;MFG-E179;MFG-E180;MFG-E181;MFG-E194;MFG-E252;MFG-E266;MFG-X449,NIST SP 800-115; NIST SP 800-82 Rev. 3; ISA/IEC 62443; MITRE ATT&CK for ICS,Active + manual validation where authorized; non-destructive by default,Restricted,Written authorization; confirmed scope; test accounts/access; testing window; logging/evidence plan,Asset inventory; architecture/trust-boundary notes; configuration or request/response evidence; timestamps; approved screenshots/logs; finding references as applicable,AP-010;AP-016;AP-018;AP-021;AP-031;AP-035,T0871;T0840;T0842;T1694;T0862;T0830
IIoT / Edge / Industry 4.0,industrial analytics,Reconnaissance;Scanning/Enumeration;Vulnerability Assessment;Identity/Auth;Web/API/Application;OT/ICS;Validation/Business Impact;Reporting/Retest,MFG-E011;MFG-E042;MFG-E045;MFG-E071;MFG-E144;MFG-E179;MFG-E180;MFG-E181;MFG-E195;MFG-E252;MFG-E266,NIST SP 800-115; NIST SP 800-82 Rev. 3; ISA/IEC 62443; MITRE ATT&CK for ICS,Active + manual validation where authorized; non-destructive by default,Restricted,Written authorization; confirmed scope; test accounts/access; testing window; logging/evidence plan,Asset inventory; architecture/trust-boundary notes; configuration or request/response evidence; timestamps; approved screenshots/logs; finding references as applicable,AP-010;AP-016;AP-018;AP-021;AP-031;AP-035,T0871;T0840;T0842;T1694;T0862;T0830
IIoT / Edge / Industry 4.0,data platforms,Reconnaissance;Scanning/Enumeration;Vulnerability Assessment;Identity/Auth;Web/API/Application;OT/ICS;Validation/Business Impact;Reporting/Retest,MFG-E011;MFG-E045;MFG-E071;MFG-E144;MFG-E179;MFG-E180;MFG-E181;MFG-E252;MFG-E266,NIST SP 800-115; NIST SP 800-82 Rev. 3; ISA/IEC 62443; MITRE ATT&CK for ICS,Active + manual validation where authorized; non-destructive by default,Restricted,Written authorization; confirmed scope; test accounts/access; testing window; logging/evidence plan,Asset inventory; architecture/trust-boundary notes; configuration or request/response evidence; timestamps; approved screenshots/logs; finding references as applicable,AP-010;AP-016;AP-018;AP-021;AP-031;AP-035,T0871;T0840;T0842;T1694;T0862;T0830
Cloud & Digital Infrastructure,AWS,Reconnaissance;Scanning/Enumeration;Vulnerability Assessment;Identity/Auth;Web/API/Application;Validation/Business Impact;Reporting/Retest,MFG-E011;MFG-E045;MFG-E071;MFG-E182;MFG-E183;MFG-E184;MFG-E252;MFG-E266,NIST SP 800-115; CIS Controls,Active + manual validation where authorized; non-destructive by default,Controlled,Written authorization; confirmed scope; test accounts/access; testing window; logging/evidence plan,Asset inventory; architecture/trust-boundary notes; configuration or request/response evidence; timestamps; approved screenshots/logs; finding references as applicable,AP-001;AP-018;AP-019;AP-022;AP-024;AP-025;AP-031;AP-037,T0859;T0871;T0846;T0884;T0862;T0822
Cloud & Digital Infrastructure,Azure,Reconnaissance;Scanning/Enumeration;Vulnerability Assessment;Identity/Auth;Web/API/Application;Validation/Business Impact;Reporting/Retest,MFG-E011;MFG-E045;MFG-E071;MFG-E182;MFG-E183;MFG-E184;MFG-E252;MFG-E266,NIST SP 800-115; CIS Controls,Active + manual validation where authorized; non-destructive by default,Controlled,Written authorization; confirmed scope; test accounts/access; testing window; logging/evidence plan,Asset inventory; architecture/trust-boundary notes; configuration or request/response evidence; timestamps; approved screenshots/logs; finding references as applicable,AP-001;AP-018;AP-019;AP-022;AP-024;AP-025;AP-031;AP-037,T0859;T0871;T0846;T0884;T0862;T0822
Cloud & Digital Infrastructure,GCP,Reconnaissance;Scanning/Enumeration;Vulnerability Assessment;Identity/Auth;Web/API/Application;Validation/Business Impact;Reporting/Retest,MFG-E011;MFG-E045;MFG-E071;MFG-E182;MFG-E183;MFG-E184;MFG-E252;MFG-E266,NIST SP 800-115; CIS Controls,Active + manual validation where authorized; non-destructive by default,Controlled,Written authorization; confirmed scope; test accounts/access; testing window; logging/evidence plan,Asset inventory; architecture/trust-boundary notes; configuration or request/response evidence; timestamps; approved screenshots/logs; finding references as applicable,AP-001;AP-018;AP-019;AP-022;AP-024;AP-025;AP-031;AP-037,T0859;T0871;T0846;T0884;T0862;T0822
Cloud & Digital Infrastructure,private cloud,Reconnaissance;Scanning/Enumeration;Vulnerability Assessment;Identity/Auth;Web/API/Application;Validation/Business Impact;Reporting/Retest,MFG-E011;MFG-E045;MFG-E071;MFG-E097;MFG-E117;MFG-E182;MFG-E183;MFG-E184;MFG-E248;MFG-E252;MFG-E266;MFG-X305;MFG-X389;MFG-X433;MFG-X434;MFG-X435;MFG-X436;MFG-X437;MFG-X438;MFG-X440;MFG-X445,NIST SP 800-115; CIS Controls,Active + manual validation where authorized; non-destructive by default,Controlled,Written authorization; confirmed scope; test accounts/access; testing window; logging/evidence plan,Asset inventory; architecture/trust-boundary notes; configuration or request/response evidence; timestamps; approved screenshots/logs; finding references as applicable,AP-001;AP-018;AP-019;AP-022;AP-024;AP-025;AP-031;AP-037,T0859;T0871;T0846;T0884;T0862;T0822
Cloud & Digital Infrastructure,hybrid cloud,Reconnaissance;Scanning/Enumeration;Vulnerability Assessment;Identity/Auth;Web/API/Application;Validation/Business Impact;Reporting/Retest,MFG-E011;MFG-E045;MFG-E071;MFG-E097;MFG-E117;MFG-E182;MFG-E183;MFG-E184;MFG-E248;MFG-E252;MFG-E266;MFG-X305;MFG-X389;MFG-X433;MFG-X434;MFG-X435;MFG-X436;MFG-X437;MFG-X438;MFG-X440;MFG-X445,NIST SP 800-115; CIS Controls,Active + manual validation where authorized; non-destructive by default,Controlled,Written authorization; confirmed scope; test accounts/access; testing window; logging/evidence plan,Asset inventory; architecture/trust-boundary notes; configuration or request/response evidence; timestamps; approved screenshots/logs; finding references as applicable,AP-001;AP-018;AP-019;AP-022;AP-024;AP-025;AP-031;AP-037,T0859;T0871;T0846;T0884;T0862;T0822
Cloud & Digital Infrastructure,VMs,Reconnaissance;Scanning/Enumeration;Vulnerability Assessment;Identity/Auth;Web/API/Application;Validation/Business Impact;Reporting/Retest,MFG-E011;MFG-E045;MFG-E071;MFG-E182;MFG-E183;MFG-E184;MFG-E252;MFG-E266,NIST SP 800-115; CIS Controls,Active + manual validation where authorized; non-destructive by default,Controlled,Written authorization; confirmed scope; test accounts/access; testing window; logging/evidence plan,Asset inventory; architecture/trust-boundary notes; configuration or request/response evidence; timestamps; approved screenshots/logs; finding references as applicable,AP-001;AP-018;AP-019;AP-022;AP-024;AP-025;AP-031;AP-037,T0859;T0871;T0846;T0884;T0862;T0822
Cloud & Digital Infrastructure,containers,Reconnaissance;Scanning/Enumeration;Vulnerability Assessment;Identity/Auth;Web/API/Application;Validation/Business Impact;Reporting/Retest,MFG-E011;MFG-E045;MFG-E071;MFG-E087;MFG-E182;MFG-E183;MFG-E184;MFG-E186;MFG-E252;MFG-E266;MFG-X419;MFG-X441,NIST SP 800-115; CIS Controls,Active + manual validation where authorized; non-destructive by default,Controlled,Written authorization; confirmed scope; test accounts/access; testing window; logging/evidence plan,Asset inventory; architecture/trust-boundary notes; configuration or request/response evidence; timestamps; approved screenshots/logs; finding references as applicable,AP-001;AP-018;AP-019;AP-022;AP-024;AP-025;AP-031;AP-037,T0859;T0871;T0846;T0884;T0862;T0822
Cloud & Digital Infrastructure,Kubernetes,Reconnaissance;Scanning/Enumeration;Vulnerability Assessment;Identity/Auth;Web/API/Application;Validation/Business Impact;Reporting/Retest,MFG-E011;MFG-E045;MFG-E071;MFG-E087;MFG-E182;MFG-E183;MFG-E184;MFG-E187;MFG-E252;MFG-E266;MFG-X442,NIST SP 800-115; CIS Controls,Active + manual validation where authorized; non-destructive by default,Controlled,Written authorization; confirmed scope; test accounts/access; testing window; logging/evidence plan,Asset inventory; architecture/trust-boundary notes; configuration or request/response evidence; timestamps; approved screenshots/logs; finding references as applicable,AP-001;AP-018;AP-019;AP-022;AP-024;AP-025;AP-031;AP-037,T0859;T0871;T0846;T0884;T0862;T0822
Cloud & Digital Infrastructure,registries,Reconnaissance;Scanning/Enumeration;Vulnerability Assessment;Identity/Auth;Web/API/Application;Validation/Business Impact;Reporting/Retest,MFG-E011;MFG-E045;MFG-E071;MFG-E182;MFG-E183;MFG-E184;MFG-E252;MFG-E266,NIST SP 800-115; CIS Controls,Active + manual validation where authorized; non-destructive by default,Controlled,Written authorization; confirmed scope; test accounts/access; testing window; logging/evidence plan,Asset inventory; architecture/trust-boundary notes; configuration or request/response evidence; timestamps; approved screenshots/logs; finding references as applicable,AP-001;AP-018;AP-019;AP-022;AP-024;AP-025;AP-031;AP-037,T0859;T0871;T0846;T0884;T0862;T0822
Cloud & Digital Infrastructure,serverless,Reconnaissance;Scanning/Enumeration;Vulnerability Assessment;Identity/Auth;Web/API/Application;Validation/Business Impact;Reporting/Retest,MFG-E011;MFG-E045;MFG-E071;MFG-E097;MFG-E182;MFG-E183;MFG-E184;MFG-E188;MFG-E252;MFG-E266;MFG-X443,NIST SP 800-115; CIS Controls,Active + manual validation where authorized; non-destructive by default,Controlled,Written authorization; confirmed scope; test accounts/access; testing window; logging/evidence plan,Asset inventory; architecture/trust-boundary notes; configuration or request/response evidence; timestamps; approved screenshots/logs; finding references as applicable,AP-001;AP-018;AP-019;AP-022;AP-024;AP-025;AP-031;AP-037,T0859;T0871;T0846;T0884;T0862;T0822
Cloud & Digital Infrastructure,object storage,Reconnaissance;Scanning/Enumeration;Vulnerability Assessment;Identity/Auth;Web/API/Application;Validation/Business Impact;Reporting/Retest,MFG-E011;MFG-E024;MFG-E045;MFG-E055;MFG-E071;MFG-E080;MFG-E182;MFG-E183;MFG-E184;MFG-E189;MFG-E252;MFG-E266;MFG-X439,NIST SP 800-115; CIS Controls,Active + manual validation where authorized; non-destructive by default,Controlled,Written authorization; confirmed scope; test accounts/access; testing window; logging/evidence plan,Asset inventory; architecture/trust-boundary notes; configuration or request/response evidence; timestamps; approved screenshots/logs; finding references as applicable,AP-001;AP-018;AP-019;AP-022;AP-024;AP-025;AP-031;AP-037,T0859;T0871;T0846;T0884;T0862;T0822
Cloud & Digital Infrastructure,S3,Reconnaissance;Scanning/Enumeration;Vulnerability Assessment;Identity/Auth;Web/API/Application;Validation/Business Impact;Reporting/Retest,MFG-E011;MFG-E045;MFG-E071;MFG-E182;MFG-E183;MFG-E184;MFG-E189;MFG-E252;MFG-E266,NIST SP 800-115; CIS Controls,Active + manual validation where authorized; non-destructive by default,Controlled,Written authorization; confirmed scope; test accounts/access; testing window; logging/evidence plan,Asset inventory; architecture/trust-boundary notes; configuration or request/response evidence; timestamps; approved screenshots/logs; finding references as applicable,AP-001;AP-018;AP-019;AP-022;AP-024;AP-025;AP-031;AP-037,T0859;T0871;T0846;T0884;T0862;T0822
Cloud & Digital Infrastructure,Azure Blob,Reconnaissance;Scanning/Enumeration;Vulnerability Assessment;Identity/Auth;Web/API/Application;Validation/Business Impact;Reporting/Retest,MFG-E011;MFG-E045;MFG-E071;MFG-E182;MFG-E183;MFG-E184;MFG-E252;MFG-E266,NIST SP 800-115; CIS Controls,Active + manual validation where authorized; non-destructive by default,Controlled,Written authorization; confirmed scope; test accounts/access; testing window; logging/evidence plan,Asset inventory; architecture/trust-boundary notes; configuration or request/response evidence; timestamps; approved screenshots/logs; finding references as applicable,AP-001;AP-018;AP-019;AP-022;AP-024;AP-025;AP-031;AP-037,T0859;T0871;T0846;T0884;T0862;T0822
Cloud & Digital Infrastructure,cloud databases,Reconnaissance;Scanning/Enumeration;Vulnerability Assessment;Identity/Auth;Web/API/Application;Validation/Business Impact;Reporting/Retest,MFG-E011;MFG-E045;MFG-E071;MFG-E097;MFG-E117;MFG-E182;MFG-E183;MFG-E184;MFG-E248;MFG-E252;MFG-E266;MFG-X305;MFG-X389;MFG-X433;MFG-X434;MFG-X435;MFG-X436;MFG-X437;MFG-X438;MFG-X440;MFG-X445,NIST SP 800-115; CIS Controls,Active + manual validation where authorized; non-destructive by default,Controlled,Written authorization; confirmed scope; test accounts/access; testing window; logging/evidence plan,Asset inventory; architecture/trust-boundary notes; configuration or request/response evidence; timestamps; approved screenshots/logs; finding references as applicable,AP-001;AP-018;AP-019;AP-022;AP-024;AP-025;AP-031;AP-037,T0859;T0871;T0846;T0884;T0862;T0822
Cloud & Digital Infrastructure,data lakes,Reconnaissance;Scanning/Enumeration;Vulnerability Assessment;Identity/Auth;Web/API/Application;Validation/Business Impact;Reporting/Retest,MFG-E011;MFG-E045;MFG-E071;MFG-E182;MFG-E183;MFG-E184;MFG-E252;MFG-E266,NIST SP 800-115; CIS Controls,Active + manual validation where authorized; non-destructive by default,Controlled,Written authorization; confirmed scope; test accounts/access; testing window; logging/evidence plan,Asset inventory; architecture/trust-boundary notes; configuration or request/response evidence; timestamps; approved screenshots/logs; finding references as applicable,AP-001;AP-018;AP-019;AP-022;AP-024;AP-025;AP-031;AP-037,T0859;T0871;T0846;T0884;T0862;T0822
Cloud & Digital Infrastructure,data warehouses,Reconnaissance;Scanning/Enumeration;Vulnerability Assessment;Identity/Auth;Web/API/Application;Validation/Business Impact;Reporting/Retest,MFG-E011;MFG-E045;MFG-E071;MFG-E182;MFG-E183;MFG-E184;MFG-E252;MFG-E266,NIST SP 800-115; CIS Controls,Active + manual validation where authorized; non-destructive by default,Controlled,Written authorization; confirmed scope; test accounts/access; testing window; logging/evidence plan,Asset inventory; architecture/trust-boundary notes; configuration or request/response evidence; timestamps; approved screenshots/logs; finding references as applicable,AP-001;AP-018;AP-019;AP-022;AP-024;AP-025;AP-031;AP-037,T0859;T0871;T0846;T0884;T0862;T0822
Cloud & Digital Infrastructure,VPC/VNet,Reconnaissance;Scanning/Enumeration;Vulnerability Assessment;Identity/Auth;Web/API/Application;Validation/Business Impact;Reporting/Retest,MFG-E011;MFG-E045;MFG-E071;MFG-E182;MFG-E183;MFG-E184;MFG-E252;MFG-E266,NIST SP 800-115; CIS Controls,Active + manual validation where authorized; non-destructive by default,Controlled,Written authorization; confirmed scope; test accounts/access; testing window; logging/evidence plan,Asset inventory; architecture/trust-boundary notes; configuration or request/response evidence; timestamps; approved screenshots/logs; finding references as applicable,AP-001;AP-018;AP-019;AP-022;AP-024;AP-025;AP-031;AP-037,T0859;T0871;T0846;T0884;T0862;T0822
Cloud & Digital Infrastructure,subnets,Reconnaissance;Scanning/Enumeration;Vulnerability Assessment;Identity/Auth;Web/API/Application;Validation/Business Impact;Reporting/Retest,MFG-E011;MFG-E045;MFG-E071;MFG-E182;MFG-E183;MFG-E184;MFG-E252;MFG-E266,NIST SP 800-115; CIS Controls,Active + manual validation where authorized; non-destructive by default,Controlled,Written authorization; confirmed scope; test accounts/access; testing window; logging/evidence plan,Asset inventory; architecture/trust-boundary notes; configuration or request/response evidence; timestamps; approved screenshots/logs; finding references as applicable,AP-001;AP-018;AP-019;AP-022;AP-024;AP-025;AP-031;AP-037,T0859;T0871;T0846;T0884;T0862;T0822
Cloud & Digital Infrastructure,security groups,Reconnaissance;Scanning/Enumeration;Vulnerability Assessment;Identity/Auth;Web/API/Application;Validation/Business Impact;Reporting/Retest,MFG-E011;MFG-E045;MFG-E071;MFG-E182;MFG-E183;MFG-E184;MFG-E252;MFG-E266,NIST SP 800-115; CIS Controls,Active + manual validation where authorized; non-destructive by default,Controlled,Written authorization; confirmed scope; test accounts/access; testing window; logging/evidence plan,Asset inventory; architecture/trust-boundary notes; configuration or request/response evidence; timestamps; approved screenshots/logs; finding references as applicable,AP-001;AP-018;AP-019;AP-022;AP-024;AP-025;AP-031;AP-037;AP-026;AP-027;AP-028,T0859;T0871;T0846;T0884;T0862;T0822
Cloud & Digital Infrastructure,NACLs,Reconnaissance;Scanning/Enumeration;Vulnerability Assessment;Identity/Auth;Web/API/Application;Validation/Business Impact;Reporting/Retest,MFG-E011;MFG-E045;MFG-E071;MFG-E182;MFG-E183;MFG-E184;MFG-E252;MFG-E266,NIST SP 800-115; CIS Controls,Active + manual validation where authorized; non-destructive by default,Controlled,Written authorization; confirmed scope; test accounts/access; testing window; logging/evidence plan,Asset inventory; architecture/trust-boundary notes; configuration or request/response evidence; timestamps; approved screenshots/logs; finding references as applicable,AP-001;AP-018;AP-019;AP-022;AP-024;AP-025;AP-031;AP-037,T0859;T0871;T0846;T0884;T0862;T0822
Cloud & Digital Infrastructure,load balancers,Reconnaissance;Scanning/Enumeration;Vulnerability Assessment;Identity/Auth;Web/API/Application;Validation/Business Impact;Reporting/Retest,MFG-E011;MFG-E045;MFG-E071;MFG-E097;MFG-E182;MFG-E183;MFG-E184;MFG-E252;MFG-E266,NIST SP 800-115; CIS Controls,Active + manual validation where authorized; non-destructive by default,Controlled,Written authorization; confirmed scope; test accounts/access; testing window; logging/evidence plan,Asset inventory; architecture/trust-boundary notes; configuration or request/response evidence; timestamps; approved screenshots/logs; finding references as applicable,AP-001;AP-018;AP-019;AP-022;AP-024;AP-025;AP-031;AP-037,T0859;T0871;T0846;T0884;T0862;T0822
Cloud & Digital Infrastructure,API gateways,Reconnaissance;Scanning/Enumeration;Vulnerability Assessment;Identity/Auth;Web/API/Application;Validation/Business Impact;Reporting/Retest,MFG-E011;MFG-E045;MFG-E048;MFG-E071;MFG-E074;MFG-E097;MFG-E109;MFG-E117;MFG-E118;MFG-E141;MFG-E182;MFG-E183;MFG-E184;MFG-E191;MFG-E233;MFG-E247;MFG-E252;MFG-E266;MFG-X452,NIST SP 800-115; OWASP WSTG; OWASP Top 10; OWASP API Security Top 10; CIS Controls,Active + manual validation where authorized; non-destructive by default,Controlled,Written authorization; confirmed scope; test accounts/access; testing window; logging/evidence plan,Asset inventory; architecture/trust-boundary notes; configuration or request/response evidence; timestamps; approved screenshots/logs; finding references as applicable,AP-001;AP-018;AP-019;AP-022;AP-024;AP-025;AP-031;AP-037;AP-021;AP-035,T0859;T0871;T0846;T0884;T0862;T0822
Cloud & Digital Infrastructure,IAM,Reconnaissance;Scanning/Enumeration;Vulnerability Assessment;Identity/Auth;Web/API/Application;Validation/Business Impact;Reporting/Retest,MFG-E011;MFG-E045;MFG-E071;MFG-E097;MFG-E108;MFG-E182;MFG-E183;MFG-E184;MFG-E252;MFG-E266;MFG-X435,NIST SP 800-115; CIS Controls,Active + manual validation where authorized; non-destructive by default,Controlled,Written authorization; confirmed scope; test accounts/access; testing window; logging/evidence plan,Asset inventory; architecture/trust-boundary notes; configuration or request/response evidence; timestamps; approved screenshots/logs; finding references as applicable,AP-001;AP-018;AP-019;AP-022;AP-024;AP-025;AP-031;AP-037,T0859;T0871;T0846;T0884;T0862;T0822
Cloud & Digital Infrastructure,service accounts,Reconnaissance;Scanning/Enumeration;Vulnerability Assessment;Identity/Auth;Web/API/Application;Validation/Business Impact;Reporting/Retest,MFG-E011;MFG-E045;MFG-E071;MFG-E097;MFG-E182;MFG-E183;MFG-E184;MFG-E252;MFG-E266,NIST SP 800-115; CIS Controls,Active + manual validation where authorized; non-destructive by default,Controlled,Written authorization; confirmed scope; test accounts/access; testing window; logging/evidence plan,Asset inventory; architecture/trust-boundary notes; configuration or request/response evidence; timestamps; approved screenshots/logs; finding references as applicable,AP-001;AP-018;AP-019;AP-022;AP-024;AP-025;AP-031;AP-037,T0859;T0871;T0846;T0884;T0862;T0822
Cloud & Digital Infrastructure,secrets,Reconnaissance;Scanning/Enumeration;Vulnerability Assessment;Identity/Auth;Web/API/Application;Validation/Business Impact;Reporting/Retest,MFG-E011;MFG-E045;MFG-E071;MFG-E182;MFG-E183;MFG-E184;MFG-E193;MFG-E232;MFG-E252;MFG-E266;MFG-X425,NIST SP 800-115; CIS Controls,Active + manual validation where authorized; non-destructive by default,Controlled,Written authorization; confirmed scope; test accounts/access; testing window; logging/evidence plan,Asset inventory; architecture/trust-boundary notes; configuration or request/response evidence; timestamps; approved screenshots/logs; finding references as applicable,AP-001;AP-018;AP-019;AP-022;AP-024;AP-025;AP-031;AP-037,T0859;T0871;T0846;T0884;T0862;T0822
Cloud & Digital Infrastructure,cloud keys,Reconnaissance;Scanning/Enumeration;Vulnerability Assessment;Identity/Auth;Web/API/Application;Validation/Business Impact;Reporting/Retest,MFG-E011;MFG-E045;MFG-E071;MFG-E097;MFG-E117;MFG-E182;MFG-E183;MFG-E184;MFG-E248;MFG-E252;MFG-E266;MFG-X305;MFG-X389;MFG-X433;MFG-X434;MFG-X435;MFG-X436;MFG-X437;MFG-X438;MFG-X440;MFG-X445,NIST SP 800-115; CIS Controls,Active + manual validation where authorized; non-destructive by default,Controlled,Written authorization; confirmed scope; test accounts/access; testing window; logging/evidence plan,Asset inventory; architecture/trust-boundary notes; configuration or request/response evidence; timestamps; approved screenshots/logs; finding references as applicable,AP-001;AP-018;AP-019;AP-022;AP-024;AP-025;AP-031;AP-037,T0859;T0871;T0846;T0884;T0862;T0822
Cloud & Digital Infrastructure,private endpoints,Reconnaissance;Scanning/Enumeration;Vulnerability Assessment;Identity/Auth;Web/API/Application;Validation/Business Impact;Reporting/Retest,MFG-E011;MFG-E045;MFG-E071;MFG-E182;MFG-E183;MFG-E184;MFG-E252;MFG-E266,NIST SP 800-115; CIS Controls,Active + manual validation where authorized; non-destructive by default,Controlled,Written authorization; confirmed scope; test accounts/access; testing window; logging/evidence plan,Asset inventory; architecture/trust-boundary notes; configuration or request/response evidence; timestamps; approved screenshots/logs; finding references as applicable,AP-001;AP-018;AP-019;AP-022;AP-024;AP-025;AP-031;AP-037,T0859;T0871;T0846;T0884;T0862;T0822
API & Integration,REST,Reconnaissance;Scanning/Enumeration;Vulnerability Assessment;Identity/Auth;Web/API/Application;Validation/Business Impact;Reporting/Retest,MFG-E011;MFG-E045;MFG-E071;MFG-E124;MFG-E125;MFG-E191;MFG-E252;MFG-E266;MFG-X364;MFG-X430,NIST SP 800-115; OWASP WSTG; OWASP Top 10; OWASP API Security Top 10,Active + manual validation where authorized; non-destructive by default,Controlled,Written authorization; confirmed scope; test accounts/access; testing window; logging/evidence plan,Asset inventory; architecture/trust-boundary notes; configuration or request/response evidence; timestamps; approved screenshots/logs; finding references as applicable,AP-018;AP-020;AP-021;AP-035;AP-031;AP-038,T0871;T0859;T0840;T0884;T1692
API & Integration,SOAP,Reconnaissance;Scanning/Enumeration;Vulnerability Assessment;Identity/Auth;Web/API/Application;Validation/Business Impact;Reporting/Retest,MFG-E011;MFG-E045;MFG-E071;MFG-E124;MFG-E125;MFG-E191;MFG-E252;MFG-E266,NIST SP 800-115; OWASP WSTG; OWASP Top 10; OWASP API Security Top 10,Active + manual validation where authorized; non-destructive by default,Controlled,Written authorization; confirmed scope; test accounts/access; testing window; logging/evidence plan,Asset inventory; architecture/trust-boundary notes; configuration or request/response evidence; timestamps; approved screenshots/logs; finding references as applicable,AP-018;AP-020;AP-021;AP-035;AP-031;AP-038,T0871;T0859;T0840;T0884;T1692
API & Integration,GraphQL,Reconnaissance;Scanning/Enumeration;Vulnerability Assessment;Identity/Auth;Web/API/Application;Validation/Business Impact;Reporting/Retest,MFG-E011;MFG-E045;MFG-E071;MFG-E124;MFG-E125;MFG-E191;MFG-E252;MFG-E266,NIST SP 800-115; OWASP WSTG; OWASP Top 10; OWASP API Security Top 10,Active + manual validation where authorized; non-destructive by default,Controlled,Written authorization; confirmed scope; test accounts/access; testing window; logging/evidence plan,Asset inventory; architecture/trust-boundary notes; configuration or request/response evidence; timestamps; approved screenshots/logs; finding references as applicable,AP-018;AP-020;AP-021;AP-035;AP-031;AP-038,T0871;T0859;T0840;T0884;T1692
API & Integration,WebSockets,Reconnaissance;Scanning/Enumeration;Vulnerability Assessment;Identity/Auth;Web/API/Application;Validation/Business Impact;Reporting/Retest,MFG-E011;MFG-E045;MFG-E071;MFG-E097;MFG-E117;MFG-E124;MFG-E125;MFG-E191;MFG-E252;MFG-E266,NIST SP 800-115; OWASP WSTG; OWASP Top 10; OWASP API Security Top 10,Active + manual validation where authorized; non-destructive by default,Controlled,Written authorization; confirmed scope; test accounts/access; testing window; logging/evidence plan,Asset inventory; architecture/trust-boundary notes; configuration or request/response evidence; timestamps; approved screenshots/logs; finding references as applicable,AP-018;AP-020;AP-021;AP-035;AP-031;AP-038,T0871;T0859;T0840;T0884;T1692
API & Integration,gRPC,Reconnaissance;Scanning/Enumeration;Vulnerability Assessment;Identity/Auth;Web/API/Application;Validation/Business Impact;Reporting/Retest,MFG-E011;MFG-E045;MFG-E071;MFG-E124;MFG-E125;MFG-E191;MFG-E252;MFG-E266,NIST SP 800-115; OWASP WSTG; OWASP Top 10; OWASP API Security Top 10,Active + manual validation where authorized; non-destructive by default,Controlled,Written authorization; confirmed scope; test accounts/access; testing window; logging/evidence plan,Asset inventory; architecture/trust-boundary notes; configuration or request/response evidence; timestamps; approved screenshots/logs; finding references as applicable,AP-018;AP-020;AP-021;AP-035;AP-031;AP-038,T0871;T0859;T0840;T0884;T1692
API & Integration,vendor APIs,Reconnaissance;Scanning/Enumeration;Vulnerability Assessment;Identity/Auth;Web/API/Application;Validation/Business Impact;Reporting/Retest,MFG-E011;MFG-E045;MFG-E071;MFG-E097;MFG-E117;MFG-E124;MFG-E125;MFG-E191;MFG-E252;MFG-E266,NIST SP 800-115; OWASP WSTG; OWASP Top 10; OWASP API Security Top 10,Active + manual validation where authorized; non-destructive by default,Controlled,Written authorization; confirmed scope; test accounts/access; testing window; logging/evidence plan,Asset inventory; architecture/trust-boundary notes; configuration or request/response evidence; timestamps; approved screenshots/logs; finding references as applicable,AP-018;AP-020;AP-021;AP-035;AP-031;AP-038;AP-002;AP-005,T0871;T0859;T0840;T0884;T1692
API & Integration,cloud APIs,Reconnaissance;Scanning/Enumeration;Vulnerability Assessment;Identity/Auth;Web/API/Application;Validation/Business Impact;Reporting/Retest,MFG-E011;MFG-E045;MFG-E071;MFG-E097;MFG-E117;MFG-E124;MFG-E125;MFG-E191;MFG-E252;MFG-E266;MFG-X305;MFG-X389;MFG-X433;MFG-X434;MFG-X435;MFG-X436;MFG-X437;MFG-X438;MFG-X440;MFG-X445,NIST SP 800-115; OWASP WSTG; OWASP Top 10; OWASP API Security Top 10,Active + manual validation where authorized; non-destructive by default,Controlled,Written authorization; confirmed scope; test accounts/access; testing window; logging/evidence plan,Asset inventory; architecture/trust-boundary notes; configuration or request/response evidence; timestamps; approved screenshots/logs; finding references as applicable,AP-018;AP-020;AP-021;AP-035;AP-031;AP-038;AP-019;AP-022,T0871;T0859;T0840;T0884;T1692
API & Integration,mobile APIs,Reconnaissance;Scanning/Enumeration;Vulnerability Assessment;Identity/Auth;Web/API/Application;Validation/Business Impact;Reporting/Retest,MFG-E011;MFG-E045;MFG-E071;MFG-E097;MFG-E117;MFG-E124;MFG-E125;MFG-E191;MFG-E252;MFG-E266,NIST SP 800-115; OWASP WSTG; OWASP Top 10; OWASP API Security Top 10,Active + manual validation where authorized; non-destructive by default,Controlled,Written authorization; confirmed scope; test accounts/access; testing window; logging/evidence plan,Asset inventory; architecture/trust-boundary notes; configuration or request/response evidence; timestamps; approved screenshots/logs; finding references as applicable,AP-018;AP-020;AP-021;AP-035;AP-031;AP-038;AP-016;AP-033,T0871;T0859;T0840;T0884;T1692
API & Integration,ERP APIs,Reconnaissance;Scanning/Enumeration;Vulnerability Assessment;Identity/Auth;Web/API/Application;Validation/Business Impact;Reporting/Retest,MFG-E011;MFG-E016;MFG-E027;MFG-E045;MFG-E071;MFG-E097;MFG-E110;MFG-E117;MFG-E124;MFG-E125;MFG-E127;MFG-E128;MFG-E191;MFG-E252;MFG-E266;MFG-X305;MFG-X318,NIST SP 800-115; OWASP WSTG; OWASP Top 10; OWASP API Security Top 10,Active + manual validation where authorized; non-destructive by default,Controlled,Written authorization; confirmed scope; test accounts/access; testing window; logging/evidence plan,Asset inventory; architecture/trust-boundary notes; configuration or request/response evidence; timestamps; approved screenshots/logs; finding references as applicable,AP-018;AP-020;AP-021;AP-035;AP-031;AP-038,T0871;T0859;T0840;T0884;T1692
API & Integration,MES APIs,Reconnaissance;Scanning/Enumeration;Vulnerability Assessment;Identity/Auth;Web/API/Application;Validation/Business Impact;Reporting/Retest,MFG-E011;MFG-E028;MFG-E045;MFG-E071;MFG-E097;MFG-E111;MFG-E117;MFG-E124;MFG-E125;MFG-E129;MFG-E191;MFG-E252;MFG-E266,NIST SP 800-115; OWASP WSTG; OWASP Top 10; OWASP API Security Top 10,Active + manual validation where authorized; non-destructive by default,Controlled,Written authorization; confirmed scope; test accounts/access; testing window; logging/evidence plan,Asset inventory; architecture/trust-boundary notes; configuration or request/response evidence; timestamps; approved screenshots/logs; finding references as applicable,AP-018;AP-020;AP-021;AP-035;AP-031;AP-038,T0871;T0859;T0840;T0884;T1692
API & Integration,PLM APIs,Reconnaissance;Scanning/Enumeration;Vulnerability Assessment;Identity/Auth;Web/API/Application;Validation/Business Impact;Reporting/Retest,MFG-E011;MFG-E035;MFG-E045;MFG-E071;MFG-E097;MFG-E117;MFG-E124;MFG-E125;MFG-E173;MFG-E191;MFG-E252;MFG-E266,NIST SP 800-115; OWASP WSTG; OWASP Top 10; OWASP API Security Top 10,Active + manual validation where authorized; non-destructive by default,Controlled,Written authorization; confirmed scope; test accounts/access; testing window; logging/evidence plan,Asset inventory; architecture/trust-boundary notes; configuration or request/response evidence; timestamps; approved screenshots/logs; finding references as applicable,AP-018;AP-020;AP-021;AP-035;AP-031;AP-038;AP-008;AP-009;AP-032,T0871;T0859;T0840;T0884;T1692
API & Integration,IoT APIs,Reconnaissance;Scanning/Enumeration;Vulnerability Assessment;Identity/Auth;Web/API/Application;Validation/Business Impact;Reporting/Retest,MFG-E011;MFG-E045;MFG-E071;MFG-E097;MFG-E117;MFG-E124;MFG-E125;MFG-E191;MFG-E252;MFG-E266,NIST SP 800-115; OWASP WSTG; OWASP Top 10; OWASP API Security Top 10,Active + manual validation where authorized; non-destructive by default,Controlled,Written authorization; confirmed scope; test accounts/access; testing window; logging/evidence plan,Asset inventory; architecture/trust-boundary notes; configuration or request/response evidence; timestamps; approved screenshots/logs; finding references as applicable,AP-018;AP-020;AP-021;AP-035;AP-031;AP-038,T0871;T0859;T0840;T0884;T1692
API & Integration,webhooks,Reconnaissance;Scanning/Enumeration;Vulnerability Assessment;Identity/Auth;Web/API/Application;Validation/Business Impact;Reporting/Retest,MFG-E011;MFG-E045;MFG-E071;MFG-E097;MFG-E117;MFG-E124;MFG-E125;MFG-E191;MFG-E252;MFG-E266,NIST SP 800-115; OWASP WSTG; OWASP Top 10; OWASP API Security Top 10,Active + manual validation where authorized; non-destructive by default,Controlled,Written authorization; confirmed scope; test accounts/access; testing window; logging/evidence plan,Asset inventory; architecture/trust-boundary notes; configuration or request/response evidence; timestamps; approved screenshots/logs; finding references as applicable,AP-018;AP-020;AP-021;AP-035;AP-031;AP-038,T0871;T0859;T0840;T0884;T1692
API & Integration,ESB,Reconnaissance;Scanning/Enumeration;Vulnerability Assessment;Identity/Auth;Web/API/Application;Validation/Business Impact;Reporting/Retest,MFG-E011;MFG-E045;MFG-E071;MFG-E124;MFG-E125;MFG-E191;MFG-E252;MFG-E266,NIST SP 800-115; OWASP WSTG; OWASP Top 10; OWASP API Security Top 10,Active + manual validation where authorized; non-destructive by default,Controlled,Written authorization; confirmed scope; test accounts/access; testing window; logging/evidence plan,Asset inventory; architecture/trust-boundary notes; configuration or request/response evidence; timestamps; approved screenshots/logs; finding references as applicable,AP-018;AP-020;AP-021;AP-035;AP-031;AP-038,T0871;T0859;T0840;T0884;T1692
API & Integration,message brokers,Reconnaissance;Scanning/Enumeration;Vulnerability Assessment;Identity/Auth;Web/API/Application;Validation/Business Impact;Reporting/Retest,MFG-E011;MFG-E045;MFG-E071;MFG-E097;MFG-E117;MFG-E124;MFG-E125;MFG-E140;MFG-E191;MFG-E252;MFG-E266,NIST SP 800-115; OWASP WSTG; OWASP Top 10; OWASP API Security Top 10,Active + manual validation where authorized; non-destructive by default,Controlled,Written authorization; confirmed scope; test accounts/access; testing window; logging/evidence plan,Asset inventory; architecture/trust-boundary notes; configuration or request/response evidence; timestamps; approved screenshots/logs; finding references as applicable,AP-018;AP-020;AP-021;AP-035;AP-031;AP-038,T0871;T0859;T0840;T0884;T1692
API & Integration,ETL pipelines,Reconnaissance;Scanning/Enumeration;Vulnerability Assessment;Identity/Auth;Web/API/Application;Validation/Business Impact;Reporting/Retest,MFG-E011;MFG-E045;MFG-E071;MFG-E124;MFG-E125;MFG-E191;MFG-E252;MFG-E266,NIST SP 800-115; OWASP WSTG; OWASP Top 10; OWASP API Security Top 10,Active + manual validation where authorized; non-destructive by default,Controlled,Written authorization; confirmed scope; test accounts/access; testing window; logging/evidence plan,Asset inventory; architecture/trust-boundary notes; configuration or request/response evidence; timestamps; approved screenshots/logs; finding references as applicable,AP-018;AP-020;AP-021;AP-035;AP-031;AP-038,T0871;T0859;T0840;T0884;T1692
API & Integration,event buses,Reconnaissance;Scanning/Enumeration;Vulnerability Assessment;Identity/Auth;Web/API/Application;Validation/Business Impact;Reporting/Retest,MFG-E011;MFG-E045;MFG-E071;MFG-E124;MFG-E125;MFG-E191;MFG-E252;MFG-E266,NIST SP 800-115; OWASP WSTG; OWASP Top 10; OWASP API Security Top 10,Active + manual validation where authorized; non-destructive by default,Controlled,Written authorization; confirmed scope; test accounts/access; testing window; logging/evidence plan,Asset inventory; architecture/trust-boundary notes; configuration or request/response evidence; timestamps; approved screenshots/logs; finding references as applicable,AP-018;AP-020;AP-021;AP-035;AP-031;AP-038,T0871;T0859;T0840;T0884;T1692
API & Integration,SFTP/file integrations,Reconnaissance;Scanning/Enumeration;Vulnerability Assessment;Identity/Auth;Web/API/Application;Validation/Business Impact;Reporting/Retest,MFG-E011;MFG-E045;MFG-E071;MFG-E124;MFG-E125;MFG-E191;MFG-E252;MFG-E266,NIST SP 800-115; OWASP WSTG; OWASP Top 10; OWASP API Security Top 10,Active + manual validation where authorized; non-destructive by default,Controlled,Written authorization; confirmed scope; test accounts/access; testing window; logging/evidence plan,Asset inventory; architecture/trust-boundary notes; configuration or request/response evidence; timestamps; approved screenshots/logs; finding references as applicable,AP-018;AP-020;AP-021;AP-035;AP-031;AP-038,T0871;T0859;T0840;T0884;T1692
API & Integration,middleware,Reconnaissance;Scanning/Enumeration;Vulnerability Assessment;Identity/Auth;Web/API/Application;Validation/Business Impact;Reporting/Retest,MFG-E011;MFG-E045;MFG-E071;MFG-E124;MFG-E125;MFG-E139;MFG-E191;MFG-E252;MFG-E266,NIST SP 800-115; OWASP WSTG; OWASP Top 10; OWASP API Security Top 10,Active + manual validation where authorized; non-destructive by default,Controlled,Written authorization; confirmed scope; test accounts/access; testing window; logging/evidence plan,Asset inventory; architecture/trust-boundary notes; configuration or request/response evidence; timestamps; approved screenshots/logs; finding references as applicable,AP-018;AP-020;AP-021;AP-035;AP-031;AP-038,T0871;T0859;T0840;T0884;T1692
Remote Access & Third Parties,SSL VPN,Reconnaissance;Scanning/Enumeration;Vulnerability Assessment;Identity/Auth;Web/API/Application;Validation/Business Impact;Reporting/Retest,MFG-E011;MFG-E019;MFG-E045;MFG-E050;MFG-E071;MFG-E075;MFG-E097;MFG-E200;MFG-E204;MFG-E205;MFG-E246;MFG-E252;MFG-E266,NIST SP 800-115; CIS Controls,Active + manual validation where authorized; non-destructive by default,Controlled,Written authorization; confirmed scope; test accounts/access; testing window; logging/evidence plan,Asset inventory; architecture/trust-boundary notes; configuration or request/response evidence; timestamps; approved screenshots/logs; finding references as applicable,AP-002;AP-005;AP-018;AP-022;AP-034;AP-037;AP-040,T0822;T0859;T0886;T0864;T0884
Remote Access & Third Parties,IPsec VPN,Reconnaissance;Scanning/Enumeration;Vulnerability Assessment;Identity/Auth;Web/API/Application;Validation/Business Impact;Reporting/Retest,MFG-E011;MFG-E019;MFG-E045;MFG-E050;MFG-E071;MFG-E075;MFG-E097;MFG-E200;MFG-E204;MFG-E205;MFG-E246;MFG-E252;MFG-E266,NIST SP 800-115; CIS Controls,Active + manual validation where authorized; non-destructive by default,Controlled,Written authorization; confirmed scope; test accounts/access; testing window; logging/evidence plan,Asset inventory; architecture/trust-boundary notes; configuration or request/response evidence; timestamps; approved screenshots/logs; finding references as applicable,AP-002;AP-005;AP-018;AP-022;AP-034;AP-037;AP-040,T0822;T0859;T0886;T0864;T0884
Remote Access & Third Parties,site-to-site VPN,Reconnaissance;Scanning/Enumeration;Vulnerability Assessment;Identity/Auth;Web/API/Application;Validation/Business Impact;Reporting/Retest,MFG-E011;MFG-E019;MFG-E045;MFG-E050;MFG-E071;MFG-E075;MFG-E097;MFG-E200;MFG-E204;MFG-E205;MFG-E246;MFG-E252;MFG-E266,NIST SP 800-115; CIS Controls,Active + manual validation where authorized; non-destructive by default,Controlled,Written authorization; confirmed scope; test accounts/access; testing window; logging/evidence plan,Asset inventory; architecture/trust-boundary notes; configuration or request/response evidence; timestamps; approved screenshots/logs; finding references as applicable,AP-002;AP-005;AP-018;AP-022;AP-034;AP-037;AP-040,T0822;T0859;T0886;T0864;T0884
Remote Access & Third Parties,vendor VPN,Reconnaissance;Scanning/Enumeration;Vulnerability Assessment;Identity/Auth;Web/API/Application;Validation/Business Impact;Reporting/Retest,MFG-E011;MFG-E019;MFG-E045;MFG-E050;MFG-E071;MFG-E075;MFG-E097;MFG-E200;MFG-E204;MFG-E205;MFG-E246;MFG-E252;MFG-E266,NIST SP 800-115; CIS Controls,Active + manual validation where authorized; non-destructive by default,Controlled,Written authorization; confirmed scope; test accounts/access; testing window; logging/evidence plan,Asset inventory; architecture/trust-boundary notes; configuration or request/response evidence; timestamps; approved screenshots/logs; finding references as applicable,AP-002;AP-005;AP-018;AP-022;AP-034;AP-037;AP-040,T0822;T0859;T0886;T0864;T0884
Remote Access & Third Parties,RDP,Reconnaissance;Scanning/Enumeration;Vulnerability Assessment;Identity/Auth;Web/API/Application;Validation/Business Impact;Reporting/Retest,MFG-E011;MFG-E045;MFG-E071;MFG-E200;MFG-E201;MFG-E204;MFG-E205;MFG-E252;MFG-E266,NIST SP 800-115; CIS Controls,Active + manual validation where authorized; non-destructive by default,Controlled,Written authorization; confirmed scope; test accounts/access; testing window; logging/evidence plan,Asset inventory; architecture/trust-boundary notes; configuration or request/response evidence; timestamps; approved screenshots/logs; finding references as applicable,AP-002;AP-005;AP-018;AP-022;AP-034;AP-037;AP-040,T0822;T0859;T0886;T0864;T0884
Remote Access & Third Parties,SSH,Reconnaissance;Scanning/Enumeration;Vulnerability Assessment;Identity/Auth;Web/API/Application;Validation/Business Impact;Reporting/Retest,MFG-E011;MFG-E045;MFG-E071;MFG-E200;MFG-E202;MFG-E204;MFG-E205;MFG-E252;MFG-E266,NIST SP 800-115; CIS Controls,Active + manual validation where authorized; non-destructive by default,Controlled,Written authorization; confirmed scope; test accounts/access; testing window; logging/evidence plan,Asset inventory; architecture/trust-boundary notes; configuration or request/response evidence; timestamps; approved screenshots/logs; finding references as applicable,AP-002;AP-005;AP-018;AP-022;AP-034;AP-037;AP-040,T0822;T0859;T0886;T0864;T0884
Remote Access & Third Parties,VNC,Reconnaissance;Scanning/Enumeration;Vulnerability Assessment;Identity/Auth;Web/API/Application;Validation/Business Impact;Reporting/Retest,MFG-E011;MFG-E045;MFG-E071;MFG-E200;MFG-E204;MFG-E205;MFG-E252;MFG-E266,NIST SP 800-115; CIS Controls,Active + manual validation where authorized; non-destructive by default,Controlled,Written authorization; confirmed scope; test accounts/access; testing window; logging/evidence plan,Asset inventory; architecture/trust-boundary notes; configuration or request/response evidence; timestamps; approved screenshots/logs; finding references as applicable,AP-002;AP-005;AP-018;AP-022;AP-034;AP-037;AP-040,T0822;T0859;T0886;T0864;T0884
Remote Access & Third Parties,jump servers,Reconnaissance;Scanning/Enumeration;Vulnerability Assessment;Identity/Auth;Web/API/Application;Validation/Business Impact;Reporting/Retest,MFG-E011;MFG-E045;MFG-E071;MFG-E097;MFG-E200;MFG-E204;MFG-E205;MFG-E252;MFG-E266,NIST SP 800-115; CIS Controls,Active + manual validation where authorized; non-destructive by default,Controlled,Written authorization; confirmed scope; test accounts/access; testing window; logging/evidence plan,Asset inventory; architecture/trust-boundary notes; configuration or request/response evidence; timestamps; approved screenshots/logs; finding references as applicable,AP-002;AP-005;AP-018;AP-022;AP-034;AP-037;AP-040,T0822;T0859;T0886;T0864;T0884
Remote Access & Third Parties,bastions,Reconnaissance;Scanning/Enumeration;Vulnerability Assessment;Identity/Auth;Web/API/Application;Validation/Business Impact;Reporting/Retest,MFG-E011;MFG-E045;MFG-E071;MFG-E200;MFG-E204;MFG-E205;MFG-E252;MFG-E266,NIST SP 800-115; CIS Controls,Active + manual validation where authorized; non-destructive by default,Controlled,Written authorization; confirmed scope; test accounts/access; testing window; logging/evidence plan,Asset inventory; architecture/trust-boundary notes; configuration or request/response evidence; timestamps; approved screenshots/logs; finding references as applicable,AP-002;AP-005;AP-018;AP-022;AP-034;AP-037;AP-040,T0822;T0859;T0886;T0864;T0884
Remote Access & Third Parties,remote support platforms,Reconnaissance;Scanning/Enumeration;Vulnerability Assessment;Identity/Auth;Web/API/Application;Validation/Business Impact;Reporting/Retest,MFG-E011;MFG-E045;MFG-E071;MFG-E097;MFG-E200;MFG-E204;MFG-E205;MFG-E252;MFG-E266,NIST SP 800-115; CIS Controls,Active + manual validation where authorized; non-destructive by default,Controlled,Written authorization; confirmed scope; test accounts/access; testing window; logging/evidence plan,Asset inventory; architecture/trust-boundary notes; configuration or request/response evidence; timestamps; approved screenshots/logs; finding references as applicable,AP-002;AP-005;AP-018;AP-022;AP-034;AP-037;AP-040,T0822;T0859;T0886;T0864;T0884
Remote Access & Third Parties,vendor maintenance,Reconnaissance;Scanning/Enumeration;Vulnerability Assessment;Identity/Auth;Web/API/Application;Validation/Business Impact;Reporting/Retest,MFG-E011;MFG-E045;MFG-E071;MFG-E200;MFG-E204;MFG-E205;MFG-E252;MFG-E266;MFG-X478,NIST SP 800-115; CIS Controls,Active + manual validation where authorized; non-destructive by default,Controlled,Written authorization; confirmed scope; test accounts/access; testing window; logging/evidence plan,Asset inventory; architecture/trust-boundary notes; configuration or request/response evidence; timestamps; approved screenshots/logs; finding references as applicable,AP-002;AP-005;AP-018;AP-022;AP-034;AP-037;AP-040;AP-031,T0822;T0859;T0886;T0864;T0884
Remote Access & Third Parties,MSPs,Reconnaissance;Scanning/Enumeration;Vulnerability Assessment;Identity/Auth;Web/API/Application;Validation/Business Impact;Reporting/Retest,MFG-E011;MFG-E045;MFG-E071;MFG-E200;MFG-E204;MFG-E205;MFG-E252;MFG-E266,NIST SP 800-115; CIS Controls,Active + manual validation where authorized; non-destructive by default,Controlled,Written authorization; confirmed scope; test accounts/access; testing window; logging/evidence plan,Asset inventory; architecture/trust-boundary notes; configuration or request/response evidence; timestamps; approved screenshots/logs; finding references as applicable,AP-002;AP-005;AP-018;AP-022;AP-034;AP-037;AP-040,T0822;T0859;T0886;T0864;T0884
Remote Access & Third Parties,MSSPs,Reconnaissance;Scanning/Enumeration;Vulnerability Assessment;Identity/Auth;Web/API/Application;Validation/Business Impact;Reporting/Retest,MFG-E011;MFG-E045;MFG-E071;MFG-E200;MFG-E204;MFG-E205;MFG-E252;MFG-E266,NIST SP 800-115; CIS Controls,Active + manual validation where authorized; non-destructive by default,Controlled,Written authorization; confirmed scope; test accounts/access; testing window; logging/evidence plan,Asset inventory; architecture/trust-boundary notes; configuration or request/response evidence; timestamps; approved screenshots/logs; finding references as applicable,AP-002;AP-005;AP-018;AP-022;AP-034;AP-037;AP-040,T0822;T0859;T0886;T0864;T0884
Remote Access & Third Parties,system integrators,Reconnaissance;Scanning/Enumeration;Vulnerability Assessment;Identity/Auth;Web/API/Application;Validation/Business Impact;Reporting/Retest,MFG-E011;MFG-E045;MFG-E071;MFG-E200;MFG-E204;MFG-E205;MFG-E252;MFG-E266,NIST SP 800-115; CIS Controls,Active + manual validation where authorized; non-destructive by default,Controlled,Written authorization; confirmed scope; test accounts/access; testing window; logging/evidence plan,Asset inventory; architecture/trust-boundary notes; configuration or request/response evidence; timestamps; approved screenshots/logs; finding references as applicable,AP-002;AP-005;AP-018;AP-022;AP-034;AP-037;AP-040,T0822;T0859;T0886;T0864;T0884
Remote Access & Third Parties,equipment vendors,Reconnaissance;Scanning/Enumeration;Vulnerability Assessment;Identity/Auth;Web/API/Application;Validation/Business Impact;Reporting/Retest,MFG-E011;MFG-E045;MFG-E071;MFG-E200;MFG-E204;MFG-E205;MFG-E252;MFG-E266,NIST SP 800-115; CIS Controls,Active + manual validation where authorized; non-destructive by default,Controlled,Written authorization; confirmed scope; test accounts/access; testing window; logging/evidence plan,Asset inventory; architecture/trust-boundary notes; configuration or request/response evidence; timestamps; approved screenshots/logs; finding references as applicable,AP-002;AP-005;AP-018;AP-022;AP-034;AP-037;AP-040,T0822;T0859;T0886;T0864;T0884
Remote Access & Third Parties,software vendors,Reconnaissance;Scanning/Enumeration;Vulnerability Assessment;Identity/Auth;Web/API/Application;Validation/Business Impact;Reporting/Retest,MFG-E011;MFG-E045;MFG-E071;MFG-E200;MFG-E204;MFG-E205;MFG-E252;MFG-E266,NIST SP 800-115; CIS Controls,Active + manual validation where authorized; non-destructive by default,Controlled,Written authorization; confirmed scope; test accounts/access; testing window; logging/evidence plan,Asset inventory; architecture/trust-boundary notes; configuration or request/response evidence; timestamps; approved screenshots/logs; finding references as applicable,AP-002;AP-005;AP-018;AP-022;AP-034;AP-037;AP-040,T0822;T0859;T0886;T0864;T0884
Remote Access & Third Parties,maintenance contractors,Reconnaissance;Scanning/Enumeration;Vulnerability Assessment;Identity/Auth;Web/API/Application;Validation/Business Impact;Reporting/Retest,MFG-E011;MFG-E045;MFG-E071;MFG-E200;MFG-E204;MFG-E205;MFG-E252;MFG-E266;MFG-X478,NIST SP 800-115; CIS Controls,Active + manual validation where authorized; non-destructive by default,Controlled,Written authorization; confirmed scope; test accounts/access; testing window; logging/evidence plan,Asset inventory; architecture/trust-boundary notes; configuration or request/response evidence; timestamps; approved screenshots/logs; finding references as applicable,AP-002;AP-005;AP-018;AP-022;AP-034;AP-037;AP-040;AP-031,T0822;T0859;T0886;T0864;T0884
Remote Access & Third Parties,remote engineering,Reconnaissance;Scanning/Enumeration;Vulnerability Assessment;Identity/Auth;Web/API/Application;Validation/Business Impact;Reporting/Retest,MFG-E011;MFG-E045;MFG-E071;MFG-E097;MFG-E200;MFG-E204;MFG-E205;MFG-E252;MFG-E266,NIST SP 800-115; CIS Controls,Active + manual validation where authorized; non-destructive by default,Controlled,Written authorization; confirmed scope; test accounts/access; testing window; logging/evidence plan,Asset inventory; architecture/trust-boundary notes; configuration or request/response evidence; timestamps; approved screenshots/logs; finding references as applicable,AP-002;AP-005;AP-018;AP-022;AP-034;AP-037;AP-040;AP-008;AP-009;AP-032,T0822;T0859;T0886;T0864;T0884
Remote Access & Third Parties,third-party APIs,Reconnaissance;Scanning/Enumeration;Vulnerability Assessment;Identity/Auth;Web/API/Application;Validation/Business Impact;Reporting/Retest,MFG-E011;MFG-E045;MFG-E071;MFG-E097;MFG-E117;MFG-E200;MFG-E204;MFG-E205;MFG-E252;MFG-E266,NIST SP 800-115; OWASP WSTG; OWASP Top 10; OWASP API Security Top 10; CIS Controls,Active + manual validation where authorized; non-destructive by default,Controlled,Written authorization; confirmed scope; test accounts/access; testing window; logging/evidence plan,Asset inventory; architecture/trust-boundary notes; configuration or request/response evidence; timestamps; approved screenshots/logs; finding references as applicable,AP-002;AP-005;AP-018;AP-022;AP-034;AP-037;AP-040;AP-021;AP-035,T0822;T0859;T0886;T0864;T0884
Remote Access & Third Parties,software update channels,Reconnaissance;Scanning/Enumeration;Vulnerability Assessment;Identity/Auth;Web/API/Application;Validation/Business Impact;Reporting/Retest,MFG-E011;MFG-E045;MFG-E071;MFG-E200;MFG-E204;MFG-E205;MFG-E210;MFG-E252;MFG-E266,NIST SP 800-115; CIS Controls,Active + manual validation where authorized; non-destructive by default,Controlled,Written authorization; confirmed scope; test accounts/access; testing window; logging/evidence plan,Asset inventory; architecture/trust-boundary notes; configuration or request/response evidence; timestamps; approved screenshots/logs; finding references as applicable,AP-002;AP-005;AP-018;AP-022;AP-034;AP-037;AP-040,T0822;T0859;T0886;T0864;T0884
Data & Information,PII,Reconnaissance;Vulnerability Assessment;Identity/Auth;Web/API/Application;Validation/Business Impact;Reporting/Retest,MFG-E011;MFG-E071;MFG-E217;MFG-E218;MFG-E232;MFG-E252;MFG-E266,NIST SP 800-115,Active + manual validation where authorized; non-destructive by default,Controlled,Written authorization; confirmed scope; test accounts/access; testing window; logging/evidence plan,Asset inventory; architecture/trust-boundary notes; configuration or request/response evidence; timestamps; approved screenshots/logs; finding references as applicable,AP-019;AP-032;AP-038;AP-024;AP-031,T0811;T0893;T0882;T0842;T0809
Data & Information,employee data,Reconnaissance;Vulnerability Assessment;Identity/Auth;Web/API/Application;Validation/Business Impact;Reporting/Retest,MFG-E011;MFG-E071;MFG-E217;MFG-E218;MFG-E219;MFG-E220;MFG-E232;MFG-E252;MFG-E266,NIST SP 800-115,Active + manual validation where authorized; non-destructive by default,Controlled,Written authorization; confirmed scope; test accounts/access; testing window; logging/evidence plan,Asset inventory; architecture/trust-boundary notes; configuration or request/response evidence; timestamps; approved screenshots/logs; finding references as applicable,AP-019;AP-032;AP-038;AP-024;AP-031,T0811;T0893;T0882;T0842;T0809
Data & Information,customer data,Reconnaissance;Vulnerability Assessment;Identity/Auth;Web/API/Application;Validation/Business Impact;Reporting/Retest,MFG-E011;MFG-E071;MFG-E217;MFG-E218;MFG-E219;MFG-E220;MFG-E232;MFG-E252;MFG-E266,NIST SP 800-115,Active + manual validation where authorized; non-destructive by default,Controlled,Written authorization; confirmed scope; test accounts/access; testing window; logging/evidence plan,Asset inventory; architecture/trust-boundary notes; configuration or request/response evidence; timestamps; approved screenshots/logs; finding references as applicable,AP-019;AP-032;AP-038;AP-024;AP-031,T0811;T0893;T0882;T0842;T0809
Data & Information,supplier data,Reconnaissance;Vulnerability Assessment;Identity/Auth;Web/API/Application;Validation/Business Impact;Reporting/Retest,MFG-E011;MFG-E071;MFG-E217;MFG-E218;MFG-E221;MFG-E232;MFG-E252;MFG-E266,NIST SP 800-115,Active + manual validation where authorized; non-destructive by default,Controlled,Written authorization; confirmed scope; test accounts/access; testing window; logging/evidence plan,Asset inventory; architecture/trust-boundary notes; configuration or request/response evidence; timestamps; approved screenshots/logs; finding references as applicable,AP-019;AP-032;AP-038;AP-024;AP-031,T0811;T0893;T0882;T0842;T0809
Data & Information,financial data,Reconnaissance;Vulnerability Assessment;Identity/Auth;Web/API/Application;Validation/Business Impact;Reporting/Retest,MFG-E011;MFG-E071;MFG-E217;MFG-E218;MFG-E222;MFG-E232;MFG-E252;MFG-E266,NIST SP 800-115,Active + manual validation where authorized; non-destructive by default,Controlled,Written authorization; confirmed scope; test accounts/access; testing window; logging/evidence plan,Asset inventory; architecture/trust-boundary notes; configuration or request/response evidence; timestamps; approved screenshots/logs; finding references as applicable,AP-019;AP-032;AP-038;AP-024;AP-031,T0811;T0893;T0882;T0842;T0809
Data & Information,production data,Reconnaissance;Vulnerability Assessment;Identity/Auth;Web/API/Application;Validation/Business Impact;Reporting/Retest,MFG-E011;MFG-E071;MFG-E217;MFG-E218;MFG-E223;MFG-E232;MFG-E252;MFG-E266,NIST SP 800-115,Active + manual validation where authorized; non-destructive by default,Controlled,Written authorization; confirmed scope; test accounts/access; testing window; logging/evidence plan,Asset inventory; architecture/trust-boundary notes; configuration or request/response evidence; timestamps; approved screenshots/logs; finding references as applicable,AP-019;AP-032;AP-038;AP-024;AP-031,T0811;T0893;T0882;T0842;T0809
Data & Information,quality data,Reconnaissance;Vulnerability Assessment;Identity/Auth;Web/API/Application;Validation/Business Impact;Reporting/Retest,MFG-E011;MFG-E071;MFG-E217;MFG-E218;MFG-E224;MFG-E232;MFG-E252;MFG-E266;MFG-X489,NIST SP 800-115,Active + manual validation where authorized; non-destructive by default,Controlled,Written authorization; confirmed scope; test accounts/access; testing window; logging/evidence plan,Asset inventory; architecture/trust-boundary notes; configuration or request/response evidence; timestamps; approved screenshots/logs; finding references as applicable,AP-019;AP-032;AP-038;AP-024;AP-031,T0811;T0893;T0882;T0842;T0809
Data & Information,machine telemetry,Reconnaissance;Vulnerability Assessment;Identity/Auth;Web/API/Application;Validation/Business Impact;Reporting/Retest,MFG-E011;MFG-E071;MFG-E217;MFG-E218;MFG-E232;MFG-E252;MFG-E266,NIST SP 800-115,Active + manual validation where authorized; non-destructive by default,Controlled,Written authorization; confirmed scope; test accounts/access; testing window; logging/evidence plan,Asset inventory; architecture/trust-boundary notes; configuration or request/response evidence; timestamps; approved screenshots/logs; finding references as applicable,AP-019;AP-032;AP-038;AP-024;AP-031,T0811;T0893;T0882;T0842;T0809
Data & Information,process parameters,Reconnaissance;Vulnerability Assessment;Identity/Auth;Web/API/Application;Validation/Business Impact;Reporting/Retest,MFG-E011;MFG-E071;MFG-E217;MFG-E218;MFG-E232;MFG-E252;MFG-E266,NIST SP 800-115,Active + manual validation where authorized; non-destructive by default,Controlled,Written authorization; confirmed scope; test accounts/access; testing window; logging/evidence plan,Asset inventory; architecture/trust-boundary notes; configuration or request/response evidence; timestamps; approved screenshots/logs; finding references as applicable,AP-019;AP-032;AP-038;AP-024;AP-031,T0811;T0893;T0882;T0842;T0809
Data & Information,recipes,Reconnaissance;Vulnerability Assessment;Identity/Auth;Web/API/Application;Validation/Business Impact;Reporting/Retest,MFG-E011;MFG-E071;MFG-E217;MFG-E218;MFG-E232;MFG-E252;MFG-E266,NIST SP 800-115,Active + manual validation where authorized; non-destructive by default,Controlled,Written authorization; confirmed scope; test accounts/access; testing window; logging/evidence plan,Asset inventory; architecture/trust-boundary notes; configuration or request/response evidence; timestamps; approved screenshots/logs; finding references as applicable,AP-019;AP-032;AP-038;AP-024;AP-031,T0811;T0893;T0882;T0842;T0809
Data & Information,CAD/IP,Reconnaissance;Vulnerability Assessment;Identity/Auth;Web/API/Application;Validation/Business Impact;Reporting/Retest,MFG-E011;MFG-E035;MFG-E071;MFG-E097;MFG-E117;MFG-E172;MFG-E217;MFG-E218;MFG-E225;MFG-E232;MFG-E252;MFG-E266,NIST SP 800-115,Active + manual validation where authorized; non-destructive by default,Controlled,Written authorization; confirmed scope; test accounts/access; testing window; logging/evidence plan,Asset inventory; architecture/trust-boundary notes; configuration or request/response evidence; timestamps; approved screenshots/logs; finding references as applicable,AP-019;AP-032;AP-038;AP-024;AP-031;AP-008;AP-009,T0811;T0893;T0882;T0842;T0809
Data & Information,drawings,Reconnaissance;Vulnerability Assessment;Identity/Auth;Web/API/Application;Validation/Business Impact;Reporting/Retest,MFG-E011;MFG-E071;MFG-E217;MFG-E218;MFG-E226;MFG-E232;MFG-E252;MFG-E266;MFG-X366,NIST SP 800-115,Active + manual validation where authorized; non-destructive by default,Controlled,Written authorization; confirmed scope; test accounts/access; testing window; logging/evidence plan,Asset inventory; architecture/trust-boundary notes; configuration or request/response evidence; timestamps; approved screenshots/logs; finding references as applicable,AP-019;AP-032;AP-038;AP-024;AP-031;AP-008;AP-009;AP-036,T0811;T0893;T0882;T0842;T0809
Data & Information,BOM,Reconnaissance;Vulnerability Assessment;Identity/Auth;Web/API/Application;Validation/Business Impact;Reporting/Retest,MFG-E011;MFG-E071;MFG-E217;MFG-E218;MFG-E232;MFG-E252;MFG-E266;MFG-X418,NIST SP 800-115,Active + manual validation where authorized; non-destructive by default,Controlled,Written authorization; confirmed scope; test accounts/access; testing window; logging/evidence plan,Asset inventory; architecture/trust-boundary notes; configuration or request/response evidence; timestamps; approved screenshots/logs; finding references as applicable,AP-019;AP-032;AP-038;AP-024;AP-031;AP-008;AP-009,T0811;T0893;T0882;T0842;T0809
Data & Information,source code,Reconnaissance;Vulnerability Assessment;Identity/Auth;Web/API/Application;Validation/Business Impact;Reporting/Retest,MFG-E011;MFG-E071;MFG-E178;MFG-E217;MFG-E218;MFG-E227;MFG-E232;MFG-E252;MFG-E266,NIST SP 800-115,Active + manual validation where authorized; non-destructive by default,Controlled,Written authorization; confirmed scope; test accounts/access; testing window; logging/evidence plan,Asset inventory; architecture/trust-boundary notes; configuration or request/response evidence; timestamps; approved screenshots/logs; finding references as applicable,AP-019;AP-032;AP-038;AP-024;AP-031;AP-008;AP-009,T0811;T0893;T0882;T0842;T0809
Data & Information,firmware,Reconnaissance;Vulnerability Assessment;Identity/Auth;Web/API/Application;Validation/Business Impact;Reporting/Retest,MFG-E011;MFG-E071;MFG-E177;MFG-E210;MFG-E217;MFG-E218;MFG-E227;MFG-E232;MFG-E252;MFG-E266;MFG-X423,NIST SP 800-115,Active + manual validation where authorized; non-destructive by default,Controlled,Written authorization; confirmed scope; test accounts/access; testing window; logging/evidence plan,Asset inventory; architecture/trust-boundary notes; configuration or request/response evidence; timestamps; approved screenshots/logs; finding references as applicable,AP-019;AP-032;AP-038;AP-024;AP-031;AP-008;AP-009,T0811;T0893;T0882;T0842;T0809
Data & Information,credentials,Reconnaissance;Vulnerability Assessment;Identity/Auth;Web/API/Application;Validation/Business Impact;Reporting/Retest,MFG-E011;MFG-E071;MFG-E217;MFG-E218;MFG-E232;MFG-E252;MFG-E266,NIST SP 800-115,Active + manual validation where authorized; non-destructive by default,Controlled,Written authorization; confirmed scope; test accounts/access; testing window; logging/evidence plan,Asset inventory; architecture/trust-boundary notes; configuration or request/response evidence; timestamps; approved screenshots/logs; finding references as applicable,AP-019;AP-032;AP-038;AP-024;AP-031,T0811;T0893;T0882;T0842;T0809
Data & Information,API keys,Reconnaissance;Vulnerability Assessment;Identity/Auth;Web/API/Application;Validation/Business Impact;Reporting/Retest,MFG-E011;MFG-E048;MFG-E071;MFG-E074;MFG-E097;MFG-E109;MFG-E117;MFG-E118;MFG-E141;MFG-E191;MFG-E217;MFG-E218;MFG-E232;MFG-E233;MFG-E247;MFG-E252;MFG-E266;MFG-X452,NIST SP 800-115; OWASP WSTG; OWASP Top 10; OWASP API Security Top 10,Active + manual validation where authorized; non-destructive by default,Controlled,Written authorization; confirmed scope; test accounts/access; testing window; logging/evidence plan,Asset inventory; architecture/trust-boundary notes; configuration or request/response evidence; timestamps; approved screenshots/logs; finding references as applicable,AP-019;AP-032;AP-038;AP-024;AP-031;AP-021;AP-035,T0811;T0893;T0882;T0842;T0809
Data & Information,tokens,Reconnaissance;Vulnerability Assessment;Identity/Auth;Web/API/Application;Validation/Business Impact;Reporting/Retest,MFG-E011;MFG-E071;MFG-E217;MFG-E218;MFG-E232;MFG-E252;MFG-E266,NIST SP 800-115,Active + manual validation where authorized; non-destructive by default,Controlled,Written authorization; confirmed scope; test accounts/access; testing window; logging/evidence plan,Asset inventory; architecture/trust-boundary notes; configuration or request/response evidence; timestamps; approved screenshots/logs; finding references as applicable,AP-019;AP-032;AP-038;AP-024;AP-031,T0811;T0893;T0882;T0842;T0809
Data & Information,certificates,Reconnaissance;Vulnerability Assessment;Identity/Auth;Web/API/Application;Validation/Business Impact;Reporting/Retest,MFG-E011;MFG-E071;MFG-E217;MFG-E218;MFG-E232;MFG-E252;MFG-E266,NIST SP 800-115,Active + manual validation where authorized; non-destructive by default,Controlled,Written authorization; confirmed scope; test accounts/access; testing window; logging/evidence plan,Asset inventory; architecture/trust-boundary notes; configuration or request/response evidence; timestamps; approved screenshots/logs; finding references as applicable,AP-019;AP-032;AP-038;AP-024;AP-031,T0811;T0893;T0882;T0842;T0809
Data & Information,private keys,Reconnaissance;Vulnerability Assessment;Identity/Auth;Web/API/Application;Validation/Business Impact;Reporting/Retest,MFG-E011;MFG-E071;MFG-E217;MFG-E218;MFG-E232;MFG-E252;MFG-E266,NIST SP 800-115,Active + manual validation where authorized; non-destructive by default,Controlled,Written authorization; confirmed scope; test accounts/access; testing window; logging/evidence plan,Asset inventory; architecture/trust-boundary notes; configuration or request/response evidence; timestamps; approved screenshots/logs; finding references as applicable,AP-019;AP-032;AP-038;AP-024;AP-031,T0811;T0893;T0882;T0842;T0809
Data & Information,configuration files,Reconnaissance;Vulnerability Assessment;Identity/Auth;Web/API/Application;Validation/Business Impact;Reporting/Retest,MFG-E011;MFG-E071;MFG-E217;MFG-E218;MFG-E232;MFG-E252;MFG-E266,NIST SP 800-115,Active + manual validation where authorized; non-destructive by default,Controlled,Written authorization; confirmed scope; test accounts/access; testing window; logging/evidence plan,Asset inventory; architecture/trust-boundary notes; configuration or request/response evidence; timestamps; approved screenshots/logs; finding references as applicable,AP-019;AP-032;AP-038;AP-024;AP-031,T0811;T0893;T0882;T0842;T0809
Data & Information,backups,Reconnaissance;Vulnerability Assessment;Identity/Auth;Web/API/Application;Validation/Business Impact;Reporting/Retest,MFG-E011;MFG-E071;MFG-E217;MFG-E218;MFG-E232;MFG-E252;MFG-E266;MFG-X363,NIST SP 800-115,Active + manual validation where authorized; non-destructive by default,Controlled,Written authorization; confirmed scope; test accounts/access; testing window; logging/evidence plan,Asset inventory; architecture/trust-boundary notes; configuration or request/response evidence; timestamps; approved screenshots/logs; finding references as applicable,AP-019;AP-032;AP-038;AP-024;AP-031;AP-036;AP-026;AP-027;AP-028,T0811;T0893;T0882;T0842;T0809
Backup / DR,backup servers,Reconnaissance;Scanning/Enumeration;Vulnerability Assessment;Identity/Auth;Web/API/Application;Validation/Business Impact;Reporting/Retest,MFG-E011;MFG-E045;MFG-E070;MFG-E071;MFG-E086;MFG-E097;MFG-E168;MFG-E231;MFG-E252;MFG-E266;MFG-X361;MFG-X362;MFG-X365;MFG-X366;MFG-X367;MFG-X368;MFG-X369,NIST SP 800-115,Active + manual validation where authorized; non-destructive by default,Controlled,Written authorization; confirmed scope; test accounts/access; testing window; logging/evidence plan,Asset inventory; architecture/trust-boundary notes; configuration or request/response evidence; timestamps; approved screenshots/logs; finding references as applicable,AP-024;AP-025;AP-036,T0809;T0826;T0862;T0893
Backup / DR,backup repositories,Reconnaissance;Scanning/Enumeration;Vulnerability Assessment;Identity/Auth;Web/API/Application;Validation/Business Impact;Reporting/Retest,MFG-E011;MFG-E045;MFG-E070;MFG-E071;MFG-E086;MFG-E168;MFG-E231;MFG-E252;MFG-E266;MFG-X361;MFG-X362;MFG-X365;MFG-X366;MFG-X367;MFG-X368;MFG-X369,NIST SP 800-115,Active + manual validation where authorized; non-destructive by default,Controlled,Written authorization; confirmed scope; test accounts/access; testing window; logging/evidence plan,Asset inventory; architecture/trust-boundary notes; configuration or request/response evidence; timestamps; approved screenshots/logs; finding references as applicable,AP-024;AP-025;AP-036,T0809;T0826;T0862;T0893
Backup / DR,offline backups,Reconnaissance;Scanning/Enumeration;Vulnerability Assessment;Identity/Auth;Web/API/Application;Validation/Business Impact;Reporting/Retest,MFG-E011;MFG-E045;MFG-E070;MFG-E071;MFG-E231;MFG-E252;MFG-E266;MFG-X363,NIST SP 800-115,Active + manual validation where authorized; non-destructive by default,Controlled,Written authorization; confirmed scope; test accounts/access; testing window; logging/evidence plan,Asset inventory; architecture/trust-boundary notes; configuration or request/response evidence; timestamps; approved screenshots/logs; finding references as applicable,AP-024;AP-025;AP-036;AP-026;AP-027;AP-028,T0809;T0826;T0862;T0893
Backup / DR,immutable backups,Reconnaissance;Scanning/Enumeration;Vulnerability Assessment;Identity/Auth;Web/API/Application;Validation/Business Impact;Reporting/Retest,MFG-E011;MFG-E045;MFG-E070;MFG-E071;MFG-E231;MFG-E252;MFG-E266;MFG-X363,NIST SP 800-115,Active + manual validation where authorized; non-destructive by default,Controlled,Written authorization; confirmed scope; test accounts/access; testing window; logging/evidence plan,Asset inventory; architecture/trust-boundary notes; configuration or request/response evidence; timestamps; approved screenshots/logs; finding references as applicable,AP-024;AP-025;AP-036;AP-026;AP-027;AP-028;AP-016;AP-033,T0809;T0826;T0862;T0893
Backup / DR,cloud backups,Reconnaissance;Scanning/Enumeration;Vulnerability Assessment;Identity/Auth;Web/API/Application;Validation/Business Impact;Reporting/Retest,MFG-E011;MFG-E045;MFG-E070;MFG-E071;MFG-E097;MFG-E117;MFG-E231;MFG-E248;MFG-E252;MFG-E266;MFG-X305;MFG-X363;MFG-X389;MFG-X433;MFG-X434;MFG-X435;MFG-X436;MFG-X437;MFG-X438;MFG-X440;MFG-X445,NIST SP 800-115,Active + manual validation where authorized; non-destructive by default,Controlled,Written authorization; confirmed scope; test accounts/access; testing window; logging/evidence plan,Asset inventory; architecture/trust-boundary notes; configuration or request/response evidence; timestamps; approved screenshots/logs; finding references as applicable,AP-024;AP-025;AP-036;AP-018;AP-019;AP-022;AP-026;AP-027;AP-028,T0809;T0826;T0862;T0893
Backup / DR,replication,Reconnaissance;Scanning/Enumeration;Vulnerability Assessment;Identity/Auth;Web/API/Application;Validation/Business Impact;Reporting/Retest,MFG-E011;MFG-E045;MFG-E070;MFG-E071;MFG-E231;MFG-E252;MFG-E266,NIST SP 800-115,Active + manual validation where authorized; non-destructive by default,Controlled,Written authorization; confirmed scope; test accounts/access; testing window; logging/evidence plan,Asset inventory; architecture/trust-boundary notes; configuration or request/response evidence; timestamps; approved screenshots/logs; finding references as applicable,AP-024;AP-025;AP-036,T0809;T0826;T0862;T0893
Backup / DR,snapshots,Reconnaissance;Scanning/Enumeration;Vulnerability Assessment;Identity/Auth;Web/API/Application;Validation/Business Impact;Reporting/Retest,MFG-E011;MFG-E045;MFG-E070;MFG-E071;MFG-E231;MFG-E252;MFG-E266,NIST SP 800-115,Active + manual validation where authorized; non-destructive by default,Controlled,Written authorization; confirmed scope; test accounts/access; testing window; logging/evidence plan,Asset inventory; architecture/trust-boundary notes; configuration or request/response evidence; timestamps; approved screenshots/logs; finding references as applicable,AP-024;AP-025;AP-036,T0809;T0826;T0862;T0893
Backup / DR,database backups,Reconnaissance;Scanning/Enumeration;Vulnerability Assessment;Identity/Auth;Web/API/Application;Validation/Business Impact;Reporting/Retest,MFG-E011;MFG-E045;MFG-E070;MFG-E071;MFG-E117;MFG-E231;MFG-E252;MFG-E266;MFG-X363,NIST SP 800-115,Active + manual validation where authorized; non-destructive by default,Controlled,Written authorization; confirmed scope; test accounts/access; testing window; logging/evidence plan,Asset inventory; architecture/trust-boundary notes; configuration or request/response evidence; timestamps; approved screenshots/logs; finding references as applicable,AP-024;AP-025;AP-036;AP-026;AP-027;AP-028,T0809;T0826;T0862;T0893
Backup / DR,PLC backups,Reconnaissance;Scanning/Enumeration;Vulnerability Assessment;Identity/Auth;Web/API/Application;Validation/Business Impact;Reporting/Retest,MFG-E011;MFG-E039;MFG-E045;MFG-E064;MFG-E070;MFG-E071;MFG-E093;MFG-E097;MFG-E150;MFG-E231;MFG-E252;MFG-E266;MFG-X310;MFG-X363;MFG-X365,NIST SP 800-115,Active + manual validation where authorized; non-destructive by default,Controlled,Written authorization; confirmed scope; test accounts/access; testing window; logging/evidence plan,Asset inventory; architecture/trust-boundary notes; configuration or request/response evidence; timestamps; approved screenshots/logs; finding references as applicable,AP-024;AP-025;AP-036;AP-011;AP-012;AP-013;AP-026;AP-027;AP-028,T0809;T0826;T0862;T0893
Backup / DR,SCADA backups,Reconnaissance;Scanning/Enumeration;Vulnerability Assessment;Identity/Auth;Web/API/Application;Validation/Business Impact;Reporting/Retest,MFG-E011;MFG-E038;MFG-E045;MFG-E063;MFG-E070;MFG-E071;MFG-E092;MFG-E097;MFG-E117;MFG-E148;MFG-E226;MFG-E231;MFG-E249;MFG-E252;MFG-E266;MFG-X363;MFG-X366,NIST SP 800-115,Active + manual validation where authorized; non-destructive by default,Controlled,Written authorization; confirmed scope; test accounts/access; testing window; logging/evidence plan,Asset inventory; architecture/trust-boundary notes; configuration or request/response evidence; timestamps; approved screenshots/logs; finding references as applicable,AP-024;AP-025;AP-036;AP-011;AP-012;AP-013;AP-008;AP-009;AP-032;AP-026;AP-027;AP-028,T0809;T0826;T0862;T0893
Backup / DR,HMI backups,Reconnaissance;Scanning/Enumeration;Vulnerability Assessment;Identity/Auth;Web/API/Application;Validation/Business Impact;Reporting/Retest,MFG-E011;MFG-E039;MFG-E045;MFG-E064;MFG-E070;MFG-E071;MFG-E093;MFG-E097;MFG-E151;MFG-E231;MFG-E249;MFG-E252;MFG-E266;MFG-X363;MFG-X367,NIST SP 800-115,Active + manual validation where authorized; non-destructive by default,Controlled,Written authorization; confirmed scope; test accounts/access; testing window; logging/evidence plan,Asset inventory; architecture/trust-boundary notes; configuration or request/response evidence; timestamps; approved screenshots/logs; finding references as applicable,AP-024;AP-025;AP-036;AP-011;AP-012;AP-013;AP-026;AP-027;AP-028,T0809;T0826;T0862;T0893
Backup / DR,engineering backups,Reconnaissance;Scanning/Enumeration;Vulnerability Assessment;Identity/Auth;Web/API/Application;Validation/Business Impact;Reporting/Retest,MFG-E011;MFG-E045;MFG-E070;MFG-E071;MFG-E231;MFG-E252;MFG-E266;MFG-X363;MFG-X368,NIST SP 800-115,Active + manual validation where authorized; non-destructive by default,Controlled,Written authorization; confirmed scope; test accounts/access; testing window; logging/evidence plan,Asset inventory; architecture/trust-boundary notes; configuration or request/response evidence; timestamps; approved screenshots/logs; finding references as applicable,AP-024;AP-025;AP-036;AP-008;AP-009;AP-032;AP-026;AP-027;AP-028,T0809;T0826;T0862;T0893
Backup / DR,disaster-recovery systems,Reconnaissance;Scanning/Enumeration;Vulnerability Assessment;Identity/Auth;Web/API/Application;Validation/Business Impact;Reporting/Retest,MFG-E011;MFG-E045;MFG-E070;MFG-E071;MFG-E231;MFG-E252;MFG-E266;MFG-X335;MFG-X371;MFG-X416,NIST SP 800-115,Active + manual validation where authorized; non-destructive by default,Controlled,Written authorization; confirmed scope; test accounts/access; testing window; logging/evidence plan,Asset inventory; architecture/trust-boundary notes; configuration or request/response evidence; timestamps; approved screenshots/logs; finding references as applicable,AP-024;AP-025;AP-036,T0809;T0826;T0862;T0893
Security Monitoring,SIEM,Reconnaissance;Scanning/Enumeration;Vulnerability Assessment;Identity/Auth;Web/API/Application;Validation/Business Impact;Reporting/Retest,MFG-E011;MFG-E045;MFG-E071;MFG-E235;MFG-E242;MFG-E250;MFG-E252;MFG-E266;MFG-X399,NIST SP 800-115,Active + manual validation where authorized; non-destructive by default,Controlled,Written authorization; confirmed scope; test accounts/access; testing window; logging/evidence plan,Asset inventory; architecture/trust-boundary notes; configuration or request/response evidence; timestamps; approved screenshots/logs; finding references as applicable,AP-029;AP-030;AP-025;AP-006;AP-011,T0842;T0840;T0872;T0820;T0801
Security Monitoring,SOAR,Reconnaissance;Scanning/Enumeration;Vulnerability Assessment;Identity/Auth;Web/API/Application;Validation/Business Impact;Reporting/Retest,MFG-E011;MFG-E045;MFG-E071;MFG-E235;MFG-E236;MFG-E242;MFG-E250;MFG-E252;MFG-E266,NIST SP 800-115,Active + manual validation where authorized; non-destructive by default,Controlled,Written authorization; confirmed scope; test accounts/access; testing window; logging/evidence plan,Asset inventory; architecture/trust-boundary notes; configuration or request/response evidence; timestamps; approved screenshots/logs; finding references as applicable,AP-029;AP-030;AP-025;AP-006;AP-011,T0842;T0840;T0872;T0820;T0801
Security Monitoring,EDR,Reconnaissance;Scanning/Enumeration;Vulnerability Assessment;Identity/Auth;Web/API/Application;Validation/Business Impact;Reporting/Retest,MFG-E011;MFG-E045;MFG-E071;MFG-E235;MFG-E237;MFG-E239;MFG-E242;MFG-E250;MFG-E252;MFG-E266,NIST SP 800-115,Active + manual validation where authorized; non-destructive by default,Controlled,Written authorization; confirmed scope; test accounts/access; testing window; logging/evidence plan,Asset inventory; architecture/trust-boundary notes; configuration or request/response evidence; timestamps; approved screenshots/logs; finding references as applicable,AP-029;AP-030;AP-025;AP-006;AP-011;AP-024;AP-036,T0842;T0840;T0872;T0820;T0801
Security Monitoring,XDR,Reconnaissance;Scanning/Enumeration;Vulnerability Assessment;Identity/Auth;Web/API/Application;Validation/Business Impact;Reporting/Retest,MFG-E011;MFG-E045;MFG-E071;MFG-E235;MFG-E237;MFG-E239;MFG-E242;MFG-E250;MFG-E252;MFG-E266,NIST SP 800-115,Active + manual validation where authorized; non-destructive by default,Controlled,Written authorization; confirmed scope; test accounts/access; testing window; logging/evidence plan,Asset inventory; architecture/trust-boundary notes; configuration or request/response evidence; timestamps; approved screenshots/logs; finding references as applicable,AP-029;AP-030;AP-025;AP-006;AP-011;AP-024;AP-036,T0842;T0840;T0872;T0820;T0801
Security Monitoring,IDS,Reconnaissance;Scanning/Enumeration;Vulnerability Assessment;Identity/Auth;Web/API/Application;Validation/Business Impact;Reporting/Retest,MFG-E011;MFG-E045;MFG-E071;MFG-E235;MFG-E238;MFG-E242;MFG-E243;MFG-E250;MFG-E252;MFG-E266;MFG-X400,NIST SP 800-115,Active + manual validation where authorized; non-destructive by default,Controlled,Written authorization; confirmed scope; test accounts/access; testing window; logging/evidence plan,Asset inventory; architecture/trust-boundary notes; configuration or request/response evidence; timestamps; approved screenshots/logs; finding references as applicable,AP-029;AP-030;AP-025;AP-006;AP-011,T0842;T0840;T0872;T0820;T0801
Security Monitoring,IPS,Reconnaissance;Scanning/Enumeration;Vulnerability Assessment;Identity/Auth;Web/API/Application;Validation/Business Impact;Reporting/Retest,MFG-E011;MFG-E045;MFG-E071;MFG-E235;MFG-E238;MFG-E242;MFG-E250;MFG-E252;MFG-E266,NIST SP 800-115,Active + manual validation where authorized; non-destructive by default,Controlled,Written authorization; confirmed scope; test accounts/access; testing window; logging/evidence plan,Asset inventory; architecture/trust-boundary notes; configuration or request/response evidence; timestamps; approved screenshots/logs; finding references as applicable,AP-029;AP-030;AP-025;AP-006;AP-011,T0842;T0840;T0872;T0820;T0801
Security Monitoring,NDR,Reconnaissance;Scanning/Enumeration;Vulnerability Assessment;Identity/Auth;Web/API/Application;Validation/Business Impact;Reporting/Retest,MFG-E011;MFG-E045;MFG-E071;MFG-E235;MFG-E237;MFG-E239;MFG-E242;MFG-E250;MFG-E252;MFG-E266,NIST SP 800-115,Active + manual validation where authorized; non-destructive by default,Controlled,Written authorization; confirmed scope; test accounts/access; testing window; logging/evidence plan,Asset inventory; architecture/trust-boundary notes; configuration or request/response evidence; timestamps; approved screenshots/logs; finding references as applicable,AP-029;AP-030;AP-025;AP-006;AP-011;AP-024;AP-036,T0842;T0840;T0872;T0820;T0801
Security Monitoring,vulnerability management,Reconnaissance;Scanning/Enumeration;Vulnerability Assessment;Identity/Auth;Web/API/Application;Validation/Business Impact;Reporting/Retest,MFG-E011;MFG-E045;MFG-E071;MFG-E235;MFG-E240;MFG-E242;MFG-E250;MFG-E252;MFG-E266;MFG-X329,NIST SP 800-115,Active + manual validation where authorized; non-destructive by default,Controlled,Written authorization; confirmed scope; test accounts/access; testing window; logging/evidence plan,Asset inventory; architecture/trust-boundary notes; configuration or request/response evidence; timestamps; approved screenshots/logs; finding references as applicable,AP-029;AP-030;AP-025;AP-006;AP-011,T0842;T0840;T0872;T0820;T0801
Security Monitoring,patch management,Reconnaissance;Scanning/Enumeration;Vulnerability Assessment;Identity/Auth;Web/API/Application;Validation/Business Impact;Reporting/Retest,MFG-E011;MFG-E045;MFG-E071;MFG-E169;MFG-E235;MFG-E241;MFG-E242;MFG-E250;MFG-E252;MFG-E266;MFG-X330,NIST SP 800-115,Active + manual validation where authorized; non-destructive by default,Controlled,Written authorization; confirmed scope; test accounts/access; testing window; logging/evidence plan,Asset inventory; architecture/trust-boundary notes; configuration or request/response evidence; timestamps; approved screenshots/logs; finding references as applicable,AP-029;AP-030;AP-025;AP-006;AP-011,T0842;T0840;T0872;T0820;T0801
Security Monitoring,OT IDS,Reconnaissance;Scanning/Enumeration;Vulnerability Assessment;Identity/Auth;Web/API/Application;Validation/Business Impact;Reporting/Retest,MFG-E011;MFG-E045;MFG-E071;MFG-E235;MFG-E238;MFG-E242;MFG-E243;MFG-E250;MFG-E252;MFG-E266;MFG-X400,NIST SP 800-115,Active + manual validation where authorized; non-destructive by default,Controlled,Written authorization; confirmed scope; test accounts/access; testing window; logging/evidence plan,Asset inventory; architecture/trust-boundary notes; configuration or request/response evidence; timestamps; approved screenshots/logs; finding references as applicable,AP-029;AP-030;AP-025;AP-006;AP-011,T0842;T0840;T0872;T0820;T0801
Security Monitoring,OT network monitoring,Reconnaissance;Scanning/Enumeration;Vulnerability Assessment;Identity/Auth;Web/API/Application;Validation/Business Impact;Reporting/Retest,MFG-E011;MFG-E045;MFG-E071;MFG-E235;MFG-E242;MFG-E250;MFG-E252;MFG-E266,NIST SP 800-115,Active + manual validation where authorized; non-destructive by default,Controlled,Written authorization; confirmed scope; test accounts/access; testing window; logging/evidence plan,Asset inventory; architecture/trust-boundary notes; configuration or request/response evidence; timestamps; approved screenshots/logs; finding references as applicable,AP-029;AP-030;AP-025;AP-006;AP-011,T0842;T0840;T0872;T0820;T0801
Security Monitoring,asset discovery,Reconnaissance;Scanning/Enumeration;Vulnerability Assessment;Identity/Auth;Web/API/Application;Validation/Business Impact;Reporting/Retest,MFG-E011;MFG-E023;MFG-E045;MFG-E071;MFG-E235;MFG-E242;MFG-E250;MFG-E252;MFG-E266,NIST SP 800-115,Active + manual validation where authorized; non-destructive by default,Controlled,Written authorization; confirmed scope; test accounts/access; testing window; logging/evidence plan,Asset inventory; architecture/trust-boundary notes; configuration or request/response evidence; timestamps; approved screenshots/logs; finding references as applicable,AP-029;AP-030;AP-025;AP-006;AP-011,T0842;T0840;T0872;T0820;T0801
Security Monitoring,log servers,Reconnaissance;Scanning/Enumeration;Vulnerability Assessment;Identity/Auth;Web/API/Application;Validation/Business Impact;Reporting/Retest,MFG-E011;MFG-E045;MFG-E071;MFG-E097;MFG-E235;MFG-E242;MFG-E250;MFG-E252;MFG-E266,NIST SP 800-115,Active + manual validation where authorized; non-destructive by default,Controlled,Written authorization; confirmed scope; test accounts/access; testing window; logging/evidence plan,Asset inventory; architecture/trust-boundary notes; configuration or request/response evidence; timestamps; approved screenshots/logs; finding references as applicable,AP-029;AP-030;AP-025;AP-006;AP-011,T0842;T0840;T0872;T0820;T0801
Security Monitoring,Windows logs,Reconnaissance;Scanning/Enumeration;Vulnerability Assessment;Identity/Auth;Web/API/Application;Validation/Business Impact;Reporting/Retest,MFG-E011;MFG-E045;MFG-E071;MFG-E235;MFG-E242;MFG-E250;MFG-E252;MFG-E266,NIST SP 800-115,Active + manual validation where authorized; non-destructive by default,Controlled,Written authorization; confirmed scope; test accounts/access; testing window; logging/evidence plan,Asset inventory; architecture/trust-boundary notes; configuration or request/response evidence; timestamps; approved screenshots/logs; finding references as applicable,AP-029;AP-030;AP-025;AP-006;AP-011,T0842;T0840;T0872;T0820;T0801
Security Monitoring,firewall logs,Reconnaissance;Scanning/Enumeration;Vulnerability Assessment;Identity/Auth;Web/API/Application;Validation/Business Impact;Reporting/Retest,MFG-E011;MFG-E045;MFG-E060;MFG-E071;MFG-E156;MFG-E197;MFG-E235;MFG-E242;MFG-E250;MFG-E252;MFG-E266,NIST SP 800-115,Active + manual validation where authorized; non-destructive by default,Controlled,Written authorization; confirmed scope; test accounts/access; testing window; logging/evidence plan,Asset inventory; architecture/trust-boundary notes; configuration or request/response evidence; timestamps; approved screenshots/logs; finding references as applicable,AP-029;AP-030;AP-025;AP-006;AP-011;AP-026;AP-027;AP-028,T0842;T0840;T0872;T0820;T0801
Security Monitoring,VPN logs,Reconnaissance;Scanning/Enumeration;Vulnerability Assessment;Identity/Auth;Web/API/Application;Validation/Business Impact;Reporting/Retest,MFG-E011;MFG-E019;MFG-E045;MFG-E050;MFG-E071;MFG-E075;MFG-E097;MFG-E200;MFG-E235;MFG-E242;MFG-E246;MFG-E250;MFG-E252;MFG-E266,NIST SP 800-115,Active + manual validation where authorized; non-destructive by default,Controlled,Written authorization; confirmed scope; test accounts/access; testing window; logging/evidence plan,Asset inventory; architecture/trust-boundary notes; configuration or request/response evidence; timestamps; approved screenshots/logs; finding references as applicable,AP-029;AP-030;AP-025;AP-006;AP-011;AP-002;AP-005,T0842;T0840;T0872;T0820;T0801
Security Monitoring,application logs,Reconnaissance;Scanning/Enumeration;Vulnerability Assessment;Identity/Auth;Web/API/Application;Validation/Business Impact;Reporting/Retest,MFG-E011;MFG-E045;MFG-E071;MFG-E235;MFG-E242;MFG-E250;MFG-E252;MFG-E266,NIST SP 800-115,Active + manual validation where authorized; non-destructive by default,Controlled,Written authorization; confirmed scope; test accounts/access; testing window; logging/evidence plan,Asset inventory; architecture/trust-boundary notes; configuration or request/response evidence; timestamps; approved screenshots/logs; finding references as applicable,AP-029;AP-030;AP-025;AP-006;AP-011,T0842;T0840;T0872;T0820;T0801
Security Monitoring,API logs,Reconnaissance;Scanning/Enumeration;Vulnerability Assessment;Identity/Auth;Web/API/Application;Validation/Business Impact;Reporting/Retest,MFG-E011;MFG-E045;MFG-E048;MFG-E071;MFG-E074;MFG-E097;MFG-E109;MFG-E117;MFG-E118;MFG-E141;MFG-E191;MFG-E233;MFG-E235;MFG-E242;MFG-E247;MFG-E250;MFG-E252;MFG-E266;MFG-X452,NIST SP 800-115; OWASP WSTG; OWASP Top 10; OWASP API Security Top 10,Active + manual validation where authorized; non-destructive by default,Controlled,Written authorization; confirmed scope; test accounts/access; testing window; logging/evidence plan,Asset inventory; architecture/trust-boundary notes; configuration or request/response evidence; timestamps; approved screenshots/logs; finding references as applicable,AP-029;AP-030;AP-025;AP-006;AP-011;AP-021;AP-035,T0842;T0840;T0872;T0820;T0801
Security Monitoring,cloud logs,Reconnaissance;Scanning/Enumeration;Vulnerability Assessment;Identity/Auth;Web/API/Application;Validation/Business Impact;Reporting/Retest,MFG-E011;MFG-E045;MFG-E071;MFG-E097;MFG-E117;MFG-E235;MFG-E242;MFG-E248;MFG-E250;MFG-E252;MFG-E266;MFG-X305;MFG-X389;MFG-X433;MFG-X434;MFG-X435;MFG-X436;MFG-X437;MFG-X438;MFG-X440;MFG-X445,NIST SP 800-115,Active + manual validation where authorized; non-destructive by default,Controlled,Written authorization; confirmed scope; test accounts/access; testing window; logging/evidence plan,Asset inventory; architecture/trust-boundary notes; configuration or request/response evidence; timestamps; approved screenshots/logs; finding references as applicable,AP-029;AP-030;AP-025;AP-006;AP-011;AP-018;AP-019;AP-022,T0842;T0840;T0872;T0820;T0801
Security Monitoring,SCADA logs,Reconnaissance;Scanning/Enumeration;Vulnerability Assessment;Identity/Auth;Web/API/Application;Validation/Business Impact;Reporting/Retest,MFG-E011;MFG-E038;MFG-E045;MFG-E063;MFG-E071;MFG-E092;MFG-E097;MFG-E117;MFG-E148;MFG-E235;MFG-E242;MFG-E249;MFG-E250;MFG-E252;MFG-E266;MFG-X366,NIST SP 800-115,Active + manual validation where authorized; non-destructive by default,Controlled,Written authorization; confirmed scope; test accounts/access; testing window; logging/evidence plan,Asset inventory; architecture/trust-boundary notes; configuration or request/response evidence; timestamps; approved screenshots/logs; finding references as applicable,AP-029;AP-030;AP-025;AP-006;AP-011;AP-012;AP-013;AP-008;AP-009;AP-032,T0842;T0840;T0872;T0820;T0801
Security Monitoring,HMI logs,Reconnaissance;Scanning/Enumeration;Vulnerability Assessment;Identity/Auth;Web/API/Application;Validation/Business Impact;Reporting/Retest,MFG-E011;MFG-E039;MFG-E045;MFG-E064;MFG-E071;MFG-E093;MFG-E097;MFG-E151;MFG-E235;MFG-E242;MFG-E249;MFG-E250;MFG-E252;MFG-E266;MFG-X367,NIST SP 800-115,Active + manual validation where authorized; non-destructive by default,Controlled,Written authorization; confirmed scope; test accounts/access; testing window; logging/evidence plan,Asset inventory; architecture/trust-boundary notes; configuration or request/response evidence; timestamps; approved screenshots/logs; finding references as applicable,AP-029;AP-030;AP-025;AP-006;AP-011;AP-012;AP-013,T0842;T0840;T0872;T0820;T0801
Security Monitoring,authentication logs,Reconnaissance;Scanning/Enumeration;Vulnerability Assessment;Identity/Auth;Web/API/Application;Validation/Business Impact;Reporting/Retest,MFG-E011;MFG-E045;MFG-E071;MFG-E235;MFG-E242;MFG-E250;MFG-E252;MFG-E266,NIST SP 800-115,Active + manual validation where authorized; non-destructive by default,Controlled,Written authorization; confirmed scope; test accounts/access; testing window; logging/evidence plan,Asset inventory; architecture/trust-boundary notes; configuration or request/response evidence; timestamps; approved screenshots/logs; finding references as applicable,AP-029;AP-030;AP-025;AP-006;AP-011,T0842;T0840;T0872;T0820;T0801
Wireless / Mobile,corporate Wi-Fi,Reconnaissance;Scanning/Enumeration;Vulnerability Assessment;Identity/Auth;Web/API/Application;Validation/Business Impact;Reporting/Retest,MFG-E011;MFG-E045;MFG-E069;MFG-E071;MFG-E215;MFG-E216;MFG-E252;MFG-E266,NIST SP 800-115,Active + manual validation where authorized; non-destructive by default,Controlled,Written authorization; confirmed scope; test accounts/access; testing window; logging/evidence plan,Asset inventory; architecture/trust-boundary notes; configuration or request/response evidence; timestamps; approved screenshots/logs; finding references as applicable,AP-016;AP-017;AP-033;AP-039;AP-040,T0860;T0887;T0846;T0847;T0859
Wireless / Mobile,industrial Wi-Fi,Reconnaissance;Scanning/Enumeration;Vulnerability Assessment;Identity/Auth;Web/API/Application;Validation/Business Impact;Reporting/Retest,MFG-E011;MFG-E045;MFG-E069;MFG-E071;MFG-E215;MFG-E216;MFG-E252;MFG-E266,NIST SP 800-115,Active + manual validation where authorized; non-destructive by default,Controlled,Written authorization; confirmed scope; test accounts/access; testing window; logging/evidence plan,Asset inventory; architecture/trust-boundary notes; configuration or request/response evidence; timestamps; approved screenshots/logs; finding references as applicable,AP-016;AP-017;AP-033;AP-039;AP-040,T0860;T0887;T0846;T0847;T0859
Wireless / Mobile,wireless sensors,Reconnaissance;Scanning/Enumeration;Vulnerability Assessment;Identity/Auth;Web/API/Application;Validation/Business Impact;Reporting/Retest,MFG-E011;MFG-E045;MFG-E068;MFG-E069;MFG-E071;MFG-E096;MFG-E215;MFG-E216;MFG-E252;MFG-E266,NIST SP 800-115,Active + manual validation where authorized; non-destructive by default,Controlled,Written authorization; confirmed scope; test accounts/access; testing window; logging/evidence plan,Asset inventory; architecture/trust-boundary notes; configuration or request/response evidence; timestamps; approved screenshots/logs; finding references as applicable,AP-016;AP-017;AP-033;AP-039;AP-040,T0860;T0887;T0846;T0847;T0859
Wireless / Mobile,Bluetooth,Reconnaissance;Scanning/Enumeration;Vulnerability Assessment;Identity/Auth;Web/API/Application;Validation/Business Impact;Reporting/Retest,MFG-E011;MFG-E045;MFG-E069;MFG-E071;MFG-E215;MFG-E216;MFG-E252;MFG-E266,NIST SP 800-115,Active + manual validation where authorized; non-destructive by default,Controlled,Written authorization; confirmed scope; test accounts/access; testing window; logging/evidence plan,Asset inventory; architecture/trust-boundary notes; configuration or request/response evidence; timestamps; approved screenshots/logs; finding references as applicable,AP-016;AP-017;AP-033;AP-039;AP-040,T0860;T0887;T0846;T0847;T0859
Wireless / Mobile,BLE,Reconnaissance;Scanning/Enumeration;Vulnerability Assessment;Identity/Auth;Web/API/Application;Validation/Business Impact;Reporting/Retest,MFG-E011;MFG-E045;MFG-E069;MFG-E071;MFG-E170;MFG-E215;MFG-E216;MFG-E252;MFG-E266;MFG-X343;MFG-X356,NIST SP 800-115,Active + manual validation where authorized; non-destructive by default,Controlled,Written authorization; confirmed scope; test accounts/access; testing window; logging/evidence plan,Asset inventory; architecture/trust-boundary notes; configuration or request/response evidence; timestamps; approved screenshots/logs; finding references as applicable,AP-016;AP-017;AP-033;AP-039;AP-040,T0860;T0887;T0846;T0847;T0859
Wireless / Mobile,RFID,Reconnaissance;Scanning/Enumeration;Vulnerability Assessment;Identity/Auth;Web/API/Application;Validation/Business Impact;Reporting/Retest,MFG-E011;MFG-E045;MFG-E069;MFG-E071;MFG-E215;MFG-E216;MFG-E252;MFG-E266;MFG-X461,NIST SP 800-115,Active + manual validation where authorized; non-destructive by default,Controlled,Written authorization; confirmed scope; test accounts/access; testing window; logging/evidence plan,Asset inventory; architecture/trust-boundary notes; configuration or request/response evidence; timestamps; approved screenshots/logs; finding references as applicable,AP-016;AP-017;AP-033;AP-039;AP-040,T0860;T0887;T0846;T0847;T0859
Wireless / Mobile,NFC,Reconnaissance;Scanning/Enumeration;Vulnerability Assessment;Identity/Auth;Web/API/Application;Validation/Business Impact;Reporting/Retest,MFG-E011;MFG-E045;MFG-E069;MFG-E071;MFG-E215;MFG-E216;MFG-E252;MFG-E266,NIST SP 800-115,Active + manual validation where authorized; non-destructive by default,Controlled,Written authorization; confirmed scope; test accounts/access; testing window; logging/evidence plan,Asset inventory; architecture/trust-boundary notes; configuration or request/response evidence; timestamps; approved screenshots/logs; finding references as applicable,AP-016;AP-017;AP-033;AP-039;AP-040,T0860;T0887;T0846;T0847;T0859
Wireless / Mobile,wireless controllers,Reconnaissance;Scanning/Enumeration;Vulnerability Assessment;Identity/Auth;Web/API/Application;Validation/Business Impact;Reporting/Retest,MFG-E011;MFG-E045;MFG-E068;MFG-E069;MFG-E071;MFG-E096;MFG-E215;MFG-E216;MFG-E252;MFG-E266,NIST SP 800-115,Active + manual validation where authorized; non-destructive by default,Controlled,Written authorization; confirmed scope; test accounts/access; testing window; logging/evidence plan,Asset inventory; architecture/trust-boundary notes; configuration or request/response evidence; timestamps; approved screenshots/logs; finding references as applicable,AP-016;AP-017;AP-033;AP-039;AP-040,T0860;T0887;T0846;T0847;T0859
Wireless / Mobile,tablets,Reconnaissance;Scanning/Enumeration;Vulnerability Assessment;Identity/Auth;Web/API/Application;Validation/Business Impact;Reporting/Retest,MFG-E011;MFG-E045;MFG-E069;MFG-E071;MFG-E215;MFG-E216;MFG-E252;MFG-E266,NIST SP 800-115,Active + manual validation where authorized; non-destructive by default,Controlled,Written authorization; confirmed scope; test accounts/access; testing window; logging/evidence plan,Asset inventory; architecture/trust-boundary notes; configuration or request/response evidence; timestamps; approved screenshots/logs; finding references as applicable,AP-016;AP-017;AP-033;AP-039;AP-040,T0860;T0887;T0846;T0847;T0859
Wireless / Mobile,rugged tablets,Reconnaissance;Scanning/Enumeration;Vulnerability Assessment;Identity/Auth;Web/API/Application;Validation/Business Impact;Reporting/Retest,MFG-E011;MFG-E045;MFG-E069;MFG-E071;MFG-E215;MFG-E216;MFG-E252;MFG-E266,NIST SP 800-115,Active + manual validation where authorized; non-destructive by default,Controlled,Written authorization; confirmed scope; test accounts/access; testing window; logging/evidence plan,Asset inventory; architecture/trust-boundary notes; configuration or request/response evidence; timestamps; approved screenshots/logs; finding references as applicable,AP-016;AP-017;AP-033;AP-039;AP-040,T0860;T0887;T0846;T0847;T0859
Wireless / Mobile,barcode scanners,Reconnaissance;Scanning/Enumeration;Vulnerability Assessment;Identity/Auth;Web/API/Application;Validation/Business Impact;Reporting/Retest,MFG-E011;MFG-E045;MFG-E069;MFG-E071;MFG-E215;MFG-E216;MFG-E252;MFG-E266,NIST SP 800-115,Active + manual validation where authorized; non-destructive by default,Controlled,Written authorization; confirmed scope; test accounts/access; testing window; logging/evidence plan,Asset inventory; architecture/trust-boundary notes; configuration or request/response evidence; timestamps; approved screenshots/logs; finding references as applicable,AP-016;AP-017;AP-033;AP-039;AP-040,T0860;T0887;T0846;T0847;T0859
Wireless / Mobile,RFID readers,Reconnaissance;Scanning/Enumeration;Vulnerability Assessment;Identity/Auth;Web/API/Application;Validation/Business Impact;Reporting/Retest,MFG-E011;MFG-E045;MFG-E069;MFG-E071;MFG-E097;MFG-E215;MFG-E216;MFG-E252;MFG-E266;MFG-X461,NIST SP 800-115,Active + manual validation where authorized; non-destructive by default,Controlled,Written authorization; confirmed scope; test accounts/access; testing window; logging/evidence plan,Asset inventory; architecture/trust-boundary notes; configuration or request/response evidence; timestamps; approved screenshots/logs; finding references as applicable,AP-016;AP-017;AP-033;AP-039;AP-040,T0860;T0887;T0846;T0847;T0859
Wireless / Mobile,mobile printers,Reconnaissance;Scanning/Enumeration;Vulnerability Assessment;Identity/Auth;Web/API/Application;Validation/Business Impact;Reporting/Retest,MFG-E011;MFG-E045;MFG-E069;MFG-E071;MFG-E215;MFG-E216;MFG-E252;MFG-E266,NIST SP 800-115; OWASP WSTG; OWASP Top 10; OWASP API Security Top 10,Active + manual validation where authorized; non-destructive by default,Controlled,Written authorization; confirmed scope; test accounts/access; testing window; logging/evidence plan,Asset inventory; architecture/trust-boundary notes; configuration or request/response evidence; timestamps; approved screenshots/logs; finding references as applicable,AP-016;AP-017;AP-033;AP-039;AP-040,T0860;T0887;T0846;T0847;T0859
Wireless / Mobile,forklift terminals,Reconnaissance;Scanning/Enumeration;Vulnerability Assessment;Identity/Auth;Web/API/Application;Validation/Business Impact;Reporting/Retest,MFG-E011;MFG-E045;MFG-E069;MFG-E071;MFG-E215;MFG-E216;MFG-E252;MFG-E266,NIST SP 800-115,Active + manual validation where authorized; non-destructive by default,Controlled,Written authorization; confirmed scope; test accounts/access; testing window; logging/evidence plan,Asset inventory; architecture/trust-boundary notes; configuration or request/response evidence; timestamps; approved screenshots/logs; finding references as applicable,AP-016;AP-017;AP-033;AP-039;AP-040,T0860;T0887;T0846;T0847;T0859
Wireless / Mobile,mobile manufacturing applications,Reconnaissance;Scanning/Enumeration;Vulnerability Assessment;Identity/Auth;Web/API/Application;Validation/Business Impact;Reporting/Retest,MFG-E011;MFG-E045;MFG-E069;MFG-E071;MFG-E215;MFG-E216;MFG-E252;MFG-E266,NIST SP 800-115; OWASP WSTG; OWASP Top 10; OWASP API Security Top 10,Active + manual validation where authorized; non-destructive by default,Controlled,Written authorization; confirmed scope; test accounts/access; testing window; logging/evidence plan,Asset inventory; architecture/trust-boundary notes; configuration or request/response evidence; timestamps; approved screenshots/logs; finding references as applicable,AP-016;AP-017;AP-033;AP-039;AP-040,T0860;T0887;T0846;T0847;T0859
Physical / Facility / Safety,CCTV,Reconnaissance;Scanning/Enumeration;Vulnerability Assessment;Identity/Auth;Web/API/Application;OT/ICS;Validation/Business Impact;Reporting/Retest,MFG-E011;MFG-E045;MFG-E071;MFG-E144;MFG-E252;MFG-E266;MFG-X309;MFG-X310;MFG-X311,NIST SP 800-115,Passive/read-only by default; controlled validation only with explicit authorization and safety gate,Restricted,Written authorization; asset owner; production status; OT safety approval; maintenance window; emergency contact; stop conditions,Asset inventory; architecture/trust-boundary notes; configuration or request/response evidence; timestamps; approved screenshots/logs; finding references as applicable,AP-015;AP-026;AP-027;AP-028;AP-040,T0847;T0864;T0860;T0837;T0880;T0826
Physical / Facility / Safety,NVR,Reconnaissance;Scanning/Enumeration;Vulnerability Assessment;Identity/Auth;Web/API/Application;OT/ICS;Validation/Business Impact;Reporting/Retest,MFG-E011;MFG-E045;MFG-E071;MFG-E144;MFG-E252;MFG-E266;MFG-X309;MFG-X310;MFG-X311,NIST SP 800-115,Passive/read-only by default; controlled validation only with explicit authorization and safety gate,Restricted,Written authorization; asset owner; production status; OT safety approval; maintenance window; emergency contact; stop conditions,Asset inventory; architecture/trust-boundary notes; configuration or request/response evidence; timestamps; approved screenshots/logs; finding references as applicable,AP-015;AP-026;AP-027;AP-028;AP-040,T0847;T0864;T0860;T0837;T0880;T0826
Physical / Facility / Safety,DVR,Reconnaissance;Scanning/Enumeration;Vulnerability Assessment;Identity/Auth;Web/API/Application;OT/ICS;Validation/Business Impact;Reporting/Retest,MFG-E011;MFG-E045;MFG-E071;MFG-E144;MFG-E252;MFG-E266;MFG-X309;MFG-X310;MFG-X311,NIST SP 800-115,Passive/read-only by default; controlled validation only with explicit authorization and safety gate,Restricted,Written authorization; asset owner; production status; OT safety approval; maintenance window; emergency contact; stop conditions,Asset inventory; architecture/trust-boundary notes; configuration or request/response evidence; timestamps; approved screenshots/logs; finding references as applicable,AP-015;AP-026;AP-027;AP-028;AP-040,T0847;T0864;T0860;T0837;T0880;T0826
Physical / Facility / Safety,access control,Reconnaissance;Scanning/Enumeration;Vulnerability Assessment;Identity/Auth;Web/API/Application;OT/ICS;Validation/Business Impact;Reporting/Retest,MFG-E011;MFG-E045;MFG-E071;MFG-E120;MFG-E144;MFG-E252;MFG-E266;MFG-X309;MFG-X310;MFG-X311;MFG-X352;MFG-X485,NIST SP 800-115,Passive/read-only by default; controlled validation only with explicit authorization and safety gate,Restricted,Written authorization; asset owner; production status; OT safety approval; maintenance window; emergency contact; stop conditions,Asset inventory; architecture/trust-boundary notes; configuration or request/response evidence; timestamps; approved screenshots/logs; finding references as applicable,AP-015;AP-026;AP-027;AP-028;AP-040,T0847;T0864;T0860;T0837;T0880;T0826
Physical / Facility / Safety,badge readers,Reconnaissance;Scanning/Enumeration;Vulnerability Assessment;Identity/Auth;Web/API/Application;OT/ICS;Validation/Business Impact;Reporting/Retest,MFG-E011;MFG-E045;MFG-E071;MFG-E097;MFG-E144;MFG-E252;MFG-E266;MFG-X309;MFG-X310;MFG-X311;MFG-X352,NIST SP 800-115,Passive/read-only by default; controlled validation only with explicit authorization and safety gate,Restricted,Written authorization; asset owner; production status; OT safety approval; maintenance window; emergency contact; stop conditions,Asset inventory; architecture/trust-boundary notes; configuration or request/response evidence; timestamps; approved screenshots/logs; finding references as applicable,AP-015;AP-026;AP-027;AP-028;AP-040,T0847;T0864;T0860;T0837;T0880;T0826
Physical / Facility / Safety,biometrics,Reconnaissance;Scanning/Enumeration;Vulnerability Assessment;Identity/Auth;Web/API/Application;OT/ICS;Validation/Business Impact;Reporting/Retest,MFG-E011;MFG-E045;MFG-E071;MFG-E144;MFG-E252;MFG-E266;MFG-X309;MFG-X310;MFG-X311,NIST SP 800-115,Passive/read-only by default; controlled validation only with explicit authorization and safety gate,Restricted,Written authorization; asset owner; production status; OT safety approval; maintenance window; emergency contact; stop conditions,Asset inventory; architecture/trust-boundary notes; configuration or request/response evidence; timestamps; approved screenshots/logs; finding references as applicable,AP-015;AP-026;AP-027;AP-028;AP-040,T0847;T0864;T0860;T0837;T0880;T0826
Physical / Facility / Safety,turnstiles,Reconnaissance;Scanning/Enumeration;Vulnerability Assessment;Identity/Auth;Web/API/Application;OT/ICS;Validation/Business Impact;Reporting/Retest,MFG-E011;MFG-E045;MFG-E071;MFG-E144;MFG-E252;MFG-E266;MFG-X309;MFG-X310;MFG-X311,NIST SP 800-115,Passive/read-only by default; controlled validation only with explicit authorization and safety gate,Restricted,Written authorization; asset owner; production status; OT safety approval; maintenance window; emergency contact; stop conditions,Asset inventory; architecture/trust-boundary notes; configuration or request/response evidence; timestamps; approved screenshots/logs; finding references as applicable,AP-015;AP-026;AP-027;AP-028;AP-040,T0847;T0864;T0860;T0837;T0880;T0826
Physical / Facility / Safety,visitor management,Reconnaissance;Scanning/Enumeration;Vulnerability Assessment;Identity/Auth;Web/API/Application;OT/ICS;Validation/Business Impact;Reporting/Retest,MFG-E011;MFG-E045;MFG-E071;MFG-E144;MFG-E252;MFG-E266;MFG-X309;MFG-X310;MFG-X311;MFG-X354,NIST SP 800-115,Passive/read-only by default; controlled validation only with explicit authorization and safety gate,Restricted,Written authorization; asset owner; production status; OT safety approval; maintenance window; emergency contact; stop conditions,Asset inventory; architecture/trust-boundary notes; configuration or request/response evidence; timestamps; approved screenshots/logs; finding references as applicable,AP-015;AP-026;AP-027;AP-028;AP-040,T0847;T0864;T0860;T0837;T0880;T0826
Physical / Facility / Safety,BMS,Reconnaissance;Scanning/Enumeration;Vulnerability Assessment;Identity/Auth;Web/API/Application;OT/ICS;Validation/Business Impact;Reporting/Retest,MFG-E011;MFG-E045;MFG-E071;MFG-E144;MFG-E252;MFG-E266;MFG-X309;MFG-X310;MFG-X311,NIST SP 800-115,Passive/read-only by default; controlled validation only with explicit authorization and safety gate,Restricted,Written authorization; asset owner; production status; OT safety approval; maintenance window; emergency contact; stop conditions,Asset inventory; architecture/trust-boundary notes; configuration or request/response evidence; timestamps; approved screenshots/logs; finding references as applicable,AP-015;AP-026;AP-027;AP-028;AP-040,T0847;T0864;T0860;T0837;T0880;T0826
Physical / Facility / Safety,HVAC,Reconnaissance;Scanning/Enumeration;Vulnerability Assessment;Identity/Auth;Web/API/Application;OT/ICS;Validation/Business Impact;Reporting/Retest,MFG-E011;MFG-E045;MFG-E071;MFG-E144;MFG-E252;MFG-E266;MFG-X309;MFG-X310;MFG-X311,NIST SP 800-115,Passive/read-only by default; controlled validation only with explicit authorization and safety gate,Restricted,Written authorization; asset owner; production status; OT safety approval; maintenance window; emergency contact; stop conditions,Asset inventory; architecture/trust-boundary notes; configuration or request/response evidence; timestamps; approved screenshots/logs; finding references as applicable,AP-015;AP-026;AP-027;AP-028;AP-040,T0847;T0864;T0860;T0837;T0880;T0826
Physical / Facility / Safety,lighting control,Reconnaissance;Scanning/Enumeration;Vulnerability Assessment;Identity/Auth;Web/API/Application;OT/ICS;Validation/Business Impact;Reporting/Retest,MFG-E011;MFG-E045;MFG-E071;MFG-E144;MFG-E252;MFG-E266;MFG-X309;MFG-X310;MFG-X311,NIST SP 800-115,Passive/read-only by default; controlled validation only with explicit authorization and safety gate,Restricted,Written authorization; asset owner; production status; OT safety approval; maintenance window; emergency contact; stop conditions,Asset inventory; architecture/trust-boundary notes; configuration or request/response evidence; timestamps; approved screenshots/logs; finding references as applicable,AP-015;AP-026;AP-027;AP-028;AP-040,T0847;T0864;T0860;T0837;T0880;T0826
Physical / Facility / Safety,fire alarm systems,Reconnaissance;Scanning/Enumeration;Vulnerability Assessment;Identity/Auth;Web/API/Application;OT/ICS;Validation/Business Impact;Reporting/Retest,MFG-E011;MFG-E045;MFG-E071;MFG-E144;MFG-E252;MFG-E266;MFG-X309;MFG-X310;MFG-X311,NIST SP 800-115,Passive/read-only by default; controlled validation only with explicit authorization and safety gate,Restricted,Written authorization; asset owner; production status; OT safety approval; maintenance window; emergency contact; stop conditions,Asset inventory; architecture/trust-boundary notes; configuration or request/response evidence; timestamps; approved screenshots/logs; finding references as applicable,AP-015;AP-026;AP-027;AP-028;AP-040,T0847;T0864;T0860;T0837;T0880;T0826
Physical / Facility / Safety,power monitoring,Reconnaissance;Scanning/Enumeration;Vulnerability Assessment;Identity/Auth;Web/API/Application;OT/ICS;Validation/Business Impact;Reporting/Retest,MFG-E011;MFG-E045;MFG-E071;MFG-E144;MFG-E252;MFG-E266;MFG-X309;MFG-X310;MFG-X311,NIST SP 800-115,Passive/read-only by default; controlled validation only with explicit authorization and safety gate,Restricted,Written authorization; asset owner; production status; OT safety approval; maintenance window; emergency contact; stop conditions,Asset inventory; architecture/trust-boundary notes; configuration or request/response evidence; timestamps; approved screenshots/logs; finding references as applicable,AP-015;AP-026;AP-027;AP-028;AP-040,T0847;T0864;T0860;T0837;T0880;T0826
Physical / Facility / Safety,UPS,Reconnaissance;Scanning/Enumeration;Vulnerability Assessment;Identity/Auth;Web/API/Application;OT/ICS;Validation/Business Impact;Reporting/Retest,MFG-E011;MFG-E045;MFG-E071;MFG-E144;MFG-E252;MFG-E266;MFG-X309;MFG-X310;MFG-X311;MFG-X363,NIST SP 800-115,Passive/read-only by default; controlled validation only with explicit authorization and safety gate,Restricted,Written authorization; asset owner; production status; OT safety approval; maintenance window; emergency contact; stop conditions,Asset inventory; architecture/trust-boundary notes; configuration or request/response evidence; timestamps; approved screenshots/logs; finding references as applicable,AP-015;AP-026;AP-027;AP-028;AP-040,T0847;T0864;T0860;T0837;T0880;T0826
Physical / Facility / Safety,generators,Reconnaissance;Scanning/Enumeration;Vulnerability Assessment;Identity/Auth;Web/API/Application;OT/ICS;Validation/Business Impact;Reporting/Retest,MFG-E011;MFG-E045;MFG-E071;MFG-E144;MFG-E252;MFG-E266;MFG-X309;MFG-X310;MFG-X311,NIST SP 800-115,Passive/read-only by default; controlled validation only with explicit authorization and safety gate,Restricted,Written authorization; asset owner; production status; OT safety approval; maintenance window; emergency contact; stop conditions,Asset inventory; architecture/trust-boundary notes; configuration or request/response evidence; timestamps; approved screenshots/logs; finding references as applicable,AP-015;AP-026;AP-027;AP-028;AP-040,T0847;T0864;T0860;T0837;T0880;T0826
Physical / Facility / Safety,environmental monitoring,Reconnaissance;Scanning/Enumeration;Vulnerability Assessment;Identity/Auth;Web/API/Application;OT/ICS;Validation/Business Impact;Reporting/Retest,MFG-E011;MFG-E045;MFG-E071;MFG-E144;MFG-E252;MFG-E266;MFG-X309;MFG-X310;MFG-X311;MFG-X474,NIST SP 800-115,Passive/read-only by default; controlled validation only with explicit authorization and safety gate,Restricted,Written authorization; asset owner; production status; OT safety approval; maintenance window; emergency contact; stop conditions,Asset inventory; architecture/trust-boundary notes; configuration or request/response evidence; timestamps; approved screenshots/logs; finding references as applicable,AP-015;AP-026;AP-027;AP-028;AP-040,T0847;T0864;T0860;T0837;T0880;T0826
Physical / Facility / Safety,safety PLC,Reconnaissance;Scanning/Enumeration;Vulnerability Assessment;Identity/Auth;Web/API/Application;OT/ICS;Validation/Business Impact;Reporting/Retest,MFG-E011;MFG-E045;MFG-E071;MFG-E097;MFG-E144;MFG-E167;MFG-E252;MFG-E256;MFG-E257;MFG-E259;MFG-E262;MFG-E266;MFG-X309;MFG-X310;MFG-X311;MFG-X312;MFG-X365;MFG-X395;MFG-X479,NIST SP 800-115,Passive/read-only by default; controlled validation only with explicit authorization and safety gate,Restricted,Written authorization; asset owner; production status; OT safety approval; maintenance window; emergency contact; stop conditions,Asset inventory; architecture/trust-boundary notes; configuration or request/response evidence; timestamps; approved screenshots/logs; finding references as applicable,AP-015;AP-026;AP-027;AP-028;AP-040;AP-011;AP-012;AP-013,T0847;T0864;T0860;T0837;T0880;T0826
Physical / Facility / Safety,safety controllers,Reconnaissance;Scanning/Enumeration;Vulnerability Assessment;Identity/Auth;Web/API/Application;OT/ICS;Validation/Business Impact;Reporting/Retest,MFG-E006;MFG-E011;MFG-E045;MFG-E071;MFG-E144;MFG-E167;MFG-E252;MFG-E259;MFG-E266;MFG-X309;MFG-X310;MFG-X311;MFG-X312;MFG-X395;MFG-X479,NIST SP 800-115,Passive/read-only by default; controlled validation only with explicit authorization and safety gate,Restricted,Written authorization; asset owner; production status; OT safety approval; maintenance window; emergency contact; stop conditions,Asset inventory; architecture/trust-boundary notes; configuration or request/response evidence; timestamps; approved screenshots/logs; finding references as applicable,AP-015;AP-026;AP-027;AP-028;AP-040;AP-011;AP-012;AP-013,T0847;T0864;T0860;T0837;T0880;T0826
Physical / Facility / Safety,emergency stops,Reconnaissance;Scanning/Enumeration;Vulnerability Assessment;Identity/Auth;Web/API/Application;OT/ICS;Validation/Business Impact;Reporting/Retest,MFG-E011;MFG-E045;MFG-E071;MFG-E144;MFG-E252;MFG-E266;MFG-X309;MFG-X310;MFG-X311;MFG-X480,NIST SP 800-115,Passive/read-only by default; controlled validation only with explicit authorization and safety gate,Restricted,Written authorization; asset owner; production status; OT safety approval; maintenance window; emergency contact; stop conditions,Asset inventory; architecture/trust-boundary notes; configuration or request/response evidence; timestamps; approved screenshots/logs; finding references as applicable,AP-015;AP-026;AP-027;AP-028;AP-040,T0847;T0864;T0860;T0837;T0880;T0826
Physical / Facility / Safety,safety interlocks,Reconnaissance;Scanning/Enumeration;Vulnerability Assessment;Identity/Auth;Web/API/Application;OT/ICS;Validation/Business Impact;Reporting/Retest,MFG-E006;MFG-E011;MFG-E045;MFG-E071;MFG-E144;MFG-E167;MFG-E252;MFG-E259;MFG-E266;MFG-X309;MFG-X310;MFG-X311;MFG-X312;MFG-X395;MFG-X479,NIST SP 800-115,Passive/read-only by default; controlled validation only with explicit authorization and safety gate,Restricted,Written authorization; asset owner; production status; OT safety approval; maintenance window; emergency contact; stop conditions,Asset inventory; architecture/trust-boundary notes; configuration or request/response evidence; timestamps; approved screenshots/logs; finding references as applicable,AP-015;AP-026;AP-027;AP-028;AP-040,T0847;T0864;T0860;T0837;T0880;T0826
Physical / Facility / Safety,fire/gas systems,Reconnaissance;Scanning/Enumeration;Vulnerability Assessment;Identity/Auth;Web/API/Application;OT/ICS;Validation/Business Impact;Reporting/Retest,MFG-E011;MFG-E045;MFG-E071;MFG-E144;MFG-E252;MFG-E266;MFG-X309;MFG-X310;MFG-X311,NIST SP 800-115,Passive/read-only by default; controlled validation only with explicit authorization and safety gate,Restricted,Written authorization; asset owner; production status; OT safety approval; maintenance window; emergency contact; stop conditions,Asset inventory; architecture/trust-boundary notes; configuration or request/response evidence; timestamps; approved screenshots/logs; finding references as applicable,AP-015;AP-026;AP-027;AP-028;AP-040,T0847;T0864;T0860;T0837;T0880;T0826
Software Supply Chain / DevSecOps,Git,Reconnaissance;Scanning/Enumeration;Vulnerability Assessment;Identity/Auth;Web/API/Application;Validation/Business Impact;Reporting/Retest,MFG-E011;MFG-E045;MFG-E071;MFG-E117;MFG-E194;MFG-E211;MFG-E212;MFG-E213;MFG-E252;MFG-E266;MFG-X449,NIST SP 800-115; CIS Controls,Active + manual validation where authorized; non-destructive by default,Controlled,Written authorization; confirmed scope; test accounts/access; testing window; logging/evidence plan,Asset inventory; architecture/trust-boundary notes; configuration or request/response evidence; timestamps; approved screenshots/logs; finding references as applicable,AP-022;AP-023;AP-034;AP-036,T0862;T0873;T1693;T0849;T0894
Software Supply Chain / DevSecOps,GitHub,Reconnaissance;Scanning/Enumeration;Vulnerability Assessment;Identity/Auth;Web/API/Application;Validation/Business Impact;Reporting/Retest,MFG-E011;MFG-E045;MFG-E071;MFG-E117;MFG-E211;MFG-E212;MFG-E213;MFG-E252;MFG-E266,NIST SP 800-115; CIS Controls,Active + manual validation where authorized; non-destructive by default,Controlled,Written authorization; confirmed scope; test accounts/access; testing window; logging/evidence plan,Asset inventory; architecture/trust-boundary notes; configuration or request/response evidence; timestamps; approved screenshots/logs; finding references as applicable,AP-022;AP-023;AP-034;AP-036,T0862;T0873;T1693;T0849;T0894
Software Supply Chain / DevSecOps,GitLab,Reconnaissance;Scanning/Enumeration;Vulnerability Assessment;Identity/Auth;Web/API/Application;Validation/Business Impact;Reporting/Retest,MFG-E011;MFG-E045;MFG-E071;MFG-E117;MFG-E211;MFG-E212;MFG-E213;MFG-E252;MFG-E266,NIST SP 800-115; CIS Controls,Active + manual validation where authorized; non-destructive by default,Controlled,Written authorization; confirmed scope; test accounts/access; testing window; logging/evidence plan,Asset inventory; architecture/trust-boundary notes; configuration or request/response evidence; timestamps; approved screenshots/logs; finding references as applicable,AP-022;AP-023;AP-034;AP-036,T0862;T0873;T1693;T0849;T0894
Software Supply Chain / DevSecOps,Bitbucket,Reconnaissance;Scanning/Enumeration;Vulnerability Assessment;Identity/Auth;Web/API/Application;Validation/Business Impact;Reporting/Retest,MFG-E011;MFG-E045;MFG-E071;MFG-E211;MFG-E212;MFG-E213;MFG-E252;MFG-E266,NIST SP 800-115; CIS Controls,Active + manual validation where authorized; non-destructive by default,Controlled,Written authorization; confirmed scope; test accounts/access; testing window; logging/evidence plan,Asset inventory; architecture/trust-boundary notes; configuration or request/response evidence; timestamps; approved screenshots/logs; finding references as applicable,AP-022;AP-023;AP-034;AP-036,T0862;T0873;T1693;T0849;T0894
Software Supply Chain / DevSecOps,Jenkins,Reconnaissance;Scanning/Enumeration;Vulnerability Assessment;Identity/Auth;Web/API/Application;Validation/Business Impact;Reporting/Retest,MFG-E011;MFG-E045;MFG-E071;MFG-E117;MFG-E211;MFG-E212;MFG-E213;MFG-E252;MFG-E266,NIST SP 800-115; CIS Controls,Active + manual validation where authorized; non-destructive by default,Controlled,Written authorization; confirmed scope; test accounts/access; testing window; logging/evidence plan,Asset inventory; architecture/trust-boundary notes; configuration or request/response evidence; timestamps; approved screenshots/logs; finding references as applicable,AP-022;AP-023;AP-034;AP-036,T0862;T0873;T1693;T0849;T0894
Software Supply Chain / DevSecOps,CI/CD,Reconnaissance;Scanning/Enumeration;Vulnerability Assessment;Identity/Auth;Web/API/Application;Validation/Business Impact;Reporting/Retest,MFG-E011;MFG-E045;MFG-E071;MFG-E088;MFG-E211;MFG-E212;MFG-E213;MFG-E252;MFG-E266;MFG-X420,NIST SP 800-115; CIS Controls,Active + manual validation where authorized; non-destructive by default,Controlled,Written authorization; confirmed scope; test accounts/access; testing window; logging/evidence plan,Asset inventory; architecture/trust-boundary notes; configuration or request/response evidence; timestamps; approved screenshots/logs; finding references as applicable,AP-022;AP-023;AP-034;AP-036,T0862;T0873;T1693;T0849;T0894
Software Supply Chain / DevSecOps,build servers,Reconnaissance;Scanning/Enumeration;Vulnerability Assessment;Identity/Auth;Web/API/Application;Validation/Business Impact;Reporting/Retest,MFG-E011;MFG-E045;MFG-E071;MFG-E097;MFG-E211;MFG-E212;MFG-E213;MFG-E252;MFG-E266,NIST SP 800-115; CIS Controls,Active + manual validation where authorized; non-destructive by default,Controlled,Written authorization; confirmed scope; test accounts/access; testing window; logging/evidence plan,Asset inventory; architecture/trust-boundary notes; configuration or request/response evidence; timestamps; approved screenshots/logs; finding references as applicable,AP-022;AP-023;AP-034;AP-036,T0862;T0873;T1693;T0849;T0894
Software Supply Chain / DevSecOps,artifact repositories,Reconnaissance;Scanning/Enumeration;Vulnerability Assessment;Identity/Auth;Web/API/Application;Validation/Business Impact;Reporting/Retest,MFG-E011;MFG-E045;MFG-E071;MFG-E117;MFG-E211;MFG-E212;MFG-E213;MFG-E252;MFG-E266,NIST SP 800-115; CIS Controls,Active + manual validation where authorized; non-destructive by default,Controlled,Written authorization; confirmed scope; test accounts/access; testing window; logging/evidence plan,Asset inventory; architecture/trust-boundary notes; configuration or request/response evidence; timestamps; approved screenshots/logs; finding references as applicable,AP-022;AP-023;AP-034;AP-036,T0862;T0873;T1693;T0849;T0894
Software Supply Chain / DevSecOps,container registries,Reconnaissance;Scanning/Enumeration;Vulnerability Assessment;Identity/Auth;Web/API/Application;Validation/Business Impact;Reporting/Retest,MFG-E011;MFG-E045;MFG-E071;MFG-E087;MFG-E186;MFG-E211;MFG-E212;MFG-E213;MFG-E252;MFG-E266;MFG-X419;MFG-X441,NIST SP 800-115; CIS Controls,Active + manual validation where authorized; non-destructive by default,Controlled,Written authorization; confirmed scope; test accounts/access; testing window; logging/evidence plan,Asset inventory; architecture/trust-boundary notes; configuration or request/response evidence; timestamps; approved screenshots/logs; finding references as applicable,AP-022;AP-023;AP-034;AP-036;AP-018;AP-019;AP-031,T0862;T0873;T1693;T0849;T0894
Software Supply Chain / DevSecOps,package repositories,Reconnaissance;Scanning/Enumeration;Vulnerability Assessment;Identity/Auth;Web/API/Application;Validation/Business Impact;Reporting/Retest,MFG-E011;MFG-E045;MFG-E071;MFG-E211;MFG-E212;MFG-E213;MFG-E214;MFG-E252;MFG-E266,NIST SP 800-115; CIS Controls,Active + manual validation where authorized; non-destructive by default,Controlled,Written authorization; confirmed scope; test accounts/access; testing window; logging/evidence plan,Asset inventory; architecture/trust-boundary notes; configuration or request/response evidence; timestamps; approved screenshots/logs; finding references as applicable,AP-022;AP-023;AP-034;AP-036;AP-011;AP-012;AP-013,T0862;T0873;T1693;T0849;T0894
Software Supply Chain / DevSecOps,dependency management,Reconnaissance;Scanning/Enumeration;Vulnerability Assessment;Identity/Auth;Web/API/Application;Validation/Business Impact;Reporting/Retest,MFG-E011;MFG-E045;MFG-E071;MFG-E211;MFG-E212;MFG-E213;MFG-E252;MFG-E266,NIST SP 800-115; CIS Controls,Active + manual validation where authorized; non-destructive by default,Controlled,Written authorization; confirmed scope; test accounts/access; testing window; logging/evidence plan,Asset inventory; architecture/trust-boundary notes; configuration or request/response evidence; timestamps; approved screenshots/logs; finding references as applicable,AP-022;AP-023;AP-034;AP-036,T0862;T0873;T1693;T0849;T0894
Software Supply Chain / DevSecOps,code signing,Reconnaissance;Scanning/Enumeration;Vulnerability Assessment;Identity/Auth;Web/API/Application;Validation/Business Impact;Reporting/Retest,MFG-E011;MFG-E045;MFG-E071;MFG-E211;MFG-E212;MFG-E213;MFG-E252;MFG-E266;MFG-X422,NIST SP 800-115; CIS Controls,Active + manual validation where authorized; non-destructive by default,Controlled,Written authorization; confirmed scope; test accounts/access; testing window; logging/evidence plan,Asset inventory; architecture/trust-boundary notes; configuration or request/response evidence; timestamps; approved screenshots/logs; finding references as applicable,AP-022;AP-023;AP-034;AP-036,T0862;T0873;T1693;T0849;T0894
Software Supply Chain / DevSecOps,secrets management,Reconnaissance;Scanning/Enumeration;Vulnerability Assessment;Identity/Auth;Web/API/Application;Validation/Business Impact;Reporting/Retest,MFG-E011;MFG-E045;MFG-E071;MFG-E211;MFG-E212;MFG-E213;MFG-E252;MFG-E266;MFG-X425,NIST SP 800-115; CIS Controls,Active + manual validation where authorized; non-destructive by default,Controlled,Written authorization; confirmed scope; test accounts/access; testing window; logging/evidence plan,Asset inventory; architecture/trust-boundary notes; configuration or request/response evidence; timestamps; approved screenshots/logs; finding references as applicable,AP-022;AP-023;AP-034;AP-036,T0862;T0873;T1693;T0849;T0894
Software Supply Chain / DevSecOps,Infrastructure-as-Code,Reconnaissance;Scanning/Enumeration;Vulnerability Assessment;Identity/Auth;Web/API/Application;Validation/Business Impact;Reporting/Retest,MFG-E011;MFG-E045;MFG-E071;MFG-E211;MFG-E212;MFG-E213;MFG-E252;MFG-E266,NIST SP 800-115; CIS Controls,Active + manual validation where authorized; non-destructive by default,Controlled,Written authorization; confirmed scope; test accounts/access; testing window; logging/evidence plan,Asset inventory; architecture/trust-boundary notes; configuration or request/response evidence; timestamps; approved screenshots/logs; finding references as applicable,AP-022;AP-023;AP-034;AP-036,T0862;T0873;T1693;T0849;T0894
Software Supply Chain / DevSecOps,configuration repositories,Reconnaissance;Scanning/Enumeration;Vulnerability Assessment;Identity/Auth;Web/API/Application;Validation/Business Impact;Reporting/Retest,MFG-E011;MFG-E045;MFG-E071;MFG-E211;MFG-E212;MFG-E213;MFG-E252;MFG-E266,NIST SP 800-115; CIS Controls,Active + manual validation where authorized; non-destructive by default,Controlled,Written authorization; confirmed scope; test accounts/access; testing window; logging/evidence plan,Asset inventory; architecture/trust-boundary notes; configuration or request/response evidence; timestamps; approved screenshots/logs; finding references as applicable,AP-022;AP-023;AP-034;AP-036,T0862;T0873;T1693;T0849;T0894
Identity & Privilege,employees,Reconnaissance;Scanning/Enumeration;Vulnerability Assessment;Identity/Auth;Web/API/Application;Validation/Business Impact;Reporting/Retest,MFG-E011;MFG-E045;MFG-E071;MFG-E097;MFG-E104;MFG-E108;MFG-E252;MFG-E266,NIST SP 800-115; CIS Controls,Active + manual validation where authorized; non-destructive by default,Controlled,Written authorization; confirmed scope; test accounts/access; testing window; logging/evidence plan,Asset inventory; architecture/trust-boundary notes; configuration or request/response evidence; timestamps; approved screenshots/logs; finding references as applicable,AP-003;AP-005;AP-006;AP-007;AP-020;AP-021;AP-030,T1694;T0859;T0890;T0892;T0846
Identity & Privilege,operators,Reconnaissance;Scanning/Enumeration;Vulnerability Assessment;Identity/Auth;Web/API/Application;Validation/Business Impact;Reporting/Retest,MFG-E011;MFG-E045;MFG-E071;MFG-E097;MFG-E104;MFG-E108;MFG-E252;MFG-E266,NIST SP 800-115; CIS Controls,Active + manual validation where authorized; non-destructive by default,Controlled,Written authorization; confirmed scope; test accounts/access; testing window; logging/evidence plan,Asset inventory; architecture/trust-boundary notes; configuration or request/response evidence; timestamps; approved screenshots/logs; finding references as applicable,AP-003;AP-005;AP-006;AP-007;AP-020;AP-021;AP-030,T1694;T0859;T0890;T0892;T0846
Identity & Privilege,engineers,Reconnaissance;Scanning/Enumeration;Vulnerability Assessment;Identity/Auth;Web/API/Application;Validation/Business Impact;Reporting/Retest,MFG-E011;MFG-E045;MFG-E071;MFG-E097;MFG-E104;MFG-E108;MFG-E252;MFG-E266,NIST SP 800-115; CIS Controls,Active + manual validation where authorized; non-destructive by default,Controlled,Written authorization; confirmed scope; test accounts/access; testing window; logging/evidence plan,Asset inventory; architecture/trust-boundary notes; configuration or request/response evidence; timestamps; approved screenshots/logs; finding references as applicable,AP-003;AP-005;AP-006;AP-007;AP-020;AP-021;AP-030,T1694;T0859;T0890;T0892;T0846
Identity & Privilege,IT admins,Reconnaissance;Scanning/Enumeration;Vulnerability Assessment;Identity/Auth;Web/API/Application;Validation/Business Impact;Reporting/Retest,MFG-E011;MFG-E045;MFG-E071;MFG-E097;MFG-E104;MFG-E108;MFG-E252;MFG-E266,NIST SP 800-115; CIS Controls,Active + manual validation where authorized; non-destructive by default,Controlled,Written authorization; confirmed scope; test accounts/access; testing window; logging/evidence plan,Asset inventory; architecture/trust-boundary notes; configuration or request/response evidence; timestamps; approved screenshots/logs; finding references as applicable,AP-003;AP-005;AP-006;AP-007;AP-020;AP-021;AP-030,T1694;T0859;T0890;T0892;T0846
Identity & Privilege,OT admins,Reconnaissance;Scanning/Enumeration;Vulnerability Assessment;Identity/Auth;Web/API/Application;Validation/Business Impact;Reporting/Retest,MFG-E011;MFG-E045;MFG-E071;MFG-E097;MFG-E104;MFG-E108;MFG-E252;MFG-E266,NIST SP 800-115; CIS Controls,Active + manual validation where authorized; non-destructive by default,Controlled,Written authorization; confirmed scope; test accounts/access; testing window; logging/evidence plan,Asset inventory; architecture/trust-boundary notes; configuration or request/response evidence; timestamps; approved screenshots/logs; finding references as applicable,AP-003;AP-005;AP-006;AP-007;AP-020;AP-021;AP-030,T1694;T0859;T0890;T0892;T0846
Identity & Privilege,domain admins,Reconnaissance;Scanning/Enumeration;Vulnerability Assessment;Identity/Auth;Web/API/Application;Validation/Business Impact;Reporting/Retest,MFG-E011;MFG-E012;MFG-E045;MFG-E071;MFG-E097;MFG-E104;MFG-E108;MFG-E252;MFG-E266,NIST SP 800-115; CIS Controls,Active + manual validation where authorized; non-destructive by default,Controlled,Written authorization; confirmed scope; test accounts/access; testing window; logging/evidence plan,Asset inventory; architecture/trust-boundary notes; configuration or request/response evidence; timestamps; approved screenshots/logs; finding references as applicable,AP-003;AP-005;AP-006;AP-007;AP-020;AP-021;AP-030;AP-031,T1694;T0859;T0890;T0892;T0846
Identity & Privilege,application admins,Reconnaissance;Scanning/Enumeration;Vulnerability Assessment;Identity/Auth;Web/API/Application;Validation/Business Impact;Reporting/Retest,MFG-E011;MFG-E045;MFG-E071;MFG-E097;MFG-E104;MFG-E108;MFG-E252;MFG-E266,NIST SP 800-115; CIS Controls,Active + manual validation where authorized; non-destructive by default,Controlled,Written authorization; confirmed scope; test accounts/access; testing window; logging/evidence plan,Asset inventory; architecture/trust-boundary notes; configuration or request/response evidence; timestamps; approved screenshots/logs; finding references as applicable,AP-003;AP-005;AP-006;AP-007;AP-020;AP-021;AP-030,T1694;T0859;T0890;T0892;T0846
Identity & Privilege,DBAs,Reconnaissance;Scanning/Enumeration;Vulnerability Assessment;Identity/Auth;Web/API/Application;Validation/Business Impact;Reporting/Retest,MFG-E011;MFG-E045;MFG-E071;MFG-E097;MFG-E104;MFG-E108;MFG-E252;MFG-E266,NIST SP 800-115; CIS Controls,Active + manual validation where authorized; non-destructive by default,Controlled,Written authorization; confirmed scope; test accounts/access; testing window; logging/evidence plan,Asset inventory; architecture/trust-boundary notes; configuration or request/response evidence; timestamps; approved screenshots/logs; finding references as applicable,AP-003;AP-005;AP-006;AP-007;AP-020;AP-021;AP-030,T1694;T0859;T0890;T0892;T0846
Identity & Privilege,vendors,Reconnaissance;Scanning/Enumeration;Vulnerability Assessment;Identity/Auth;Web/API/Application;Validation/Business Impact;Reporting/Retest,MFG-E011;MFG-E045;MFG-E071;MFG-E097;MFG-E104;MFG-E108;MFG-E252;MFG-E266,NIST SP 800-115; CIS Controls,Active + manual validation where authorized; non-destructive by default,Controlled,Written authorization; confirmed scope; test accounts/access; testing window; logging/evidence plan,Asset inventory; architecture/trust-boundary notes; configuration or request/response evidence; timestamps; approved screenshots/logs; finding references as applicable,AP-003;AP-005;AP-006;AP-007;AP-020;AP-021;AP-030;AP-002,T1694;T0859;T0890;T0892;T0846
Identity & Privilege,contractors,Reconnaissance;Scanning/Enumeration;Vulnerability Assessment;Identity/Auth;Web/API/Application;Validation/Business Impact;Reporting/Retest,MFG-E011;MFG-E045;MFG-E071;MFG-E097;MFG-E104;MFG-E108;MFG-E252;MFG-E266,NIST SP 800-115; CIS Controls,Active + manual validation where authorized; non-destructive by default,Controlled,Written authorization; confirmed scope; test accounts/access; testing window; logging/evidence plan,Asset inventory; architecture/trust-boundary notes; configuration or request/response evidence; timestamps; approved screenshots/logs; finding references as applicable,AP-003;AP-005;AP-006;AP-007;AP-020;AP-021;AP-030,T1694;T0859;T0890;T0892;T0846
Identity & Privilege,service accounts,Reconnaissance;Scanning/Enumeration;Vulnerability Assessment;Identity/Auth;Web/API/Application;Validation/Business Impact;Reporting/Retest,MFG-E011;MFG-E045;MFG-E071;MFG-E097;MFG-E104;MFG-E108;MFG-E252;MFG-E266,NIST SP 800-115; CIS Controls,Active + manual validation where authorized; non-destructive by default,Controlled,Written authorization; confirmed scope; test accounts/access; testing window; logging/evidence plan,Asset inventory; architecture/trust-boundary notes; configuration or request/response evidence; timestamps; approved screenshots/logs; finding references as applicable,AP-003;AP-005;AP-006;AP-007;AP-020;AP-021;AP-030,T1694;T0859;T0890;T0892;T0846
Identity & Privilege,machine accounts,Reconnaissance;Scanning/Enumeration;Vulnerability Assessment;Identity/Auth;Web/API/Application;Validation/Business Impact;Reporting/Retest,MFG-E011;MFG-E045;MFG-E071;MFG-E097;MFG-E104;MFG-E108;MFG-E252;MFG-E266,NIST SP 800-115; CIS Controls,Active + manual validation where authorized; non-destructive by default,Controlled,Written authorization; confirmed scope; test accounts/access; testing window; logging/evidence plan,Asset inventory; architecture/trust-boundary notes; configuration or request/response evidence; timestamps; approved screenshots/logs; finding references as applicable,AP-003;AP-005;AP-006;AP-007;AP-020;AP-021;AP-030,T1694;T0859;T0890;T0892;T0846
Identity & Privilege,API identities,Reconnaissance;Scanning/Enumeration;Vulnerability Assessment;Identity/Auth;Web/API/Application;Validation/Business Impact;Reporting/Retest,MFG-E011;MFG-E045;MFG-E048;MFG-E071;MFG-E074;MFG-E097;MFG-E104;MFG-E108;MFG-E109;MFG-E117;MFG-E118;MFG-E141;MFG-E191;MFG-E233;MFG-E247;MFG-E252;MFG-E266;MFG-X452,NIST SP 800-115; OWASP WSTG; OWASP Top 10; OWASP API Security Top 10; CIS Controls,Active + manual validation where authorized; non-destructive by default,Controlled,Written authorization; confirmed scope; test accounts/access; testing window; logging/evidence plan,Asset inventory; architecture/trust-boundary notes; configuration or request/response evidence; timestamps; approved screenshots/logs; finding references as applicable,AP-003;AP-005;AP-006;AP-007;AP-020;AP-021;AP-030;AP-035,T1694;T0859;T0890;T0892;T0846
Identity & Privilege,cloud identities,Reconnaissance;Scanning/Enumeration;Vulnerability Assessment;Identity/Auth;Web/API/Application;Validation/Business Impact;Reporting/Retest,MFG-E011;MFG-E045;MFG-E071;MFG-E097;MFG-E104;MFG-E108;MFG-E117;MFG-E248;MFG-E252;MFG-E266;MFG-X305;MFG-X389;MFG-X433;MFG-X434;MFG-X435;MFG-X436;MFG-X437;MFG-X438;MFG-X440;MFG-X445,NIST SP 800-115; CIS Controls,Active + manual validation where authorized; non-destructive by default,Controlled,Written authorization; confirmed scope; test accounts/access; testing window; logging/evidence plan,Asset inventory; architecture/trust-boundary notes; configuration or request/response evidence; timestamps; approved screenshots/logs; finding references as applicable,AP-003;AP-005;AP-006;AP-007;AP-020;AP-021;AP-030;AP-018;AP-019;AP-022,T1694;T0859;T0890;T0892;T0846
Identity & Privilege,break-glass accounts,Reconnaissance;Scanning/Enumeration;Vulnerability Assessment;Identity/Auth;Web/API/Application;Validation/Business Impact;Reporting/Retest,MFG-E011;MFG-E045;MFG-E071;MFG-E097;MFG-E104;MFG-E108;MFG-E252;MFG-E266,NIST SP 800-115; CIS Controls,Active + manual validation where authorized; non-destructive by default,Controlled,Written authorization; confirmed scope; test accounts/access; testing window; logging/evidence plan,Asset inventory; architecture/trust-boundary notes; configuration or request/response evidence; timestamps; approved screenshots/logs; finding references as applicable,AP-003;AP-005;AP-006;AP-007;AP-020;AP-021;AP-030,T1694;T0859;T0890;T0892;T0846
Identity & Privilege,shared accounts,Reconnaissance;Scanning/Enumeration;Vulnerability Assessment;Identity/Auth;Web/API/Application;Validation/Business Impact;Reporting/Retest,MFG-E011;MFG-E045;MFG-E071;MFG-E097;MFG-E104;MFG-E108;MFG-E252;MFG-E266,NIST SP 800-115; CIS Controls,Active + manual validation where authorized; non-destructive by default,Controlled,Written authorization; confirmed scope; test accounts/access; testing window; logging/evidence plan,Asset inventory; architecture/trust-boundary notes; configuration or request/response evidence; timestamps; approved screenshots/logs; finding references as applicable,AP-003;AP-005;AP-006;AP-007;AP-020;AP-021;AP-030,T1694;T0859;T0890;T0892;T0846
Identity & Privilege,dormant accounts,Reconnaissance;Scanning/Enumeration;Vulnerability Assessment;Identity/Auth;Web/API/Application;Validation/Business Impact;Reporting/Retest,MFG-E011;MFG-E045;MFG-E071;MFG-E097;MFG-E104;MFG-E108;MFG-E252;MFG-E266,NIST SP 800-115; CIS Controls,Active + manual validation where authorized; non-destructive by default,Controlled,Written authorization; confirmed scope; test accounts/access; testing window; logging/evidence plan,Asset inventory; architecture/trust-boundary notes; configuration or request/response evidence; timestamps; approved screenshots/logs; finding references as applicable,AP-003;AP-005;AP-006;AP-007;AP-020;AP-021;AP-030,T1694;T0859;T0890;T0892;T0846
Cryptographic / Time Services,TLS certificates,Reconnaissance;Scanning/Enumeration;Vulnerability Assessment;Identity/Auth;Web/API/Application;Validation/Business Impact;Reporting/Retest,MFG-E011;MFG-E045;MFG-E071;MFG-E109;MFG-E234;MFG-E252;MFG-E266,NIST SP 800-115,Active + manual validation where authorized; non-destructive by default,Controlled,Written authorization; confirmed scope; test accounts/access; testing window; logging/evidence plan,Asset inventory; architecture/trust-boundary notes; configuration or request/response evidence; timestamps; approved screenshots/logs; finding references as applicable,AP-030;AP-018;AP-021;AP-029,T1694;T0859;T0830;T0820;T0842
Cryptographic / Time Services,internal certificates,Reconnaissance;Scanning/Enumeration;Vulnerability Assessment;Identity/Auth;Web/API/Application;Validation/Business Impact;Reporting/Retest,MFG-E011;MFG-E045;MFG-E071;MFG-E109;MFG-E234;MFG-E252;MFG-E266,NIST SP 800-115,Active + manual validation where authorized; non-destructive by default,Controlled,Written authorization; confirmed scope; test accounts/access; testing window; logging/evidence plan,Asset inventory; architecture/trust-boundary notes; configuration or request/response evidence; timestamps; approved screenshots/logs; finding references as applicable,AP-030;AP-018;AP-021;AP-029,T1694;T0859;T0830;T0820;T0842
Cryptographic / Time Services,PKI,Reconnaissance;Scanning/Enumeration;Vulnerability Assessment;Identity/Auth;Web/API/Application;Validation/Business Impact;Reporting/Retest,MFG-E011;MFG-E045;MFG-E071;MFG-E109;MFG-E234;MFG-E252;MFG-E266,NIST SP 800-115,Active + manual validation where authorized; non-destructive by default,Controlled,Written authorization; confirmed scope; test accounts/access; testing window; logging/evidence plan,Asset inventory; architecture/trust-boundary notes; configuration or request/response evidence; timestamps; approved screenshots/logs; finding references as applicable,AP-030;AP-018;AP-021;AP-029,T1694;T0859;T0830;T0820;T0842
Cryptographic / Time Services,device certificates,Reconnaissance;Scanning/Enumeration;Vulnerability Assessment;Identity/Auth;Web/API/Application;Validation/Business Impact;Reporting/Retest,MFG-E011;MFG-E045;MFG-E071;MFG-E109;MFG-E234;MFG-E252;MFG-E266,NIST SP 800-115,Active + manual validation where authorized; non-destructive by default,Controlled,Written authorization; confirmed scope; test accounts/access; testing window; logging/evidence plan,Asset inventory; architecture/trust-boundary notes; configuration or request/response evidence; timestamps; approved screenshots/logs; finding references as applicable,AP-030;AP-018;AP-021;AP-029,T1694;T0859;T0830;T0820;T0842
Cryptographic / Time Services,code-signing certificates,Reconnaissance;Scanning/Enumeration;Vulnerability Assessment;Identity/Auth;Web/API/Application;Validation/Business Impact;Reporting/Retest,MFG-E011;MFG-E045;MFG-E071;MFG-E109;MFG-E234;MFG-E252;MFG-E266;MFG-X422,NIST SP 800-115,Active + manual validation where authorized; non-destructive by default,Controlled,Written authorization; confirmed scope; test accounts/access; testing window; logging/evidence plan,Asset inventory; architecture/trust-boundary notes; configuration or request/response evidence; timestamps; approved screenshots/logs; finding references as applicable,AP-030;AP-018;AP-021;AP-029,T1694;T0859;T0830;T0820;T0842
Cryptographic / Time Services,key-management,Reconnaissance;Scanning/Enumeration;Vulnerability Assessment;Identity/Auth;Web/API/Application;Validation/Business Impact;Reporting/Retest,MFG-E011;MFG-E045;MFG-E071;MFG-E109;MFG-E193;MFG-E234;MFG-E252;MFG-E266;MFG-X432,NIST SP 800-115,Active + manual validation where authorized; non-destructive by default,Controlled,Written authorization; confirmed scope; test accounts/access; testing window; logging/evidence plan,Asset inventory; architecture/trust-boundary notes; configuration or request/response evidence; timestamps; approved screenshots/logs; finding references as applicable,AP-030;AP-018;AP-021;AP-029,T1694;T0859;T0830;T0820;T0842
Cryptographic / Time Services,NTP,Reconnaissance;Scanning/Enumeration;Vulnerability Assessment;Identity/Auth;Web/API/Application;Validation/Business Impact;Reporting/Retest,MFG-E011;MFG-E045;MFG-E071;MFG-E109;MFG-E234;MFG-E252;MFG-E266,NIST SP 800-115,Active + manual validation where authorized; non-destructive by default,Controlled,Written authorization; confirmed scope; test accounts/access; testing window; logging/evidence plan,Asset inventory; architecture/trust-boundary notes; configuration or request/response evidence; timestamps; approved screenshots/logs; finding references as applicable,AP-030;AP-018;AP-021;AP-029,T1694;T0859;T0830;T0820;T0842
Cryptographic / Time Services,PTP,Reconnaissance;Scanning/Enumeration;Vulnerability Assessment;Identity/Auth;Web/API/Application;Validation/Business Impact;Reporting/Retest,MFG-E011;MFG-E045;MFG-E071;MFG-E109;MFG-E234;MFG-E252;MFG-E266,NIST SP 800-115,Active + manual validation where authorized; non-destructive by default,Controlled,Written authorization; confirmed scope; test accounts/access; testing window; logging/evidence plan,Asset inventory; architecture/trust-boundary notes; configuration or request/response evidence; timestamps; approved screenshots/logs; finding references as applicable,AP-030;AP-018;AP-021;AP-029,T1694;T0859;T0830;T0820;T0842
Cryptographic / Time Services,GPS time,Reconnaissance;Scanning/Enumeration;Vulnerability Assessment;Identity/Auth;Web/API/Application;Validation/Business Impact;Reporting/Retest,MFG-E011;MFG-E045;MFG-E071;MFG-E109;MFG-E234;MFG-E252;MFG-E266,NIST SP 800-115,Active + manual validation where authorized; non-destructive by default,Controlled,Written authorization; confirmed scope; test accounts/access; testing window; logging/evidence plan,Asset inventory; architecture/trust-boundary notes; configuration or request/response evidence; timestamps; approved screenshots/logs; finding references as applicable,AP-030;AP-018;AP-021;AP-029,T1694;T0859;T0830;T0820;T0842
Cryptographic / Time Services,industrial time synchronization,Reconnaissance;Scanning/Enumeration;Vulnerability Assessment;Identity/Auth;Web/API/Application;Validation/Business Impact;Reporting/Retest,MFG-E011;MFG-E045;MFG-E071;MFG-E109;MFG-E234;MFG-E252;MFG-E266,NIST SP 800-115,Active + manual validation where authorized; non-destructive by default,Controlled,Written authorization; confirmed scope; test accounts/access; testing window; logging/evidence plan,Asset inventory; architecture/trust-boundary notes; configuration or request/response evidence; timestamps; approved screenshots/logs; finding references as applicable,AP-030;AP-018;AP-021;AP-029,T1694;T0859;T0830;T0820;T0842
Plant Utilities,electrical systems,Reconnaissance;Scanning/Enumeration;Vulnerability Assessment;Identity/Auth;Web/API/Application;OT/ICS;Validation/Business Impact;Reporting/Retest,MFG-E011;MFG-E045;MFG-E071;MFG-E144;MFG-E252;MFG-E266;MFG-X350;MFG-X351;MFG-X352,NIST SP 800-115; NIST SP 800-82 Rev. 3; ISA/IEC 62443; MITRE ATT&CK for ICS,Passive/read-only by default; controlled validation only with explicit authorization and safety gate,Restricted,Written authorization; asset owner; production status; OT safety approval; maintenance window; emergency contact; stop conditions,Asset inventory; architecture/trust-boundary notes; configuration or request/response evidence; timestamps; approved screenshots/logs; finding references as applicable; OT-safe observations; approved controller/HMI/SCADA logs; change records where applicable,AP-028;AP-015;AP-006;AP-025,T0831;T0836;T0837;T0880;T0826
Plant Utilities,smart meters,Reconnaissance;Scanning/Enumeration;Vulnerability Assessment;Identity/Auth;Web/API/Application;OT/ICS;Validation/Business Impact;Reporting/Retest,MFG-E011;MFG-E045;MFG-E071;MFG-E144;MFG-E252;MFG-E266;MFG-X350;MFG-X351;MFG-X352,NIST SP 800-115; NIST SP 800-82 Rev. 3; ISA/IEC 62443; MITRE ATT&CK for ICS,Passive/read-only by default; controlled validation only with explicit authorization and safety gate,Restricted,Written authorization; asset owner; production status; OT safety approval; maintenance window; emergency contact; stop conditions,Asset inventory; architecture/trust-boundary notes; configuration or request/response evidence; timestamps; approved screenshots/logs; finding references as applicable; OT-safe observations; approved controller/HMI/SCADA logs; change records where applicable,AP-028;AP-015;AP-006;AP-025,T0831;T0836;T0837;T0880;T0826
Plant Utilities,compressed air,Reconnaissance;Scanning/Enumeration;Vulnerability Assessment;Identity/Auth;Web/API/Application;OT/ICS;Validation/Business Impact;Reporting/Retest,MFG-E011;MFG-E045;MFG-E071;MFG-E144;MFG-E252;MFG-E266;MFG-X350;MFG-X351;MFG-X352,NIST SP 800-115; NIST SP 800-82 Rev. 3; ISA/IEC 62443; MITRE ATT&CK for ICS,Passive/read-only by default; controlled validation only with explicit authorization and safety gate,Restricted,Written authorization; asset owner; production status; OT safety approval; maintenance window; emergency contact; stop conditions,Asset inventory; architecture/trust-boundary notes; configuration or request/response evidence; timestamps; approved screenshots/logs; finding references as applicable; OT-safe observations; approved controller/HMI/SCADA logs; change records where applicable,AP-028;AP-015;AP-006;AP-025;AP-031,T0831;T0836;T0837;T0880;T0826
Plant Utilities,steam,Reconnaissance;Scanning/Enumeration;Vulnerability Assessment;Identity/Auth;Web/API/Application;OT/ICS;Validation/Business Impact;Reporting/Retest,MFG-E011;MFG-E045;MFG-E071;MFG-E144;MFG-E252;MFG-E266;MFG-X350;MFG-X351;MFG-X352,NIST SP 800-115; NIST SP 800-82 Rev. 3; ISA/IEC 62443; MITRE ATT&CK for ICS,Passive/read-only by default; controlled validation only with explicit authorization and safety gate,Restricted,Written authorization; asset owner; production status; OT safety approval; maintenance window; emergency contact; stop conditions,Asset inventory; architecture/trust-boundary notes; configuration or request/response evidence; timestamps; approved screenshots/logs; finding references as applicable; OT-safe observations; approved controller/HMI/SCADA logs; change records where applicable,AP-028;AP-015;AP-006;AP-025,T0831;T0836;T0837;T0880;T0826
Plant Utilities,water,Reconnaissance;Scanning/Enumeration;Vulnerability Assessment;Identity/Auth;Web/API/Application;OT/ICS;Validation/Business Impact;Reporting/Retest,MFG-E011;MFG-E045;MFG-E071;MFG-E144;MFG-E252;MFG-E266;MFG-X350;MFG-X351;MFG-X352,NIST SP 800-115; NIST SP 800-82 Rev. 3; ISA/IEC 62443; MITRE ATT&CK for ICS,Passive/read-only by default; controlled validation only with explicit authorization and safety gate,Restricted,Written authorization; asset owner; production status; OT safety approval; maintenance window; emergency contact; stop conditions,Asset inventory; architecture/trust-boundary notes; configuration or request/response evidence; timestamps; approved screenshots/logs; finding references as applicable; OT-safe observations; approved controller/HMI/SCADA logs; change records where applicable,AP-028;AP-015;AP-006;AP-025,T0831;T0836;T0837;T0880;T0826
Plant Utilities,cooling,Reconnaissance;Scanning/Enumeration;Vulnerability Assessment;Identity/Auth;Web/API/Application;OT/ICS;Validation/Business Impact;Reporting/Retest,MFG-E011;MFG-E045;MFG-E071;MFG-E144;MFG-E252;MFG-E266;MFG-X350;MFG-X351;MFG-X352,NIST SP 800-115; NIST SP 800-82 Rev. 3; ISA/IEC 62443; MITRE ATT&CK for ICS,Passive/read-only by default; controlled validation only with explicit authorization and safety gate,Restricted,Written authorization; asset owner; production status; OT safety approval; maintenance window; emergency contact; stop conditions,Asset inventory; architecture/trust-boundary notes; configuration or request/response evidence; timestamps; approved screenshots/logs; finding references as applicable; OT-safe observations; approved controller/HMI/SCADA logs; change records where applicable,AP-028;AP-015;AP-006;AP-025,T0831;T0836;T0837;T0880;T0826
Plant Utilities,HVAC,Reconnaissance;Scanning/Enumeration;Vulnerability Assessment;Identity/Auth;Web/API/Application;OT/ICS;Validation/Business Impact;Reporting/Retest,MFG-E011;MFG-E045;MFG-E071;MFG-E144;MFG-E252;MFG-E266;MFG-X350;MFG-X351;MFG-X352,NIST SP 800-115; NIST SP 800-82 Rev. 3; ISA/IEC 62443; MITRE ATT&CK for ICS,Passive/read-only by default; controlled validation only with explicit authorization and safety gate,Restricted,Written authorization; asset owner; production status; OT safety approval; maintenance window; emergency contact; stop conditions,Asset inventory; architecture/trust-boundary notes; configuration or request/response evidence; timestamps; approved screenshots/logs; finding references as applicable; OT-safe observations; approved controller/HMI/SCADA logs; change records where applicable,AP-028;AP-015;AP-006;AP-025;AP-026;AP-027,T0831;T0836;T0837;T0880;T0826
Plant Utilities,energy management,Reconnaissance;Scanning/Enumeration;Vulnerability Assessment;Identity/Auth;Web/API/Application;OT/ICS;Validation/Business Impact;Reporting/Retest,MFG-E011;MFG-E045;MFG-E071;MFG-E144;MFG-E252;MFG-E266;MFG-X350;MFG-X351;MFG-X352;MFG-X472,NIST SP 800-115; NIST SP 800-82 Rev. 3; ISA/IEC 62443; MITRE ATT&CK for ICS,Passive/read-only by default; controlled validation only with explicit authorization and safety gate,Restricted,Written authorization; asset owner; production status; OT safety approval; maintenance window; emergency contact; stop conditions,Asset inventory; architecture/trust-boundary notes; configuration or request/response evidence; timestamps; approved screenshots/logs; finding references as applicable; OT-safe observations; approved controller/HMI/SCADA logs; change records where applicable,AP-028;AP-015;AP-006;AP-025,T0831;T0836;T0837;T0880;T0826
Plant Utilities,utility monitoring,Reconnaissance;Scanning/Enumeration;Vulnerability Assessment;Identity/Auth;Web/API/Application;OT/ICS;Validation/Business Impact;Reporting/Retest,MFG-E011;MFG-E045;MFG-E071;MFG-E144;MFG-E252;MFG-E266;MFG-X350;MFG-X351;MFG-X352,NIST SP 800-115; NIST SP 800-82 Rev. 3; ISA/IEC 62443; MITRE ATT&CK for ICS,Passive/read-only by default; controlled validation only with explicit authorization and safety gate,Restricted,Written authorization; asset owner; production status; OT safety approval; maintenance window; emergency contact; stop conditions,Asset inventory; architecture/trust-boundary notes; configuration or request/response evidence; timestamps; approved screenshots/logs; finding references as applicable; OT-safe observations; approved controller/HMI/SCADA logs; change records where applicable,AP-028;AP-015;AP-006;AP-025,T0831;T0836;T0837;T0880;T0826
AI / Analytics,AI/ML platforms,Reconnaissance;Scanning/Enumeration;Vulnerability Assessment;Identity/Auth;Web/API/Application;Validation/Business Impact;Reporting/Retest,MFG-E011;MFG-E045;MFG-E071;MFG-E195;MFG-E196;MFG-E252;MFG-E266;MFG-X440,NIST SP 800-115,Active + manual validation where authorized; non-destructive by default,Controlled,Written authorization; confirmed scope; test accounts/access; testing window; logging/evidence plan,Asset inventory; architecture/trust-boundary notes; configuration or request/response evidence; timestamps; approved screenshots/logs; finding references as applicable,AP-019;AP-020;AP-031;AP-032;AP-035,T0871;T0811;T0862;T0832;T0859
AI / Analytics,predictive maintenance,Reconnaissance;Scanning/Enumeration;Vulnerability Assessment;Identity/Auth;Web/API/Application;Validation/Business Impact;Reporting/Retest,MFG-E011;MFG-E045;MFG-E071;MFG-E195;MFG-E196;MFG-E252;MFG-E266;MFG-X440;MFG-X478,NIST SP 800-115,Active + manual validation where authorized; non-destructive by default,Controlled,Written authorization; confirmed scope; test accounts/access; testing window; logging/evidence plan,Asset inventory; architecture/trust-boundary notes; configuration or request/response evidence; timestamps; approved screenshots/logs; finding references as applicable,AP-019;AP-020;AP-031;AP-032;AP-035,T0871;T0811;T0862;T0832;T0859
AI / Analytics,computer vision,Reconnaissance;Scanning/Enumeration;Vulnerability Assessment;Identity/Auth;Web/API/Application;Validation/Business Impact;Reporting/Retest,MFG-E011;MFG-E045;MFG-E071;MFG-E195;MFG-E196;MFG-E252;MFG-E266;MFG-X440,NIST SP 800-115,Active + manual validation where authorized; non-destructive by default,Controlled,Written authorization; confirmed scope; test accounts/access; testing window; logging/evidence plan,Asset inventory; architecture/trust-boundary notes; configuration or request/response evidence; timestamps; approved screenshots/logs; finding references as applicable,AP-019;AP-020;AP-031;AP-032;AP-035,T0871;T0811;T0862;T0832;T0859
AI / Analytics,ML pipelines,Reconnaissance;Scanning/Enumeration;Vulnerability Assessment;Identity/Auth;Web/API/Application;Validation/Business Impact;Reporting/Retest,MFG-E011;MFG-E045;MFG-E071;MFG-E195;MFG-E196;MFG-E252;MFG-E266;MFG-X440;MFG-X450,NIST SP 800-115,Active + manual validation where authorized; non-destructive by default,Controlled,Written authorization; confirmed scope; test accounts/access; testing window; logging/evidence plan,Asset inventory; architecture/trust-boundary notes; configuration or request/response evidence; timestamps; approved screenshots/logs; finding references as applicable,AP-019;AP-020;AP-031;AP-032;AP-035,T0871;T0811;T0862;T0832;T0859
AI / Analytics,analytics platforms,Reconnaissance;Scanning/Enumeration;Vulnerability Assessment;Identity/Auth;Web/API/Application;Validation/Business Impact;Reporting/Retest,MFG-E011;MFG-E045;MFG-E071;MFG-E195;MFG-E196;MFG-E252;MFG-E266;MFG-X440,NIST SP 800-115,Active + manual validation where authorized; non-destructive by default,Controlled,Written authorization; confirmed scope; test accounts/access; testing window; logging/evidence plan,Asset inventory; architecture/trust-boundary notes; configuration or request/response evidence; timestamps; approved screenshots/logs; finding references as applicable,AP-019;AP-020;AP-031;AP-032;AP-035,T0871;T0811;T0862;T0832;T0859
AI / Analytics,data science platforms,Reconnaissance;Scanning/Enumeration;Vulnerability Assessment;Identity/Auth;Web/API/Application;Validation/Business Impact;Reporting/Retest,MFG-E011;MFG-E045;MFG-E071;MFG-E195;MFG-E196;MFG-E252;MFG-E266;MFG-X440,NIST SP 800-115,Active + manual validation where authorized; non-destructive by default,Controlled,Written authorization; confirmed scope; test accounts/access; testing window; logging/evidence plan,Asset inventory; architecture/trust-boundary notes; configuration or request/response evidence; timestamps; approved screenshots/logs; finding references as applicable,AP-019;AP-020;AP-031;AP-032;AP-035,T0871;T0811;T0862;T0832;T0859
AI / Analytics,AI APIs,Reconnaissance;Scanning/Enumeration;Vulnerability Assessment;Identity/Auth;Web/API/Application;Validation/Business Impact;Reporting/Retest,MFG-E011;MFG-E045;MFG-E071;MFG-E097;MFG-E117;MFG-E195;MFG-E196;MFG-E252;MFG-E266;MFG-X440;MFG-X452,NIST SP 800-115; OWASP WSTG; OWASP Top 10; OWASP API Security Top 10,Active + manual validation where authorized; non-destructive by default,Controlled,Written authorization; confirmed scope; test accounts/access; testing window; logging/evidence plan,Asset inventory; architecture/trust-boundary notes; configuration or request/response evidence; timestamps; approved screenshots/logs; finding references as applicable,AP-019;AP-020;AP-031;AP-032;AP-035;AP-021,T0871;T0811;T0862;T0832;T0859
AI / Analytics,model serving,Reconnaissance;Scanning/Enumeration;Vulnerability Assessment;Identity/Auth;Web/API/Application;Validation/Business Impact;Reporting/Retest,MFG-E011;MFG-E045;MFG-E071;MFG-E195;MFG-E196;MFG-E252;MFG-E266;MFG-X440,NIST SP 800-115,Active + manual validation where authorized; non-destructive by default,Controlled,Written authorization; confirmed scope; test accounts/access; testing window; logging/evidence plan,Asset inventory; architecture/trust-boundary notes; configuration or request/response evidence; timestamps; approved screenshots/logs; finding references as applicable,AP-019;AP-020;AP-031;AP-032;AP-035,T0871;T0811;T0862;T0832;T0859
AI / Analytics,generative AI systems,Reconnaissance;Scanning/Enumeration;Vulnerability Assessment;Identity/Auth;Web/API/Application;Validation/Business Impact;Reporting/Retest,MFG-E011;MFG-E045;MFG-E071;MFG-E195;MFG-E196;MFG-E252;MFG-E266;MFG-X440,NIST SP 800-115,Active + manual validation where authorized; non-destructive by default,Controlled,Written authorization; confirmed scope; test accounts/access; testing window; logging/evidence plan,Asset inventory; architecture/trust-boundary notes; configuration or request/response evidence; timestamps; approved screenshots/logs; finding references as applicable,AP-019;AP-020;AP-031;AP-032;AP-035,T0871;T0811;T0862;T0832;T0859
