Asset Family,Asset/Technology,Applicable VAPT Phases,Attack Path IDs,Primary MITRE ICS Technique IDs,Potential Impact Areas,Priority Context,Safety / Execution Guardrail,Preconditions,Expected Evidence,Related Knowledge Unit IDs,Related Standards
External / Internet-Facing,domains,Recon;Scanning/Enumeration;Vulnerability Assessment;Identity/Auth;Web/API/Application;Validation/Business Impact;Reporting/Retest,AP-001;AP-002;AP-018;AP-021;AP-037;AP-031,T0819;T0883;T0866;T0822;T0846,"Credential compromise, enterprise access, data exposure, potential path toward OT.; Cross-environment compromise.; Cross-system unauthorized actions/data access.; Incorrect predictions, IP/data exposure, operational decisions affected.; Multi-site compromise or correlated outage.; Unauthorized internal/OT reachability; account misuse.",High,"Non-destructive validation by default; active testing only within written authorization, approved scope, testing window, rate limits and rollback/stop conditions.",Written authorization; confirmed scope; test accounts/access; testing window; logging/evidence plan,"Cloud IAM, route tables, security groups, API logs, architecture.; Internet exposure inventory; architecture; auth evidence; logs; validated observations.; Model/data lineage, API logs, IAM, deployment evidence.; Requests/responses, API specs, auth policies, logs.; VPN config, access logs, MFA evidence, routes, ACLs, session records.; WAN topology, ACLs, routes, flow logs.",MFG-E011;MFG-E020;MFG-E021;MFG-E022;MFG-E045;MFG-E071;MFG-E252;MFG-E266,NIST SP 800-115; OWASP WSTG; OWASP Top 10; OWASP API Security Top 10
External / Internet-Facing,subdomains,Recon;Scanning/Enumeration;Vulnerability Assessment;Identity/Auth;Web/API/Application;Validation/Business Impact;Reporting/Retest,AP-001;AP-002;AP-018;AP-021;AP-037;AP-031,T0819;T0883;T0866;T0822;T0846,"Credential compromise, enterprise access, data exposure, potential path toward OT.; Cross-environment compromise.; Cross-system unauthorized actions/data access.; Incorrect predictions, IP/data exposure, operational decisions affected.; Multi-site compromise or correlated outage.; Unauthorized internal/OT reachability; account misuse.",High,"Non-destructive validation by default; active testing only within written authorization, approved scope, testing window, rate limits and rollback/stop conditions.",Written authorization; confirmed scope; test accounts/access; testing window; logging/evidence plan,"Cloud IAM, route tables, security groups, API logs, architecture.; Internet exposure inventory; architecture; auth evidence; logs; validated observations.; Model/data lineage, API logs, IAM, deployment evidence.; Requests/responses, API specs, auth policies, logs.; VPN config, access logs, MFA evidence, routes, ACLs, session records.; WAN topology, ACLs, routes, flow logs.",MFG-E011;MFG-E020;MFG-E021;MFG-E022;MFG-E045;MFG-E071;MFG-E252;MFG-E266,NIST SP 800-115; OWASP WSTG; OWASP Top 10; OWASP API Security Top 10
External / Internet-Facing,DNS,Recon;Scanning/Enumeration;Vulnerability Assessment;Identity/Auth;Web/API/Application;Validation/Business Impact;Reporting/Retest,AP-001;AP-002;AP-018;AP-021;AP-037,T0819;T0883;T0866;T0822;T0846,"Credential compromise, enterprise access, data exposure, potential path toward OT.; Cross-environment compromise.; Cross-system unauthorized actions/data access.; Multi-site compromise or correlated outage.; Unauthorized internal/OT reachability; account misuse.",High,"Non-destructive validation by default; active testing only within written authorization, approved scope, testing window, rate limits and rollback/stop conditions.",Written authorization; confirmed scope; test accounts/access; testing window; logging/evidence plan,"Cloud IAM, route tables, security groups, API logs, architecture.; Internet exposure inventory; architecture; auth evidence; logs; validated observations.; Requests/responses, API specs, auth policies, logs.; VPN config, access logs, MFA evidence, routes, ACLs, session records.; WAN topology, ACLs, routes, flow logs.",MFG-E011;MFG-E013;MFG-E020;MFG-E021;MFG-E022;MFG-E045;MFG-E052;MFG-E071;MFG-E252;MFG-E266,NIST SP 800-115; OWASP WSTG; OWASP Top 10; OWASP API Security Top 10
External / Internet-Facing,public IPs,Recon;Scanning/Enumeration;Vulnerability Assessment;Identity/Auth;Web/API/Application;Validation/Business Impact;Reporting/Retest,AP-001;AP-002;AP-018;AP-021;AP-037,T0819;T0883;T0866;T0822;T0846,"Credential compromise, enterprise access, data exposure, potential path toward OT.; Cross-environment compromise.; Cross-system unauthorized actions/data access.; Multi-site compromise or correlated outage.; Unauthorized internal/OT reachability; account misuse.",High,"Non-destructive validation by default; active testing only within written authorization, approved scope, testing window, rate limits and rollback/stop conditions.",Written authorization; confirmed scope; test accounts/access; testing window; logging/evidence plan,"Cloud IAM, route tables, security groups, API logs, architecture.; Internet exposure inventory; architecture; auth evidence; logs; validated observations.; Requests/responses, API specs, auth policies, logs.; VPN config, access logs, MFA evidence, routes, ACLs, session records.; WAN topology, ACLs, routes, flow logs.",MFG-E011;MFG-E020;MFG-E021;MFG-E022;MFG-E045;MFG-E071;MFG-E238;MFG-E252;MFG-E266,NIST SP 800-115; OWASP WSTG; OWASP Top 10; OWASP API Security Top 10
External / Internet-Facing,internet gateways,Recon;Scanning/Enumeration;Vulnerability Assessment;Identity/Auth;Web/API/Application;Validation/Business Impact;Reporting/Retest,AP-001;AP-002;AP-018;AP-021;AP-037;AP-035,T0819;T0883;T0866;T0822;T0846,"Credential compromise, enterprise access, data exposure, potential path toward OT.; Cross-environment compromise.; Cross-system unauthorized actions/data access.; Multi-site compromise or correlated outage.; Unauthorized cross-zone commands/data manipulation.; Unauthorized internal/OT reachability; account misuse.",High,"Non-destructive validation by default; active testing only within written authorization, approved scope, testing window, rate limits and rollback/stop conditions.",Written authorization; confirmed scope; test accounts/access; testing window; logging/evidence plan,"Cloud IAM, route tables, security groups, API logs, architecture.; Gateway config, ACLs, message logs, certificates.; Internet exposure inventory; architecture; auth evidence; logs; validated observations.; Requests/responses, API specs, auth policies, logs.; VPN config, access logs, MFA evidence, routes, ACLs, session records.; WAN topology, ACLs, routes, flow logs.",MFG-E011;MFG-E020;MFG-E021;MFG-E022;MFG-E045;MFG-E071;MFG-E252;MFG-E266,NIST SP 800-115; OWASP WSTG; OWASP Top 10; OWASP API Security Top 10
External / Internet-Facing,edge routers,Recon;Scanning/Enumeration;Vulnerability Assessment;Identity/Auth;Web/API/Application;Validation/Business Impact;Reporting/Retest,AP-001;AP-002;AP-018;AP-021;AP-037,T0819;T0883;T0866;T0822;T0846,"Credential compromise, enterprise access, data exposure, potential path toward OT.; Cross-environment compromise.; Cross-system unauthorized actions/data access.; Multi-site compromise or correlated outage.; Unauthorized internal/OT reachability; account misuse.",High,"Non-destructive validation by default; active testing only within written authorization, approved scope, testing window, rate limits and rollback/stop conditions.",Written authorization; confirmed scope; test accounts/access; testing window; logging/evidence plan,"Cloud IAM, route tables, security groups, API logs, architecture.; Internet exposure inventory; architecture; auth evidence; logs; validated observations.; Requests/responses, API specs, auth policies, logs.; VPN config, access logs, MFA evidence, routes, ACLs, session records.; WAN topology, ACLs, routes, flow logs.",MFG-E011;MFG-E020;MFG-E021;MFG-E022;MFG-E045;MFG-E071;MFG-E252;MFG-E266,NIST SP 800-115; OWASP WSTG; OWASP Top 10; OWASP API Security Top 10
External / Internet-Facing,firewalls,Recon;Scanning/Enumeration;Vulnerability Assessment;Identity/Auth;Web/API/Application;Validation/Business Impact;Reporting/Retest,AP-001;AP-002;AP-018;AP-021;AP-037;AP-026;AP-027;AP-028,T0819;T0883;T0866;T0822;T0846,"Credential compromise, enterprise access, data exposure, potential path toward OT.; Cross-environment compromise.; Cross-system unauthorized actions/data access.; Direct device compromise or safety risk.; Enterprise compromise or facility disruption.; Multi-site compromise or correlated outage.; Production outage, equipment/process risk.; Unauthorized internal/OT reachability; account misuse.",Critical; High,"Non-destructive validation by default; active testing only within written authorization, approved scope, testing window, rate limits and rollback/stop conditions.",Written authorization; confirmed scope; test accounts/access; testing window; logging/evidence plan,"Access logs, photographs where allowed, physical control evidence.; Cloud IAM, route tables, security groups, API logs, architecture.; Dependency maps, access controls, logs, contingency evidence.; Internet exposure inventory; architecture; auth evidence; logs; validated observations.; Network diagrams, ACLs, system configs, vendor access records.; Requests/responses, API specs, auth policies, logs.; VPN config, access logs, MFA evidence, routes, ACLs, session records.; WAN topology, ACLs, routes, flow logs.",MFG-E011;MFG-E020;MFG-E021;MFG-E022;MFG-E045;MFG-E060;MFG-E071;MFG-E156;MFG-E197;MFG-E252;MFG-E266,NIST SP 800-115; OWASP WSTG; OWASP Top 10; OWASP API Security Top 10
External / Internet-Facing,WAF,Recon;Scanning/Enumeration;Vulnerability Assessment;Identity/Auth;Web/API/Application;Validation/Business Impact;Reporting/Retest,AP-001;AP-002;AP-018;AP-021;AP-037,T0819;T0883;T0866;T0822;T0846,"Credential compromise, enterprise access, data exposure, potential path toward OT.; Cross-environment compromise.; Cross-system unauthorized actions/data access.; Multi-site compromise or correlated outage.; Unauthorized internal/OT reachability; account misuse.",High,"Non-destructive validation by default; active testing only within written authorization, approved scope, testing window, rate limits and rollback/stop conditions.",Written authorization; confirmed scope; test accounts/access; testing window; logging/evidence plan,"Cloud IAM, route tables, security groups, API logs, architecture.; Internet exposure inventory; architecture; auth evidence; logs; validated observations.; Requests/responses, API specs, auth policies, logs.; VPN config, access logs, MFA evidence, routes, ACLs, session records.; WAN topology, ACLs, routes, flow logs.",MFG-E011;MFG-E020;MFG-E021;MFG-E022;MFG-E045;MFG-E071;MFG-E252;MFG-E266,NIST SP 800-115; OWASP WSTG; OWASP Top 10; OWASP API Security Top 10
External / Internet-Facing,load balancers,Recon;Scanning/Enumeration;Vulnerability Assessment;Identity/Auth;Web/API/Application;Validation/Business Impact;Reporting/Retest,AP-001;AP-002;AP-018;AP-021;AP-037,T0819;T0883;T0866;T0822;T0846,"Credential compromise, enterprise access, data exposure, potential path toward OT.; Cross-environment compromise.; Cross-system unauthorized actions/data access.; Multi-site compromise or correlated outage.; Unauthorized internal/OT reachability; account misuse.",High,"Non-destructive validation by default; active testing only within written authorization, approved scope, testing window, rate limits and rollback/stop conditions.",Written authorization; confirmed scope; test accounts/access; testing window; logging/evidence plan,"Cloud IAM, route tables, security groups, API logs, architecture.; Internet exposure inventory; architecture; auth evidence; logs; validated observations.; Requests/responses, API specs, auth policies, logs.; VPN config, access logs, MFA evidence, routes, ACLs, session records.; WAN topology, ACLs, routes, flow logs.",MFG-E011;MFG-E020;MFG-E021;MFG-E022;MFG-E045;MFG-E071;MFG-E097;MFG-E252;MFG-E266,NIST SP 800-115; OWASP WSTG; OWASP Top 10; OWASP API Security Top 10
External / Internet-Facing,reverse proxies,Recon;Scanning/Enumeration;Vulnerability Assessment;Identity/Auth;Web/API/Application;Validation/Business Impact;Reporting/Retest,AP-001;AP-002;AP-018;AP-021;AP-037,T0819;T0883;T0866;T0822;T0846,"Credential compromise, enterprise access, data exposure, potential path toward OT.; Cross-environment compromise.; Cross-system unauthorized actions/data access.; Multi-site compromise or correlated outage.; Unauthorized internal/OT reachability; account misuse.",High,"Non-destructive validation by default; active testing only within written authorization, approved scope, testing window, rate limits and rollback/stop conditions.",Written authorization; confirmed scope; test accounts/access; testing window; logging/evidence plan,"Cloud IAM, route tables, security groups, API logs, architecture.; Internet exposure inventory; architecture; auth evidence; logs; validated observations.; Requests/responses, API specs, auth policies, logs.; VPN config, access logs, MFA evidence, routes, ACLs, session records.; WAN topology, ACLs, routes, flow logs.",MFG-E011;MFG-E020;MFG-E021;MFG-E022;MFG-E045;MFG-E071;MFG-E252;MFG-E266,NIST SP 800-115; OWASP WSTG; OWASP Top 10; OWASP API Security Top 10
External / Internet-Facing,CDN,Recon;Scanning/Enumeration;Vulnerability Assessment;Identity/Auth;Web/API/Application;Validation/Business Impact;Reporting/Retest,AP-001;AP-002;AP-018;AP-021;AP-037,T0819;T0883;T0866;T0822;T0846,"Credential compromise, enterprise access, data exposure, potential path toward OT.; Cross-environment compromise.; Cross-system unauthorized actions/data access.; Multi-site compromise or correlated outage.; Unauthorized internal/OT reachability; account misuse.",High,"Non-destructive validation by default; active testing only within written authorization, approved scope, testing window, rate limits and rollback/stop conditions.",Written authorization; confirmed scope; test accounts/access; testing window; logging/evidence plan,"Cloud IAM, route tables, security groups, API logs, architecture.; Internet exposure inventory; architecture; auth evidence; logs; validated observations.; Requests/responses, API specs, auth policies, logs.; VPN config, access logs, MFA evidence, routes, ACLs, session records.; WAN topology, ACLs, routes, flow logs.",MFG-E011;MFG-E020;MFG-E021;MFG-E022;MFG-E045;MFG-E071;MFG-E252;MFG-E266,NIST SP 800-115; OWASP WSTG; OWASP Top 10; OWASP API Security Top 10
External / Internet-Facing,API gateways,Recon;Scanning/Enumeration;Vulnerability Assessment;Identity/Auth;Web/API/Application;Validation/Business Impact;Reporting/Retest,AP-001;AP-002;AP-018;AP-021;AP-037;AP-035,T0819;T0883;T0866;T0822;T0846,"Credential compromise, enterprise access, data exposure, potential path toward OT.; Cross-environment compromise.; Cross-system unauthorized actions/data access.; Multi-site compromise or correlated outage.; Unauthorized cross-zone commands/data manipulation.; Unauthorized internal/OT reachability; account misuse.",High,"Non-destructive validation by default; active testing only within written authorization, approved scope, testing window, rate limits and rollback/stop conditions.",Written authorization; confirmed scope; test accounts/access; testing window; logging/evidence plan,"Cloud IAM, route tables, security groups, API logs, architecture.; Gateway config, ACLs, message logs, certificates.; Internet exposure inventory; architecture; auth evidence; logs; validated observations.; Requests/responses, API specs, auth policies, logs.; VPN config, access logs, MFA evidence, routes, ACLs, session records.; WAN topology, ACLs, routes, flow logs.",MFG-E011;MFG-E020;MFG-E021;MFG-E022;MFG-E045;MFG-E048;MFG-E071;MFG-E074;MFG-E097;MFG-E109;MFG-E117;MFG-E118;MFG-E141;MFG-E191;MFG-E233;MFG-E247;MFG-E252;MFG-E266;MFG-X452,NIST SP 800-115; OWASP WSTG; OWASP Top 10; OWASP API Security Top 10
External / Internet-Facing,web applications,Recon;Scanning/Enumeration;Vulnerability Assessment;Identity/Auth;Web/API/Application;Validation/Business Impact;Reporting/Retest,AP-001;AP-002;AP-018;AP-021;AP-037,T0819;T0883;T0866;T0822;T0846,"Credential compromise, enterprise access, data exposure, potential path toward OT.; Cross-environment compromise.; Cross-system unauthorized actions/data access.; Multi-site compromise or correlated outage.; Unauthorized internal/OT reachability; account misuse.",High,"Non-destructive validation by default; active testing only within written authorization, approved scope, testing window, rate limits and rollback/stop conditions.",Written authorization; confirmed scope; test accounts/access; testing window; logging/evidence plan,"Cloud IAM, route tables, security groups, API logs, architecture.; Internet exposure inventory; architecture; auth evidence; logs; validated observations.; Requests/responses, API specs, auth policies, logs.; VPN config, access logs, MFA evidence, routes, ACLs, session records.; WAN topology, ACLs, routes, flow logs.",MFG-E011;MFG-E020;MFG-E021;MFG-E022;MFG-E045;MFG-E071;MFG-E097;MFG-E117;MFG-E252;MFG-E266,NIST SP 800-115; OWASP WSTG; OWASP Top 10; OWASP API Security Top 10
External / Internet-Facing,admin panels,Recon;Scanning/Enumeration;Vulnerability Assessment;Identity/Auth;Web/API/Application;Validation/Business Impact;Reporting/Retest,AP-001;AP-002;AP-018;AP-021;AP-037,T0819;T0883;T0866;T0822;T0846,"Credential compromise, enterprise access, data exposure, potential path toward OT.; Cross-environment compromise.; Cross-system unauthorized actions/data access.; Multi-site compromise or correlated outage.; Unauthorized internal/OT reachability; account misuse.",High,"Non-destructive validation by default; active testing only within written authorization, approved scope, testing window, rate limits and rollback/stop conditions.",Written authorization; confirmed scope; test accounts/access; testing window; logging/evidence plan,"Cloud IAM, route tables, security groups, API logs, architecture.; Internet exposure inventory; architecture; auth evidence; logs; validated observations.; Requests/responses, API specs, auth policies, logs.; VPN config, access logs, MFA evidence, routes, ACLs, session records.; WAN topology, ACLs, routes, flow logs.",MFG-E011;MFG-E020;MFG-E021;MFG-E022;MFG-E045;MFG-E071;MFG-E097;MFG-E252;MFG-E266,NIST SP 800-115; OWASP WSTG; OWASP Top 10; OWASP API Security Top 10
External / Internet-Facing,cPanel/hosting panels,Recon;Scanning/Enumeration;Vulnerability Assessment;Identity/Auth;Web/API/Application;Validation/Business Impact;Reporting/Retest,AP-001;AP-002;AP-018;AP-021;AP-037,T0819;T0883;T0866;T0822;T0846,"Credential compromise, enterprise access, data exposure, potential path toward OT.; Cross-environment compromise.; Cross-system unauthorized actions/data access.; Multi-site compromise or correlated outage.; Unauthorized internal/OT reachability; account misuse.",High,"Non-destructive validation by default; active testing only within written authorization, approved scope, testing window, rate limits and rollback/stop conditions.",Written authorization; confirmed scope; test accounts/access; testing window; logging/evidence plan,"Cloud IAM, route tables, security groups, API logs, architecture.; Internet exposure inventory; architecture; auth evidence; logs; validated observations.; Requests/responses, API specs, auth policies, logs.; VPN config, access logs, MFA evidence, routes, ACLs, session records.; WAN topology, ACLs, routes, flow logs.",MFG-E011;MFG-E020;MFG-E021;MFG-E022;MFG-E045;MFG-E071;MFG-E252;MFG-E266,NIST SP 800-115; OWASP WSTG; OWASP Top 10; OWASP API Security Top 10
External / Internet-Facing,webmail,Recon;Scanning/Enumeration;Vulnerability Assessment;Identity/Auth;Web/API/Application;Validation/Business Impact;Reporting/Retest,AP-001;AP-002;AP-018;AP-021;AP-037;AP-031,T0819;T0883;T0866;T0822;T0846,"Credential compromise, enterprise access, data exposure, potential path toward OT.; Cross-environment compromise.; Cross-system unauthorized actions/data access.; Incorrect predictions, IP/data exposure, operational decisions affected.; Multi-site compromise or correlated outage.; Unauthorized internal/OT reachability; account misuse.",High,"Non-destructive validation by default; active testing only within written authorization, approved scope, testing window, rate limits and rollback/stop conditions.",Written authorization; confirmed scope; test accounts/access; testing window; logging/evidence plan,"Cloud IAM, route tables, security groups, API logs, architecture.; Internet exposure inventory; architecture; auth evidence; logs; validated observations.; Model/data lineage, API logs, IAM, deployment evidence.; Requests/responses, API specs, auth policies, logs.; VPN config, access logs, MFA evidence, routes, ACLs, session records.; WAN topology, ACLs, routes, flow logs.",MFG-E011;MFG-E020;MFG-E021;MFG-E022;MFG-E045;MFG-E071;MFG-E097;MFG-E117;MFG-E252;MFG-E266,NIST SP 800-115; OWASP WSTG; OWASP Top 10; OWASP API Security Top 10
External / Internet-Facing,customer portals,Recon;Scanning/Enumeration;Vulnerability Assessment;Identity/Auth;Web/API/Application;Validation/Business Impact;Reporting/Retest,AP-001;AP-002;AP-018;AP-021;AP-037,T0819;T0883;T0866;T0822;T0846,"Credential compromise, enterprise access, data exposure, potential path toward OT.; Cross-environment compromise.; Cross-system unauthorized actions/data access.; Multi-site compromise or correlated outage.; Unauthorized internal/OT reachability; account misuse.",High,"Non-destructive validation by default; active testing only within written authorization, approved scope, testing window, rate limits and rollback/stop conditions.",Written authorization; confirmed scope; test accounts/access; testing window; logging/evidence plan,"Cloud IAM, route tables, security groups, API logs, architecture.; Internet exposure inventory; architecture; auth evidence; logs; validated observations.; Requests/responses, API specs, auth policies, logs.; VPN config, access logs, MFA evidence, routes, ACLs, session records.; WAN topology, ACLs, routes, flow logs.",MFG-E011;MFG-E020;MFG-E021;MFG-E022;MFG-E045;MFG-E071;MFG-E097;MFG-E117;MFG-E252;MFG-E266,NIST SP 800-115; OWASP WSTG; OWASP Top 10; OWASP API Security Top 10
External / Internet-Facing,supplier portals,Recon;Scanning/Enumeration;Vulnerability Assessment;Identity/Auth;Web/API/Application;Validation/Business Impact;Reporting/Retest,AP-001;AP-002;AP-018;AP-021;AP-037,T0819;T0883;T0866;T0822;T0846,"Credential compromise, enterprise access, data exposure, potential path toward OT.; Cross-environment compromise.; Cross-system unauthorized actions/data access.; Multi-site compromise or correlated outage.; Unauthorized internal/OT reachability; account misuse.",High,"Non-destructive validation by default; active testing only within written authorization, approved scope, testing window, rate limits and rollback/stop conditions.",Written authorization; confirmed scope; test accounts/access; testing window; logging/evidence plan,"Cloud IAM, route tables, security groups, API logs, architecture.; Internet exposure inventory; architecture; auth evidence; logs; validated observations.; Requests/responses, API specs, auth policies, logs.; VPN config, access logs, MFA evidence, routes, ACLs, session records.; WAN topology, ACLs, routes, flow logs.",MFG-E011;MFG-E020;MFG-E021;MFG-E022;MFG-E045;MFG-E071;MFG-E097;MFG-E117;MFG-E252;MFG-E266,NIST SP 800-115; OWASP WSTG; OWASP Top 10; OWASP API Security Top 10
External / Internet-Facing,RFQ portals,Recon;Scanning/Enumeration;Vulnerability Assessment;Identity/Auth;Web/API/Application;Validation/Business Impact;Reporting/Retest,AP-001;AP-002;AP-018;AP-021;AP-037,T0819;T0883;T0866;T0822;T0846,"Credential compromise, enterprise access, data exposure, potential path toward OT.; Cross-environment compromise.; Cross-system unauthorized actions/data access.; Multi-site compromise or correlated outage.; Unauthorized internal/OT reachability; account misuse.",High,"Non-destructive validation by default; active testing only within written authorization, approved scope, testing window, rate limits and rollback/stop conditions.",Written authorization; confirmed scope; test accounts/access; testing window; logging/evidence plan,"Cloud IAM, route tables, security groups, API logs, architecture.; Internet exposure inventory; architecture; auth evidence; logs; validated observations.; Requests/responses, API specs, auth policies, logs.; VPN config, access logs, MFA evidence, routes, ACLs, session records.; WAN topology, ACLs, routes, flow logs.",MFG-E011;MFG-E020;MFG-E021;MFG-E022;MFG-E045;MFG-E071;MFG-E097;MFG-E117;MFG-E252;MFG-E266,NIST SP 800-115; OWASP WSTG; OWASP Top 10; OWASP API Security Top 10
External / Internet-Facing,authentication portals,Recon;Scanning/Enumeration;Vulnerability Assessment;Identity/Auth;Web/API/Application;Validation/Business Impact;Reporting/Retest,AP-001;AP-002;AP-018;AP-021;AP-037,T0819;T0883;T0866;T0822;T0846,"Credential compromise, enterprise access, data exposure, potential path toward OT.; Cross-environment compromise.; Cross-system unauthorized actions/data access.; Multi-site compromise or correlated outage.; Unauthorized internal/OT reachability; account misuse.",High,"Non-destructive validation by default; active testing only within written authorization, approved scope, testing window, rate limits and rollback/stop conditions.",Written authorization; confirmed scope; test accounts/access; testing window; logging/evidence plan,"Cloud IAM, route tables, security groups, API logs, architecture.; Internet exposure inventory; architecture; auth evidence; logs; validated observations.; Requests/responses, API specs, auth policies, logs.; VPN config, access logs, MFA evidence, routes, ACLs, session records.; WAN topology, ACLs, routes, flow logs.",MFG-E011;MFG-E020;MFG-E021;MFG-E022;MFG-E045;MFG-E071;MFG-E097;MFG-E117;MFG-E252;MFG-E266,NIST SP 800-115; OWASP WSTG; OWASP Top 10; OWASP API Security Top 10
External / Internet-Facing,VPN gateways,Recon;Scanning/Enumeration;Vulnerability Assessment;Identity/Auth;Web/API/Application;Validation/Business Impact;Reporting/Retest,AP-001;AP-002;AP-018;AP-021;AP-037;AP-005;AP-035,T0819;T0883;T0866;T0822;T0846,"Credential compromise, enterprise access, data exposure, potential path toward OT.; Cross-environment compromise.; Cross-system unauthorized actions/data access.; Multi-site compromise or correlated outage.; Unauthorized OT access, process manipulation, persistence.; Unauthorized cross-zone commands/data manipulation.; Unauthorized internal/OT reachability; account misuse.",High,"Non-destructive validation by default; active testing only within written authorization, approved scope, testing window, rate limits and rollback/stop conditions.",Written authorization; confirmed scope; test accounts/access; testing window; logging/evidence plan,"Cloud IAM, route tables, security groups, API logs, architecture.; Gateway config, ACLs, message logs, certificates.; Internet exposure inventory; architecture; auth evidence; logs; validated observations.; Requests/responses, API specs, auth policies, logs.; VPN config, access logs, MFA evidence, routes, ACLs, session records.; Vendor inventory, contracts, access logs, routes, jump-host records.; WAN topology, ACLs, routes, flow logs.",MFG-E011;MFG-E019;MFG-E020;MFG-E021;MFG-E022;MFG-E045;MFG-E050;MFG-E071;MFG-E075;MFG-E097;MFG-E200;MFG-E246;MFG-E252;MFG-E266,NIST SP 800-115; OWASP WSTG; OWASP Top 10; OWASP API Security Top 10
External / Internet-Facing,remote-access portals,Recon;Scanning/Enumeration;Vulnerability Assessment;Identity/Auth;Web/API/Application;Validation/Business Impact;Reporting/Retest,AP-001;AP-002;AP-018;AP-021;AP-037,T0819;T0883;T0866;T0822;T0846,"Credential compromise, enterprise access, data exposure, potential path toward OT.; Cross-environment compromise.; Cross-system unauthorized actions/data access.; Multi-site compromise or correlated outage.; Unauthorized internal/OT reachability; account misuse.",High,"Non-destructive validation by default; active testing only within written authorization, approved scope, testing window, rate limits and rollback/stop conditions.",Written authorization; confirmed scope; test accounts/access; testing window; logging/evidence plan,"Cloud IAM, route tables, security groups, API logs, architecture.; Internet exposure inventory; architecture; auth evidence; logs; validated observations.; Requests/responses, API specs, auth policies, logs.; VPN config, access logs, MFA evidence, routes, ACLs, session records.; WAN topology, ACLs, routes, flow logs.",MFG-E011;MFG-E020;MFG-E021;MFG-E022;MFG-E045;MFG-E071;MFG-E097;MFG-E117;MFG-E252;MFG-E266,NIST SP 800-115; OWASP WSTG; OWASP Top 10; OWASP API Security Top 10
External / Internet-Facing,public cloud endpoints,Recon;Scanning/Enumeration;Vulnerability Assessment;Identity/Auth;Web/API/Application;Validation/Business Impact;Reporting/Retest,AP-001;AP-002;AP-018;AP-021;AP-037;AP-019;AP-022,T0819;T0883;T0866;T0822;T0846,"Broad compromise across applications/engineering/OT.; Credential compromise, enterprise access, data exposure, potential path toward OT.; Cross-environment compromise.; Cross-system unauthorized actions/data access.; IP, PII, production and commercial data exposure.; Multi-site compromise or correlated outage.; Unauthorized internal/OT reachability; account misuse.",Critical; High,"Non-destructive validation by default; active testing only within written authorization, approved scope, testing window, rate limits and rollback/stop conditions.",Written authorization; confirmed scope; test accounts/access; testing window; logging/evidence plan,"Cloud IAM, route tables, security groups, API logs, architecture.; IAM/policy evidence, access logs, object ACLs, classification.; Internet exposure inventory; architecture; auth evidence; logs; validated observations.; Pipeline logs, SBOM, signatures, repo permissions, artifact hashes.; Requests/responses, API specs, auth policies, logs.; VPN config, access logs, MFA evidence, routes, ACLs, session records.; WAN topology, ACLs, routes, flow logs.",MFG-E011;MFG-E020;MFG-E021;MFG-E022;MFG-E045;MFG-E071;MFG-E097;MFG-E117;MFG-E248;MFG-E252;MFG-E266;MFG-X305;MFG-X389;MFG-X433;MFG-X434;MFG-X435;MFG-X436;MFG-X437;MFG-X438;MFG-X440;MFG-X445,NIST SP 800-115; OWASP WSTG; OWASP Top 10; OWASP API Security Top 10
External / Internet-Facing,public storage,Recon;Scanning/Enumeration;Vulnerability Assessment;Identity/Auth;Web/API/Application;Validation/Business Impact;Reporting/Retest,AP-001;AP-002;AP-018;AP-021;AP-037,T0819;T0883;T0866;T0822;T0846,"Credential compromise, enterprise access, data exposure, potential path toward OT.; Cross-environment compromise.; Cross-system unauthorized actions/data access.; Multi-site compromise or correlated outage.; Unauthorized internal/OT reachability; account misuse.",High,"Non-destructive validation by default; active testing only within written authorization, approved scope, testing window, rate limits and rollback/stop conditions.",Written authorization; confirmed scope; test accounts/access; testing window; logging/evidence plan,"Cloud IAM, route tables, security groups, API logs, architecture.; Internet exposure inventory; architecture; auth evidence; logs; validated observations.; Requests/responses, API specs, auth policies, logs.; VPN config, access logs, MFA evidence, routes, ACLs, session records.; WAN topology, ACLs, routes, flow logs.",MFG-E011;MFG-E020;MFG-E021;MFG-E022;MFG-E045;MFG-E071;MFG-E252;MFG-E266,NIST SP 800-115; OWASP WSTG; OWASP Top 10; OWASP API Security Top 10
Corporate IT,Windows servers,Recon;Scanning/Enumeration;Vulnerability Assessment;Identity/Auth;Web/API/Application;Validation/Business Impact;Reporting/Retest,AP-001;AP-003;AP-004;AP-006;AP-007;AP-025;AP-027;AP-029;AP-030,T0859;T0886;T0846;T0867;T0890;T0842,"Account compromise and subsequent lateral movement.; Authentication bypass or forensic blind spots.; Credential compromise, enterprise access, data exposure, potential path toward OT.; Delayed detection and response.; Enterprise compromise or data exfiltration.; Enterprise compromise or facility disruption.; OT compromise and plant disruption.; Production outage and recovery disruption.; Unauthorized privileged access and downstream compromise.",Critical; High; Medium-High,"Non-destructive validation by default; active testing only within written authorization, approved scope, testing window, rate limits and rollback/stop conditions.",Written authorization; confirmed scope; test accounts/access; testing window; logging/evidence plan,"Campaign authorization, results, mail controls, user/reporting metrics.; IAM exports, group memberships, MFA/PAM settings, audit logs.; Internet exposure inventory; architecture; auth evidence; logs; validated observations.; Log samples, detection rules, alert evidence, time synchronization.; Network diagrams, ACLs, system configs, vendor access records.; Network diagrams, firewall rules, flow records, packet metadata.; Network paths, EDR controls, backup evidence, IR records.; PKI configs, certificate inventory, time-source evidence, logs.; Routing, host configs, service relationships, logs.",MFG-E011;MFG-E045;MFG-E071;MFG-E073;MFG-E074;MFG-E075;MFG-E097;MFG-E252;MFG-E266,NIST SP 800-115; CIS Controls
Corporate IT,Linux servers,Recon;Scanning/Enumeration;Vulnerability Assessment;Identity/Auth;Web/API/Application;Validation/Business Impact;Reporting/Retest,AP-001;AP-003;AP-004;AP-006;AP-007;AP-025;AP-027;AP-029;AP-030,T0859;T0886;T0846;T0867;T0890;T0842,"Account compromise and subsequent lateral movement.; Authentication bypass or forensic blind spots.; Credential compromise, enterprise access, data exposure, potential path toward OT.; Delayed detection and response.; Enterprise compromise or data exfiltration.; Enterprise compromise or facility disruption.; OT compromise and plant disruption.; Production outage and recovery disruption.; Unauthorized privileged access and downstream compromise.",Critical; High; Medium-High,"Non-destructive validation by default; active testing only within written authorization, approved scope, testing window, rate limits and rollback/stop conditions.",Written authorization; confirmed scope; test accounts/access; testing window; logging/evidence plan,"Campaign authorization, results, mail controls, user/reporting metrics.; IAM exports, group memberships, MFA/PAM settings, audit logs.; Internet exposure inventory; architecture; auth evidence; logs; validated observations.; Log samples, detection rules, alert evidence, time synchronization.; Network diagrams, ACLs, system configs, vendor access records.; Network diagrams, firewall rules, flow records, packet metadata.; Network paths, EDR controls, backup evidence, IR records.; PKI configs, certificate inventory, time-source evidence, logs.; Routing, host configs, service relationships, logs.",MFG-E011;MFG-E045;MFG-E071;MFG-E073;MFG-E074;MFG-E075;MFG-E097;MFG-E252;MFG-E266,NIST SP 800-115; CIS Controls
Corporate IT,application servers,Recon;Scanning/Enumeration;Vulnerability Assessment;Identity/Auth;Web/API/Application;Validation/Business Impact;Reporting/Retest,AP-001;AP-003;AP-004;AP-006;AP-007;AP-025;AP-027;AP-029;AP-030,T0859;T0886;T0846;T0867;T0890;T0842,"Account compromise and subsequent lateral movement.; Authentication bypass or forensic blind spots.; Credential compromise, enterprise access, data exposure, potential path toward OT.; Delayed detection and response.; Enterprise compromise or data exfiltration.; Enterprise compromise or facility disruption.; OT compromise and plant disruption.; Production outage and recovery disruption.; Unauthorized privileged access and downstream compromise.",Critical; High; Medium-High,"Non-destructive validation by default; active testing only within written authorization, approved scope, testing window, rate limits and rollback/stop conditions.",Written authorization; confirmed scope; test accounts/access; testing window; logging/evidence plan,"Campaign authorization, results, mail controls, user/reporting metrics.; IAM exports, group memberships, MFA/PAM settings, audit logs.; Internet exposure inventory; architecture; auth evidence; logs; validated observations.; Log samples, detection rules, alert evidence, time synchronization.; Network diagrams, ACLs, system configs, vendor access records.; Network diagrams, firewall rules, flow records, packet metadata.; Network paths, EDR controls, backup evidence, IR records.; PKI configs, certificate inventory, time-source evidence, logs.; Routing, host configs, service relationships, logs.",MFG-E011;MFG-E045;MFG-E071;MFG-E073;MFG-E074;MFG-E075;MFG-E097;MFG-E252;MFG-E266,NIST SP 800-115; CIS Controls
Corporate IT,web servers,Recon;Scanning/Enumeration;Vulnerability Assessment;Identity/Auth;Web/API/Application;Validation/Business Impact;Reporting/Retest,AP-001;AP-003;AP-004;AP-006;AP-007;AP-025;AP-027;AP-029;AP-030,T0859;T0886;T0846;T0867;T0890;T0842,"Account compromise and subsequent lateral movement.; Authentication bypass or forensic blind spots.; Credential compromise, enterprise access, data exposure, potential path toward OT.; Delayed detection and response.; Enterprise compromise or data exfiltration.; Enterprise compromise or facility disruption.; OT compromise and plant disruption.; Production outage and recovery disruption.; Unauthorized privileged access and downstream compromise.",Critical; High; Medium-High,"Non-destructive validation by default; active testing only within written authorization, approved scope, testing window, rate limits and rollback/stop conditions.",Written authorization; confirmed scope; test accounts/access; testing window; logging/evidence plan,"Campaign authorization, results, mail controls, user/reporting metrics.; IAM exports, group memberships, MFA/PAM settings, audit logs.; Internet exposure inventory; architecture; auth evidence; logs; validated observations.; Log samples, detection rules, alert evidence, time synchronization.; Network diagrams, ACLs, system configs, vendor access records.; Network diagrams, firewall rules, flow records, packet metadata.; Network paths, EDR controls, backup evidence, IR records.; PKI configs, certificate inventory, time-source evidence, logs.; Routing, host configs, service relationships, logs.",MFG-E011;MFG-E045;MFG-E071;MFG-E073;MFG-E074;MFG-E075;MFG-E097;MFG-E117;MFG-E252;MFG-E266,NIST SP 800-115; OWASP WSTG; OWASP Top 10; OWASP API Security Top 10; CIS Controls
Corporate IT,database servers,Recon;Scanning/Enumeration;Vulnerability Assessment;Identity/Auth;Web/API/Application;Validation/Business Impact;Reporting/Retest,AP-001;AP-003;AP-004;AP-006;AP-007;AP-025;AP-027;AP-029;AP-030,T0859;T0886;T0846;T0867;T0890;T0842,"Account compromise and subsequent lateral movement.; Authentication bypass or forensic blind spots.; Credential compromise, enterprise access, data exposure, potential path toward OT.; Delayed detection and response.; Enterprise compromise or data exfiltration.; Enterprise compromise or facility disruption.; OT compromise and plant disruption.; Production outage and recovery disruption.; Unauthorized privileged access and downstream compromise.",Critical; High; Medium-High,"Non-destructive validation by default; active testing only within written authorization, approved scope, testing window, rate limits and rollback/stop conditions.",Written authorization; confirmed scope; test accounts/access; testing window; logging/evidence plan,"Campaign authorization, results, mail controls, user/reporting metrics.; IAM exports, group memberships, MFA/PAM settings, audit logs.; Internet exposure inventory; architecture; auth evidence; logs; validated observations.; Log samples, detection rules, alert evidence, time synchronization.; Network diagrams, ACLs, system configs, vendor access records.; Network diagrams, firewall rules, flow records, packet metadata.; Network paths, EDR controls, backup evidence, IR records.; PKI configs, certificate inventory, time-source evidence, logs.; Routing, host configs, service relationships, logs.",MFG-E011;MFG-E045;MFG-E071;MFG-E073;MFG-E074;MFG-E075;MFG-E097;MFG-E117;MFG-E252;MFG-E266,NIST SP 800-115; CIS Controls
Corporate IT,file servers,Recon;Scanning/Enumeration;Vulnerability Assessment;Identity/Auth;Web/API/Application;Validation/Business Impact;Reporting/Retest,AP-001;AP-003;AP-004;AP-006;AP-007;AP-025;AP-027;AP-029;AP-030,T0859;T0886;T0846;T0867;T0890;T0842,"Account compromise and subsequent lateral movement.; Authentication bypass or forensic blind spots.; Credential compromise, enterprise access, data exposure, potential path toward OT.; Delayed detection and response.; Enterprise compromise or data exfiltration.; Enterprise compromise or facility disruption.; OT compromise and plant disruption.; Production outage and recovery disruption.; Unauthorized privileged access and downstream compromise.",Critical; High; Medium-High,"Non-destructive validation by default; active testing only within written authorization, approved scope, testing window, rate limits and rollback/stop conditions.",Written authorization; confirmed scope; test accounts/access; testing window; logging/evidence plan,"Campaign authorization, results, mail controls, user/reporting metrics.; IAM exports, group memberships, MFA/PAM settings, audit logs.; Internet exposure inventory; architecture; auth evidence; logs; validated observations.; Log samples, detection rules, alert evidence, time synchronization.; Network diagrams, ACLs, system configs, vendor access records.; Network diagrams, firewall rules, flow records, packet metadata.; Network paths, EDR controls, backup evidence, IR records.; PKI configs, certificate inventory, time-source evidence, logs.; Routing, host configs, service relationships, logs.",MFG-E011;MFG-E045;MFG-E071;MFG-E073;MFG-E074;MFG-E075;MFG-E097;MFG-E252;MFG-E266,NIST SP 800-115; CIS Controls
Corporate IT,backup servers,Recon;Scanning/Enumeration;Vulnerability Assessment;Identity/Auth;Web/API/Application;Validation/Business Impact;Reporting/Retest,AP-001;AP-003;AP-004;AP-006;AP-007;AP-025;AP-027;AP-029;AP-030;AP-024;AP-036,T0859;T0886;T0846;T0867;T0890;T0842,"Account compromise and subsequent lateral movement.; Authentication bypass or forensic blind spots.; Credential compromise, enterprise access, data exposure, potential path toward OT.; Delayed detection and response.; Enterprise compromise or data exfiltration.; Enterprise compromise or facility disruption.; Extended outage and recovery failure.; OT compromise and plant disruption.; Persistent compromise after recovery.; Production outage and recovery disruption.; Unauthorized privileged access and downstream compromise.",Critical; High; Medium-High,"Non-destructive validation by default; active testing only within written authorization, approved scope, testing window, rate limits and rollback/stop conditions.",Written authorization; confirmed scope; test accounts/access; testing window; logging/evidence plan,"Backup configs, immutability evidence, restore tests, access logs.; Campaign authorization, results, mail controls, user/reporting metrics.; Hashes, restore logs, golden image records, approvals.; IAM exports, group memberships, MFA/PAM settings, audit logs.; Internet exposure inventory; architecture; auth evidence; logs; validated observations.; Log samples, detection rules, alert evidence, time synchronization.; Network diagrams, ACLs, system configs, vendor access records.; Network diagrams, firewall rules, flow records, packet metadata.; Network paths, EDR controls, backup evidence, IR records.; PKI configs, certificate inventory, time-source evidence, logs.; Routing, host configs, service relationships, logs.",MFG-E011;MFG-E045;MFG-E070;MFG-E071;MFG-E073;MFG-E074;MFG-E075;MFG-E086;MFG-E097;MFG-E168;MFG-E231;MFG-E252;MFG-E266;MFG-X361;MFG-X362;MFG-X365;MFG-X366;MFG-X367;MFG-X368;MFG-X369,NIST SP 800-115; CIS Controls
Corporate IT,DNS/DHCP/NTP,Recon;Scanning/Enumeration;Vulnerability Assessment;Identity/Auth;Web/API/Application;Validation/Business Impact;Reporting/Retest,AP-001;AP-003;AP-004;AP-006;AP-007;AP-025;AP-027;AP-029;AP-030,T0859;T0886;T0846;T0867;T0890;T0842,"Account compromise and subsequent lateral movement.; Authentication bypass or forensic blind spots.; Credential compromise, enterprise access, data exposure, potential path toward OT.; Delayed detection and response.; Enterprise compromise or data exfiltration.; Enterprise compromise or facility disruption.; OT compromise and plant disruption.; Production outage and recovery disruption.; Unauthorized privileged access and downstream compromise.",Critical; High; Medium-High,"Non-destructive validation by default; active testing only within written authorization, approved scope, testing window, rate limits and rollback/stop conditions.",Written authorization; confirmed scope; test accounts/access; testing window; logging/evidence plan,"Campaign authorization, results, mail controls, user/reporting metrics.; IAM exports, group memberships, MFA/PAM settings, audit logs.; Internet exposure inventory; architecture; auth evidence; logs; validated observations.; Log samples, detection rules, alert evidence, time synchronization.; Network diagrams, ACLs, system configs, vendor access records.; Network diagrams, firewall rules, flow records, packet metadata.; Network paths, EDR controls, backup evidence, IR records.; PKI configs, certificate inventory, time-source evidence, logs.; Routing, host configs, service relationships, logs.",MFG-E011;MFG-E045;MFG-E071;MFG-E073;MFG-E074;MFG-E075;MFG-E252;MFG-E266,NIST SP 800-115; CIS Controls
Corporate IT,Active Directory,Recon;Scanning/Enumeration;Vulnerability Assessment;Identity/Auth;Web/API/Application;Validation/Business Impact;Reporting/Retest,AP-001;AP-003;AP-004;AP-006;AP-007;AP-025;AP-027;AP-029;AP-030,T0859;T0886;T0846;T0867;T0890;T0842,"Account compromise and subsequent lateral movement.; Authentication bypass or forensic blind spots.; Credential compromise, enterprise access, data exposure, potential path toward OT.; Delayed detection and response.; Enterprise compromise or data exfiltration.; Enterprise compromise or facility disruption.; OT compromise and plant disruption.; Production outage and recovery disruption.; Unauthorized privileged access and downstream compromise.",Critical; High; Medium-High,"Non-destructive validation by default; active testing only within written authorization, approved scope, testing window, rate limits and rollback/stop conditions.",Written authorization; confirmed scope; test accounts/access; testing window; logging/evidence plan,"Campaign authorization, results, mail controls, user/reporting metrics.; IAM exports, group memberships, MFA/PAM settings, audit logs.; Internet exposure inventory; architecture; auth evidence; logs; validated observations.; Log samples, detection rules, alert evidence, time synchronization.; Network diagrams, ACLs, system configs, vendor access records.; Network diagrams, firewall rules, flow records, packet metadata.; Network paths, EDR controls, backup evidence, IR records.; PKI configs, certificate inventory, time-source evidence, logs.; Routing, host configs, service relationships, logs.",MFG-E011;MFG-E045;MFG-E057;MFG-E071;MFG-E073;MFG-E074;MFG-E075;MFG-E082;MFG-E104;MFG-E252;MFG-E266,NIST SP 800-115; CIS Controls
Corporate IT,Domain Controllers,Recon;Scanning/Enumeration;Vulnerability Assessment;Identity/Auth;Web/API/Application;Validation/Business Impact;Reporting/Retest,AP-001;AP-003;AP-004;AP-006;AP-007;AP-025;AP-027;AP-029;AP-030;AP-031,T0859;T0886;T0846;T0867;T0890;T0842,"Account compromise and subsequent lateral movement.; Authentication bypass or forensic blind spots.; Credential compromise, enterprise access, data exposure, potential path toward OT.; Delayed detection and response.; Enterprise compromise or data exfiltration.; Enterprise compromise or facility disruption.; Incorrect predictions, IP/data exposure, operational decisions affected.; OT compromise and plant disruption.; Production outage and recovery disruption.; Unauthorized privileged access and downstream compromise.",Critical; High; Medium-High,"Non-destructive validation by default; active testing only within written authorization, approved scope, testing window, rate limits and rollback/stop conditions.",Written authorization; confirmed scope; test accounts/access; testing window; logging/evidence plan,"Campaign authorization, results, mail controls, user/reporting metrics.; IAM exports, group memberships, MFA/PAM settings, audit logs.; Internet exposure inventory; architecture; auth evidence; logs; validated observations.; Log samples, detection rules, alert evidence, time synchronization.; Model/data lineage, API logs, IAM, deployment evidence.; Network diagrams, ACLs, system configs, vendor access records.; Network diagrams, firewall rules, flow records, packet metadata.; Network paths, EDR controls, backup evidence, IR records.; PKI configs, certificate inventory, time-source evidence, logs.; Routing, host configs, service relationships, logs.",MFG-E011;MFG-E012;MFG-E045;MFG-E071;MFG-E073;MFG-E074;MFG-E075;MFG-E252;MFG-E266,NIST SP 800-115; CIS Controls
Corporate IT,LDAP,Recon;Scanning/Enumeration;Vulnerability Assessment;Identity/Auth;Web/API/Application;Validation/Business Impact;Reporting/Retest,AP-001;AP-003;AP-004;AP-006;AP-007;AP-025;AP-027;AP-029;AP-030,T0859;T0886;T0846;T0867;T0890;T0842,"Account compromise and subsequent lateral movement.; Authentication bypass or forensic blind spots.; Credential compromise, enterprise access, data exposure, potential path toward OT.; Delayed detection and response.; Enterprise compromise or data exfiltration.; Enterprise compromise or facility disruption.; OT compromise and plant disruption.; Production outage and recovery disruption.; Unauthorized privileged access and downstream compromise.",Critical; High; Medium-High,"Non-destructive validation by default; active testing only within written authorization, approved scope, testing window, rate limits and rollback/stop conditions.",Written authorization; confirmed scope; test accounts/access; testing window; logging/evidence plan,"Campaign authorization, results, mail controls, user/reporting metrics.; IAM exports, group memberships, MFA/PAM settings, audit logs.; Internet exposure inventory; architecture; auth evidence; logs; validated observations.; Log samples, detection rules, alert evidence, time synchronization.; Network diagrams, ACLs, system configs, vendor access records.; Network diagrams, firewall rules, flow records, packet metadata.; Network paths, EDR controls, backup evidence, IR records.; PKI configs, certificate inventory, time-source evidence, logs.; Routing, host configs, service relationships, logs.",MFG-E011;MFG-E045;MFG-E071;MFG-E073;MFG-E074;MFG-E075;MFG-E097;MFG-E105;MFG-E252;MFG-E266,NIST SP 800-115; CIS Controls
Corporate IT,Entra ID/IdP,Recon;Scanning/Enumeration;Vulnerability Assessment;Identity/Auth;Web/API/Application;Validation/Business Impact;Reporting/Retest,AP-001;AP-003;AP-004;AP-006;AP-007;AP-025;AP-027;AP-029;AP-030,T0859;T0886;T0846;T0867;T0890;T0842,"Account compromise and subsequent lateral movement.; Authentication bypass or forensic blind spots.; Credential compromise, enterprise access, data exposure, potential path toward OT.; Delayed detection and response.; Enterprise compromise or data exfiltration.; Enterprise compromise or facility disruption.; OT compromise and plant disruption.; Production outage and recovery disruption.; Unauthorized privileged access and downstream compromise.",Critical; High; Medium-High,"Non-destructive validation by default; active testing only within written authorization, approved scope, testing window, rate limits and rollback/stop conditions.",Written authorization; confirmed scope; test accounts/access; testing window; logging/evidence plan,"Campaign authorization, results, mail controls, user/reporting metrics.; IAM exports, group memberships, MFA/PAM settings, audit logs.; Internet exposure inventory; architecture; auth evidence; logs; validated observations.; Log samples, detection rules, alert evidence, time synchronization.; Network diagrams, ACLs, system configs, vendor access records.; Network diagrams, firewall rules, flow records, packet metadata.; Network paths, EDR controls, backup evidence, IR records.; PKI configs, certificate inventory, time-source evidence, logs.; Routing, host configs, service relationships, logs.",MFG-E011;MFG-E045;MFG-E071;MFG-E073;MFG-E074;MFG-E075;MFG-E252;MFG-E266,NIST SP 800-115; CIS Controls
Corporate IT,SSO,Recon;Scanning/Enumeration;Vulnerability Assessment;Identity/Auth;Web/API/Application;Validation/Business Impact;Reporting/Retest,AP-001;AP-003;AP-004;AP-006;AP-007;AP-025;AP-027;AP-029;AP-030,T0859;T0886;T0846;T0867;T0890;T0842,"Account compromise and subsequent lateral movement.; Authentication bypass or forensic blind spots.; Credential compromise, enterprise access, data exposure, potential path toward OT.; Delayed detection and response.; Enterprise compromise or data exfiltration.; Enterprise compromise or facility disruption.; OT compromise and plant disruption.; Production outage and recovery disruption.; Unauthorized privileged access and downstream compromise.",Critical; High; Medium-High,"Non-destructive validation by default; active testing only within written authorization, approved scope, testing window, rate limits and rollback/stop conditions.",Written authorization; confirmed scope; test accounts/access; testing window; logging/evidence plan,"Campaign authorization, results, mail controls, user/reporting metrics.; IAM exports, group memberships, MFA/PAM settings, audit logs.; Internet exposure inventory; architecture; auth evidence; logs; validated observations.; Log samples, detection rules, alert evidence, time synchronization.; Network diagrams, ACLs, system configs, vendor access records.; Network diagrams, firewall rules, flow records, packet metadata.; Network paths, EDR controls, backup evidence, IR records.; PKI configs, certificate inventory, time-source evidence, logs.; Routing, host configs, service relationships, logs.",MFG-E011;MFG-E045;MFG-E071;MFG-E073;MFG-E074;MFG-E075;MFG-E252;MFG-E266,NIST SP 800-115; CIS Controls
Corporate IT,MFA infrastructure,Recon;Scanning/Enumeration;Vulnerability Assessment;Identity/Auth;Web/API/Application;Validation/Business Impact;Reporting/Retest,AP-001;AP-003;AP-004;AP-006;AP-007;AP-025;AP-027;AP-029;AP-030,T0859;T0886;T0846;T0867;T0890;T0842,"Account compromise and subsequent lateral movement.; Authentication bypass or forensic blind spots.; Credential compromise, enterprise access, data exposure, potential path toward OT.; Delayed detection and response.; Enterprise compromise or data exfiltration.; Enterprise compromise or facility disruption.; OT compromise and plant disruption.; Production outage and recovery disruption.; Unauthorized privileged access and downstream compromise.",Critical; High; Medium-High,"Non-destructive validation by default; active testing only within written authorization, approved scope, testing window, rate limits and rollback/stop conditions.",Written authorization; confirmed scope; test accounts/access; testing window; logging/evidence plan,"Campaign authorization, results, mail controls, user/reporting metrics.; IAM exports, group memberships, MFA/PAM settings, audit logs.; Internet exposure inventory; architecture; auth evidence; logs; validated observations.; Log samples, detection rules, alert evidence, time synchronization.; Network diagrams, ACLs, system configs, vendor access records.; Network diagrams, firewall rules, flow records, packet metadata.; Network paths, EDR controls, backup evidence, IR records.; PKI configs, certificate inventory, time-source evidence, logs.; Routing, host configs, service relationships, logs.",MFG-E011;MFG-E045;MFG-E071;MFG-E073;MFG-E074;MFG-E075;MFG-E100;MFG-E252;MFG-E266,NIST SP 800-115; CIS Controls
Corporate IT,PKI/certificate authorities,Recon;Scanning/Enumeration;Vulnerability Assessment;Identity/Auth;Web/API/Application;Validation/Business Impact;Reporting/Retest,AP-001;AP-003;AP-004;AP-006;AP-007;AP-025;AP-027;AP-029;AP-030,T0859;T0886;T0846;T0867;T0890;T0842,"Account compromise and subsequent lateral movement.; Authentication bypass or forensic blind spots.; Credential compromise, enterprise access, data exposure, potential path toward OT.; Delayed detection and response.; Enterprise compromise or data exfiltration.; Enterprise compromise or facility disruption.; OT compromise and plant disruption.; Production outage and recovery disruption.; Unauthorized privileged access and downstream compromise.",Critical; High; Medium-High,"Non-destructive validation by default; active testing only within written authorization, approved scope, testing window, rate limits and rollback/stop conditions.",Written authorization; confirmed scope; test accounts/access; testing window; logging/evidence plan,"Campaign authorization, results, mail controls, user/reporting metrics.; IAM exports, group memberships, MFA/PAM settings, audit logs.; Internet exposure inventory; architecture; auth evidence; logs; validated observations.; Log samples, detection rules, alert evidence, time synchronization.; Network diagrams, ACLs, system configs, vendor access records.; Network diagrams, firewall rules, flow records, packet metadata.; Network paths, EDR controls, backup evidence, IR records.; PKI configs, certificate inventory, time-source evidence, logs.; Routing, host configs, service relationships, logs.",MFG-E011;MFG-E045;MFG-E071;MFG-E073;MFG-E074;MFG-E075;MFG-E252;MFG-E266,NIST SP 800-115; CIS Controls
Corporate IT,PAM,Recon;Scanning/Enumeration;Vulnerability Assessment;Identity/Auth;Web/API/Application;Validation/Business Impact;Reporting/Retest,AP-001;AP-003;AP-004;AP-006;AP-007;AP-025;AP-027;AP-029;AP-030,T0859;T0886;T0846;T0867;T0890;T0842,"Account compromise and subsequent lateral movement.; Authentication bypass or forensic blind spots.; Credential compromise, enterprise access, data exposure, potential path toward OT.; Delayed detection and response.; Enterprise compromise or data exfiltration.; Enterprise compromise or facility disruption.; OT compromise and plant disruption.; Production outage and recovery disruption.; Unauthorized privileged access and downstream compromise.",Critical; High; Medium-High,"Non-destructive validation by default; active testing only within written authorization, approved scope, testing window, rate limits and rollback/stop conditions.",Written authorization; confirmed scope; test accounts/access; testing window; logging/evidence plan,"Campaign authorization, results, mail controls, user/reporting metrics.; IAM exports, group memberships, MFA/PAM settings, audit logs.; Internet exposure inventory; architecture; auth evidence; logs; validated observations.; Log samples, detection rules, alert evidence, time synchronization.; Network diagrams, ACLs, system configs, vendor access records.; Network diagrams, firewall rules, flow records, packet metadata.; Network paths, EDR controls, backup evidence, IR records.; PKI configs, certificate inventory, time-source evidence, logs.; Routing, host configs, service relationships, logs.",MFG-E011;MFG-E045;MFG-E071;MFG-E073;MFG-E074;MFG-E075;MFG-E252;MFG-E266,NIST SP 800-115; CIS Controls
Corporate IT,endpoints,Recon;Scanning/Enumeration;Vulnerability Assessment;Identity/Auth;Web/API/Application;Validation/Business Impact;Reporting/Retest,AP-001;AP-003;AP-004;AP-006;AP-007;AP-025;AP-027;AP-029;AP-030,T0859;T0886;T0846;T0867;T0890;T0842,"Account compromise and subsequent lateral movement.; Authentication bypass or forensic blind spots.; Credential compromise, enterprise access, data exposure, potential path toward OT.; Delayed detection and response.; Enterprise compromise or data exfiltration.; Enterprise compromise or facility disruption.; OT compromise and plant disruption.; Production outage and recovery disruption.; Unauthorized privileged access and downstream compromise.",Critical; High; Medium-High,"Non-destructive validation by default; active testing only within written authorization, approved scope, testing window, rate limits and rollback/stop conditions.",Written authorization; confirmed scope; test accounts/access; testing window; logging/evidence plan,"Campaign authorization, results, mail controls, user/reporting metrics.; IAM exports, group memberships, MFA/PAM settings, audit logs.; Internet exposure inventory; architecture; auth evidence; logs; validated observations.; Log samples, detection rules, alert evidence, time synchronization.; Network diagrams, ACLs, system configs, vendor access records.; Network diagrams, firewall rules, flow records, packet metadata.; Network paths, EDR controls, backup evidence, IR records.; PKI configs, certificate inventory, time-source evidence, logs.; Routing, host configs, service relationships, logs.",MFG-E011;MFG-E045;MFG-E071;MFG-E073;MFG-E074;MFG-E075;MFG-E252;MFG-E266,NIST SP 800-115; CIS Controls
Corporate IT,engineering laptops,Recon;Scanning/Enumeration;Vulnerability Assessment;Identity/Auth;Web/API/Application;Validation/Business Impact;Reporting/Retest,AP-001;AP-003;AP-004;AP-006;AP-007;AP-025;AP-027;AP-029;AP-030;AP-008;AP-009;AP-032,T0859;T0886;T0846;T0867;T0890;T0842,"Account compromise and subsequent lateral movement.; Authentication bypass or forensic blind spots.; Credential compromise, enterprise access, data exposure, potential path toward OT.; Delayed detection and response.; Enterprise compromise or data exfiltration.; Enterprise compromise or facility disruption.; IP loss and competitive exposure.; OT compromise and plant disruption.; PLC/DCS manipulation, IP theft, unsafe process change.; Persistent process manipulation.; Production outage and recovery disruption.; Unauthorized privileged access and downstream compromise.",Critical; High; Medium-High,"Non-destructive validation by default; active testing only within written authorization, approved scope, testing window, rate limits and rollback/stop conditions.",Written authorization; confirmed scope; test accounts/access; testing window; logging/evidence plan,"Access logs, permissions, sample evidence, DLP alerts.; Campaign authorization, results, mail controls, user/reporting metrics.; IAM exports, group memberships, MFA/PAM settings, audit logs.; Internet exposure inventory; architecture; auth evidence; logs; validated observations.; Log samples, detection rules, alert evidence, time synchronization.; Network diagrams, ACLs, system configs, vendor access records.; Network diagrams, firewall rules, flow records, packet metadata.; Network paths, EDR controls, backup evidence, IR records.; PKI configs, certificate inventory, time-source evidence, logs.; Project hashes, access logs, engineering configs, change records.; Project integrity evidence, approvals, hashes, backup status.; Routing, host configs, service relationships, logs.",MFG-E011;MFG-E045;MFG-E071;MFG-E073;MFG-E074;MFG-E075;MFG-E252;MFG-E266,NIST SP 800-115; CIS Controls
Corporate IT,thin clients,Recon;Scanning/Enumeration;Vulnerability Assessment;Identity/Auth;Web/API/Application;Validation/Business Impact;Reporting/Retest,AP-001;AP-003;AP-004;AP-006;AP-007;AP-025;AP-027;AP-029;AP-030,T0859;T0886;T0846;T0867;T0890;T0842,"Account compromise and subsequent lateral movement.; Authentication bypass or forensic blind spots.; Credential compromise, enterprise access, data exposure, potential path toward OT.; Delayed detection and response.; Enterprise compromise or data exfiltration.; Enterprise compromise or facility disruption.; OT compromise and plant disruption.; Production outage and recovery disruption.; Unauthorized privileged access and downstream compromise.",Critical; High; Medium-High,"Non-destructive validation by default; active testing only within written authorization, approved scope, testing window, rate limits and rollback/stop conditions.",Written authorization; confirmed scope; test accounts/access; testing window; logging/evidence plan,"Campaign authorization, results, mail controls, user/reporting metrics.; IAM exports, group memberships, MFA/PAM settings, audit logs.; Internet exposure inventory; architecture; auth evidence; logs; validated observations.; Log samples, detection rules, alert evidence, time synchronization.; Network diagrams, ACLs, system configs, vendor access records.; Network diagrams, firewall rules, flow records, packet metadata.; Network paths, EDR controls, backup evidence, IR records.; PKI configs, certificate inventory, time-source evidence, logs.; Routing, host configs, service relationships, logs.",MFG-E011;MFG-E045;MFG-E071;MFG-E073;MFG-E074;MFG-E075;MFG-E252;MFG-E266,NIST SP 800-115; CIS Controls
Corporate IT,mobile devices,Recon;Scanning/Enumeration;Vulnerability Assessment;Identity/Auth;Web/API/Application;Validation/Business Impact;Reporting/Retest,AP-001;AP-003;AP-004;AP-006;AP-007;AP-025;AP-027;AP-029;AP-030;AP-016;AP-033,T0859;T0886;T0846;T0867;T0890;T0842,"Account compromise and subsequent lateral movement.; Authentication bypass or forensic blind spots.; Credential compromise, enterprise access, data exposure, potential path toward OT.; Delayed detection and response.; Enterprise compromise or data exfiltration.; Enterprise compromise or facility disruption.; OT compromise and plant disruption.; Production outage and recovery disruption.; Unauthorized plant network access.; Unauthorized privileged access and downstream compromise.; Workflow manipulation/data exposure.",Critical; High; Medium-High,"Non-destructive validation by default; active testing only within written authorization, approved scope, testing window, rate limits and rollback/stop conditions.",Written authorization; confirmed scope; test accounts/access; testing window; logging/evidence plan,"Campaign authorization, results, mail controls, user/reporting metrics.; IAM exports, group memberships, MFA/PAM settings, audit logs.; Internet exposure inventory; architecture; auth evidence; logs; validated observations.; Log samples, detection rules, alert evidence, time synchronization.; MDM policy, app config, auth logs, network evidence.; Network diagrams, ACLs, system configs, vendor access records.; Network diagrams, firewall rules, flow records, packet metadata.; Network paths, EDR controls, backup evidence, IR records.; PKI configs, certificate inventory, time-source evidence, logs.; Routing, host configs, service relationships, logs.; Wireless config, auth evidence, RF inventory, network mapping.",MFG-E011;MFG-E045;MFG-E071;MFG-E073;MFG-E074;MFG-E075;MFG-E252;MFG-E266,NIST SP 800-115; OWASP WSTG; OWASP Top 10; OWASP API Security Top 10; CIS Controls
Corporate IT,printers,Recon;Scanning/Enumeration;Vulnerability Assessment;Identity/Auth;Web/API/Application;Validation/Business Impact;Reporting/Retest,AP-001;AP-003;AP-004;AP-006;AP-007;AP-025;AP-027;AP-029;AP-030,T0859;T0886;T0846;T0867;T0890;T0842,"Account compromise and subsequent lateral movement.; Authentication bypass or forensic blind spots.; Credential compromise, enterprise access, data exposure, potential path toward OT.; Delayed detection and response.; Enterprise compromise or data exfiltration.; Enterprise compromise or facility disruption.; OT compromise and plant disruption.; Production outage and recovery disruption.; Unauthorized privileged access and downstream compromise.",Critical; High; Medium-High,"Non-destructive validation by default; active testing only within written authorization, approved scope, testing window, rate limits and rollback/stop conditions.",Written authorization; confirmed scope; test accounts/access; testing window; logging/evidence plan,"Campaign authorization, results, mail controls, user/reporting metrics.; IAM exports, group memberships, MFA/PAM settings, audit logs.; Internet exposure inventory; architecture; auth evidence; logs; validated observations.; Log samples, detection rules, alert evidence, time synchronization.; Network diagrams, ACLs, system configs, vendor access records.; Network diagrams, firewall rules, flow records, packet metadata.; Network paths, EDR controls, backup evidence, IR records.; PKI configs, certificate inventory, time-source evidence, logs.; Routing, host configs, service relationships, logs.",MFG-E011;MFG-E045;MFG-E071;MFG-E073;MFG-E074;MFG-E075;MFG-E252;MFG-E266;MFG-X462,NIST SP 800-115; CIS Controls
Corporate IT,scanners,Recon;Scanning/Enumeration;Vulnerability Assessment;Identity/Auth;Web/API/Application;Validation/Business Impact;Reporting/Retest,AP-001;AP-003;AP-004;AP-006;AP-007;AP-025;AP-027;AP-029;AP-030,T0859;T0886;T0846;T0867;T0890;T0842,"Account compromise and subsequent lateral movement.; Authentication bypass or forensic blind spots.; Credential compromise, enterprise access, data exposure, potential path toward OT.; Delayed detection and response.; Enterprise compromise or data exfiltration.; Enterprise compromise or facility disruption.; OT compromise and plant disruption.; Production outage and recovery disruption.; Unauthorized privileged access and downstream compromise.",Critical; High; Medium-High,"Non-destructive validation by default; active testing only within written authorization, approved scope, testing window, rate limits and rollback/stop conditions.",Written authorization; confirmed scope; test accounts/access; testing window; logging/evidence plan,"Campaign authorization, results, mail controls, user/reporting metrics.; IAM exports, group memberships, MFA/PAM settings, audit logs.; Internet exposure inventory; architecture; auth evidence; logs; validated observations.; Log samples, detection rules, alert evidence, time synchronization.; Network diagrams, ACLs, system configs, vendor access records.; Network diagrams, firewall rules, flow records, packet metadata.; Network paths, EDR controls, backup evidence, IR records.; PKI configs, certificate inventory, time-source evidence, logs.; Routing, host configs, service relationships, logs.",MFG-E011;MFG-E045;MFG-E071;MFG-E073;MFG-E074;MFG-E075;MFG-E252;MFG-E266,NIST SP 800-115; CIS Controls
Corporate IT,NAS,Recon;Scanning/Enumeration;Vulnerability Assessment;Identity/Auth;Web/API/Application;Validation/Business Impact;Reporting/Retest,AP-001;AP-003;AP-004;AP-006;AP-007;AP-025;AP-027;AP-029;AP-030,T0859;T0886;T0846;T0867;T0890;T0842,"Account compromise and subsequent lateral movement.; Authentication bypass or forensic blind spots.; Credential compromise, enterprise access, data exposure, potential path toward OT.; Delayed detection and response.; Enterprise compromise or data exfiltration.; Enterprise compromise or facility disruption.; OT compromise and plant disruption.; Production outage and recovery disruption.; Unauthorized privileged access and downstream compromise.",Critical; High; Medium-High,"Non-destructive validation by default; active testing only within written authorization, approved scope, testing window, rate limits and rollback/stop conditions.",Written authorization; confirmed scope; test accounts/access; testing window; logging/evidence plan,"Campaign authorization, results, mail controls, user/reporting metrics.; IAM exports, group memberships, MFA/PAM settings, audit logs.; Internet exposure inventory; architecture; auth evidence; logs; validated observations.; Log samples, detection rules, alert evidence, time synchronization.; Network diagrams, ACLs, system configs, vendor access records.; Network diagrams, firewall rules, flow records, packet metadata.; Network paths, EDR controls, backup evidence, IR records.; PKI configs, certificate inventory, time-source evidence, logs.; Routing, host configs, service relationships, logs.",MFG-E011;MFG-E045;MFG-E071;MFG-E073;MFG-E074;MFG-E075;MFG-E230;MFG-E252;MFG-E266,NIST SP 800-115; CIS Controls
Corporate IT,SAN,Recon;Scanning/Enumeration;Vulnerability Assessment;Identity/Auth;Web/API/Application;Validation/Business Impact;Reporting/Retest,AP-001;AP-003;AP-004;AP-006;AP-007;AP-025;AP-027;AP-029;AP-030,T0859;T0886;T0846;T0867;T0890;T0842,"Account compromise and subsequent lateral movement.; Authentication bypass or forensic blind spots.; Credential compromise, enterprise access, data exposure, potential path toward OT.; Delayed detection and response.; Enterprise compromise or data exfiltration.; Enterprise compromise or facility disruption.; OT compromise and plant disruption.; Production outage and recovery disruption.; Unauthorized privileged access and downstream compromise.",Critical; High; Medium-High,"Non-destructive validation by default; active testing only within written authorization, approved scope, testing window, rate limits and rollback/stop conditions.",Written authorization; confirmed scope; test accounts/access; testing window; logging/evidence plan,"Campaign authorization, results, mail controls, user/reporting metrics.; IAM exports, group memberships, MFA/PAM settings, audit logs.; Internet exposure inventory; architecture; auth evidence; logs; validated observations.; Log samples, detection rules, alert evidence, time synchronization.; Network diagrams, ACLs, system configs, vendor access records.; Network diagrams, firewall rules, flow records, packet metadata.; Network paths, EDR controls, backup evidence, IR records.; PKI configs, certificate inventory, time-source evidence, logs.; Routing, host configs, service relationships, logs.",MFG-E011;MFG-E012;MFG-E013;MFG-E017;MFG-E018;MFG-E037;MFG-E042;MFG-E043;MFG-E045;MFG-E071;MFG-E073;MFG-E074;MFG-E075;MFG-E230;MFG-E252;MFG-E266,NIST SP 800-115; CIS Controls
Corporate IT,VMware,Recon;Scanning/Enumeration;Vulnerability Assessment;Identity/Auth;Web/API/Application;Validation/Business Impact;Reporting/Retest,AP-001;AP-003;AP-004;AP-006;AP-007;AP-025;AP-027;AP-029;AP-030,T0859;T0886;T0846;T0867;T0890;T0842,"Account compromise and subsequent lateral movement.; Authentication bypass or forensic blind spots.; Credential compromise, enterprise access, data exposure, potential path toward OT.; Delayed detection and response.; Enterprise compromise or data exfiltration.; Enterprise compromise or facility disruption.; OT compromise and plant disruption.; Production outage and recovery disruption.; Unauthorized privileged access and downstream compromise.",Critical; High; Medium-High,"Non-destructive validation by default; active testing only within written authorization, approved scope, testing window, rate limits and rollback/stop conditions.",Written authorization; confirmed scope; test accounts/access; testing window; logging/evidence plan,"Campaign authorization, results, mail controls, user/reporting metrics.; IAM exports, group memberships, MFA/PAM settings, audit logs.; Internet exposure inventory; architecture; auth evidence; logs; validated observations.; Log samples, detection rules, alert evidence, time synchronization.; Network diagrams, ACLs, system configs, vendor access records.; Network diagrams, firewall rules, flow records, packet metadata.; Network paths, EDR controls, backup evidence, IR records.; PKI configs, certificate inventory, time-source evidence, logs.; Routing, host configs, service relationships, logs.",MFG-E011;MFG-E045;MFG-E071;MFG-E073;MFG-E074;MFG-E075;MFG-E252;MFG-E266,NIST SP 800-115; CIS Controls
Corporate IT,Hyper-V,Recon;Scanning/Enumeration;Vulnerability Assessment;Identity/Auth;Web/API/Application;Validation/Business Impact;Reporting/Retest,AP-001;AP-003;AP-004;AP-006;AP-007;AP-025;AP-027;AP-029;AP-030,T0859;T0886;T0846;T0867;T0890;T0842,"Account compromise and subsequent lateral movement.; Authentication bypass or forensic blind spots.; Credential compromise, enterprise access, data exposure, potential path toward OT.; Delayed detection and response.; Enterprise compromise or data exfiltration.; Enterprise compromise or facility disruption.; OT compromise and plant disruption.; Production outage and recovery disruption.; Unauthorized privileged access and downstream compromise.",Critical; High; Medium-High,"Non-destructive validation by default; active testing only within written authorization, approved scope, testing window, rate limits and rollback/stop conditions.",Written authorization; confirmed scope; test accounts/access; testing window; logging/evidence plan,"Campaign authorization, results, mail controls, user/reporting metrics.; IAM exports, group memberships, MFA/PAM settings, audit logs.; Internet exposure inventory; architecture; auth evidence; logs; validated observations.; Log samples, detection rules, alert evidence, time synchronization.; Network diagrams, ACLs, system configs, vendor access records.; Network diagrams, firewall rules, flow records, packet metadata.; Network paths, EDR controls, backup evidence, IR records.; PKI configs, certificate inventory, time-source evidence, logs.; Routing, host configs, service relationships, logs.",MFG-E011;MFG-E045;MFG-E071;MFG-E073;MFG-E074;MFG-E075;MFG-E252;MFG-E266,NIST SP 800-115; CIS Controls
Corporate IT,KVM,Recon;Scanning/Enumeration;Vulnerability Assessment;Identity/Auth;Web/API/Application;Validation/Business Impact;Reporting/Retest,AP-001;AP-003;AP-004;AP-006;AP-007;AP-025;AP-027;AP-029;AP-030,T0859;T0886;T0846;T0867;T0890;T0842,"Account compromise and subsequent lateral movement.; Authentication bypass or forensic blind spots.; Credential compromise, enterprise access, data exposure, potential path toward OT.; Delayed detection and response.; Enterprise compromise or data exfiltration.; Enterprise compromise or facility disruption.; OT compromise and plant disruption.; Production outage and recovery disruption.; Unauthorized privileged access and downstream compromise.",Critical; High; Medium-High,"Non-destructive validation by default; active testing only within written authorization, approved scope, testing window, rate limits and rollback/stop conditions.",Written authorization; confirmed scope; test accounts/access; testing window; logging/evidence plan,"Campaign authorization, results, mail controls, user/reporting metrics.; IAM exports, group memberships, MFA/PAM settings, audit logs.; Internet exposure inventory; architecture; auth evidence; logs; validated observations.; Log samples, detection rules, alert evidence, time synchronization.; Network diagrams, ACLs, system configs, vendor access records.; Network diagrams, firewall rules, flow records, packet metadata.; Network paths, EDR controls, backup evidence, IR records.; PKI configs, certificate inventory, time-source evidence, logs.; Routing, host configs, service relationships, logs.",MFG-E011;MFG-E045;MFG-E071;MFG-E073;MFG-E074;MFG-E075;MFG-E252;MFG-E266,NIST SP 800-115; CIS Controls
Corporate IT,management servers,Recon;Scanning/Enumeration;Vulnerability Assessment;Identity/Auth;Web/API/Application;Validation/Business Impact;Reporting/Retest,AP-001;AP-003;AP-004;AP-006;AP-007;AP-025;AP-027;AP-029;AP-030,T0859;T0886;T0846;T0867;T0890;T0842,"Account compromise and subsequent lateral movement.; Authentication bypass or forensic blind spots.; Credential compromise, enterprise access, data exposure, potential path toward OT.; Delayed detection and response.; Enterprise compromise or data exfiltration.; Enterprise compromise or facility disruption.; OT compromise and plant disruption.; Production outage and recovery disruption.; Unauthorized privileged access and downstream compromise.",Critical; High; Medium-High,"Non-destructive validation by default; active testing only within written authorization, approved scope, testing window, rate limits and rollback/stop conditions.",Written authorization; confirmed scope; test accounts/access; testing window; logging/evidence plan,"Campaign authorization, results, mail controls, user/reporting metrics.; IAM exports, group memberships, MFA/PAM settings, audit logs.; Internet exposure inventory; architecture; auth evidence; logs; validated observations.; Log samples, detection rules, alert evidence, time synchronization.; Network diagrams, ACLs, system configs, vendor access records.; Network diagrams, firewall rules, flow records, packet metadata.; Network paths, EDR controls, backup evidence, IR records.; PKI configs, certificate inventory, time-source evidence, logs.; Routing, host configs, service relationships, logs.",MFG-E011;MFG-E045;MFG-E071;MFG-E073;MFG-E074;MFG-E075;MFG-E097;MFG-E252;MFG-E266,NIST SP 800-115; CIS Controls
Corporate IT,patch-management,Recon;Scanning/Enumeration;Vulnerability Assessment;Identity/Auth;Web/API/Application;Validation/Business Impact;Reporting/Retest,AP-001;AP-003;AP-004;AP-006;AP-007;AP-025;AP-027;AP-029;AP-030,T0859;T0886;T0846;T0867;T0890;T0842,"Account compromise and subsequent lateral movement.; Authentication bypass or forensic blind spots.; Credential compromise, enterprise access, data exposure, potential path toward OT.; Delayed detection and response.; Enterprise compromise or data exfiltration.; Enterprise compromise or facility disruption.; OT compromise and plant disruption.; Production outage and recovery disruption.; Unauthorized privileged access and downstream compromise.",Critical; High; Medium-High,"Non-destructive validation by default; active testing only within written authorization, approved scope, testing window, rate limits and rollback/stop conditions.",Written authorization; confirmed scope; test accounts/access; testing window; logging/evidence plan,"Campaign authorization, results, mail controls, user/reporting metrics.; IAM exports, group memberships, MFA/PAM settings, audit logs.; Internet exposure inventory; architecture; auth evidence; logs; validated observations.; Log samples, detection rules, alert evidence, time synchronization.; Network diagrams, ACLs, system configs, vendor access records.; Network diagrams, firewall rules, flow records, packet metadata.; Network paths, EDR controls, backup evidence, IR records.; PKI configs, certificate inventory, time-source evidence, logs.; Routing, host configs, service relationships, logs.",MFG-E011;MFG-E045;MFG-E071;MFG-E073;MFG-E074;MFG-E075;MFG-E169;MFG-E241;MFG-E252;MFG-E266;MFG-X330,NIST SP 800-115; CIS Controls
Corporate IT,software-deployment,Recon;Scanning/Enumeration;Vulnerability Assessment;Identity/Auth;Web/API/Application;Validation/Business Impact;Reporting/Retest,AP-001;AP-003;AP-004;AP-006;AP-007;AP-025;AP-027;AP-029;AP-030,T0859;T0886;T0846;T0867;T0890;T0842,"Account compromise and subsequent lateral movement.; Authentication bypass or forensic blind spots.; Credential compromise, enterprise access, data exposure, potential path toward OT.; Delayed detection and response.; Enterprise compromise or data exfiltration.; Enterprise compromise or facility disruption.; OT compromise and plant disruption.; Production outage and recovery disruption.; Unauthorized privileged access and downstream compromise.",Critical; High; Medium-High,"Non-destructive validation by default; active testing only within written authorization, approved scope, testing window, rate limits and rollback/stop conditions.",Written authorization; confirmed scope; test accounts/access; testing window; logging/evidence plan,"Campaign authorization, results, mail controls, user/reporting metrics.; IAM exports, group memberships, MFA/PAM settings, audit logs.; Internet exposure inventory; architecture; auth evidence; logs; validated observations.; Log samples, detection rules, alert evidence, time synchronization.; Network diagrams, ACLs, system configs, vendor access records.; Network diagrams, firewall rules, flow records, packet metadata.; Network paths, EDR controls, backup evidence, IR records.; PKI configs, certificate inventory, time-source evidence, logs.; Routing, host configs, service relationships, logs.",MFG-E011;MFG-E045;MFG-E071;MFG-E073;MFG-E074;MFG-E075;MFG-E252;MFG-E266,NIST SP 800-115; CIS Controls
Corporate IT,MDM,Recon;Scanning/Enumeration;Vulnerability Assessment;Identity/Auth;Web/API/Application;Validation/Business Impact;Reporting/Retest,AP-001;AP-003;AP-004;AP-006;AP-007;AP-025;AP-027;AP-029;AP-030,T0859;T0886;T0846;T0867;T0890;T0842,"Account compromise and subsequent lateral movement.; Authentication bypass or forensic blind spots.; Credential compromise, enterprise access, data exposure, potential path toward OT.; Delayed detection and response.; Enterprise compromise or data exfiltration.; Enterprise compromise or facility disruption.; OT compromise and plant disruption.; Production outage and recovery disruption.; Unauthorized privileged access and downstream compromise.",Critical; High; Medium-High,"Non-destructive validation by default; active testing only within written authorization, approved scope, testing window, rate limits and rollback/stop conditions.",Written authorization; confirmed scope; test accounts/access; testing window; logging/evidence plan,"Campaign authorization, results, mail controls, user/reporting metrics.; IAM exports, group memberships, MFA/PAM settings, audit logs.; Internet exposure inventory; architecture; auth evidence; logs; validated observations.; Log samples, detection rules, alert evidence, time synchronization.; Network diagrams, ACLs, system configs, vendor access records.; Network diagrams, firewall rules, flow records, packet metadata.; Network paths, EDR controls, backup evidence, IR records.; PKI configs, certificate inventory, time-source evidence, logs.; Routing, host configs, service relationships, logs.",MFG-E011;MFG-E045;MFG-E071;MFG-E073;MFG-E074;MFG-E075;MFG-E252;MFG-E266,NIST SP 800-115; CIS Controls
Enterprise & Business Applications,ERP,Recon;Scanning/Enumeration;Vulnerability Assessment;Identity/Auth;Web/API/Application;Validation/Business Impact;Reporting/Retest,AP-003;AP-020;AP-021;AP-025;AP-038,T0859;T0871;T0811;T0846;T0866,"Bad product decisions, recall/compliance impact.; Cross-system unauthorized actions/data access.; Production outage and recovery disruption.; Production/quality/inventory manipulation.; Unauthorized privileged access and downstream compromise.",Critical; High,"Non-destructive validation by default; active testing only within written authorization, approved scope, testing window, rate limits and rollback/stop conditions.",Written authorization; confirmed scope; test accounts/access; testing window; logging/evidence plan,"API logs, role matrices, interface configs, transaction evidence.; IAM exports, group memberships, MFA/PAM settings, audit logs.; Network paths, EDR controls, backup evidence, IR records.; Requests/responses, API specs, auth policies, logs.; Transaction/audit logs, role matrices, integrity checks.",MFG-E011;MFG-E016;MFG-E027;MFG-E045;MFG-E071;MFG-E097;MFG-E110;MFG-E117;MFG-E118;MFG-E119;MFG-E120;MFG-E127;MFG-E128;MFG-E252;MFG-E266;MFG-X305;MFG-X318,NIST SP 800-115; OWASP WSTG; OWASP Top 10; OWASP API Security Top 10
Enterprise & Business Applications,SAP,Recon;Scanning/Enumeration;Vulnerability Assessment;Identity/Auth;Web/API/Application;Validation/Business Impact;Reporting/Retest,AP-003;AP-020;AP-021;AP-025;AP-038,T0859;T0871;T0811;T0846;T0866,"Bad product decisions, recall/compliance impact.; Cross-system unauthorized actions/data access.; Production outage and recovery disruption.; Production/quality/inventory manipulation.; Unauthorized privileged access and downstream compromise.",Critical; High,"Non-destructive validation by default; active testing only within written authorization, approved scope, testing window, rate limits and rollback/stop conditions.",Written authorization; confirmed scope; test accounts/access; testing window; logging/evidence plan,"API logs, role matrices, interface configs, transaction evidence.; IAM exports, group memberships, MFA/PAM settings, audit logs.; Network paths, EDR controls, backup evidence, IR records.; Requests/responses, API specs, auth policies, logs.; Transaction/audit logs, role matrices, integrity checks.",MFG-E011;MFG-E016;MFG-E027;MFG-E045;MFG-E071;MFG-E110;MFG-E117;MFG-E118;MFG-E119;MFG-E120;MFG-E127;MFG-E128;MFG-E252;MFG-E266;MFG-X305;MFG-X318,NIST SP 800-115; OWASP WSTG; OWASP Top 10; OWASP API Security Top 10
Enterprise & Business Applications,SAP HANA,Recon;Scanning/Enumeration;Vulnerability Assessment;Identity/Auth;Web/API/Application;Validation/Business Impact;Reporting/Retest,AP-003;AP-020;AP-021;AP-025;AP-038,T0859;T0871;T0811;T0846;T0866,"Bad product decisions, recall/compliance impact.; Cross-system unauthorized actions/data access.; Production outage and recovery disruption.; Production/quality/inventory manipulation.; Unauthorized privileged access and downstream compromise.",Critical; High,"Non-destructive validation by default; active testing only within written authorization, approved scope, testing window, rate limits and rollback/stop conditions.",Written authorization; confirmed scope; test accounts/access; testing window; logging/evidence plan,"API logs, role matrices, interface configs, transaction evidence.; IAM exports, group memberships, MFA/PAM settings, audit logs.; Network paths, EDR controls, backup evidence, IR records.; Requests/responses, API specs, auth policies, logs.; Transaction/audit logs, role matrices, integrity checks.",MFG-E011;MFG-E016;MFG-E027;MFG-E045;MFG-E071;MFG-E110;MFG-E117;MFG-E118;MFG-E119;MFG-E120;MFG-E127;MFG-E128;MFG-E252;MFG-E266;MFG-X305;MFG-X318,NIST SP 800-115; OWASP WSTG; OWASP Top 10; OWASP API Security Top 10
Enterprise & Business Applications,Oracle ERP,Recon;Scanning/Enumeration;Vulnerability Assessment;Identity/Auth;Web/API/Application;Validation/Business Impact;Reporting/Retest,AP-003;AP-020;AP-021;AP-025;AP-038,T0859;T0871;T0811;T0846;T0866,"Bad product decisions, recall/compliance impact.; Cross-system unauthorized actions/data access.; Production outage and recovery disruption.; Production/quality/inventory manipulation.; Unauthorized privileged access and downstream compromise.",Critical; High,"Non-destructive validation by default; active testing only within written authorization, approved scope, testing window, rate limits and rollback/stop conditions.",Written authorization; confirmed scope; test accounts/access; testing window; logging/evidence plan,"API logs, role matrices, interface configs, transaction evidence.; IAM exports, group memberships, MFA/PAM settings, audit logs.; Network paths, EDR controls, backup evidence, IR records.; Requests/responses, API specs, auth policies, logs.; Transaction/audit logs, role matrices, integrity checks.",MFG-E011;MFG-E016;MFG-E027;MFG-E045;MFG-E071;MFG-E097;MFG-E110;MFG-E117;MFG-E118;MFG-E119;MFG-E120;MFG-E127;MFG-E128;MFG-E252;MFG-E266;MFG-X305;MFG-X318,NIST SP 800-115; OWASP WSTG; OWASP Top 10; OWASP API Security Top 10
Enterprise & Business Applications,Dynamics,Recon;Scanning/Enumeration;Vulnerability Assessment;Identity/Auth;Web/API/Application;Validation/Business Impact;Reporting/Retest,AP-003;AP-020;AP-021;AP-025;AP-038,T0859;T0871;T0811;T0846;T0866,"Bad product decisions, recall/compliance impact.; Cross-system unauthorized actions/data access.; Production outage and recovery disruption.; Production/quality/inventory manipulation.; Unauthorized privileged access and downstream compromise.",Critical; High,"Non-destructive validation by default; active testing only within written authorization, approved scope, testing window, rate limits and rollback/stop conditions.",Written authorization; confirmed scope; test accounts/access; testing window; logging/evidence plan,"API logs, role matrices, interface configs, transaction evidence.; IAM exports, group memberships, MFA/PAM settings, audit logs.; Network paths, EDR controls, backup evidence, IR records.; Requests/responses, API specs, auth policies, logs.; Transaction/audit logs, role matrices, integrity checks.",MFG-E011;MFG-E045;MFG-E071;MFG-E118;MFG-E119;MFG-E120;MFG-E252;MFG-E266,NIST SP 800-115; OWASP WSTG; OWASP Top 10; OWASP API Security Top 10
Enterprise & Business Applications,CRM,Recon;Scanning/Enumeration;Vulnerability Assessment;Identity/Auth;Web/API/Application;Validation/Business Impact;Reporting/Retest,AP-003;AP-020;AP-021;AP-025;AP-038,T0859;T0871;T0811;T0846;T0866,"Bad product decisions, recall/compliance impact.; Cross-system unauthorized actions/data access.; Production outage and recovery disruption.; Production/quality/inventory manipulation.; Unauthorized privileged access and downstream compromise.",Critical; High,"Non-destructive validation by default; active testing only within written authorization, approved scope, testing window, rate limits and rollback/stop conditions.",Written authorization; confirmed scope; test accounts/access; testing window; logging/evidence plan,"API logs, role matrices, interface configs, transaction evidence.; IAM exports, group memberships, MFA/PAM settings, audit logs.; Network paths, EDR controls, backup evidence, IR records.; Requests/responses, API specs, auth policies, logs.; Transaction/audit logs, role matrices, integrity checks.",MFG-E011;MFG-E033;MFG-E045;MFG-E071;MFG-E117;MFG-E118;MFG-E119;MFG-E120;MFG-E133;MFG-E252;MFG-E266,NIST SP 800-115; OWASP WSTG; OWASP Top 10; OWASP API Security Top 10
Enterprise & Business Applications,HRMS,Recon;Scanning/Enumeration;Vulnerability Assessment;Identity/Auth;Web/API/Application;Validation/Business Impact;Reporting/Retest,AP-003;AP-020;AP-021;AP-025;AP-038,T0859;T0871;T0811;T0846;T0866,"Bad product decisions, recall/compliance impact.; Cross-system unauthorized actions/data access.; Production outage and recovery disruption.; Production/quality/inventory manipulation.; Unauthorized privileged access and downstream compromise.",Critical; High,"Non-destructive validation by default; active testing only within written authorization, approved scope, testing window, rate limits and rollback/stop conditions.",Written authorization; confirmed scope; test accounts/access; testing window; logging/evidence plan,"API logs, role matrices, interface configs, transaction evidence.; IAM exports, group memberships, MFA/PAM settings, audit logs.; Network paths, EDR controls, backup evidence, IR records.; Requests/responses, API specs, auth policies, logs.; Transaction/audit logs, role matrices, integrity checks.",MFG-E011;MFG-E034;MFG-E045;MFG-E071;MFG-E117;MFG-E118;MFG-E119;MFG-E120;MFG-E134;MFG-E252;MFG-E266,NIST SP 800-115; OWASP WSTG; OWASP Top 10; OWASP API Security Top 10
Enterprise & Business Applications,finance systems,Recon;Scanning/Enumeration;Vulnerability Assessment;Identity/Auth;Web/API/Application;Validation/Business Impact;Reporting/Retest,AP-003;AP-020;AP-021;AP-025;AP-038,T0859;T0871;T0811;T0846;T0866,"Bad product decisions, recall/compliance impact.; Cross-system unauthorized actions/data access.; Production outage and recovery disruption.; Production/quality/inventory manipulation.; Unauthorized privileged access and downstream compromise.",Critical; High,"Non-destructive validation by default; active testing only within written authorization, approved scope, testing window, rate limits and rollback/stop conditions.",Written authorization; confirmed scope; test accounts/access; testing window; logging/evidence plan,"API logs, role matrices, interface configs, transaction evidence.; IAM exports, group memberships, MFA/PAM settings, audit logs.; Network paths, EDR controls, backup evidence, IR records.; Requests/responses, API specs, auth policies, logs.; Transaction/audit logs, role matrices, integrity checks.",MFG-E011;MFG-E045;MFG-E071;MFG-E118;MFG-E119;MFG-E120;MFG-E252;MFG-E266,NIST SP 800-115; OWASP WSTG; OWASP Top 10; OWASP API Security Top 10
Enterprise & Business Applications,procurement systems,Recon;Scanning/Enumeration;Vulnerability Assessment;Identity/Auth;Web/API/Application;Validation/Business Impact;Reporting/Retest,AP-003;AP-020;AP-021;AP-025;AP-038,T0859;T0871;T0811;T0846;T0866,"Bad product decisions, recall/compliance impact.; Cross-system unauthorized actions/data access.; Production outage and recovery disruption.; Production/quality/inventory manipulation.; Unauthorized privileged access and downstream compromise.",Critical; High,"Non-destructive validation by default; active testing only within written authorization, approved scope, testing window, rate limits and rollback/stop conditions.",Written authorization; confirmed scope; test accounts/access; testing window; logging/evidence plan,"API logs, role matrices, interface configs, transaction evidence.; IAM exports, group memberships, MFA/PAM settings, audit logs.; Network paths, EDR controls, backup evidence, IR records.; Requests/responses, API specs, auth policies, logs.; Transaction/audit logs, role matrices, integrity checks.",MFG-E011;MFG-E045;MFG-E071;MFG-E118;MFG-E119;MFG-E120;MFG-E252;MFG-E266,NIST SP 800-115; OWASP WSTG; OWASP Top 10; OWASP API Security Top 10
Enterprise & Business Applications,supply-chain systems,Recon;Scanning/Enumeration;Vulnerability Assessment;Identity/Auth;Web/API/Application;Validation/Business Impact;Reporting/Retest,AP-003;AP-020;AP-021;AP-025;AP-038;AP-031,T0859;T0871;T0811;T0846;T0866,"Bad product decisions, recall/compliance impact.; Cross-system unauthorized actions/data access.; Incorrect predictions, IP/data exposure, operational decisions affected.; Production outage and recovery disruption.; Production/quality/inventory manipulation.; Unauthorized privileged access and downstream compromise.",Critical; High,"Non-destructive validation by default; active testing only within written authorization, approved scope, testing window, rate limits and rollback/stop conditions.",Written authorization; confirmed scope; test accounts/access; testing window; logging/evidence plan,"API logs, role matrices, interface configs, transaction evidence.; IAM exports, group memberships, MFA/PAM settings, audit logs.; Model/data lineage, API logs, IAM, deployment evidence.; Network paths, EDR controls, backup evidence, IR records.; Requests/responses, API specs, auth policies, logs.; Transaction/audit logs, role matrices, integrity checks.",MFG-E011;MFG-E043;MFG-E045;MFG-E071;MFG-E118;MFG-E119;MFG-E120;MFG-E208;MFG-E209;MFG-E252;MFG-E263;MFG-E266;MFG-X454,NIST SP 800-115; OWASP WSTG; OWASP Top 10; OWASP API Security Top 10
Enterprise & Business Applications,document management,Recon;Scanning/Enumeration;Vulnerability Assessment;Identity/Auth;Web/API/Application;Validation/Business Impact;Reporting/Retest,AP-003;AP-020;AP-021;AP-025;AP-038,T0859;T0871;T0811;T0846;T0866,"Bad product decisions, recall/compliance impact.; Cross-system unauthorized actions/data access.; Production outage and recovery disruption.; Production/quality/inventory manipulation.; Unauthorized privileged access and downstream compromise.",Critical; High,"Non-destructive validation by default; active testing only within written authorization, approved scope, testing window, rate limits and rollback/stop conditions.",Written authorization; confirmed scope; test accounts/access; testing window; logging/evidence plan,"API logs, role matrices, interface configs, transaction evidence.; IAM exports, group memberships, MFA/PAM settings, audit logs.; Network paths, EDR controls, backup evidence, IR records.; Requests/responses, API specs, auth policies, logs.; Transaction/audit logs, role matrices, integrity checks.",MFG-E011;MFG-E045;MFG-E071;MFG-E118;MFG-E119;MFG-E120;MFG-E143;MFG-E252;MFG-E266,NIST SP 800-115; OWASP WSTG; OWASP Top 10; OWASP API Security Top 10
Enterprise & Business Applications,collaboration,Recon;Scanning/Enumeration;Vulnerability Assessment;Identity/Auth;Web/API/Application;Validation/Business Impact;Reporting/Retest,AP-003;AP-020;AP-021;AP-025;AP-038,T0859;T0871;T0811;T0846;T0866,"Bad product decisions, recall/compliance impact.; Cross-system unauthorized actions/data access.; Production outage and recovery disruption.; Production/quality/inventory manipulation.; Unauthorized privileged access and downstream compromise.",Critical; High,"Non-destructive validation by default; active testing only within written authorization, approved scope, testing window, rate limits and rollback/stop conditions.",Written authorization; confirmed scope; test accounts/access; testing window; logging/evidence plan,"API logs, role matrices, interface configs, transaction evidence.; IAM exports, group memberships, MFA/PAM settings, audit logs.; Network paths, EDR controls, backup evidence, IR records.; Requests/responses, API specs, auth policies, logs.; Transaction/audit logs, role matrices, integrity checks.",MFG-E011;MFG-E045;MFG-E071;MFG-E118;MFG-E119;MFG-E120;MFG-E252;MFG-E266,NIST SP 800-115; OWASP WSTG; OWASP Top 10; OWASP API Security Top 10
Enterprise & Business Applications,email,Recon;Scanning/Enumeration;Vulnerability Assessment;Identity/Auth;Web/API/Application;Validation/Business Impact;Reporting/Retest,AP-003;AP-020;AP-021;AP-025;AP-038;AP-031,T0859;T0871;T0811;T0846;T0866,"Bad product decisions, recall/compliance impact.; Cross-system unauthorized actions/data access.; Incorrect predictions, IP/data exposure, operational decisions affected.; Production outage and recovery disruption.; Production/quality/inventory manipulation.; Unauthorized privileged access and downstream compromise.",Critical; High,"Non-destructive validation by default; active testing only within written authorization, approved scope, testing window, rate limits and rollback/stop conditions.",Written authorization; confirmed scope; test accounts/access; testing window; logging/evidence plan,"API logs, role matrices, interface configs, transaction evidence.; IAM exports, group memberships, MFA/PAM settings, audit logs.; Model/data lineage, API logs, IAM, deployment evidence.; Network paths, EDR controls, backup evidence, IR records.; Requests/responses, API specs, auth policies, logs.; Transaction/audit logs, role matrices, integrity checks.",MFG-E011;MFG-E018;MFG-E045;MFG-E071;MFG-E118;MFG-E119;MFG-E120;MFG-E252;MFG-E266;MFG-X347,NIST SP 800-115; OWASP WSTG; OWASP Top 10; OWASP API Security Top 10
Enterprise & Business Applications,Microsoft 365/Google Workspace,Recon;Scanning/Enumeration;Vulnerability Assessment;Identity/Auth;Web/API/Application;Validation/Business Impact;Reporting/Retest,AP-003;AP-020;AP-021;AP-025;AP-038;AP-011;AP-012;AP-013,T0859;T0871;T0811;T0846;T0866,"Bad product decisions, recall/compliance impact.; Cross-system unauthorized actions/data access.; Loss of control, production impact, safety impact.; Loss of view/control and delayed response.; Process manipulation or hidden telemetry.; Production outage and recovery disruption.; Production/quality/inventory manipulation.; Unauthorized privileged access and downstream compromise.",Critical; High,"Non-destructive validation by default; active testing only within written authorization, approved scope, testing window, rate limits and rollback/stop conditions.",Written authorization; confirmed scope; test accounts/access; testing window; logging/evidence plan,"API logs, role matrices, interface configs, transaction evidence.; Controller config, project backup, change logs, access logs.; HMI config, sessions, logs, screen evidence.; IAM exports, group memberships, MFA/PAM settings, audit logs.; Network paths, EDR controls, backup evidence, IR records.; Protocol inventory, packet metadata/captures, ACLs, control documentation.; Requests/responses, API specs, auth policies, logs.; Transaction/audit logs, role matrices, integrity checks.",MFG-E011;MFG-E045;MFG-E071;MFG-E118;MFG-E119;MFG-E120;MFG-E252;MFG-E266,NIST SP 800-115; OWASP WSTG; OWASP Top 10; OWASP API Security Top 10
Manufacturing Operations,MES,Recon;Scanning/Enumeration;Vulnerability Assessment;Identity/Auth;Web/API/Application;Validation/Business Impact;Reporting/Retest,AP-020;AP-021;AP-038;AP-039;AP-025;AP-006,T0871;T0859;T0811;T0832;T0826,"Bad product decisions, recall/compliance impact.; Cross-system unauthorized actions/data access.; Material flow interruption and production delay.; OT compromise and plant disruption.; Production outage and recovery disruption.; Production/quality/inventory manipulation.",Critical; High,"Non-destructive validation by default; active testing only within written authorization, approved scope, testing window, rate limits and rollback/stop conditions.",Written authorization; confirmed scope; test accounts/access; testing window; logging/evidence plan,"API logs, role matrices, interface configs, transaction evidence.; Network diagrams, firewall rules, flow records, packet metadata.; Network paths, EDR controls, backup evidence, IR records.; Requests/responses, API specs, auth policies, logs.; Transaction/audit logs, role matrices, integrity checks.; Workflow logs, device inventory, API evidence.",MFG-E011;MFG-E028;MFG-E045;MFG-E071;MFG-E097;MFG-E111;MFG-E117;MFG-E121;MFG-E122;MFG-E123;MFG-E129;MFG-E140;MFG-E252;MFG-E266,NIST SP 800-115; OWASP WSTG; OWASP Top 10; OWASP API Security Top 10
Manufacturing Operations,MOM,Recon;Scanning/Enumeration;Vulnerability Assessment;Identity/Auth;Web/API/Application;Validation/Business Impact;Reporting/Retest,AP-020;AP-021;AP-038;AP-039;AP-025;AP-006,T0871;T0859;T0811;T0832;T0826,"Bad product decisions, recall/compliance impact.; Cross-system unauthorized actions/data access.; Material flow interruption and production delay.; OT compromise and plant disruption.; Production outage and recovery disruption.; Production/quality/inventory manipulation.",Critical; High,"Non-destructive validation by default; active testing only within written authorization, approved scope, testing window, rate limits and rollback/stop conditions.",Written authorization; confirmed scope; test accounts/access; testing window; logging/evidence plan,"API logs, role matrices, interface configs, transaction evidence.; Network diagrams, firewall rules, flow records, packet metadata.; Network paths, EDR controls, backup evidence, IR records.; Requests/responses, API specs, auth policies, logs.; Transaction/audit logs, role matrices, integrity checks.; Workflow logs, device inventory, API evidence.",MFG-E011;MFG-E028;MFG-E045;MFG-E071;MFG-E121;MFG-E122;MFG-E123;MFG-E252;MFG-E266,NIST SP 800-115; OWASP WSTG; OWASP Top 10; OWASP API Security Top 10
Manufacturing Operations,QMS,Recon;Scanning/Enumeration;Vulnerability Assessment;Identity/Auth;Web/API/Application;Validation/Business Impact;Reporting/Retest,AP-020;AP-021;AP-038;AP-039;AP-025;AP-006,T0871;T0859;T0811;T0832;T0826,"Bad product decisions, recall/compliance impact.; Cross-system unauthorized actions/data access.; Material flow interruption and production delay.; OT compromise and plant disruption.; Production outage and recovery disruption.; Production/quality/inventory manipulation.",Critical; High,"Non-destructive validation by default; active testing only within written authorization, approved scope, testing window, rate limits and rollback/stop conditions.",Written authorization; confirmed scope; test accounts/access; testing window; logging/evidence plan,"API logs, role matrices, interface configs, transaction evidence.; Network diagrams, firewall rules, flow records, packet metadata.; Network paths, EDR controls, backup evidence, IR records.; Requests/responses, API specs, auth policies, logs.; Transaction/audit logs, role matrices, integrity checks.; Workflow logs, device inventory, API evidence.",MFG-E011;MFG-E029;MFG-E045;MFG-E071;MFG-E097;MFG-E111;MFG-E117;MFG-E121;MFG-E122;MFG-E123;MFG-E130;MFG-E252;MFG-E266,NIST SP 800-115; OWASP WSTG; OWASP Top 10; OWASP API Security Top 10
Manufacturing Operations,WMS,Recon;Scanning/Enumeration;Vulnerability Assessment;Identity/Auth;Web/API/Application;Validation/Business Impact;Reporting/Retest,AP-020;AP-021;AP-038;AP-039;AP-025;AP-006,T0871;T0859;T0811;T0832;T0826,"Bad product decisions, recall/compliance impact.; Cross-system unauthorized actions/data access.; Material flow interruption and production delay.; OT compromise and plant disruption.; Production outage and recovery disruption.; Production/quality/inventory manipulation.",Critical; High,"Non-destructive validation by default; active testing only within written authorization, approved scope, testing window, rate limits and rollback/stop conditions.",Written authorization; confirmed scope; test accounts/access; testing window; logging/evidence plan,"API logs, role matrices, interface configs, transaction evidence.; Network diagrams, firewall rules, flow records, packet metadata.; Network paths, EDR controls, backup evidence, IR records.; Requests/responses, API specs, auth policies, logs.; Transaction/audit logs, role matrices, integrity checks.; Workflow logs, device inventory, API evidence.",MFG-E011;MFG-E030;MFG-E045;MFG-E071;MFG-E097;MFG-E117;MFG-E121;MFG-E122;MFG-E123;MFG-E131;MFG-E252;MFG-E266,NIST SP 800-115; OWASP WSTG; OWASP Top 10; OWASP API Security Top 10
Manufacturing Operations,CMMS,Recon;Scanning/Enumeration;Vulnerability Assessment;Identity/Auth;Web/API/Application;Validation/Business Impact;Reporting/Retest,AP-020;AP-021;AP-038;AP-039;AP-025;AP-006,T0871;T0859;T0811;T0832;T0826,"Bad product decisions, recall/compliance impact.; Cross-system unauthorized actions/data access.; Material flow interruption and production delay.; OT compromise and plant disruption.; Production outage and recovery disruption.; Production/quality/inventory manipulation.",Critical; High,"Non-destructive validation by default; active testing only within written authorization, approved scope, testing window, rate limits and rollback/stop conditions.",Written authorization; confirmed scope; test accounts/access; testing window; logging/evidence plan,"API logs, role matrices, interface configs, transaction evidence.; Network diagrams, firewall rules, flow records, packet metadata.; Network paths, EDR controls, backup evidence, IR records.; Requests/responses, API specs, auth policies, logs.; Transaction/audit logs, role matrices, integrity checks.; Workflow logs, device inventory, API evidence.",MFG-E011;MFG-E031;MFG-E045;MFG-E071;MFG-E097;MFG-E117;MFG-E121;MFG-E122;MFG-E123;MFG-E132;MFG-E252;MFG-E266,NIST SP 800-115; OWASP WSTG; OWASP Top 10; OWASP API Security Top 10
Manufacturing Operations,LIMS,Recon;Scanning/Enumeration;Vulnerability Assessment;Identity/Auth;Web/API/Application;Validation/Business Impact;Reporting/Retest,AP-020;AP-021;AP-038;AP-039;AP-025;AP-006,T0871;T0859;T0811;T0832;T0826,"Bad product decisions, recall/compliance impact.; Cross-system unauthorized actions/data access.; Material flow interruption and production delay.; OT compromise and plant disruption.; Production outage and recovery disruption.; Production/quality/inventory manipulation.",Critical; High,"Non-destructive validation by default; active testing only within written authorization, approved scope, testing window, rate limits and rollback/stop conditions.",Written authorization; confirmed scope; test accounts/access; testing window; logging/evidence plan,"API logs, role matrices, interface configs, transaction evidence.; Network diagrams, firewall rules, flow records, packet metadata.; Network paths, EDR controls, backup evidence, IR records.; Requests/responses, API specs, auth policies, logs.; Transaction/audit logs, role matrices, integrity checks.; Workflow logs, device inventory, API evidence.",MFG-E011;MFG-E045;MFG-E071;MFG-E121;MFG-E122;MFG-E123;MFG-E252;MFG-E266,NIST SP 800-115; OWASP WSTG; OWASP Top 10; OWASP API Security Top 10
Manufacturing Operations,SCM,Recon;Scanning/Enumeration;Vulnerability Assessment;Identity/Auth;Web/API/Application;Validation/Business Impact;Reporting/Retest,AP-020;AP-021;AP-038;AP-039;AP-025;AP-006,T0871;T0859;T0811;T0832;T0826,"Bad product decisions, recall/compliance impact.; Cross-system unauthorized actions/data access.; Material flow interruption and production delay.; OT compromise and plant disruption.; Production outage and recovery disruption.; Production/quality/inventory manipulation.",Critical; High,"Non-destructive validation by default; active testing only within written authorization, approved scope, testing window, rate limits and rollback/stop conditions.",Written authorization; confirmed scope; test accounts/access; testing window; logging/evidence plan,"API logs, role matrices, interface configs, transaction evidence.; Network diagrams, firewall rules, flow records, packet metadata.; Network paths, EDR controls, backup evidence, IR records.; Requests/responses, API specs, auth policies, logs.; Transaction/audit logs, role matrices, integrity checks.; Workflow logs, device inventory, API evidence.",MFG-E011;MFG-E032;MFG-E045;MFG-E071;MFG-E121;MFG-E122;MFG-E123;MFG-E252;MFG-E266,NIST SP 800-115; OWASP WSTG; OWASP Top 10; OWASP API Security Top 10
Manufacturing Operations,production scheduling,Recon;Scanning/Enumeration;Vulnerability Assessment;Identity/Auth;Web/API/Application;Validation/Business Impact;Reporting/Retest,AP-020;AP-021;AP-038;AP-039;AP-025;AP-006,T0871;T0859;T0811;T0832;T0826,"Bad product decisions, recall/compliance impact.; Cross-system unauthorized actions/data access.; Material flow interruption and production delay.; OT compromise and plant disruption.; Production outage and recovery disruption.; Production/quality/inventory manipulation.",Critical; High,"Non-destructive validation by default; active testing only within written authorization, approved scope, testing window, rate limits and rollback/stop conditions.",Written authorization; confirmed scope; test accounts/access; testing window; logging/evidence plan,"API logs, role matrices, interface configs, transaction evidence.; Network diagrams, firewall rules, flow records, packet metadata.; Network paths, EDR controls, backup evidence, IR records.; Requests/responses, API specs, auth policies, logs.; Transaction/audit logs, role matrices, integrity checks.; Workflow logs, device inventory, API evidence.",MFG-E011;MFG-E045;MFG-E071;MFG-E121;MFG-E122;MFG-E123;MFG-E252;MFG-E266,NIST SP 800-115; OWASP WSTG; OWASP Top 10; OWASP API Security Top 10
Manufacturing Operations,OEE,Recon;Scanning/Enumeration;Vulnerability Assessment;Identity/Auth;Web/API/Application;Validation/Business Impact;Reporting/Retest,AP-020;AP-021;AP-038;AP-039;AP-025;AP-006,T0871;T0859;T0811;T0832;T0826,"Bad product decisions, recall/compliance impact.; Cross-system unauthorized actions/data access.; Material flow interruption and production delay.; OT compromise and plant disruption.; Production outage and recovery disruption.; Production/quality/inventory manipulation.",Critical; High,"Non-destructive validation by default; active testing only within written authorization, approved scope, testing window, rate limits and rollback/stop conditions.",Written authorization; confirmed scope; test accounts/access; testing window; logging/evidence plan,"API logs, role matrices, interface configs, transaction evidence.; Network diagrams, firewall rules, flow records, packet metadata.; Network paths, EDR controls, backup evidence, IR records.; Requests/responses, API specs, auth policies, logs.; Transaction/audit logs, role matrices, integrity checks.; Workflow logs, device inventory, API evidence.",MFG-E011;MFG-E045;MFG-E071;MFG-E121;MFG-E122;MFG-E123;MFG-E252;MFG-E266,NIST SP 800-115; OWASP WSTG; OWASP Top 10; OWASP API Security Top 10
Manufacturing Operations,traceability,Recon;Scanning/Enumeration;Vulnerability Assessment;Identity/Auth;Web/API/Application;Validation/Business Impact;Reporting/Retest,AP-020;AP-021;AP-038;AP-039;AP-025;AP-006,T0871;T0859;T0811;T0832;T0826,"Bad product decisions, recall/compliance impact.; Cross-system unauthorized actions/data access.; Material flow interruption and production delay.; OT compromise and plant disruption.; Production outage and recovery disruption.; Production/quality/inventory manipulation.",Critical; High,"Non-destructive validation by default; active testing only within written authorization, approved scope, testing window, rate limits and rollback/stop conditions.",Written authorization; confirmed scope; test accounts/access; testing window; logging/evidence plan,"API logs, role matrices, interface configs, transaction evidence.; Network diagrams, firewall rules, flow records, packet metadata.; Network paths, EDR controls, backup evidence, IR records.; Requests/responses, API specs, auth policies, logs.; Transaction/audit logs, role matrices, integrity checks.; Workflow logs, device inventory, API evidence.",MFG-E011;MFG-E045;MFG-E071;MFG-E121;MFG-E122;MFG-E123;MFG-E252;MFG-E266,NIST SP 800-115; OWASP WSTG; OWASP Top 10; OWASP API Security Top 10
Manufacturing Operations,work instructions,Recon;Scanning/Enumeration;Vulnerability Assessment;Identity/Auth;Web/API/Application;Validation/Business Impact;Reporting/Retest,AP-020;AP-021;AP-038;AP-039;AP-025;AP-006,T0871;T0859;T0811;T0832;T0826,"Bad product decisions, recall/compliance impact.; Cross-system unauthorized actions/data access.; Material flow interruption and production delay.; OT compromise and plant disruption.; Production outage and recovery disruption.; Production/quality/inventory manipulation.",Critical; High,"Non-destructive validation by default; active testing only within written authorization, approved scope, testing window, rate limits and rollback/stop conditions.",Written authorization; confirmed scope; test accounts/access; testing window; logging/evidence plan,"API logs, role matrices, interface configs, transaction evidence.; Network diagrams, firewall rules, flow records, packet metadata.; Network paths, EDR controls, backup evidence, IR records.; Requests/responses, API specs, auth policies, logs.; Transaction/audit logs, role matrices, integrity checks.; Workflow logs, device inventory, API evidence.",MFG-E011;MFG-E045;MFG-E071;MFG-E121;MFG-E122;MFG-E123;MFG-E252;MFG-E266;MFG-X466,NIST SP 800-115; OWASP WSTG; OWASP Top 10; OWASP API Security Top 10
Manufacturing Operations,recipe management,Recon;Scanning/Enumeration;Vulnerability Assessment;Identity/Auth;Web/API/Application;Validation/Business Impact;Reporting/Retest,AP-020;AP-021;AP-038;AP-039;AP-025;AP-006,T0871;T0859;T0811;T0832;T0826,"Bad product decisions, recall/compliance impact.; Cross-system unauthorized actions/data access.; Material flow interruption and production delay.; OT compromise and plant disruption.; Production outage and recovery disruption.; Production/quality/inventory manipulation.",Critical; High,"Non-destructive validation by default; active testing only within written authorization, approved scope, testing window, rate limits and rollback/stop conditions.",Written authorization; confirmed scope; test accounts/access; testing window; logging/evidence plan,"API logs, role matrices, interface configs, transaction evidence.; Network diagrams, firewall rules, flow records, packet metadata.; Network paths, EDR controls, backup evidence, IR records.; Requests/responses, API specs, auth policies, logs.; Transaction/audit logs, role matrices, integrity checks.; Workflow logs, device inventory, API evidence.",MFG-E011;MFG-E045;MFG-E071;MFG-E121;MFG-E122;MFG-E123;MFG-E252;MFG-E266,NIST SP 800-115; OWASP WSTG; OWASP Top 10; OWASP API Security Top 10
Manufacturing Operations,quality inspection,Recon;Scanning/Enumeration;Vulnerability Assessment;Identity/Auth;Web/API/Application;Validation/Business Impact;Reporting/Retest,AP-020;AP-021;AP-038;AP-039;AP-025;AP-006,T0871;T0859;T0811;T0832;T0826,"Bad product decisions, recall/compliance impact.; Cross-system unauthorized actions/data access.; Material flow interruption and production delay.; OT compromise and plant disruption.; Production outage and recovery disruption.; Production/quality/inventory manipulation.",Critical; High,"Non-destructive validation by default; active testing only within written authorization, approved scope, testing window, rate limits and rollback/stop conditions.",Written authorization; confirmed scope; test accounts/access; testing window; logging/evidence plan,"API logs, role matrices, interface configs, transaction evidence.; Network diagrams, firewall rules, flow records, packet metadata.; Network paths, EDR controls, backup evidence, IR records.; Requests/responses, API specs, auth policies, logs.; Transaction/audit logs, role matrices, integrity checks.; Workflow logs, device inventory, API evidence.",MFG-E011;MFG-E045;MFG-E071;MFG-E121;MFG-E122;MFG-E123;MFG-E224;MFG-E252;MFG-E266;MFG-X489,NIST SP 800-115; OWASP WSTG; OWASP Top 10; OWASP API Security Top 10
Manufacturing Operations,maintenance systems,Recon;Scanning/Enumeration;Vulnerability Assessment;Identity/Auth;Web/API/Application;Validation/Business Impact;Reporting/Retest,AP-020;AP-021;AP-038;AP-039;AP-025;AP-006;AP-031,T0871;T0859;T0811;T0832;T0826,"Bad product decisions, recall/compliance impact.; Cross-system unauthorized actions/data access.; Incorrect predictions, IP/data exposure, operational decisions affected.; Material flow interruption and production delay.; OT compromise and plant disruption.; Production outage and recovery disruption.; Production/quality/inventory manipulation.",Critical; High,"Non-destructive validation by default; active testing only within written authorization, approved scope, testing window, rate limits and rollback/stop conditions.",Written authorization; confirmed scope; test accounts/access; testing window; logging/evidence plan,"API logs, role matrices, interface configs, transaction evidence.; Model/data lineage, API logs, IAM, deployment evidence.; Network diagrams, firewall rules, flow records, packet metadata.; Network paths, EDR controls, backup evidence, IR records.; Requests/responses, API specs, auth policies, logs.; Transaction/audit logs, role matrices, integrity checks.; Workflow logs, device inventory, API evidence.",MFG-E011;MFG-E045;MFG-E071;MFG-E121;MFG-E122;MFG-E123;MFG-E252;MFG-E266;MFG-X478,NIST SP 800-115; OWASP WSTG; OWASP Top 10; OWASP API Security Top 10
Manufacturing Operations,electronic batch records,Recon;Scanning/Enumeration;Vulnerability Assessment;Identity/Auth;Web/API/Application;Validation/Business Impact;Reporting/Retest,AP-020;AP-021;AP-038;AP-039;AP-025;AP-006,T0871;T0859;T0811;T0832;T0826,"Bad product decisions, recall/compliance impact.; Cross-system unauthorized actions/data access.; Material flow interruption and production delay.; OT compromise and plant disruption.; Production outage and recovery disruption.; Production/quality/inventory manipulation.",Critical; High,"Non-destructive validation by default; active testing only within written authorization, approved scope, testing window, rate limits and rollback/stop conditions.",Written authorization; confirmed scope; test accounts/access; testing window; logging/evidence plan,"API logs, role matrices, interface configs, transaction evidence.; Network diagrams, firewall rules, flow records, packet metadata.; Network paths, EDR controls, backup evidence, IR records.; Requests/responses, API specs, auth policies, logs.; Transaction/audit logs, role matrices, integrity checks.; Workflow logs, device inventory, API evidence.",MFG-E011;MFG-E045;MFG-E071;MFG-E121;MFG-E122;MFG-E123;MFG-E252;MFG-E266;MFG-X469,NIST SP 800-115; OWASP WSTG; OWASP Top 10; OWASP API Security Top 10
Manufacturing Operations,production dashboards,Recon;Scanning/Enumeration;Vulnerability Assessment;Identity/Auth;Web/API/Application;Validation/Business Impact;Reporting/Retest,AP-020;AP-021;AP-038;AP-039;AP-025;AP-006,T0871;T0859;T0811;T0832;T0826,"Bad product decisions, recall/compliance impact.; Cross-system unauthorized actions/data access.; Material flow interruption and production delay.; OT compromise and plant disruption.; Production outage and recovery disruption.; Production/quality/inventory manipulation.",Critical; High,"Non-destructive validation by default; active testing only within written authorization, approved scope, testing window, rate limits and rollback/stop conditions.",Written authorization; confirmed scope; test accounts/access; testing window; logging/evidence plan,"API logs, role matrices, interface configs, transaction evidence.; Network diagrams, firewall rules, flow records, packet metadata.; Network paths, EDR controls, backup evidence, IR records.; Requests/responses, API specs, auth policies, logs.; Transaction/audit logs, role matrices, integrity checks.; Workflow logs, device inventory, API evidence.",MFG-E011;MFG-E045;MFG-E071;MFG-E121;MFG-E122;MFG-E123;MFG-E252;MFG-E266,NIST SP 800-115; OWASP WSTG; OWASP Top 10; OWASP API Security Top 10
Engineering & IP,CAD,Recon;Scanning/Enumeration;Vulnerability Assessment;Identity/Auth;Web/API/Application;Validation/Business Impact;Reporting/Retest,AP-008;AP-009;AP-022;AP-032;AP-036;AP-040,T0859;T0845;T0873;T0843;T0889;T0811,"Broad compromise across applications/engineering/OT.; IP loss and competitive exposure.; PLC/DCS manipulation, IP theft, unsafe process change.; Persistent compromise after recovery.; Persistent process manipulation.; Unauthorized entry into OT or data exposure.",Critical; High,"Non-destructive validation by default; active testing only within written authorization, approved scope, testing window, rate limits and rollback/stop conditions.",Written authorization; confirmed scope; test accounts/access; testing window; logging/evidence plan,"Access logs, permissions, sample evidence, DLP alerts.; Asset check-in/out, posture evidence, access logs.; Hashes, restore logs, golden image records, approvals.; Pipeline logs, SBOM, signatures, repo permissions, artifact hashes.; Project hashes, access logs, engineering configs, change records.; Project integrity evidence, approvals, hashes, backup status.",MFG-E011;MFG-E035;MFG-E038;MFG-E045;MFG-E063;MFG-E071;MFG-E092;MFG-E097;MFG-E117;MFG-E148;MFG-E172;MFG-E173;MFG-E174;MFG-E225;MFG-E249;MFG-E252;MFG-E266;MFG-X366,NIST SP 800-115
Engineering & IP,CAM,Recon;Scanning/Enumeration;Vulnerability Assessment;Identity/Auth;Web/API/Application;Validation/Business Impact;Reporting/Retest,AP-008;AP-009;AP-022;AP-032;AP-036;AP-040,T0859;T0845;T0873;T0843;T0889;T0811,"Broad compromise across applications/engineering/OT.; IP loss and competitive exposure.; PLC/DCS manipulation, IP theft, unsafe process change.; Persistent compromise after recovery.; Persistent process manipulation.; Unauthorized entry into OT or data exposure.",Critical; High,"Non-destructive validation by default; active testing only within written authorization, approved scope, testing window, rate limits and rollback/stop conditions.",Written authorization; confirmed scope; test accounts/access; testing window; logging/evidence plan,"Access logs, permissions, sample evidence, DLP alerts.; Asset check-in/out, posture evidence, access logs.; Hashes, restore logs, golden image records, approvals.; Pipeline logs, SBOM, signatures, repo permissions, artifact hashes.; Project hashes, access logs, engineering configs, change records.; Project integrity evidence, approvals, hashes, backup status.",MFG-E011;MFG-E035;MFG-E045;MFG-E071;MFG-E172;MFG-E173;MFG-E174;MFG-E252;MFG-E266,NIST SP 800-115
Engineering & IP,CAE,Recon;Scanning/Enumeration;Vulnerability Assessment;Identity/Auth;Web/API/Application;Validation/Business Impact;Reporting/Retest,AP-008;AP-009;AP-022;AP-032;AP-036;AP-040,T0859;T0845;T0873;T0843;T0889;T0811,"Broad compromise across applications/engineering/OT.; IP loss and competitive exposure.; PLC/DCS manipulation, IP theft, unsafe process change.; Persistent compromise after recovery.; Persistent process manipulation.; Unauthorized entry into OT or data exposure.",Critical; High,"Non-destructive validation by default; active testing only within written authorization, approved scope, testing window, rate limits and rollback/stop conditions.",Written authorization; confirmed scope; test accounts/access; testing window; logging/evidence plan,"Access logs, permissions, sample evidence, DLP alerts.; Asset check-in/out, posture evidence, access logs.; Hashes, restore logs, golden image records, approvals.; Pipeline logs, SBOM, signatures, repo permissions, artifact hashes.; Project hashes, access logs, engineering configs, change records.; Project integrity evidence, approvals, hashes, backup status.",MFG-E011;MFG-E045;MFG-E071;MFG-E172;MFG-E173;MFG-E174;MFG-E252;MFG-E266,NIST SP 800-115
Engineering & IP,PLM,Recon;Scanning/Enumeration;Vulnerability Assessment;Identity/Auth;Web/API/Application;Validation/Business Impact;Reporting/Retest,AP-008;AP-009;AP-022;AP-032;AP-036;AP-040,T0859;T0845;T0873;T0843;T0889;T0811,"Broad compromise across applications/engineering/OT.; IP loss and competitive exposure.; PLC/DCS manipulation, IP theft, unsafe process change.; Persistent compromise after recovery.; Persistent process manipulation.; Unauthorized entry into OT or data exposure.",Critical; High,"Non-destructive validation by default; active testing only within written authorization, approved scope, testing window, rate limits and rollback/stop conditions.",Written authorization; confirmed scope; test accounts/access; testing window; logging/evidence plan,"Access logs, permissions, sample evidence, DLP alerts.; Asset check-in/out, posture evidence, access logs.; Hashes, restore logs, golden image records, approvals.; Pipeline logs, SBOM, signatures, repo permissions, artifact hashes.; Project hashes, access logs, engineering configs, change records.; Project integrity evidence, approvals, hashes, backup status.",MFG-E011;MFG-E035;MFG-E045;MFG-E071;MFG-E117;MFG-E172;MFG-E173;MFG-E174;MFG-E252;MFG-E266,NIST SP 800-115
Engineering & IP,PDM,Recon;Scanning/Enumeration;Vulnerability Assessment;Identity/Auth;Web/API/Application;Validation/Business Impact;Reporting/Retest,AP-008;AP-009;AP-022;AP-032;AP-036;AP-040,T0859;T0845;T0873;T0843;T0889;T0811,"Broad compromise across applications/engineering/OT.; IP loss and competitive exposure.; PLC/DCS manipulation, IP theft, unsafe process change.; Persistent compromise after recovery.; Persistent process manipulation.; Unauthorized entry into OT or data exposure.",Critical; High,"Non-destructive validation by default; active testing only within written authorization, approved scope, testing window, rate limits and rollback/stop conditions.",Written authorization; confirmed scope; test accounts/access; testing window; logging/evidence plan,"Access logs, permissions, sample evidence, DLP alerts.; Asset check-in/out, posture evidence, access logs.; Hashes, restore logs, golden image records, approvals.; Pipeline logs, SBOM, signatures, repo permissions, artifact hashes.; Project hashes, access logs, engineering configs, change records.; Project integrity evidence, approvals, hashes, backup status.",MFG-E011;MFG-E045;MFG-E071;MFG-E172;MFG-E173;MFG-E174;MFG-E252;MFG-E266,NIST SP 800-115
Engineering & IP,engineering workstations,Recon;Scanning/Enumeration;Vulnerability Assessment;Identity/Auth;Web/API/Application;Validation/Business Impact;Reporting/Retest,AP-008;AP-009;AP-022;AP-032;AP-036;AP-040,T0859;T0845;T0873;T0843;T0889;T0811,"Broad compromise across applications/engineering/OT.; IP loss and competitive exposure.; PLC/DCS manipulation, IP theft, unsafe process change.; Persistent compromise after recovery.; Persistent process manipulation.; Unauthorized entry into OT or data exposure.",Critical; High,"Non-destructive validation by default; active testing only within written authorization, approved scope, testing window, rate limits and rollback/stop conditions.",Written authorization; confirmed scope; test accounts/access; testing window; logging/evidence plan,"Access logs, permissions, sample evidence, DLP alerts.; Asset check-in/out, posture evidence, access logs.; Hashes, restore logs, golden image records, approvals.; Pipeline logs, SBOM, signatures, repo permissions, artifact hashes.; Project hashes, access logs, engineering configs, change records.; Project integrity evidence, approvals, hashes, backup status.",MFG-E011;MFG-E045;MFG-E071;MFG-E172;MFG-E173;MFG-E174;MFG-E252;MFG-E266,NIST SP 800-115
Engineering & IP,CNC programming,Recon;Scanning/Enumeration;Vulnerability Assessment;Identity/Auth;Web/API/Application;Validation/Business Impact;Reporting/Retest,AP-008;AP-009;AP-022;AP-032;AP-036;AP-040,T0859;T0845;T0873;T0843;T0889;T0811,"Broad compromise across applications/engineering/OT.; IP loss and competitive exposure.; PLC/DCS manipulation, IP theft, unsafe process change.; Persistent compromise after recovery.; Persistent process manipulation.; Unauthorized entry into OT or data exposure.",Critical; High,"Passive/read-only by default; active validation only under approved ROE, plant-owner approval, maintenance window and safety review; disruptive/process-changing actions require lab/digital twin or explicitly controlled validation.",Written authorization; confirmed scope; test accounts/access; testing window; logging/evidence plan,"Access logs, permissions, sample evidence, DLP alerts.; Asset check-in/out, posture evidence, access logs.; Hashes, restore logs, golden image records, approvals.; Pipeline logs, SBOM, signatures, repo permissions, artifact hashes.; Project hashes, access logs, engineering configs, change records.; Project integrity evidence, approvals, hashes, backup status.",MFG-E011;MFG-E045;MFG-E071;MFG-E172;MFG-E173;MFG-E174;MFG-E176;MFG-E252;MFG-E266;MFG-X456,NIST SP 800-115
Engineering & IP,PLC programming,Recon;Scanning/Enumeration;Vulnerability Assessment;Identity/Auth;Web/API/Application;Validation/Business Impact;Reporting/Retest,AP-008;AP-009;AP-022;AP-032;AP-036;AP-040;AP-011;AP-012;AP-013,T0859;T0845;T0873;T0843;T0889;T0811,"Broad compromise across applications/engineering/OT.; IP loss and competitive exposure.; Loss of control, production impact, safety impact.; Loss of view/control and delayed response.; PLC/DCS manipulation, IP theft, unsafe process change.; Persistent compromise after recovery.; Persistent process manipulation.; Process manipulation or hidden telemetry.; Unauthorized entry into OT or data exposure.",Critical; High,"Passive/read-only by default; active validation only under approved ROE, plant-owner approval, maintenance window and safety review; disruptive/process-changing actions require lab/digital twin or explicitly controlled validation.",Written authorization; confirmed scope; test accounts/access; testing window; logging/evidence plan,"Access logs, permissions, sample evidence, DLP alerts.; Asset check-in/out, posture evidence, access logs.; Controller config, project backup, change logs, access logs.; HMI config, sessions, logs, screen evidence.; Hashes, restore logs, golden image records, approvals.; Pipeline logs, SBOM, signatures, repo permissions, artifact hashes.; Project hashes, access logs, engineering configs, change records.; Project integrity evidence, approvals, hashes, backup status.; Protocol inventory, packet metadata/captures, ACLs, control documentation.",MFG-E011;MFG-E039;MFG-E045;MFG-E064;MFG-E071;MFG-E093;MFG-E097;MFG-E150;MFG-E172;MFG-E173;MFG-E174;MFG-E252;MFG-E266;MFG-X310;MFG-X365,NIST SP 800-115
Engineering & IP,design repositories,Recon;Scanning/Enumeration;Vulnerability Assessment;Identity/Auth;Web/API/Application;Validation/Business Impact;Reporting/Retest,AP-008;AP-009;AP-022;AP-032;AP-036;AP-040,T0859;T0845;T0873;T0843;T0889;T0811,"Broad compromise across applications/engineering/OT.; IP loss and competitive exposure.; PLC/DCS manipulation, IP theft, unsafe process change.; Persistent compromise after recovery.; Persistent process manipulation.; Unauthorized entry into OT or data exposure.",Critical; High,"Non-destructive validation by default; active testing only within written authorization, approved scope, testing window, rate limits and rollback/stop conditions.",Written authorization; confirmed scope; test accounts/access; testing window; logging/evidence plan,"Access logs, permissions, sample evidence, DLP alerts.; Asset check-in/out, posture evidence, access logs.; Hashes, restore logs, golden image records, approvals.; Pipeline logs, SBOM, signatures, repo permissions, artifact hashes.; Project hashes, access logs, engineering configs, change records.; Project integrity evidence, approvals, hashes, backup status.",MFG-E011;MFG-E045;MFG-E071;MFG-E172;MFG-E173;MFG-E174;MFG-E252;MFG-E266,NIST SP 800-115
Engineering & IP,CAD repositories,Recon;Scanning/Enumeration;Vulnerability Assessment;Identity/Auth;Web/API/Application;Validation/Business Impact;Reporting/Retest,AP-008;AP-009;AP-022;AP-032;AP-036;AP-040,T0859;T0845;T0873;T0843;T0889;T0811,"Broad compromise across applications/engineering/OT.; IP loss and competitive exposure.; PLC/DCS manipulation, IP theft, unsafe process change.; Persistent compromise after recovery.; Persistent process manipulation.; Unauthorized entry into OT or data exposure.",Critical; High,"Non-destructive validation by default; active testing only within written authorization, approved scope, testing window, rate limits and rollback/stop conditions.",Written authorization; confirmed scope; test accounts/access; testing window; logging/evidence plan,"Access logs, permissions, sample evidence, DLP alerts.; Asset check-in/out, posture evidence, access logs.; Hashes, restore logs, golden image records, approvals.; Pipeline logs, SBOM, signatures, repo permissions, artifact hashes.; Project hashes, access logs, engineering configs, change records.; Project integrity evidence, approvals, hashes, backup status.",MFG-E011;MFG-E035;MFG-E045;MFG-E071;MFG-E097;MFG-E117;MFG-E172;MFG-E173;MFG-E174;MFG-E225;MFG-E252;MFG-E266,NIST SP 800-115
Engineering & IP,BOM repositories,Recon;Scanning/Enumeration;Vulnerability Assessment;Identity/Auth;Web/API/Application;Validation/Business Impact;Reporting/Retest,AP-008;AP-009;AP-022;AP-032;AP-036;AP-040,T0859;T0845;T0873;T0843;T0889;T0811,"Broad compromise across applications/engineering/OT.; IP loss and competitive exposure.; PLC/DCS manipulation, IP theft, unsafe process change.; Persistent compromise after recovery.; Persistent process manipulation.; Unauthorized entry into OT or data exposure.",Critical; High,"Non-destructive validation by default; active testing only within written authorization, approved scope, testing window, rate limits and rollback/stop conditions.",Written authorization; confirmed scope; test accounts/access; testing window; logging/evidence plan,"Access logs, permissions, sample evidence, DLP alerts.; Asset check-in/out, posture evidence, access logs.; Hashes, restore logs, golden image records, approvals.; Pipeline logs, SBOM, signatures, repo permissions, artifact hashes.; Project hashes, access logs, engineering configs, change records.; Project integrity evidence, approvals, hashes, backup status.",MFG-E011;MFG-E045;MFG-E071;MFG-E172;MFG-E173;MFG-E174;MFG-E252;MFG-E266,NIST SP 800-115
Engineering & IP,technical drawings,Recon;Scanning/Enumeration;Vulnerability Assessment;Identity/Auth;Web/API/Application;Validation/Business Impact;Reporting/Retest,AP-008;AP-009;AP-022;AP-032;AP-036;AP-040;AP-024,T0859;T0845;T0873;T0843;T0889;T0811,"Broad compromise across applications/engineering/OT.; Extended outage and recovery failure.; IP loss and competitive exposure.; PLC/DCS manipulation, IP theft, unsafe process change.; Persistent compromise after recovery.; Persistent process manipulation.; Unauthorized entry into OT or data exposure.",Critical; High,"Non-destructive validation by default; active testing only within written authorization, approved scope, testing window, rate limits and rollback/stop conditions.",Written authorization; confirmed scope; test accounts/access; testing window; logging/evidence plan,"Access logs, permissions, sample evidence, DLP alerts.; Asset check-in/out, posture evidence, access logs.; Backup configs, immutability evidence, restore tests, access logs.; Hashes, restore logs, golden image records, approvals.; Pipeline logs, SBOM, signatures, repo permissions, artifact hashes.; Project hashes, access logs, engineering configs, change records.; Project integrity evidence, approvals, hashes, backup status.",MFG-E011;MFG-E045;MFG-E071;MFG-E172;MFG-E173;MFG-E174;MFG-E226;MFG-E252;MFG-E266;MFG-X366,NIST SP 800-115
Engineering & IP,product specifications,Recon;Scanning/Enumeration;Vulnerability Assessment;Identity/Auth;Web/API/Application;Validation/Business Impact;Reporting/Retest,AP-008;AP-009;AP-022;AP-032;AP-036;AP-040,T0859;T0845;T0873;T0843;T0889;T0811,"Broad compromise across applications/engineering/OT.; IP loss and competitive exposure.; PLC/DCS manipulation, IP theft, unsafe process change.; Persistent compromise after recovery.; Persistent process manipulation.; Unauthorized entry into OT or data exposure.",Critical; High,"Non-destructive validation by default; active testing only within written authorization, approved scope, testing window, rate limits and rollback/stop conditions.",Written authorization; confirmed scope; test accounts/access; testing window; logging/evidence plan,"Access logs, permissions, sample evidence, DLP alerts.; Asset check-in/out, posture evidence, access logs.; Hashes, restore logs, golden image records, approvals.; Pipeline logs, SBOM, signatures, repo permissions, artifact hashes.; Project hashes, access logs, engineering configs, change records.; Project integrity evidence, approvals, hashes, backup status.",MFG-E011;MFG-E045;MFG-E071;MFG-E172;MFG-E173;MFG-E174;MFG-E252;MFG-E266,NIST SP 800-115
Engineering & IP,firmware repositories,Recon;Scanning/Enumeration;Vulnerability Assessment;Identity/Auth;Web/API/Application;Validation/Business Impact;Reporting/Retest,AP-008;AP-009;AP-022;AP-032;AP-036;AP-040,T0859;T0845;T0873;T0843;T0889;T0811,"Broad compromise across applications/engineering/OT.; IP loss and competitive exposure.; PLC/DCS manipulation, IP theft, unsafe process change.; Persistent compromise after recovery.; Persistent process manipulation.; Unauthorized entry into OT or data exposure.",Critical; High,"Non-destructive validation by default; active testing only within written authorization, approved scope, testing window, rate limits and rollback/stop conditions.",Written authorization; confirmed scope; test accounts/access; testing window; logging/evidence plan,"Access logs, permissions, sample evidence, DLP alerts.; Asset check-in/out, posture evidence, access logs.; Hashes, restore logs, golden image records, approvals.; Pipeline logs, SBOM, signatures, repo permissions, artifact hashes.; Project hashes, access logs, engineering configs, change records.; Project integrity evidence, approvals, hashes, backup status.",MFG-E011;MFG-E045;MFG-E071;MFG-E172;MFG-E173;MFG-E174;MFG-E177;MFG-E210;MFG-E227;MFG-E252;MFG-E266;MFG-X423,NIST SP 800-115
Engineering & IP,source-code repositories,Recon;Scanning/Enumeration;Vulnerability Assessment;Identity/Auth;Web/API/Application;Validation/Business Impact;Reporting/Retest,AP-008;AP-009;AP-022;AP-032;AP-036;AP-040,T0859;T0845;T0873;T0843;T0889;T0811,"Broad compromise across applications/engineering/OT.; IP loss and competitive exposure.; PLC/DCS manipulation, IP theft, unsafe process change.; Persistent compromise after recovery.; Persistent process manipulation.; Unauthorized entry into OT or data exposure.",Critical; High,"Non-destructive validation by default; active testing only within written authorization, approved scope, testing window, rate limits and rollback/stop conditions.",Written authorization; confirmed scope; test accounts/access; testing window; logging/evidence plan,"Access logs, permissions, sample evidence, DLP alerts.; Asset check-in/out, posture evidence, access logs.; Hashes, restore logs, golden image records, approvals.; Pipeline logs, SBOM, signatures, repo permissions, artifact hashes.; Project hashes, access logs, engineering configs, change records.; Project integrity evidence, approvals, hashes, backup status.",MFG-E011;MFG-E045;MFG-E071;MFG-E172;MFG-E173;MFG-E174;MFG-E178;MFG-E227;MFG-E252;MFG-E266,NIST SP 800-115
Engineering & IP,R&D systems,Recon;Scanning/Enumeration;Vulnerability Assessment;Identity/Auth;Web/API/Application;Validation/Business Impact;Reporting/Retest,AP-008;AP-009;AP-022;AP-032;AP-036;AP-040,T0859;T0845;T0873;T0843;T0889;T0811,"Broad compromise across applications/engineering/OT.; IP loss and competitive exposure.; PLC/DCS manipulation, IP theft, unsafe process change.; Persistent compromise after recovery.; Persistent process manipulation.; Unauthorized entry into OT or data exposure.",Critical; High,"Non-destructive validation by default; active testing only within written authorization, approved scope, testing window, rate limits and rollback/stop conditions.",Written authorization; confirmed scope; test accounts/access; testing window; logging/evidence plan,"Access logs, permissions, sample evidence, DLP alerts.; Asset check-in/out, posture evidence, access logs.; Hashes, restore logs, golden image records, approvals.; Pipeline logs, SBOM, signatures, repo permissions, artifact hashes.; Project hashes, access logs, engineering configs, change records.; Project integrity evidence, approvals, hashes, backup status.",MFG-E011;MFG-E045;MFG-E071;MFG-E172;MFG-E173;MFG-E174;MFG-E252;MFG-E266,NIST SP 800-115
Engineering & IP,simulation systems,Recon;Scanning/Enumeration;Vulnerability Assessment;Identity/Auth;Web/API/Application;Validation/Business Impact;Reporting/Retest,AP-008;AP-009;AP-022;AP-032;AP-036;AP-040,T0859;T0845;T0873;T0843;T0889;T0811,"Broad compromise across applications/engineering/OT.; IP loss and competitive exposure.; PLC/DCS manipulation, IP theft, unsafe process change.; Persistent compromise after recovery.; Persistent process manipulation.; Unauthorized entry into OT or data exposure.",Critical; High,"Non-destructive validation by default; active testing only within written authorization, approved scope, testing window, rate limits and rollback/stop conditions.",Written authorization; confirmed scope; test accounts/access; testing window; logging/evidence plan,"Access logs, permissions, sample evidence, DLP alerts.; Asset check-in/out, posture evidence, access logs.; Hashes, restore logs, golden image records, approvals.; Pipeline logs, SBOM, signatures, repo permissions, artifact hashes.; Project hashes, access logs, engineering configs, change records.; Project integrity evidence, approvals, hashes, backup status.",MFG-E011;MFG-E045;MFG-E071;MFG-E172;MFG-E173;MFG-E174;MFG-E252;MFG-E266,NIST SP 800-115
OT / ICS,SCADA,Recon;Scanning/Enumeration;Vulnerability Assessment;Identity/Auth;Web/API/Application;OT/ICS;Validation/Business Impact;Reporting/Retest,AP-005;AP-006;AP-008;AP-010;AP-011;AP-012;AP-013;AP-014;AP-015;AP-017;AP-018;AP-025;AP-035;AP-036;AP-009;AP-032,T0846;T0840;T0842;T0868;T0845;T0843;T0831,"Control compromise and process disruption.; Cross-environment compromise.; IP loss and competitive exposure.; Loss of control, production impact, safety impact.; Loss of protection/safety; personnel/environmental risk.; Loss of view/control and delayed response.; Malware introduction and OT compromise.; OT compromise and plant disruption.; PLC/DCS manipulation, IP theft, unsafe process change.; Persistent compromise after recovery.; Persistent process manipulation.; Process manipulation or hidden telemetry.; Production outage and recovery disruption.; Unauthorized OT access, process manipulation, persistence.; Unauthorized commands or loss of visibility.; Unauthorized cross-zone commands/data manipulation.",Critical; High,"Passive/read-only by default; active validation only under approved ROE, plant-owner approval, maintenance window and safety review; disruptive/process-changing actions require lab/digital twin or explicitly controlled validation.",Written authorization; asset owner; production status; OT safety approval; maintenance window; emergency contact; stop conditions,"Access logs, permissions, sample evidence, DLP alerts.; App configs, API evidence, service inventory, logs.; Architecture, access lists, safety lifecycle evidence, logs, approvals.; Cloud IAM, route tables, security groups, API logs, architecture.; Controller config, project backup, change logs, access logs.; Flow captures, ACLs, gateway configs, protocol inventory.; Gateway config, ACLs, message logs, certificates.; HMI config, sessions, logs, screen evidence.; Hashes, restore logs, golden image records, approvals.; Media policy, logs, endpoint controls, approval records.; Network diagrams, firewall rules, flow records, packet metadata.; Network paths, EDR controls, backup evidence, IR records.; Project hashes, access logs, engineering configs, change records.; Project integrity evidence, approvals, hashes, backup status.; Protocol inventory, packet metadata/captures, ACLs, control documentation.; Vendor inventory, contracts, access logs, routes, jump-host records.",MFG-E011;MFG-E038;MFG-E045;MFG-E063;MFG-E071;MFG-E092;MFG-E097;MFG-E117;MFG-E144;MFG-E145;MFG-E146;MFG-E147;MFG-E148;MFG-E249;MFG-E252;MFG-E266;MFG-X366,NIST SP 800-115; NIST SP 800-82 Rev. 3; ISA/IEC 62443; MITRE ATT&CK for ICS
OT / ICS,SCADA servers,Recon;Scanning/Enumeration;Vulnerability Assessment;Identity/Auth;Web/API/Application;OT/ICS;Validation/Business Impact;Reporting/Retest,AP-005;AP-006;AP-008;AP-010;AP-011;AP-012;AP-013;AP-014;AP-015;AP-017;AP-018;AP-025;AP-035;AP-036;AP-009;AP-032,T0846;T0840;T0842;T0868;T0845;T0843;T0831,"Control compromise and process disruption.; Cross-environment compromise.; IP loss and competitive exposure.; Loss of control, production impact, safety impact.; Loss of protection/safety; personnel/environmental risk.; Loss of view/control and delayed response.; Malware introduction and OT compromise.; OT compromise and plant disruption.; PLC/DCS manipulation, IP theft, unsafe process change.; Persistent compromise after recovery.; Persistent process manipulation.; Process manipulation or hidden telemetry.; Production outage and recovery disruption.; Unauthorized OT access, process manipulation, persistence.; Unauthorized commands or loss of visibility.; Unauthorized cross-zone commands/data manipulation.",Critical; High,"Passive/read-only by default; active validation only under approved ROE, plant-owner approval, maintenance window and safety review; disruptive/process-changing actions require lab/digital twin or explicitly controlled validation.",Written authorization; asset owner; production status; OT safety approval; maintenance window; emergency contact; stop conditions,"Access logs, permissions, sample evidence, DLP alerts.; App configs, API evidence, service inventory, logs.; Architecture, access lists, safety lifecycle evidence, logs, approvals.; Cloud IAM, route tables, security groups, API logs, architecture.; Controller config, project backup, change logs, access logs.; Flow captures, ACLs, gateway configs, protocol inventory.; Gateway config, ACLs, message logs, certificates.; HMI config, sessions, logs, screen evidence.; Hashes, restore logs, golden image records, approvals.; Media policy, logs, endpoint controls, approval records.; Network diagrams, firewall rules, flow records, packet metadata.; Network paths, EDR controls, backup evidence, IR records.; Project hashes, access logs, engineering configs, change records.; Project integrity evidence, approvals, hashes, backup status.; Protocol inventory, packet metadata/captures, ACLs, control documentation.; Vendor inventory, contracts, access logs, routes, jump-host records.",MFG-E011;MFG-E038;MFG-E045;MFG-E063;MFG-E071;MFG-E092;MFG-E097;MFG-E117;MFG-E144;MFG-E145;MFG-E146;MFG-E147;MFG-E148;MFG-E249;MFG-E252;MFG-E266;MFG-X366,NIST SP 800-115; NIST SP 800-82 Rev. 3; ISA/IEC 62443; MITRE ATT&CK for ICS
OT / ICS,SCADA clients,Recon;Scanning/Enumeration;Vulnerability Assessment;Identity/Auth;Web/API/Application;OT/ICS;Validation/Business Impact;Reporting/Retest,AP-005;AP-006;AP-008;AP-010;AP-011;AP-012;AP-013;AP-014;AP-015;AP-017;AP-018;AP-025;AP-035;AP-036;AP-009;AP-032,T0846;T0840;T0842;T0868;T0845;T0843;T0831,"Control compromise and process disruption.; Cross-environment compromise.; IP loss and competitive exposure.; Loss of control, production impact, safety impact.; Loss of protection/safety; personnel/environmental risk.; Loss of view/control and delayed response.; Malware introduction and OT compromise.; OT compromise and plant disruption.; PLC/DCS manipulation, IP theft, unsafe process change.; Persistent compromise after recovery.; Persistent process manipulation.; Process manipulation or hidden telemetry.; Production outage and recovery disruption.; Unauthorized OT access, process manipulation, persistence.; Unauthorized commands or loss of visibility.; Unauthorized cross-zone commands/data manipulation.",Critical; High,"Passive/read-only by default; active validation only under approved ROE, plant-owner approval, maintenance window and safety review; disruptive/process-changing actions require lab/digital twin or explicitly controlled validation.",Written authorization; asset owner; production status; OT safety approval; maintenance window; emergency contact; stop conditions,"Access logs, permissions, sample evidence, DLP alerts.; App configs, API evidence, service inventory, logs.; Architecture, access lists, safety lifecycle evidence, logs, approvals.; Cloud IAM, route tables, security groups, API logs, architecture.; Controller config, project backup, change logs, access logs.; Flow captures, ACLs, gateway configs, protocol inventory.; Gateway config, ACLs, message logs, certificates.; HMI config, sessions, logs, screen evidence.; Hashes, restore logs, golden image records, approvals.; Media policy, logs, endpoint controls, approval records.; Network diagrams, firewall rules, flow records, packet metadata.; Network paths, EDR controls, backup evidence, IR records.; Project hashes, access logs, engineering configs, change records.; Project integrity evidence, approvals, hashes, backup status.; Protocol inventory, packet metadata/captures, ACLs, control documentation.; Vendor inventory, contracts, access logs, routes, jump-host records.",MFG-E011;MFG-E038;MFG-E045;MFG-E063;MFG-E071;MFG-E092;MFG-E097;MFG-E117;MFG-E144;MFG-E145;MFG-E146;MFG-E147;MFG-E148;MFG-E249;MFG-E252;MFG-E266;MFG-X366,NIST SP 800-115; NIST SP 800-82 Rev. 3; ISA/IEC 62443; MITRE ATT&CK for ICS
OT / ICS,DCS,Recon;Scanning/Enumeration;Vulnerability Assessment;Identity/Auth;Web/API/Application;OT/ICS;Validation/Business Impact;Reporting/Retest,AP-005;AP-006;AP-008;AP-010;AP-011;AP-012;AP-013;AP-014;AP-015;AP-017;AP-018;AP-025;AP-035;AP-036,T0846;T0840;T0842;T0868;T0845;T0843;T0831,"Control compromise and process disruption.; Cross-environment compromise.; Loss of control, production impact, safety impact.; Loss of protection/safety; personnel/environmental risk.; Loss of view/control and delayed response.; Malware introduction and OT compromise.; OT compromise and plant disruption.; PLC/DCS manipulation, IP theft, unsafe process change.; Persistent compromise after recovery.; Process manipulation or hidden telemetry.; Production outage and recovery disruption.; Unauthorized OT access, process manipulation, persistence.; Unauthorized commands or loss of visibility.; Unauthorized cross-zone commands/data manipulation.",Critical; High,"Passive/read-only by default; active validation only under approved ROE, plant-owner approval, maintenance window and safety review; disruptive/process-changing actions require lab/digital twin or explicitly controlled validation.",Written authorization; asset owner; production status; OT safety approval; maintenance window; emergency contact; stop conditions,"App configs, API evidence, service inventory, logs.; Architecture, access lists, safety lifecycle evidence, logs, approvals.; Cloud IAM, route tables, security groups, API logs, architecture.; Controller config, project backup, change logs, access logs.; Flow captures, ACLs, gateway configs, protocol inventory.; Gateway config, ACLs, message logs, certificates.; HMI config, sessions, logs, screen evidence.; Hashes, restore logs, golden image records, approvals.; Media policy, logs, endpoint controls, approval records.; Network diagrams, firewall rules, flow records, packet metadata.; Network paths, EDR controls, backup evidence, IR records.; Project hashes, access logs, engineering configs, change records.; Protocol inventory, packet metadata/captures, ACLs, control documentation.; Vendor inventory, contracts, access logs, routes, jump-host records.",MFG-E011;MFG-E038;MFG-E045;MFG-E063;MFG-E071;MFG-E092;MFG-E144;MFG-E145;MFG-E146;MFG-E147;MFG-E149;MFG-E252;MFG-E266,NIST SP 800-115; NIST SP 800-82 Rev. 3; ISA/IEC 62443; MITRE ATT&CK for ICS
OT / ICS,DCS servers,Recon;Scanning/Enumeration;Vulnerability Assessment;Identity/Auth;Web/API/Application;OT/ICS;Validation/Business Impact;Reporting/Retest,AP-005;AP-006;AP-008;AP-010;AP-011;AP-012;AP-013;AP-014;AP-015;AP-017;AP-018;AP-025;AP-035;AP-036,T0846;T0840;T0842;T0868;T0845;T0843;T0831,"Control compromise and process disruption.; Cross-environment compromise.; Loss of control, production impact, safety impact.; Loss of protection/safety; personnel/environmental risk.; Loss of view/control and delayed response.; Malware introduction and OT compromise.; OT compromise and plant disruption.; PLC/DCS manipulation, IP theft, unsafe process change.; Persistent compromise after recovery.; Process manipulation or hidden telemetry.; Production outage and recovery disruption.; Unauthorized OT access, process manipulation, persistence.; Unauthorized commands or loss of visibility.; Unauthorized cross-zone commands/data manipulation.",Critical; High,"Passive/read-only by default; active validation only under approved ROE, plant-owner approval, maintenance window and safety review; disruptive/process-changing actions require lab/digital twin or explicitly controlled validation.",Written authorization; asset owner; production status; OT safety approval; maintenance window; emergency contact; stop conditions,"App configs, API evidence, service inventory, logs.; Architecture, access lists, safety lifecycle evidence, logs, approvals.; Cloud IAM, route tables, security groups, API logs, architecture.; Controller config, project backup, change logs, access logs.; Flow captures, ACLs, gateway configs, protocol inventory.; Gateway config, ACLs, message logs, certificates.; HMI config, sessions, logs, screen evidence.; Hashes, restore logs, golden image records, approvals.; Media policy, logs, endpoint controls, approval records.; Network diagrams, firewall rules, flow records, packet metadata.; Network paths, EDR controls, backup evidence, IR records.; Project hashes, access logs, engineering configs, change records.; Protocol inventory, packet metadata/captures, ACLs, control documentation.; Vendor inventory, contracts, access logs, routes, jump-host records.",MFG-E011;MFG-E038;MFG-E045;MFG-E063;MFG-E071;MFG-E092;MFG-E097;MFG-E144;MFG-E145;MFG-E146;MFG-E147;MFG-E149;MFG-E252;MFG-E266,NIST SP 800-115; NIST SP 800-82 Rev. 3; ISA/IEC 62443; MITRE ATT&CK for ICS
OT / ICS,PLC,Recon;Scanning/Enumeration;Vulnerability Assessment;Identity/Auth;Web/API/Application;OT/ICS;Validation/Business Impact;Reporting/Retest,AP-005;AP-006;AP-008;AP-010;AP-011;AP-012;AP-013;AP-014;AP-015;AP-017;AP-018;AP-025;AP-035;AP-036,T0846;T0840;T0842;T0868;T0845;T0843;T0831,"Control compromise and process disruption.; Cross-environment compromise.; Loss of control, production impact, safety impact.; Loss of protection/safety; personnel/environmental risk.; Loss of view/control and delayed response.; Malware introduction and OT compromise.; OT compromise and plant disruption.; PLC/DCS manipulation, IP theft, unsafe process change.; Persistent compromise after recovery.; Process manipulation or hidden telemetry.; Production outage and recovery disruption.; Unauthorized OT access, process manipulation, persistence.; Unauthorized commands or loss of visibility.; Unauthorized cross-zone commands/data manipulation.",Critical; High,"Passive/read-only by default; active validation only under approved ROE, plant-owner approval, maintenance window and safety review; disruptive/process-changing actions require lab/digital twin or explicitly controlled validation.",Written authorization; asset owner; production status; OT safety approval; maintenance window; emergency contact; stop conditions,"App configs, API evidence, service inventory, logs.; Architecture, access lists, safety lifecycle evidence, logs, approvals.; Cloud IAM, route tables, security groups, API logs, architecture.; Controller config, project backup, change logs, access logs.; Flow captures, ACLs, gateway configs, protocol inventory.; Gateway config, ACLs, message logs, certificates.; HMI config, sessions, logs, screen evidence.; Hashes, restore logs, golden image records, approvals.; Media policy, logs, endpoint controls, approval records.; Network diagrams, firewall rules, flow records, packet metadata.; Network paths, EDR controls, backup evidence, IR records.; Project hashes, access logs, engineering configs, change records.; Protocol inventory, packet metadata/captures, ACLs, control documentation.; Vendor inventory, contracts, access logs, routes, jump-host records.",MFG-E011;MFG-E039;MFG-E045;MFG-E064;MFG-E071;MFG-E093;MFG-E097;MFG-E144;MFG-E145;MFG-E146;MFG-E147;MFG-E150;MFG-E252;MFG-E266;MFG-X310;MFG-X365,NIST SP 800-115; NIST SP 800-82 Rev. 3; ISA/IEC 62443; MITRE ATT&CK for ICS
OT / ICS,PAC,Recon;Scanning/Enumeration;Vulnerability Assessment;Identity/Auth;Web/API/Application;OT/ICS;Validation/Business Impact;Reporting/Retest,AP-005;AP-006;AP-008;AP-010;AP-011;AP-012;AP-013;AP-014;AP-015;AP-017;AP-018;AP-025;AP-035;AP-036,T0846;T0840;T0842;T0868;T0845;T0843;T0831,"Control compromise and process disruption.; Cross-environment compromise.; Loss of control, production impact, safety impact.; Loss of protection/safety; personnel/environmental risk.; Loss of view/control and delayed response.; Malware introduction and OT compromise.; OT compromise and plant disruption.; PLC/DCS manipulation, IP theft, unsafe process change.; Persistent compromise after recovery.; Process manipulation or hidden telemetry.; Production outage and recovery disruption.; Unauthorized OT access, process manipulation, persistence.; Unauthorized commands or loss of visibility.; Unauthorized cross-zone commands/data manipulation.",Critical; High,"Passive/read-only by default; active validation only under approved ROE, plant-owner approval, maintenance window and safety review; disruptive/process-changing actions require lab/digital twin or explicitly controlled validation.",Written authorization; asset owner; production status; OT safety approval; maintenance window; emergency contact; stop conditions,"App configs, API evidence, service inventory, logs.; Architecture, access lists, safety lifecycle evidence, logs, approvals.; Cloud IAM, route tables, security groups, API logs, architecture.; Controller config, project backup, change logs, access logs.; Flow captures, ACLs, gateway configs, protocol inventory.; Gateway config, ACLs, message logs, certificates.; HMI config, sessions, logs, screen evidence.; Hashes, restore logs, golden image records, approvals.; Media policy, logs, endpoint controls, approval records.; Network diagrams, firewall rules, flow records, packet metadata.; Network paths, EDR controls, backup evidence, IR records.; Project hashes, access logs, engineering configs, change records.; Protocol inventory, packet metadata/captures, ACLs, control documentation.; Vendor inventory, contracts, access logs, routes, jump-host records.",MFG-E011;MFG-E045;MFG-E071;MFG-E144;MFG-E145;MFG-E146;MFG-E147;MFG-E214;MFG-E252;MFG-E256;MFG-E257;MFG-E258;MFG-E259;MFG-E260;MFG-E261;MFG-E262;MFG-E263;MFG-E266;MFG-E274;MFG-X395,NIST SP 800-115; NIST SP 800-82 Rev. 3; ISA/IEC 62443; MITRE ATT&CK for ICS
OT / ICS,RTU,Recon;Scanning/Enumeration;Vulnerability Assessment;Identity/Auth;Web/API/Application;OT/ICS;Validation/Business Impact;Reporting/Retest,AP-005;AP-006;AP-008;AP-010;AP-011;AP-012;AP-013;AP-014;AP-015;AP-017;AP-018;AP-025;AP-035;AP-036,T0846;T0840;T0842;T0868;T0845;T0843;T0831,"Control compromise and process disruption.; Cross-environment compromise.; Loss of control, production impact, safety impact.; Loss of protection/safety; personnel/environmental risk.; Loss of view/control and delayed response.; Malware introduction and OT compromise.; OT compromise and plant disruption.; PLC/DCS manipulation, IP theft, unsafe process change.; Persistent compromise after recovery.; Process manipulation or hidden telemetry.; Production outage and recovery disruption.; Unauthorized OT access, process manipulation, persistence.; Unauthorized commands or loss of visibility.; Unauthorized cross-zone commands/data manipulation.",Critical; High,"Passive/read-only by default; active validation only under approved ROE, plant-owner approval, maintenance window and safety review; disruptive/process-changing actions require lab/digital twin or explicitly controlled validation.",Written authorization; asset owner; production status; OT safety approval; maintenance window; emergency contact; stop conditions,"App configs, API evidence, service inventory, logs.; Architecture, access lists, safety lifecycle evidence, logs, approvals.; Cloud IAM, route tables, security groups, API logs, architecture.; Controller config, project backup, change logs, access logs.; Flow captures, ACLs, gateway configs, protocol inventory.; Gateway config, ACLs, message logs, certificates.; HMI config, sessions, logs, screen evidence.; Hashes, restore logs, golden image records, approvals.; Media policy, logs, endpoint controls, approval records.; Network diagrams, firewall rules, flow records, packet metadata.; Network paths, EDR controls, backup evidence, IR records.; Project hashes, access logs, engineering configs, change records.; Protocol inventory, packet metadata/captures, ACLs, control documentation.; Vendor inventory, contracts, access logs, routes, jump-host records.",MFG-E011;MFG-E045;MFG-E071;MFG-E144;MFG-E145;MFG-E146;MFG-E147;MFG-E152;MFG-E252;MFG-E266,NIST SP 800-115; NIST SP 800-82 Rev. 3; ISA/IEC 62443; MITRE ATT&CK for ICS
OT / ICS,HMI,Recon;Scanning/Enumeration;Vulnerability Assessment;Identity/Auth;Web/API/Application;OT/ICS;Validation/Business Impact;Reporting/Retest,AP-005;AP-006;AP-008;AP-010;AP-011;AP-012;AP-013;AP-014;AP-015;AP-017;AP-018;AP-025;AP-035;AP-036,T0846;T0840;T0842;T0868;T0845;T0843;T0831,"Control compromise and process disruption.; Cross-environment compromise.; Loss of control, production impact, safety impact.; Loss of protection/safety; personnel/environmental risk.; Loss of view/control and delayed response.; Malware introduction and OT compromise.; OT compromise and plant disruption.; PLC/DCS manipulation, IP theft, unsafe process change.; Persistent compromise after recovery.; Process manipulation or hidden telemetry.; Production outage and recovery disruption.; Unauthorized OT access, process manipulation, persistence.; Unauthorized commands or loss of visibility.; Unauthorized cross-zone commands/data manipulation.",Critical; High,"Passive/read-only by default; active validation only under approved ROE, plant-owner approval, maintenance window and safety review; disruptive/process-changing actions require lab/digital twin or explicitly controlled validation.",Written authorization; asset owner; production status; OT safety approval; maintenance window; emergency contact; stop conditions,"App configs, API evidence, service inventory, logs.; Architecture, access lists, safety lifecycle evidence, logs, approvals.; Cloud IAM, route tables, security groups, API logs, architecture.; Controller config, project backup, change logs, access logs.; Flow captures, ACLs, gateway configs, protocol inventory.; Gateway config, ACLs, message logs, certificates.; HMI config, sessions, logs, screen evidence.; Hashes, restore logs, golden image records, approvals.; Media policy, logs, endpoint controls, approval records.; Network diagrams, firewall rules, flow records, packet metadata.; Network paths, EDR controls, backup evidence, IR records.; Project hashes, access logs, engineering configs, change records.; Protocol inventory, packet metadata/captures, ACLs, control documentation.; Vendor inventory, contracts, access logs, routes, jump-host records.",MFG-E011;MFG-E039;MFG-E045;MFG-E064;MFG-E071;MFG-E093;MFG-E097;MFG-E144;MFG-E145;MFG-E146;MFG-E147;MFG-E151;MFG-E249;MFG-E252;MFG-E266;MFG-X367,NIST SP 800-115; NIST SP 800-82 Rev. 3; ISA/IEC 62443; MITRE ATT&CK for ICS
OT / ICS,historian,Recon;Scanning/Enumeration;Vulnerability Assessment;Identity/Auth;Web/API/Application;OT/ICS;Validation/Business Impact;Reporting/Retest,AP-005;AP-006;AP-008;AP-010;AP-011;AP-012;AP-013;AP-014;AP-015;AP-017;AP-018;AP-025;AP-035;AP-036,T0846;T0840;T0842;T0868;T0845;T0843;T0831,"Control compromise and process disruption.; Cross-environment compromise.; Loss of control, production impact, safety impact.; Loss of protection/safety; personnel/environmental risk.; Loss of view/control and delayed response.; Malware introduction and OT compromise.; OT compromise and plant disruption.; PLC/DCS manipulation, IP theft, unsafe process change.; Persistent compromise after recovery.; Process manipulation or hidden telemetry.; Production outage and recovery disruption.; Unauthorized OT access, process manipulation, persistence.; Unauthorized commands or loss of visibility.; Unauthorized cross-zone commands/data manipulation.",Critical; High,"Passive/read-only by default; active validation only under approved ROE, plant-owner approval, maintenance window and safety review; disruptive/process-changing actions require lab/digital twin or explicitly controlled validation.",Written authorization; asset owner; production status; OT safety approval; maintenance window; emergency contact; stop conditions,"App configs, API evidence, service inventory, logs.; Architecture, access lists, safety lifecycle evidence, logs, approvals.; Cloud IAM, route tables, security groups, API logs, architecture.; Controller config, project backup, change logs, access logs.; Flow captures, ACLs, gateway configs, protocol inventory.; Gateway config, ACLs, message logs, certificates.; HMI config, sessions, logs, screen evidence.; Hashes, restore logs, golden image records, approvals.; Media policy, logs, endpoint controls, approval records.; Network diagrams, firewall rules, flow records, packet metadata.; Network paths, EDR controls, backup evidence, IR records.; Project hashes, access logs, engineering configs, change records.; Protocol inventory, packet metadata/captures, ACLs, control documentation.; Vendor inventory, contracts, access logs, routes, jump-host records.",MFG-E011;MFG-E040;MFG-E045;MFG-E065;MFG-E071;MFG-E094;MFG-E144;MFG-E145;MFG-E146;MFG-E147;MFG-E153;MFG-E252;MFG-E266,NIST SP 800-115; NIST SP 800-82 Rev. 3; ISA/IEC 62443; MITRE ATT&CK for ICS
OT / ICS,alarm servers,Recon;Scanning/Enumeration;Vulnerability Assessment;Identity/Auth;Web/API/Application;OT/ICS;Validation/Business Impact;Reporting/Retest,AP-005;AP-006;AP-008;AP-010;AP-011;AP-012;AP-013;AP-014;AP-015;AP-017;AP-018;AP-025;AP-035;AP-036,T0846;T0840;T0842;T0868;T0845;T0843;T0831,"Control compromise and process disruption.; Cross-environment compromise.; Loss of control, production impact, safety impact.; Loss of protection/safety; personnel/environmental risk.; Loss of view/control and delayed response.; Malware introduction and OT compromise.; OT compromise and plant disruption.; PLC/DCS manipulation, IP theft, unsafe process change.; Persistent compromise after recovery.; Process manipulation or hidden telemetry.; Production outage and recovery disruption.; Unauthorized OT access, process manipulation, persistence.; Unauthorized commands or loss of visibility.; Unauthorized cross-zone commands/data manipulation.",Critical; High,"Passive/read-only by default; active validation only under approved ROE, plant-owner approval, maintenance window and safety review; disruptive/process-changing actions require lab/digital twin or explicitly controlled validation.",Written authorization; asset owner; production status; OT safety approval; maintenance window; emergency contact; stop conditions,"App configs, API evidence, service inventory, logs.; Architecture, access lists, safety lifecycle evidence, logs, approvals.; Cloud IAM, route tables, security groups, API logs, architecture.; Controller config, project backup, change logs, access logs.; Flow captures, ACLs, gateway configs, protocol inventory.; Gateway config, ACLs, message logs, certificates.; HMI config, sessions, logs, screen evidence.; Hashes, restore logs, golden image records, approvals.; Media policy, logs, endpoint controls, approval records.; Network diagrams, firewall rules, flow records, packet metadata.; Network paths, EDR controls, backup evidence, IR records.; Project hashes, access logs, engineering configs, change records.; Protocol inventory, packet metadata/captures, ACLs, control documentation.; Vendor inventory, contracts, access logs, routes, jump-host records.",MFG-E011;MFG-E045;MFG-E071;MFG-E097;MFG-E144;MFG-E145;MFG-E146;MFG-E147;MFG-E252;MFG-E266,NIST SP 800-115; NIST SP 800-82 Rev. 3; ISA/IEC 62443; MITRE ATT&CK for ICS
OT / ICS,event servers,Recon;Scanning/Enumeration;Vulnerability Assessment;Identity/Auth;Web/API/Application;OT/ICS;Validation/Business Impact;Reporting/Retest,AP-005;AP-006;AP-008;AP-010;AP-011;AP-012;AP-013;AP-014;AP-015;AP-017;AP-018;AP-025;AP-035;AP-036,T0846;T0840;T0842;T0868;T0845;T0843;T0831,"Control compromise and process disruption.; Cross-environment compromise.; Loss of control, production impact, safety impact.; Loss of protection/safety; personnel/environmental risk.; Loss of view/control and delayed response.; Malware introduction and OT compromise.; OT compromise and plant disruption.; PLC/DCS manipulation, IP theft, unsafe process change.; Persistent compromise after recovery.; Process manipulation or hidden telemetry.; Production outage and recovery disruption.; Unauthorized OT access, process manipulation, persistence.; Unauthorized commands or loss of visibility.; Unauthorized cross-zone commands/data manipulation.",Critical; High,"Passive/read-only by default; active validation only under approved ROE, plant-owner approval, maintenance window and safety review; disruptive/process-changing actions require lab/digital twin or explicitly controlled validation.",Written authorization; asset owner; production status; OT safety approval; maintenance window; emergency contact; stop conditions,"App configs, API evidence, service inventory, logs.; Architecture, access lists, safety lifecycle evidence, logs, approvals.; Cloud IAM, route tables, security groups, API logs, architecture.; Controller config, project backup, change logs, access logs.; Flow captures, ACLs, gateway configs, protocol inventory.; Gateway config, ACLs, message logs, certificates.; HMI config, sessions, logs, screen evidence.; Hashes, restore logs, golden image records, approvals.; Media policy, logs, endpoint controls, approval records.; Network diagrams, firewall rules, flow records, packet metadata.; Network paths, EDR controls, backup evidence, IR records.; Project hashes, access logs, engineering configs, change records.; Protocol inventory, packet metadata/captures, ACLs, control documentation.; Vendor inventory, contracts, access logs, routes, jump-host records.",MFG-E011;MFG-E045;MFG-E071;MFG-E097;MFG-E144;MFG-E145;MFG-E146;MFG-E147;MFG-E252;MFG-E266,NIST SP 800-115; NIST SP 800-82 Rev. 3; ISA/IEC 62443; MITRE ATT&CK for ICS
OT / ICS,engineering stations,Recon;Scanning/Enumeration;Vulnerability Assessment;Identity/Auth;Web/API/Application;OT/ICS;Validation/Business Impact;Reporting/Retest,AP-005;AP-006;AP-008;AP-010;AP-011;AP-012;AP-013;AP-014;AP-015;AP-017;AP-018;AP-025;AP-035;AP-036;AP-009;AP-032,T0846;T0840;T0842;T0868;T0845;T0843;T0831,"Control compromise and process disruption.; Cross-environment compromise.; IP loss and competitive exposure.; Loss of control, production impact, safety impact.; Loss of protection/safety; personnel/environmental risk.; Loss of view/control and delayed response.; Malware introduction and OT compromise.; OT compromise and plant disruption.; PLC/DCS manipulation, IP theft, unsafe process change.; Persistent compromise after recovery.; Persistent process manipulation.; Process manipulation or hidden telemetry.; Production outage and recovery disruption.; Unauthorized OT access, process manipulation, persistence.; Unauthorized commands or loss of visibility.; Unauthorized cross-zone commands/data manipulation.",Critical; High,"Passive/read-only by default; active validation only under approved ROE, plant-owner approval, maintenance window and safety review; disruptive/process-changing actions require lab/digital twin or explicitly controlled validation.",Written authorization; asset owner; production status; OT safety approval; maintenance window; emergency contact; stop conditions,"Access logs, permissions, sample evidence, DLP alerts.; App configs, API evidence, service inventory, logs.; Architecture, access lists, safety lifecycle evidence, logs, approvals.; Cloud IAM, route tables, security groups, API logs, architecture.; Controller config, project backup, change logs, access logs.; Flow captures, ACLs, gateway configs, protocol inventory.; Gateway config, ACLs, message logs, certificates.; HMI config, sessions, logs, screen evidence.; Hashes, restore logs, golden image records, approvals.; Media policy, logs, endpoint controls, approval records.; Network diagrams, firewall rules, flow records, packet metadata.; Network paths, EDR controls, backup evidence, IR records.; Project hashes, access logs, engineering configs, change records.; Project integrity evidence, approvals, hashes, backup status.; Protocol inventory, packet metadata/captures, ACLs, control documentation.; Vendor inventory, contracts, access logs, routes, jump-host records.",MFG-E011;MFG-E045;MFG-E071;MFG-E144;MFG-E145;MFG-E146;MFG-E147;MFG-E252;MFG-E266,NIST SP 800-115; NIST SP 800-82 Rev. 3; ISA/IEC 62443; MITRE ATT&CK for ICS
OT / ICS,control servers,Recon;Scanning/Enumeration;Vulnerability Assessment;Identity/Auth;Web/API/Application;OT/ICS;Validation/Business Impact;Reporting/Retest,AP-005;AP-006;AP-008;AP-010;AP-011;AP-012;AP-013;AP-014;AP-015;AP-017;AP-018;AP-025;AP-035;AP-036,T0846;T0840;T0842;T0868;T0845;T0843;T0831,"Control compromise and process disruption.; Cross-environment compromise.; Loss of control, production impact, safety impact.; Loss of protection/safety; personnel/environmental risk.; Loss of view/control and delayed response.; Malware introduction and OT compromise.; OT compromise and plant disruption.; PLC/DCS manipulation, IP theft, unsafe process change.; Persistent compromise after recovery.; Process manipulation or hidden telemetry.; Production outage and recovery disruption.; Unauthorized OT access, process manipulation, persistence.; Unauthorized commands or loss of visibility.; Unauthorized cross-zone commands/data manipulation.",Critical; High,"Passive/read-only by default; active validation only under approved ROE, plant-owner approval, maintenance window and safety review; disruptive/process-changing actions require lab/digital twin or explicitly controlled validation.",Written authorization; asset owner; production status; OT safety approval; maintenance window; emergency contact; stop conditions,"App configs, API evidence, service inventory, logs.; Architecture, access lists, safety lifecycle evidence, logs, approvals.; Cloud IAM, route tables, security groups, API logs, architecture.; Controller config, project backup, change logs, access logs.; Flow captures, ACLs, gateway configs, protocol inventory.; Gateway config, ACLs, message logs, certificates.; HMI config, sessions, logs, screen evidence.; Hashes, restore logs, golden image records, approvals.; Media policy, logs, endpoint controls, approval records.; Network diagrams, firewall rules, flow records, packet metadata.; Network paths, EDR controls, backup evidence, IR records.; Project hashes, access logs, engineering configs, change records.; Protocol inventory, packet metadata/captures, ACLs, control documentation.; Vendor inventory, contracts, access logs, routes, jump-host records.",MFG-E011;MFG-E045;MFG-E071;MFG-E097;MFG-E144;MFG-E145;MFG-E146;MFG-E147;MFG-E252;MFG-E266,NIST SP 800-115; NIST SP 800-82 Rev. 3; ISA/IEC 62443; MITRE ATT&CK for ICS
OT / ICS,application servers,Recon;Scanning/Enumeration;Vulnerability Assessment;Identity/Auth;Web/API/Application;OT/ICS;Validation/Business Impact;Reporting/Retest,AP-005;AP-006;AP-008;AP-010;AP-011;AP-012;AP-013;AP-014;AP-015;AP-017;AP-018;AP-025;AP-035;AP-036,T0846;T0840;T0842;T0868;T0845;T0843;T0831,"Control compromise and process disruption.; Cross-environment compromise.; Loss of control, production impact, safety impact.; Loss of protection/safety; personnel/environmental risk.; Loss of view/control and delayed response.; Malware introduction and OT compromise.; OT compromise and plant disruption.; PLC/DCS manipulation, IP theft, unsafe process change.; Persistent compromise after recovery.; Process manipulation or hidden telemetry.; Production outage and recovery disruption.; Unauthorized OT access, process manipulation, persistence.; Unauthorized commands or loss of visibility.; Unauthorized cross-zone commands/data manipulation.",Critical; High,"Passive/read-only by default; active validation only under approved ROE, plant-owner approval, maintenance window and safety review; disruptive/process-changing actions require lab/digital twin or explicitly controlled validation.",Written authorization; asset owner; production status; OT safety approval; maintenance window; emergency contact; stop conditions,"App configs, API evidence, service inventory, logs.; Architecture, access lists, safety lifecycle evidence, logs, approvals.; Cloud IAM, route tables, security groups, API logs, architecture.; Controller config, project backup, change logs, access logs.; Flow captures, ACLs, gateway configs, protocol inventory.; Gateway config, ACLs, message logs, certificates.; HMI config, sessions, logs, screen evidence.; Hashes, restore logs, golden image records, approvals.; Media policy, logs, endpoint controls, approval records.; Network diagrams, firewall rules, flow records, packet metadata.; Network paths, EDR controls, backup evidence, IR records.; Project hashes, access logs, engineering configs, change records.; Protocol inventory, packet metadata/captures, ACLs, control documentation.; Vendor inventory, contracts, access logs, routes, jump-host records.",MFG-E011;MFG-E045;MFG-E071;MFG-E097;MFG-E144;MFG-E145;MFG-E146;MFG-E147;MFG-E252;MFG-E266,NIST SP 800-115; NIST SP 800-82 Rev. 3; ISA/IEC 62443; MITRE ATT&CK for ICS
OT / ICS,data gateways,Recon;Scanning/Enumeration;Vulnerability Assessment;Identity/Auth;Web/API/Application;OT/ICS;Validation/Business Impact;Reporting/Retest,AP-005;AP-006;AP-008;AP-010;AP-011;AP-012;AP-013;AP-014;AP-015;AP-017;AP-018;AP-025;AP-035;AP-036;AP-021,T0846;T0840;T0842;T0868;T0845;T0843;T0831,"Control compromise and process disruption.; Cross-environment compromise.; Cross-system unauthorized actions/data access.; Loss of control, production impact, safety impact.; Loss of protection/safety; personnel/environmental risk.; Loss of view/control and delayed response.; Malware introduction and OT compromise.; OT compromise and plant disruption.; PLC/DCS manipulation, IP theft, unsafe process change.; Persistent compromise after recovery.; Process manipulation or hidden telemetry.; Production outage and recovery disruption.; Unauthorized OT access, process manipulation, persistence.; Unauthorized commands or loss of visibility.; Unauthorized cross-zone commands/data manipulation.",Critical; High,"Passive/read-only by default; active validation only under approved ROE, plant-owner approval, maintenance window and safety review; disruptive/process-changing actions require lab/digital twin or explicitly controlled validation.",Written authorization; asset owner; production status; OT safety approval; maintenance window; emergency contact; stop conditions,"App configs, API evidence, service inventory, logs.; Architecture, access lists, safety lifecycle evidence, logs, approvals.; Cloud IAM, route tables, security groups, API logs, architecture.; Controller config, project backup, change logs, access logs.; Flow captures, ACLs, gateway configs, protocol inventory.; Gateway config, ACLs, message logs, certificates.; HMI config, sessions, logs, screen evidence.; Hashes, restore logs, golden image records, approvals.; Media policy, logs, endpoint controls, approval records.; Network diagrams, firewall rules, flow records, packet metadata.; Network paths, EDR controls, backup evidence, IR records.; Project hashes, access logs, engineering configs, change records.; Protocol inventory, packet metadata/captures, ACLs, control documentation.; Requests/responses, API specs, auth policies, logs.; Vendor inventory, contracts, access logs, routes, jump-host records.",MFG-E011;MFG-E045;MFG-E071;MFG-E144;MFG-E145;MFG-E146;MFG-E147;MFG-E252;MFG-E266,NIST SP 800-115; NIST SP 800-82 Rev. 3; ISA/IEC 62443; MITRE ATT&CK for ICS
OT / ICS,industrial PCs,Recon;Scanning/Enumeration;Vulnerability Assessment;Identity/Auth;Web/API/Application;OT/ICS;Validation/Business Impact;Reporting/Retest,AP-005;AP-006;AP-008;AP-010;AP-011;AP-012;AP-013;AP-014;AP-015;AP-017;AP-018;AP-025;AP-035;AP-036,T0846;T0840;T0842;T0868;T0845;T0843;T0831,"Control compromise and process disruption.; Cross-environment compromise.; Loss of control, production impact, safety impact.; Loss of protection/safety; personnel/environmental risk.; Loss of view/control and delayed response.; Malware introduction and OT compromise.; OT compromise and plant disruption.; PLC/DCS manipulation, IP theft, unsafe process change.; Persistent compromise after recovery.; Process manipulation or hidden telemetry.; Production outage and recovery disruption.; Unauthorized OT access, process manipulation, persistence.; Unauthorized commands or loss of visibility.; Unauthorized cross-zone commands/data manipulation.",Critical; High,"Passive/read-only by default; active validation only under approved ROE, plant-owner approval, maintenance window and safety review; disruptive/process-changing actions require lab/digital twin or explicitly controlled validation.",Written authorization; asset owner; production status; OT safety approval; maintenance window; emergency contact; stop conditions,"App configs, API evidence, service inventory, logs.; Architecture, access lists, safety lifecycle evidence, logs, approvals.; Cloud IAM, route tables, security groups, API logs, architecture.; Controller config, project backup, change logs, access logs.; Flow captures, ACLs, gateway configs, protocol inventory.; Gateway config, ACLs, message logs, certificates.; HMI config, sessions, logs, screen evidence.; Hashes, restore logs, golden image records, approvals.; Media policy, logs, endpoint controls, approval records.; Network diagrams, firewall rules, flow records, packet metadata.; Network paths, EDR controls, backup evidence, IR records.; Project hashes, access logs, engineering configs, change records.; Protocol inventory, packet metadata/captures, ACLs, control documentation.; Vendor inventory, contracts, access logs, routes, jump-host records.",MFG-E011;MFG-E045;MFG-E071;MFG-E144;MFG-E145;MFG-E146;MFG-E147;MFG-E252;MFG-E266,NIST SP 800-115; NIST SP 800-82 Rev. 3; ISA/IEC 62443; MITRE ATT&CK for ICS
OT / ICS,safety controllers,Recon;Scanning/Enumeration;Vulnerability Assessment;Identity/Auth;Web/API/Application;OT/ICS;Validation/Business Impact;Reporting/Retest,AP-005;AP-006;AP-008;AP-010;AP-011;AP-012;AP-013;AP-014;AP-015;AP-017;AP-018;AP-025;AP-035;AP-036,T0846;T0840;T0842;T0868;T0845;T0843;T0831,"Control compromise and process disruption.; Cross-environment compromise.; Loss of control, production impact, safety impact.; Loss of protection/safety; personnel/environmental risk.; Loss of view/control and delayed response.; Malware introduction and OT compromise.; OT compromise and plant disruption.; PLC/DCS manipulation, IP theft, unsafe process change.; Persistent compromise after recovery.; Process manipulation or hidden telemetry.; Production outage and recovery disruption.; Unauthorized OT access, process manipulation, persistence.; Unauthorized commands or loss of visibility.; Unauthorized cross-zone commands/data manipulation.",Critical; High,"Passive/read-only by default; active validation only under approved ROE, plant-owner approval, maintenance window and safety review; disruptive/process-changing actions require lab/digital twin or explicitly controlled validation.",Written authorization; asset owner; production status; OT safety approval; maintenance window; emergency contact; stop conditions,"App configs, API evidence, service inventory, logs.; Architecture, access lists, safety lifecycle evidence, logs, approvals.; Cloud IAM, route tables, security groups, API logs, architecture.; Controller config, project backup, change logs, access logs.; Flow captures, ACLs, gateway configs, protocol inventory.; Gateway config, ACLs, message logs, certificates.; HMI config, sessions, logs, screen evidence.; Hashes, restore logs, golden image records, approvals.; Media policy, logs, endpoint controls, approval records.; Network diagrams, firewall rules, flow records, packet metadata.; Network paths, EDR controls, backup evidence, IR records.; Project hashes, access logs, engineering configs, change records.; Protocol inventory, packet metadata/captures, ACLs, control documentation.; Vendor inventory, contracts, access logs, routes, jump-host records.",MFG-E006;MFG-E011;MFG-E045;MFG-E071;MFG-E144;MFG-E145;MFG-E146;MFG-E147;MFG-E167;MFG-E252;MFG-E259;MFG-E266;MFG-X309;MFG-X310;MFG-X311;MFG-X312;MFG-X395;MFG-X479,NIST SP 800-115; NIST SP 800-82 Rev. 3; ISA/IEC 62443; MITRE ATT&CK for ICS
OT / ICS,industrial gateways,Recon;Scanning/Enumeration;Vulnerability Assessment;Identity/Auth;Web/API/Application;OT/ICS;Validation/Business Impact;Reporting/Retest,AP-005;AP-006;AP-008;AP-010;AP-011;AP-012;AP-013;AP-014;AP-015;AP-017;AP-018;AP-025;AP-035;AP-036;AP-021,T0846;T0840;T0842;T0868;T0845;T0843;T0831,"Control compromise and process disruption.; Cross-environment compromise.; Cross-system unauthorized actions/data access.; Loss of control, production impact, safety impact.; Loss of protection/safety; personnel/environmental risk.; Loss of view/control and delayed response.; Malware introduction and OT compromise.; OT compromise and plant disruption.; PLC/DCS manipulation, IP theft, unsafe process change.; Persistent compromise after recovery.; Process manipulation or hidden telemetry.; Production outage and recovery disruption.; Unauthorized OT access, process manipulation, persistence.; Unauthorized commands or loss of visibility.; Unauthorized cross-zone commands/data manipulation.",Critical; High,"Passive/read-only by default; active validation only under approved ROE, plant-owner approval, maintenance window and safety review; disruptive/process-changing actions require lab/digital twin or explicitly controlled validation.",Written authorization; asset owner; production status; OT safety approval; maintenance window; emergency contact; stop conditions,"App configs, API evidence, service inventory, logs.; Architecture, access lists, safety lifecycle evidence, logs, approvals.; Cloud IAM, route tables, security groups, API logs, architecture.; Controller config, project backup, change logs, access logs.; Flow captures, ACLs, gateway configs, protocol inventory.; Gateway config, ACLs, message logs, certificates.; HMI config, sessions, logs, screen evidence.; Hashes, restore logs, golden image records, approvals.; Media policy, logs, endpoint controls, approval records.; Network diagrams, firewall rules, flow records, packet metadata.; Network paths, EDR controls, backup evidence, IR records.; Project hashes, access logs, engineering configs, change records.; Protocol inventory, packet metadata/captures, ACLs, control documentation.; Requests/responses, API specs, auth policies, logs.; Vendor inventory, contracts, access logs, routes, jump-host records.",MFG-E011;MFG-E045;MFG-E071;MFG-E144;MFG-E145;MFG-E146;MFG-E147;MFG-E252;MFG-E266,NIST SP 800-115; NIST SP 800-82 Rev. 3; ISA/IEC 62443; MITRE ATT&CK for ICS
Industrial / Cyber-Physical,CNC machines,Recon;Scanning/Enumeration;Vulnerability Assessment;Identity/Auth;Web/API/Application;OT/ICS;Validation/Business Impact;Reporting/Retest,AP-011;AP-012;AP-015;AP-016;AP-017;AP-028;AP-036,T0831;T0836;T0835;T1692;T1693;T0816,"Loss of control, production impact, safety impact.; Loss of protection/safety; personnel/environmental risk.; Malware introduction and OT compromise.; Persistent compromise after recovery.; Process manipulation or hidden telemetry.; Production outage, equipment/process risk.; Unauthorized plant network access.",Critical; High,"Passive/read-only by default; active validation only under approved ROE, plant-owner approval, maintenance window and safety review; disruptive/process-changing actions require lab/digital twin or explicitly controlled validation.",Written authorization; asset owner; production status; OT safety approval; maintenance window; emergency contact; stop conditions,"Architecture, access lists, safety lifecycle evidence, logs, approvals.; Controller config, project backup, change logs, access logs.; Dependency maps, access controls, logs, contingency evidence.; Hashes, restore logs, golden image records, approvals.; Media policy, logs, endpoint controls, approval records.; Protocol inventory, packet metadata/captures, ACLs, control documentation.; Wireless config, auth evidence, RF inventory, network mapping.",MFG-E011;MFG-E045;MFG-E071;MFG-E144;MFG-E154;MFG-E155;MFG-E156;MFG-E176;MFG-E252;MFG-E266;MFG-X456,NIST SP 800-115; NIST SP 800-82 Rev. 3; ISA/IEC 62443; MITRE ATT&CK for ICS
Industrial / Cyber-Physical,industrial robots,Recon;Scanning/Enumeration;Vulnerability Assessment;Identity/Auth;Web/API/Application;OT/ICS;Validation/Business Impact;Reporting/Retest,AP-011;AP-012;AP-015;AP-016;AP-017;AP-028;AP-036,T0831;T0836;T0835;T1692;T1693;T0816,"Loss of control, production impact, safety impact.; Loss of protection/safety; personnel/environmental risk.; Malware introduction and OT compromise.; Persistent compromise after recovery.; Process manipulation or hidden telemetry.; Production outage, equipment/process risk.; Unauthorized plant network access.",Critical; High,"Passive/read-only by default; active validation only under approved ROE, plant-owner approval, maintenance window and safety review; disruptive/process-changing actions require lab/digital twin or explicitly controlled validation.",Written authorization; asset owner; production status; OT safety approval; maintenance window; emergency contact; stop conditions,"Architecture, access lists, safety lifecycle evidence, logs, approvals.; Controller config, project backup, change logs, access logs.; Dependency maps, access controls, logs, contingency evidence.; Hashes, restore logs, golden image records, approvals.; Media policy, logs, endpoint controls, approval records.; Protocol inventory, packet metadata/captures, ACLs, control documentation.; Wireless config, auth evidence, RF inventory, network mapping.",MFG-E011;MFG-E045;MFG-E071;MFG-E144;MFG-E154;MFG-E155;MFG-E156;MFG-E252;MFG-E266,NIST SP 800-115; NIST SP 800-82 Rev. 3; ISA/IEC 62443; MITRE ATT&CK for ICS
Industrial / Cyber-Physical,robot controllers,Recon;Scanning/Enumeration;Vulnerability Assessment;Identity/Auth;Web/API/Application;OT/ICS;Validation/Business Impact;Reporting/Retest,AP-011;AP-012;AP-015;AP-016;AP-017;AP-028;AP-036,T0831;T0836;T0835;T1692;T1693;T0816,"Loss of control, production impact, safety impact.; Loss of protection/safety; personnel/environmental risk.; Malware introduction and OT compromise.; Persistent compromise after recovery.; Process manipulation or hidden telemetry.; Production outage, equipment/process risk.; Unauthorized plant network access.",Critical; High,"Passive/read-only by default; active validation only under approved ROE, plant-owner approval, maintenance window and safety review; disruptive/process-changing actions require lab/digital twin or explicitly controlled validation.",Written authorization; asset owner; production status; OT safety approval; maintenance window; emergency contact; stop conditions,"Architecture, access lists, safety lifecycle evidence, logs, approvals.; Controller config, project backup, change logs, access logs.; Dependency maps, access controls, logs, contingency evidence.; Hashes, restore logs, golden image records, approvals.; Media policy, logs, endpoint controls, approval records.; Protocol inventory, packet metadata/captures, ACLs, control documentation.; Wireless config, auth evidence, RF inventory, network mapping.",MFG-E011;MFG-E045;MFG-E071;MFG-E144;MFG-E154;MFG-E155;MFG-E156;MFG-E176;MFG-E252;MFG-E266,NIST SP 800-115; NIST SP 800-82 Rev. 3; ISA/IEC 62443; MITRE ATT&CK for ICS
Industrial / Cyber-Physical,AGVs,Recon;Scanning/Enumeration;Vulnerability Assessment;Identity/Auth;Web/API/Application;OT/ICS;Validation/Business Impact;Reporting/Retest,AP-011;AP-012;AP-015;AP-016;AP-017;AP-028;AP-036,T0831;T0836;T0835;T1692;T1693;T0816,"Loss of control, production impact, safety impact.; Loss of protection/safety; personnel/environmental risk.; Malware introduction and OT compromise.; Persistent compromise after recovery.; Process manipulation or hidden telemetry.; Production outage, equipment/process risk.; Unauthorized plant network access.",Critical; High,"Passive/read-only by default; active validation only under approved ROE, plant-owner approval, maintenance window and safety review; disruptive/process-changing actions require lab/digital twin or explicitly controlled validation.",Written authorization; asset owner; production status; OT safety approval; maintenance window; emergency contact; stop conditions,"Architecture, access lists, safety lifecycle evidence, logs, approvals.; Controller config, project backup, change logs, access logs.; Dependency maps, access controls, logs, contingency evidence.; Hashes, restore logs, golden image records, approvals.; Media policy, logs, endpoint controls, approval records.; Protocol inventory, packet metadata/captures, ACLs, control documentation.; Wireless config, auth evidence, RF inventory, network mapping.",MFG-E011;MFG-E045;MFG-E071;MFG-E144;MFG-E154;MFG-E155;MFG-E156;MFG-E252;MFG-E266;MFG-X458,NIST SP 800-115; NIST SP 800-82 Rev. 3; ISA/IEC 62443; MITRE ATT&CK for ICS
Industrial / Cyber-Physical,AMRs,Recon;Scanning/Enumeration;Vulnerability Assessment;Identity/Auth;Web/API/Application;OT/ICS;Validation/Business Impact;Reporting/Retest,AP-011;AP-012;AP-015;AP-016;AP-017;AP-028;AP-036,T0831;T0836;T0835;T1692;T1693;T0816,"Loss of control, production impact, safety impact.; Loss of protection/safety; personnel/environmental risk.; Malware introduction and OT compromise.; Persistent compromise after recovery.; Process manipulation or hidden telemetry.; Production outage, equipment/process risk.; Unauthorized plant network access.",Critical; High,"Passive/read-only by default; active validation only under approved ROE, plant-owner approval, maintenance window and safety review; disruptive/process-changing actions require lab/digital twin or explicitly controlled validation.",Written authorization; asset owner; production status; OT safety approval; maintenance window; emergency contact; stop conditions,"Architecture, access lists, safety lifecycle evidence, logs, approvals.; Controller config, project backup, change logs, access logs.; Dependency maps, access controls, logs, contingency evidence.; Hashes, restore logs, golden image records, approvals.; Media policy, logs, endpoint controls, approval records.; Protocol inventory, packet metadata/captures, ACLs, control documentation.; Wireless config, auth evidence, RF inventory, network mapping.",MFG-E011;MFG-E045;MFG-E071;MFG-E144;MFG-E154;MFG-E155;MFG-E156;MFG-E252;MFG-E266;MFG-X459,NIST SP 800-115; NIST SP 800-82 Rev. 3; ISA/IEC 62443; MITRE ATT&CK for ICS
Industrial / Cyber-Physical,assembly machines,Recon;Scanning/Enumeration;Vulnerability Assessment;Identity/Auth;Web/API/Application;OT/ICS;Validation/Business Impact;Reporting/Retest,AP-011;AP-012;AP-015;AP-016;AP-017;AP-028;AP-036,T0831;T0836;T0835;T1692;T1693;T0816,"Loss of control, production impact, safety impact.; Loss of protection/safety; personnel/environmental risk.; Malware introduction and OT compromise.; Persistent compromise after recovery.; Process manipulation or hidden telemetry.; Production outage, equipment/process risk.; Unauthorized plant network access.",Critical; High,"Passive/read-only by default; active validation only under approved ROE, plant-owner approval, maintenance window and safety review; disruptive/process-changing actions require lab/digital twin or explicitly controlled validation.",Written authorization; asset owner; production status; OT safety approval; maintenance window; emergency contact; stop conditions,"Architecture, access lists, safety lifecycle evidence, logs, approvals.; Controller config, project backup, change logs, access logs.; Dependency maps, access controls, logs, contingency evidence.; Hashes, restore logs, golden image records, approvals.; Media policy, logs, endpoint controls, approval records.; Protocol inventory, packet metadata/captures, ACLs, control documentation.; Wireless config, auth evidence, RF inventory, network mapping.",MFG-E011;MFG-E045;MFG-E071;MFG-E144;MFG-E154;MFG-E155;MFG-E156;MFG-E252;MFG-E266,NIST SP 800-115; NIST SP 800-82 Rev. 3; ISA/IEC 62443; MITRE ATT&CK for ICS
Industrial / Cyber-Physical,welding systems,Recon;Scanning/Enumeration;Vulnerability Assessment;Identity/Auth;Web/API/Application;OT/ICS;Validation/Business Impact;Reporting/Retest,AP-011;AP-012;AP-015;AP-016;AP-017;AP-028;AP-036,T0831;T0836;T0835;T1692;T1693;T0816,"Loss of control, production impact, safety impact.; Loss of protection/safety; personnel/environmental risk.; Malware introduction and OT compromise.; Persistent compromise after recovery.; Process manipulation or hidden telemetry.; Production outage, equipment/process risk.; Unauthorized plant network access.",Critical; High,"Passive/read-only by default; active validation only under approved ROE, plant-owner approval, maintenance window and safety review; disruptive/process-changing actions require lab/digital twin or explicitly controlled validation.",Written authorization; asset owner; production status; OT safety approval; maintenance window; emergency contact; stop conditions,"Architecture, access lists, safety lifecycle evidence, logs, approvals.; Controller config, project backup, change logs, access logs.; Dependency maps, access controls, logs, contingency evidence.; Hashes, restore logs, golden image records, approvals.; Media policy, logs, endpoint controls, approval records.; Protocol inventory, packet metadata/captures, ACLs, control documentation.; Wireless config, auth evidence, RF inventory, network mapping.",MFG-E011;MFG-E045;MFG-E071;MFG-E144;MFG-E154;MFG-E155;MFG-E156;MFG-E252;MFG-E266,NIST SP 800-115; NIST SP 800-82 Rev. 3; ISA/IEC 62443; MITRE ATT&CK for ICS
Industrial / Cyber-Physical,cutting machines,Recon;Scanning/Enumeration;Vulnerability Assessment;Identity/Auth;Web/API/Application;OT/ICS;Validation/Business Impact;Reporting/Retest,AP-011;AP-012;AP-015;AP-016;AP-017;AP-028;AP-036,T0831;T0836;T0835;T1692;T1693;T0816,"Loss of control, production impact, safety impact.; Loss of protection/safety; personnel/environmental risk.; Malware introduction and OT compromise.; Persistent compromise after recovery.; Process manipulation or hidden telemetry.; Production outage, equipment/process risk.; Unauthorized plant network access.",Critical; High,"Passive/read-only by default; active validation only under approved ROE, plant-owner approval, maintenance window and safety review; disruptive/process-changing actions require lab/digital twin or explicitly controlled validation.",Written authorization; asset owner; production status; OT safety approval; maintenance window; emergency contact; stop conditions,"Architecture, access lists, safety lifecycle evidence, logs, approvals.; Controller config, project backup, change logs, access logs.; Dependency maps, access controls, logs, contingency evidence.; Hashes, restore logs, golden image records, approvals.; Media policy, logs, endpoint controls, approval records.; Protocol inventory, packet metadata/captures, ACLs, control documentation.; Wireless config, auth evidence, RF inventory, network mapping.",MFG-E011;MFG-E045;MFG-E071;MFG-E144;MFG-E154;MFG-E155;MFG-E156;MFG-E252;MFG-E266,NIST SP 800-115; NIST SP 800-82 Rev. 3; ISA/IEC 62443; MITRE ATT&CK for ICS
Industrial / Cyber-Physical,press machines,Recon;Scanning/Enumeration;Vulnerability Assessment;Identity/Auth;Web/API/Application;OT/ICS;Validation/Business Impact;Reporting/Retest,AP-011;AP-012;AP-015;AP-016;AP-017;AP-028;AP-036,T0831;T0836;T0835;T1692;T1693;T0816,"Loss of control, production impact, safety impact.; Loss of protection/safety; personnel/environmental risk.; Malware introduction and OT compromise.; Persistent compromise after recovery.; Process manipulation or hidden telemetry.; Production outage, equipment/process risk.; Unauthorized plant network access.",Critical; High,"Passive/read-only by default; active validation only under approved ROE, plant-owner approval, maintenance window and safety review; disruptive/process-changing actions require lab/digital twin or explicitly controlled validation.",Written authorization; asset owner; production status; OT safety approval; maintenance window; emergency contact; stop conditions,"Architecture, access lists, safety lifecycle evidence, logs, approvals.; Controller config, project backup, change logs, access logs.; Dependency maps, access controls, logs, contingency evidence.; Hashes, restore logs, golden image records, approvals.; Media policy, logs, endpoint controls, approval records.; Protocol inventory, packet metadata/captures, ACLs, control documentation.; Wireless config, auth evidence, RF inventory, network mapping.",MFG-E011;MFG-E045;MFG-E071;MFG-E144;MFG-E154;MFG-E155;MFG-E156;MFG-E252;MFG-E266,NIST SP 800-115; NIST SP 800-82 Rev. 3; ISA/IEC 62443; MITRE ATT&CK for ICS
Industrial / Cyber-Physical,packaging machines,Recon;Scanning/Enumeration;Vulnerability Assessment;Identity/Auth;Web/API/Application;OT/ICS;Validation/Business Impact;Reporting/Retest,AP-011;AP-012;AP-015;AP-016;AP-017;AP-028;AP-036;AP-013,T0831;T0836;T0835;T1692;T1693;T0816,"Loss of control, production impact, safety impact.; Loss of protection/safety; personnel/environmental risk.; Loss of view/control and delayed response.; Malware introduction and OT compromise.; Persistent compromise after recovery.; Process manipulation or hidden telemetry.; Production outage, equipment/process risk.; Unauthorized plant network access.",Critical; High,"Passive/read-only by default; active validation only under approved ROE, plant-owner approval, maintenance window and safety review; disruptive/process-changing actions require lab/digital twin or explicitly controlled validation.",Written authorization; asset owner; production status; OT safety approval; maintenance window; emergency contact; stop conditions,"Architecture, access lists, safety lifecycle evidence, logs, approvals.; Controller config, project backup, change logs, access logs.; Dependency maps, access controls, logs, contingency evidence.; HMI config, sessions, logs, screen evidence.; Hashes, restore logs, golden image records, approvals.; Media policy, logs, endpoint controls, approval records.; Protocol inventory, packet metadata/captures, ACLs, control documentation.; Wireless config, auth evidence, RF inventory, network mapping.",MFG-E011;MFG-E045;MFG-E071;MFG-E144;MFG-E154;MFG-E155;MFG-E156;MFG-E252;MFG-E266,NIST SP 800-115; NIST SP 800-82 Rev. 3; ISA/IEC 62443; MITRE ATT&CK for ICS
Industrial / Cyber-Physical,inspection machines,Recon;Scanning/Enumeration;Vulnerability Assessment;Identity/Auth;Web/API/Application;OT/ICS;Validation/Business Impact;Reporting/Retest,AP-011;AP-012;AP-015;AP-016;AP-017;AP-028;AP-036,T0831;T0836;T0835;T1692;T1693;T0816,"Loss of control, production impact, safety impact.; Loss of protection/safety; personnel/environmental risk.; Malware introduction and OT compromise.; Persistent compromise after recovery.; Process manipulation or hidden telemetry.; Production outage, equipment/process risk.; Unauthorized plant network access.",Critical; High,"Passive/read-only by default; active validation only under approved ROE, plant-owner approval, maintenance window and safety review; disruptive/process-changing actions require lab/digital twin or explicitly controlled validation.",Written authorization; asset owner; production status; OT safety approval; maintenance window; emergency contact; stop conditions,"Architecture, access lists, safety lifecycle evidence, logs, approvals.; Controller config, project backup, change logs, access logs.; Dependency maps, access controls, logs, contingency evidence.; Hashes, restore logs, golden image records, approvals.; Media policy, logs, endpoint controls, approval records.; Protocol inventory, packet metadata/captures, ACLs, control documentation.; Wireless config, auth evidence, RF inventory, network mapping.",MFG-E011;MFG-E045;MFG-E071;MFG-E144;MFG-E154;MFG-E155;MFG-E156;MFG-E252;MFG-E266,NIST SP 800-115; NIST SP 800-82 Rev. 3; ISA/IEC 62443; MITRE ATT&CK for ICS
Industrial / Cyber-Physical,machine vision,Recon;Scanning/Enumeration;Vulnerability Assessment;Identity/Auth;Web/API/Application;OT/ICS;Validation/Business Impact;Reporting/Retest,AP-011;AP-012;AP-015;AP-016;AP-017;AP-028;AP-036;AP-031,T0831;T0836;T0835;T1692;T1693;T0816,"Incorrect predictions, IP/data exposure, operational decisions affected.; Loss of control, production impact, safety impact.; Loss of protection/safety; personnel/environmental risk.; Malware introduction and OT compromise.; Persistent compromise after recovery.; Process manipulation or hidden telemetry.; Production outage, equipment/process risk.; Unauthorized plant network access.",Critical; High,"Passive/read-only by default; active validation only under approved ROE, plant-owner approval, maintenance window and safety review; disruptive/process-changing actions require lab/digital twin or explicitly controlled validation.",Written authorization; asset owner; production status; OT safety approval; maintenance window; emergency contact; stop conditions,"Architecture, access lists, safety lifecycle evidence, logs, approvals.; Controller config, project backup, change logs, access logs.; Dependency maps, access controls, logs, contingency evidence.; Hashes, restore logs, golden image records, approvals.; Media policy, logs, endpoint controls, approval records.; Model/data lineage, API logs, IAM, deployment evidence.; Protocol inventory, packet metadata/captures, ACLs, control documentation.; Wireless config, auth evidence, RF inventory, network mapping.",MFG-E011;MFG-E045;MFG-E071;MFG-E144;MFG-E154;MFG-E155;MFG-E156;MFG-E252;MFG-E266;MFG-X457,NIST SP 800-115; NIST SP 800-82 Rev. 3; ISA/IEC 62443; MITRE ATT&CK for ICS
Industrial / Cyber-Physical,3D printers,Recon;Scanning/Enumeration;Vulnerability Assessment;Identity/Auth;Web/API/Application;OT/ICS;Validation/Business Impact;Reporting/Retest,AP-011;AP-012;AP-015;AP-016;AP-017;AP-028;AP-036,T0831;T0836;T0835;T1692;T1693;T0816,"Loss of control, production impact, safety impact.; Loss of protection/safety; personnel/environmental risk.; Malware introduction and OT compromise.; Persistent compromise after recovery.; Process manipulation or hidden telemetry.; Production outage, equipment/process risk.; Unauthorized plant network access.",Critical; High,"Passive/read-only by default; active validation only under approved ROE, plant-owner approval, maintenance window and safety review; disruptive/process-changing actions require lab/digital twin or explicitly controlled validation.",Written authorization; asset owner; production status; OT safety approval; maintenance window; emergency contact; stop conditions,"Architecture, access lists, safety lifecycle evidence, logs, approvals.; Controller config, project backup, change logs, access logs.; Dependency maps, access controls, logs, contingency evidence.; Hashes, restore logs, golden image records, approvals.; Media policy, logs, endpoint controls, approval records.; Protocol inventory, packet metadata/captures, ACLs, control documentation.; Wireless config, auth evidence, RF inventory, network mapping.",MFG-E011;MFG-E045;MFG-E071;MFG-E144;MFG-E154;MFG-E155;MFG-E156;MFG-E252;MFG-E266,NIST SP 800-115; NIST SP 800-82 Rev. 3; ISA/IEC 62443; MITRE ATT&CK for ICS
Industrial / Cyber-Physical,conveyors,Recon;Scanning/Enumeration;Vulnerability Assessment;Identity/Auth;Web/API/Application;OT/ICS;Validation/Business Impact;Reporting/Retest,AP-011;AP-012;AP-015;AP-016;AP-017;AP-028;AP-036,T0831;T0836;T0835;T1692;T1693;T0816,"Loss of control, production impact, safety impact.; Loss of protection/safety; personnel/environmental risk.; Malware introduction and OT compromise.; Persistent compromise after recovery.; Process manipulation or hidden telemetry.; Production outage, equipment/process risk.; Unauthorized plant network access.",Critical; High,"Passive/read-only by default; active validation only under approved ROE, plant-owner approval, maintenance window and safety review; disruptive/process-changing actions require lab/digital twin or explicitly controlled validation.",Written authorization; asset owner; production status; OT safety approval; maintenance window; emergency contact; stop conditions,"Architecture, access lists, safety lifecycle evidence, logs, approvals.; Controller config, project backup, change logs, access logs.; Dependency maps, access controls, logs, contingency evidence.; Hashes, restore logs, golden image records, approvals.; Media policy, logs, endpoint controls, approval records.; Protocol inventory, packet metadata/captures, ACLs, control documentation.; Wireless config, auth evidence, RF inventory, network mapping.",MFG-E011;MFG-E045;MFG-E071;MFG-E144;MFG-E154;MFG-E155;MFG-E156;MFG-E252;MFG-E266,NIST SP 800-115; NIST SP 800-82 Rev. 3; ISA/IEC 62443; MITRE ATT&CK for ICS
Industrial / Cyber-Physical,automated storage,Recon;Scanning/Enumeration;Vulnerability Assessment;Identity/Auth;Web/API/Application;OT/ICS;Validation/Business Impact;Reporting/Retest,AP-011;AP-012;AP-015;AP-016;AP-017;AP-028;AP-036,T0831;T0836;T0835;T1692;T1693;T0816,"Loss of control, production impact, safety impact.; Loss of protection/safety; personnel/environmental risk.; Malware introduction and OT compromise.; Persistent compromise after recovery.; Process manipulation or hidden telemetry.; Production outage, equipment/process risk.; Unauthorized plant network access.",Critical; High,"Passive/read-only by default; active validation only under approved ROE, plant-owner approval, maintenance window and safety review; disruptive/process-changing actions require lab/digital twin or explicitly controlled validation.",Written authorization; asset owner; production status; OT safety approval; maintenance window; emergency contact; stop conditions,"Architecture, access lists, safety lifecycle evidence, logs, approvals.; Controller config, project backup, change logs, access logs.; Dependency maps, access controls, logs, contingency evidence.; Hashes, restore logs, golden image records, approvals.; Media policy, logs, endpoint controls, approval records.; Protocol inventory, packet metadata/captures, ACLs, control documentation.; Wireless config, auth evidence, RF inventory, network mapping.",MFG-E011;MFG-E045;MFG-E071;MFG-E144;MFG-E154;MFG-E155;MFG-E156;MFG-E252;MFG-E266;MFG-X471,NIST SP 800-115; NIST SP 800-82 Rev. 3; ISA/IEC 62443; MITRE ATT&CK for ICS
Industrial / Cyber-Physical,test equipment,Recon;Scanning/Enumeration;Vulnerability Assessment;Identity/Auth;Web/API/Application;OT/ICS;Validation/Business Impact;Reporting/Retest,AP-011;AP-012;AP-015;AP-016;AP-017;AP-028;AP-036,T0831;T0836;T0835;T1692;T1693;T0816,"Loss of control, production impact, safety impact.; Loss of protection/safety; personnel/environmental risk.; Malware introduction and OT compromise.; Persistent compromise after recovery.; Process manipulation or hidden telemetry.; Production outage, equipment/process risk.; Unauthorized plant network access.",Critical; High,"Passive/read-only by default; active validation only under approved ROE, plant-owner approval, maintenance window and safety review; disruptive/process-changing actions require lab/digital twin or explicitly controlled validation.",Written authorization; asset owner; production status; OT safety approval; maintenance window; emergency contact; stop conditions,"Architecture, access lists, safety lifecycle evidence, logs, approvals.; Controller config, project backup, change logs, access logs.; Dependency maps, access controls, logs, contingency evidence.; Hashes, restore logs, golden image records, approvals.; Media policy, logs, endpoint controls, approval records.; Protocol inventory, packet metadata/captures, ACLs, control documentation.; Wireless config, auth evidence, RF inventory, network mapping.",MFG-E011;MFG-E045;MFG-E071;MFG-E144;MFG-E154;MFG-E155;MFG-E156;MFG-E252;MFG-E266,NIST SP 800-115; NIST SP 800-82 Rev. 3; ISA/IEC 62443; MITRE ATT&CK for ICS
Industrial / Cyber-Physical,calibration equipment,Recon;Scanning/Enumeration;Vulnerability Assessment;Identity/Auth;Web/API/Application;OT/ICS;Validation/Business Impact;Reporting/Retest,AP-011;AP-012;AP-015;AP-016;AP-017;AP-028;AP-036,T0831;T0836;T0835;T1692;T1693;T0816,"Loss of control, production impact, safety impact.; Loss of protection/safety; personnel/environmental risk.; Malware introduction and OT compromise.; Persistent compromise after recovery.; Process manipulation or hidden telemetry.; Production outage, equipment/process risk.; Unauthorized plant network access.",Critical; High,"Passive/read-only by default; active validation only under approved ROE, plant-owner approval, maintenance window and safety review; disruptive/process-changing actions require lab/digital twin or explicitly controlled validation.",Written authorization; asset owner; production status; OT safety approval; maintenance window; emergency contact; stop conditions,"Architecture, access lists, safety lifecycle evidence, logs, approvals.; Controller config, project backup, change logs, access logs.; Dependency maps, access controls, logs, contingency evidence.; Hashes, restore logs, golden image records, approvals.; Media policy, logs, endpoint controls, approval records.; Protocol inventory, packet metadata/captures, ACLs, control documentation.; Wireless config, auth evidence, RF inventory, network mapping.",MFG-E011;MFG-E045;MFG-E071;MFG-E144;MFG-E154;MFG-E155;MFG-E156;MFG-E252;MFG-E266,NIST SP 800-115; NIST SP 800-82 Rev. 3; ISA/IEC 62443; MITRE ATT&CK for ICS
Industrial / Cyber-Physical,machine tools,Recon;Scanning/Enumeration;Vulnerability Assessment;Identity/Auth;Web/API/Application;OT/ICS;Validation/Business Impact;Reporting/Retest,AP-011;AP-012;AP-015;AP-016;AP-017;AP-028;AP-036,T0831;T0836;T0835;T1692;T1693;T0816,"Loss of control, production impact, safety impact.; Loss of protection/safety; personnel/environmental risk.; Malware introduction and OT compromise.; Persistent compromise after recovery.; Process manipulation or hidden telemetry.; Production outage, equipment/process risk.; Unauthorized plant network access.",Critical; High,"Passive/read-only by default; active validation only under approved ROE, plant-owner approval, maintenance window and safety review; disruptive/process-changing actions require lab/digital twin or explicitly controlled validation.",Written authorization; asset owner; production status; OT safety approval; maintenance window; emergency contact; stop conditions,"Architecture, access lists, safety lifecycle evidence, logs, approvals.; Controller config, project backup, change logs, access logs.; Dependency maps, access controls, logs, contingency evidence.; Hashes, restore logs, golden image records, approvals.; Media policy, logs, endpoint controls, approval records.; Protocol inventory, packet metadata/captures, ACLs, control documentation.; Wireless config, auth evidence, RF inventory, network mapping.",MFG-E011;MFG-E045;MFG-E071;MFG-E144;MFG-E154;MFG-E155;MFG-E156;MFG-E252;MFG-E266,NIST SP 800-115; NIST SP 800-82 Rev. 3; ISA/IEC 62443; MITRE ATT&CK for ICS
Industrial / Cyber-Physical,process equipment,Recon;Scanning/Enumeration;Vulnerability Assessment;Identity/Auth;Web/API/Application;OT/ICS;Validation/Business Impact;Reporting/Retest,AP-011;AP-012;AP-015;AP-016;AP-017;AP-028;AP-036,T0831;T0836;T0835;T1692;T1693;T0816,"Loss of control, production impact, safety impact.; Loss of protection/safety; personnel/environmental risk.; Malware introduction and OT compromise.; Persistent compromise after recovery.; Process manipulation or hidden telemetry.; Production outage, equipment/process risk.; Unauthorized plant network access.",Critical; High,"Passive/read-only by default; active validation only under approved ROE, plant-owner approval, maintenance window and safety review; disruptive/process-changing actions require lab/digital twin or explicitly controlled validation.",Written authorization; asset owner; production status; OT safety approval; maintenance window; emergency contact; stop conditions,"Architecture, access lists, safety lifecycle evidence, logs, approvals.; Controller config, project backup, change logs, access logs.; Dependency maps, access controls, logs, contingency evidence.; Hashes, restore logs, golden image records, approvals.; Media policy, logs, endpoint controls, approval records.; Protocol inventory, packet metadata/captures, ACLs, control documentation.; Wireless config, auth evidence, RF inventory, network mapping.",MFG-E011;MFG-E045;MFG-E071;MFG-E144;MFG-E154;MFG-E155;MFG-E156;MFG-E252;MFG-E266,NIST SP 800-115; NIST SP 800-82 Rev. 3; ISA/IEC 62443; MITRE ATT&CK for ICS
Field Devices & Instrumentation,sensors,Recon;Scanning/Enumeration;Vulnerability Assessment;Identity/Auth;Web/API/Application;OT/ICS;Validation/Business Impact;Reporting/Retest,AP-011;AP-012;AP-015;AP-016;AP-017;AP-028,T1694;T0840;T0836;T1692;T0800;T1693,"Loss of control, production impact, safety impact.; Loss of protection/safety; personnel/environmental risk.; Malware introduction and OT compromise.; Process manipulation or hidden telemetry.; Production outage, equipment/process risk.; Unauthorized plant network access.",Critical; High,"Passive/read-only by default; active validation only under approved ROE, plant-owner approval, maintenance window and safety review; disruptive/process-changing actions require lab/digital twin or explicitly controlled validation.",Written authorization; asset owner; production status; OT safety approval; maintenance window; emergency contact; stop conditions,"Architecture, access lists, safety lifecycle evidence, logs, approvals.; Controller config, project backup, change logs, access logs.; Dependency maps, access controls, logs, contingency evidence.; Media policy, logs, endpoint controls, approval records.; Protocol inventory, packet metadata/captures, ACLs, control documentation.; Wireless config, auth evidence, RF inventory, network mapping.",MFG-E011;MFG-E045;MFG-E071;MFG-E144;MFG-E157;MFG-E158;MFG-E159;MFG-E252;MFG-E266,NIST SP 800-115; NIST SP 800-82 Rev. 3; ISA/IEC 62443; MITRE ATT&CK for ICS
Field Devices & Instrumentation,actuators,Recon;Scanning/Enumeration;Vulnerability Assessment;Identity/Auth;Web/API/Application;OT/ICS;Validation/Business Impact;Reporting/Retest,AP-011;AP-012;AP-015;AP-016;AP-017;AP-028,T1694;T0840;T0836;T1692;T0800;T1693,"Loss of control, production impact, safety impact.; Loss of protection/safety; personnel/environmental risk.; Malware introduction and OT compromise.; Process manipulation or hidden telemetry.; Production outage, equipment/process risk.; Unauthorized plant network access.",Critical; High,"Passive/read-only by default; active validation only under approved ROE, plant-owner approval, maintenance window and safety review; disruptive/process-changing actions require lab/digital twin or explicitly controlled validation.",Written authorization; asset owner; production status; OT safety approval; maintenance window; emergency contact; stop conditions,"Architecture, access lists, safety lifecycle evidence, logs, approvals.; Controller config, project backup, change logs, access logs.; Dependency maps, access controls, logs, contingency evidence.; Media policy, logs, endpoint controls, approval records.; Protocol inventory, packet metadata/captures, ACLs, control documentation.; Wireless config, auth evidence, RF inventory, network mapping.",MFG-E011;MFG-E045;MFG-E071;MFG-E144;MFG-E157;MFG-E158;MFG-E159;MFG-E252;MFG-E266,NIST SP 800-115; NIST SP 800-82 Rev. 3; ISA/IEC 62443; MITRE ATT&CK for ICS
Field Devices & Instrumentation,motors,Recon;Scanning/Enumeration;Vulnerability Assessment;Identity/Auth;Web/API/Application;OT/ICS;Validation/Business Impact;Reporting/Retest,AP-011;AP-012;AP-015;AP-016;AP-017;AP-028,T1694;T0840;T0836;T1692;T0800;T1693,"Loss of control, production impact, safety impact.; Loss of protection/safety; personnel/environmental risk.; Malware introduction and OT compromise.; Process manipulation or hidden telemetry.; Production outage, equipment/process risk.; Unauthorized plant network access.",Critical; High,"Passive/read-only by default; active validation only under approved ROE, plant-owner approval, maintenance window and safety review; disruptive/process-changing actions require lab/digital twin or explicitly controlled validation.",Written authorization; asset owner; production status; OT safety approval; maintenance window; emergency contact; stop conditions,"Architecture, access lists, safety lifecycle evidence, logs, approvals.; Controller config, project backup, change logs, access logs.; Dependency maps, access controls, logs, contingency evidence.; Media policy, logs, endpoint controls, approval records.; Protocol inventory, packet metadata/captures, ACLs, control documentation.; Wireless config, auth evidence, RF inventory, network mapping.",MFG-E011;MFG-E045;MFG-E071;MFG-E144;MFG-E157;MFG-E158;MFG-E159;MFG-E252;MFG-E266,NIST SP 800-115; NIST SP 800-82 Rev. 3; ISA/IEC 62443; MITRE ATT&CK for ICS
Field Devices & Instrumentation,valves,Recon;Scanning/Enumeration;Vulnerability Assessment;Identity/Auth;Web/API/Application;OT/ICS;Validation/Business Impact;Reporting/Retest,AP-011;AP-012;AP-015;AP-016;AP-017;AP-028,T1694;T0840;T0836;T1692;T0800;T1693,"Loss of control, production impact, safety impact.; Loss of protection/safety; personnel/environmental risk.; Malware introduction and OT compromise.; Process manipulation or hidden telemetry.; Production outage, equipment/process risk.; Unauthorized plant network access.",Critical; High,"Passive/read-only by default; active validation only under approved ROE, plant-owner approval, maintenance window and safety review; disruptive/process-changing actions require lab/digital twin or explicitly controlled validation.",Written authorization; asset owner; production status; OT safety approval; maintenance window; emergency contact; stop conditions,"Architecture, access lists, safety lifecycle evidence, logs, approvals.; Controller config, project backup, change logs, access logs.; Dependency maps, access controls, logs, contingency evidence.; Media policy, logs, endpoint controls, approval records.; Protocol inventory, packet metadata/captures, ACLs, control documentation.; Wireless config, auth evidence, RF inventory, network mapping.",MFG-E011;MFG-E045;MFG-E071;MFG-E144;MFG-E157;MFG-E158;MFG-E159;MFG-E252;MFG-E266,NIST SP 800-115; NIST SP 800-82 Rev. 3; ISA/IEC 62443; MITRE ATT&CK for ICS
Field Devices & Instrumentation,drives,Recon;Scanning/Enumeration;Vulnerability Assessment;Identity/Auth;Web/API/Application;OT/ICS;Validation/Business Impact;Reporting/Retest,AP-011;AP-012;AP-015;AP-016;AP-017;AP-028;AP-024;AP-036,T1694;T0840;T0836;T1692;T0800;T1693,"Extended outage and recovery failure.; Loss of control, production impact, safety impact.; Loss of protection/safety; personnel/environmental risk.; Malware introduction and OT compromise.; Persistent compromise after recovery.; Process manipulation or hidden telemetry.; Production outage, equipment/process risk.; Unauthorized plant network access.",Critical; High,"Passive/read-only by default; active validation only under approved ROE, plant-owner approval, maintenance window and safety review; disruptive/process-changing actions require lab/digital twin or explicitly controlled validation.",Written authorization; asset owner; production status; OT safety approval; maintenance window; emergency contact; stop conditions,"Architecture, access lists, safety lifecycle evidence, logs, approvals.; Backup configs, immutability evidence, restore tests, access logs.; Controller config, project backup, change logs, access logs.; Dependency maps, access controls, logs, contingency evidence.; Hashes, restore logs, golden image records, approvals.; Media policy, logs, endpoint controls, approval records.; Protocol inventory, packet metadata/captures, ACLs, control documentation.; Wireless config, auth evidence, RF inventory, network mapping.",MFG-E011;MFG-E045;MFG-E071;MFG-E144;MFG-E157;MFG-E158;MFG-E159;MFG-E252;MFG-E266,NIST SP 800-115; NIST SP 800-82 Rev. 3; ISA/IEC 62443; MITRE ATT&CK for ICS
Field Devices & Instrumentation,VFDs,Recon;Scanning/Enumeration;Vulnerability Assessment;Identity/Auth;Web/API/Application;OT/ICS;Validation/Business Impact;Reporting/Retest,AP-011;AP-012;AP-015;AP-016;AP-017;AP-028,T1694;T0840;T0836;T1692;T0800;T1693,"Loss of control, production impact, safety impact.; Loss of protection/safety; personnel/environmental risk.; Malware introduction and OT compromise.; Process manipulation or hidden telemetry.; Production outage, equipment/process risk.; Unauthorized plant network access.",Critical; High,"Passive/read-only by default; active validation only under approved ROE, plant-owner approval, maintenance window and safety review; disruptive/process-changing actions require lab/digital twin or explicitly controlled validation.",Written authorization; asset owner; production status; OT safety approval; maintenance window; emergency contact; stop conditions,"Architecture, access lists, safety lifecycle evidence, logs, approvals.; Controller config, project backup, change logs, access logs.; Dependency maps, access controls, logs, contingency evidence.; Media policy, logs, endpoint controls, approval records.; Protocol inventory, packet metadata/captures, ACLs, control documentation.; Wireless config, auth evidence, RF inventory, network mapping.",MFG-E011;MFG-E045;MFG-E071;MFG-E144;MFG-E157;MFG-E158;MFG-E159;MFG-E252;MFG-E266,NIST SP 800-115; NIST SP 800-82 Rev. 3; ISA/IEC 62443; MITRE ATT&CK for ICS
Field Devices & Instrumentation,servo drives,Recon;Scanning/Enumeration;Vulnerability Assessment;Identity/Auth;Web/API/Application;OT/ICS;Validation/Business Impact;Reporting/Retest,AP-011;AP-012;AP-015;AP-016;AP-017;AP-028;AP-024;AP-036,T1694;T0840;T0836;T1692;T0800;T1693,"Extended outage and recovery failure.; Loss of control, production impact, safety impact.; Loss of protection/safety; personnel/environmental risk.; Malware introduction and OT compromise.; Persistent compromise after recovery.; Process manipulation or hidden telemetry.; Production outage, equipment/process risk.; Unauthorized plant network access.",Critical; High,"Passive/read-only by default; active validation only under approved ROE, plant-owner approval, maintenance window and safety review; disruptive/process-changing actions require lab/digital twin or explicitly controlled validation.",Written authorization; asset owner; production status; OT safety approval; maintenance window; emergency contact; stop conditions,"Architecture, access lists, safety lifecycle evidence, logs, approvals.; Backup configs, immutability evidence, restore tests, access logs.; Controller config, project backup, change logs, access logs.; Dependency maps, access controls, logs, contingency evidence.; Hashes, restore logs, golden image records, approvals.; Media policy, logs, endpoint controls, approval records.; Protocol inventory, packet metadata/captures, ACLs, control documentation.; Wireless config, auth evidence, RF inventory, network mapping.",MFG-E011;MFG-E045;MFG-E071;MFG-E144;MFG-E157;MFG-E158;MFG-E159;MFG-E252;MFG-E266,NIST SP 800-115; NIST SP 800-82 Rev. 3; ISA/IEC 62443; MITRE ATT&CK for ICS
Field Devices & Instrumentation,relays,Recon;Scanning/Enumeration;Vulnerability Assessment;Identity/Auth;Web/API/Application;OT/ICS;Validation/Business Impact;Reporting/Retest,AP-011;AP-012;AP-015;AP-016;AP-017;AP-028,T1694;T0840;T0836;T1692;T0800;T1693,"Loss of control, production impact, safety impact.; Loss of protection/safety; personnel/environmental risk.; Malware introduction and OT compromise.; Process manipulation or hidden telemetry.; Production outage, equipment/process risk.; Unauthorized plant network access.",Critical; High,"Passive/read-only by default; active validation only under approved ROE, plant-owner approval, maintenance window and safety review; disruptive/process-changing actions require lab/digital twin or explicitly controlled validation.",Written authorization; asset owner; production status; OT safety approval; maintenance window; emergency contact; stop conditions,"Architecture, access lists, safety lifecycle evidence, logs, approvals.; Controller config, project backup, change logs, access logs.; Dependency maps, access controls, logs, contingency evidence.; Media policy, logs, endpoint controls, approval records.; Protocol inventory, packet metadata/captures, ACLs, control documentation.; Wireless config, auth evidence, RF inventory, network mapping.",MFG-E011;MFG-E045;MFG-E071;MFG-E144;MFG-E157;MFG-E158;MFG-E159;MFG-E252;MFG-E266,NIST SP 800-115; NIST SP 800-82 Rev. 3; ISA/IEC 62443; MITRE ATT&CK for ICS
Field Devices & Instrumentation,contactors,Recon;Scanning/Enumeration;Vulnerability Assessment;Identity/Auth;Web/API/Application;OT/ICS;Validation/Business Impact;Reporting/Retest,AP-011;AP-012;AP-015;AP-016;AP-017;AP-028,T1694;T0840;T0836;T1692;T0800;T1693,"Loss of control, production impact, safety impact.; Loss of protection/safety; personnel/environmental risk.; Malware introduction and OT compromise.; Process manipulation or hidden telemetry.; Production outage, equipment/process risk.; Unauthorized plant network access.",Critical; High,"Passive/read-only by default; active validation only under approved ROE, plant-owner approval, maintenance window and safety review; disruptive/process-changing actions require lab/digital twin or explicitly controlled validation.",Written authorization; asset owner; production status; OT safety approval; maintenance window; emergency contact; stop conditions,"Architecture, access lists, safety lifecycle evidence, logs, approvals.; Controller config, project backup, change logs, access logs.; Dependency maps, access controls, logs, contingency evidence.; Media policy, logs, endpoint controls, approval records.; Protocol inventory, packet metadata/captures, ACLs, control documentation.; Wireless config, auth evidence, RF inventory, network mapping.",MFG-E011;MFG-E045;MFG-E071;MFG-E144;MFG-E157;MFG-E158;MFG-E159;MFG-E252;MFG-E266,NIST SP 800-115; NIST SP 800-82 Rev. 3; ISA/IEC 62443; MITRE ATT&CK for ICS
Field Devices & Instrumentation,smart instruments,Recon;Scanning/Enumeration;Vulnerability Assessment;Identity/Auth;Web/API/Application;OT/ICS;Validation/Business Impact;Reporting/Retest,AP-011;AP-012;AP-015;AP-016;AP-017;AP-028,T1694;T0840;T0836;T1692;T0800;T1693,"Loss of control, production impact, safety impact.; Loss of protection/safety; personnel/environmental risk.; Malware introduction and OT compromise.; Process manipulation or hidden telemetry.; Production outage, equipment/process risk.; Unauthorized plant network access.",Critical; High,"Passive/read-only by default; active validation only under approved ROE, plant-owner approval, maintenance window and safety review; disruptive/process-changing actions require lab/digital twin or explicitly controlled validation.",Written authorization; asset owner; production status; OT safety approval; maintenance window; emergency contact; stop conditions,"Architecture, access lists, safety lifecycle evidence, logs, approvals.; Controller config, project backup, change logs, access logs.; Dependency maps, access controls, logs, contingency evidence.; Media policy, logs, endpoint controls, approval records.; Protocol inventory, packet metadata/captures, ACLs, control documentation.; Wireless config, auth evidence, RF inventory, network mapping.",MFG-E011;MFG-E045;MFG-E071;MFG-E144;MFG-E157;MFG-E158;MFG-E159;MFG-E252;MFG-E266,NIST SP 800-115; NIST SP 800-82 Rev. 3; ISA/IEC 62443; MITRE ATT&CK for ICS
Field Devices & Instrumentation,IEDs,Recon;Scanning/Enumeration;Vulnerability Assessment;Identity/Auth;Web/API/Application;OT/ICS;Validation/Business Impact;Reporting/Retest,AP-011;AP-012;AP-015;AP-016;AP-017;AP-028,T1694;T0840;T0836;T1692;T0800;T1693,"Loss of control, production impact, safety impact.; Loss of protection/safety; personnel/environmental risk.; Malware introduction and OT compromise.; Process manipulation or hidden telemetry.; Production outage, equipment/process risk.; Unauthorized plant network access.",Critical; High,"Passive/read-only by default; active validation only under approved ROE, plant-owner approval, maintenance window and safety review; disruptive/process-changing actions require lab/digital twin or explicitly controlled validation.",Written authorization; asset owner; production status; OT safety approval; maintenance window; emergency contact; stop conditions,"Architecture, access lists, safety lifecycle evidence, logs, approvals.; Controller config, project backup, change logs, access logs.; Dependency maps, access controls, logs, contingency evidence.; Media policy, logs, endpoint controls, approval records.; Protocol inventory, packet metadata/captures, ACLs, control documentation.; Wireless config, auth evidence, RF inventory, network mapping.",MFG-E011;MFG-E045;MFG-E071;MFG-E144;MFG-E157;MFG-E158;MFG-E159;MFG-E252;MFG-E266,NIST SP 800-115; NIST SP 800-82 Rev. 3; ISA/IEC 62443; MITRE ATT&CK for ICS
Field Devices & Instrumentation,remote I/O,Recon;Scanning/Enumeration;Vulnerability Assessment;Identity/Auth;Web/API/Application;OT/ICS;Validation/Business Impact;Reporting/Retest,AP-011;AP-012;AP-015;AP-016;AP-017;AP-028,T1694;T0840;T0836;T1692;T0800;T1693,"Loss of control, production impact, safety impact.; Loss of protection/safety; personnel/environmental risk.; Malware introduction and OT compromise.; Process manipulation or hidden telemetry.; Production outage, equipment/process risk.; Unauthorized plant network access.",Critical; High,"Passive/read-only by default; active validation only under approved ROE, plant-owner approval, maintenance window and safety review; disruptive/process-changing actions require lab/digital twin or explicitly controlled validation.",Written authorization; asset owner; production status; OT safety approval; maintenance window; emergency contact; stop conditions,"Architecture, access lists, safety lifecycle evidence, logs, approvals.; Controller config, project backup, change logs, access logs.; Dependency maps, access controls, logs, contingency evidence.; Media policy, logs, endpoint controls, approval records.; Protocol inventory, packet metadata/captures, ACLs, control documentation.; Wireless config, auth evidence, RF inventory, network mapping.",MFG-E011;MFG-E045;MFG-E071;MFG-E097;MFG-E144;MFG-E157;MFG-E158;MFG-E159;MFG-E252;MFG-E266,NIST SP 800-115; NIST SP 800-82 Rev. 3; ISA/IEC 62443; MITRE ATT&CK for ICS
Field Devices & Instrumentation,industrial meters,Recon;Scanning/Enumeration;Vulnerability Assessment;Identity/Auth;Web/API/Application;OT/ICS;Validation/Business Impact;Reporting/Retest,AP-011;AP-012;AP-015;AP-016;AP-017;AP-028,T1694;T0840;T0836;T1692;T0800;T1693,"Loss of control, production impact, safety impact.; Loss of protection/safety; personnel/environmental risk.; Malware introduction and OT compromise.; Process manipulation or hidden telemetry.; Production outage, equipment/process risk.; Unauthorized plant network access.",Critical; High,"Passive/read-only by default; active validation only under approved ROE, plant-owner approval, maintenance window and safety review; disruptive/process-changing actions require lab/digital twin or explicitly controlled validation.",Written authorization; asset owner; production status; OT safety approval; maintenance window; emergency contact; stop conditions,"Architecture, access lists, safety lifecycle evidence, logs, approvals.; Controller config, project backup, change logs, access logs.; Dependency maps, access controls, logs, contingency evidence.; Media policy, logs, endpoint controls, approval records.; Protocol inventory, packet metadata/captures, ACLs, control documentation.; Wireless config, auth evidence, RF inventory, network mapping.",MFG-E011;MFG-E045;MFG-E071;MFG-E144;MFG-E157;MFG-E158;MFG-E159;MFG-E252;MFG-E266,NIST SP 800-115; NIST SP 800-82 Rev. 3; ISA/IEC 62443; MITRE ATT&CK for ICS
Industrial Networks & Protocols,industrial Ethernet,Recon;Scanning/Enumeration;Vulnerability Assessment;Identity/Auth;Web/API/Application;OT/ICS;Validation/Business Impact;Reporting/Retest,AP-006;AP-007;AP-010;AP-011;AP-016;AP-035;AP-037,T0840;T0842;T0830;T1691;T1692;T0848,Enterprise compromise or data exfiltration.; Multi-site compromise or correlated outage.; OT compromise and plant disruption.; Process manipulation or hidden telemetry.; Unauthorized commands or loss of visibility.; Unauthorized cross-zone commands/data manipulation.; Unauthorized plant network access.,Critical; High,"Passive/read-only by default; active validation only under approved ROE, plant-owner approval, maintenance window and safety review; disruptive/process-changing actions require lab/digital twin or explicitly controlled validation.",Written authorization; asset owner; production status; OT safety approval; maintenance window; emergency contact; stop conditions,"Flow captures, ACLs, gateway configs, protocol inventory.; Gateway config, ACLs, message logs, certificates.; Network diagrams, firewall rules, flow records, packet metadata.; Protocol inventory, packet metadata/captures, ACLs, control documentation.; Routing, host configs, service relationships, logs.; WAN topology, ACLs, routes, flow logs.; Wireless config, auth evidence, RF inventory, network mapping.",MFG-E011;MFG-E045;MFG-E071;MFG-E144;MFG-E160;MFG-E161;MFG-E162;MFG-E252;MFG-E266,NIST SP 800-115; NIST SP 800-82 Rev. 3; ISA/IEC 62443; MITRE ATT&CK for ICS
Industrial Networks & Protocols,managed switches,Recon;Scanning/Enumeration;Vulnerability Assessment;Identity/Auth;Web/API/Application;OT/ICS;Validation/Business Impact;Reporting/Retest,AP-006;AP-007;AP-010;AP-011;AP-016;AP-035;AP-037,T0840;T0842;T0830;T1691;T1692;T0848,Enterprise compromise or data exfiltration.; Multi-site compromise or correlated outage.; OT compromise and plant disruption.; Process manipulation or hidden telemetry.; Unauthorized commands or loss of visibility.; Unauthorized cross-zone commands/data manipulation.; Unauthorized plant network access.,Critical; High,"Passive/read-only by default; active validation only under approved ROE, plant-owner approval, maintenance window and safety review; disruptive/process-changing actions require lab/digital twin or explicitly controlled validation.",Written authorization; asset owner; production status; OT safety approval; maintenance window; emergency contact; stop conditions,"Flow captures, ACLs, gateway configs, protocol inventory.; Gateway config, ACLs, message logs, certificates.; Network diagrams, firewall rules, flow records, packet metadata.; Protocol inventory, packet metadata/captures, ACLs, control documentation.; Routing, host configs, service relationships, logs.; WAN topology, ACLs, routes, flow logs.; Wireless config, auth evidence, RF inventory, network mapping.",MFG-E011;MFG-E045;MFG-E071;MFG-E144;MFG-E160;MFG-E161;MFG-E162;MFG-E252;MFG-E266,NIST SP 800-115; NIST SP 800-82 Rev. 3; ISA/IEC 62443; MITRE ATT&CK for ICS
Industrial Networks & Protocols,industrial switches,Recon;Scanning/Enumeration;Vulnerability Assessment;Identity/Auth;Web/API/Application;OT/ICS;Validation/Business Impact;Reporting/Retest,AP-006;AP-007;AP-010;AP-011;AP-016;AP-035;AP-037,T0840;T0842;T0830;T1691;T1692;T0848,Enterprise compromise or data exfiltration.; Multi-site compromise or correlated outage.; OT compromise and plant disruption.; Process manipulation or hidden telemetry.; Unauthorized commands or loss of visibility.; Unauthorized cross-zone commands/data manipulation.; Unauthorized plant network access.,Critical; High,"Passive/read-only by default; active validation only under approved ROE, plant-owner approval, maintenance window and safety review; disruptive/process-changing actions require lab/digital twin or explicitly controlled validation.",Written authorization; asset owner; production status; OT safety approval; maintenance window; emergency contact; stop conditions,"Flow captures, ACLs, gateway configs, protocol inventory.; Gateway config, ACLs, message logs, certificates.; Network diagrams, firewall rules, flow records, packet metadata.; Protocol inventory, packet metadata/captures, ACLs, control documentation.; Routing, host configs, service relationships, logs.; WAN topology, ACLs, routes, flow logs.; Wireless config, auth evidence, RF inventory, network mapping.",MFG-E011;MFG-E045;MFG-E071;MFG-E144;MFG-E160;MFG-E161;MFG-E162;MFG-E252;MFG-E266,NIST SP 800-115; NIST SP 800-82 Rev. 3; ISA/IEC 62443; MITRE ATT&CK for ICS
Industrial Networks & Protocols,routers,Recon;Scanning/Enumeration;Vulnerability Assessment;Identity/Auth;Web/API/Application;OT/ICS;Validation/Business Impact;Reporting/Retest,AP-006;AP-007;AP-010;AP-011;AP-016;AP-035;AP-037,T0840;T0842;T0830;T1691;T1692;T0848,Enterprise compromise or data exfiltration.; Multi-site compromise or correlated outage.; OT compromise and plant disruption.; Process manipulation or hidden telemetry.; Unauthorized commands or loss of visibility.; Unauthorized cross-zone commands/data manipulation.; Unauthorized plant network access.,Critical; High,"Passive/read-only by default; active validation only under approved ROE, plant-owner approval, maintenance window and safety review; disruptive/process-changing actions require lab/digital twin or explicitly controlled validation.",Written authorization; asset owner; production status; OT safety approval; maintenance window; emergency contact; stop conditions,"Flow captures, ACLs, gateway configs, protocol inventory.; Gateway config, ACLs, message logs, certificates.; Network diagrams, firewall rules, flow records, packet metadata.; Protocol inventory, packet metadata/captures, ACLs, control documentation.; Routing, host configs, service relationships, logs.; WAN topology, ACLs, routes, flow logs.; Wireless config, auth evidence, RF inventory, network mapping.",MFG-E011;MFG-E045;MFG-E071;MFG-E144;MFG-E160;MFG-E161;MFG-E162;MFG-E252;MFG-E266,NIST SP 800-115; NIST SP 800-82 Rev. 3; ISA/IEC 62443; MITRE ATT&CK for ICS
Industrial Networks & Protocols,industrial routers,Recon;Scanning/Enumeration;Vulnerability Assessment;Identity/Auth;Web/API/Application;OT/ICS;Validation/Business Impact;Reporting/Retest,AP-006;AP-007;AP-010;AP-011;AP-016;AP-035;AP-037,T0840;T0842;T0830;T1691;T1692;T0848,Enterprise compromise or data exfiltration.; Multi-site compromise or correlated outage.; OT compromise and plant disruption.; Process manipulation or hidden telemetry.; Unauthorized commands or loss of visibility.; Unauthorized cross-zone commands/data manipulation.; Unauthorized plant network access.,Critical; High,"Passive/read-only by default; active validation only under approved ROE, plant-owner approval, maintenance window and safety review; disruptive/process-changing actions require lab/digital twin or explicitly controlled validation.",Written authorization; asset owner; production status; OT safety approval; maintenance window; emergency contact; stop conditions,"Flow captures, ACLs, gateway configs, protocol inventory.; Gateway config, ACLs, message logs, certificates.; Network diagrams, firewall rules, flow records, packet metadata.; Protocol inventory, packet metadata/captures, ACLs, control documentation.; Routing, host configs, service relationships, logs.; WAN topology, ACLs, routes, flow logs.; Wireless config, auth evidence, RF inventory, network mapping.",MFG-E011;MFG-E045;MFG-E071;MFG-E144;MFG-E160;MFG-E161;MFG-E162;MFG-E252;MFG-E266,NIST SP 800-115; NIST SP 800-82 Rev. 3; ISA/IEC 62443; MITRE ATT&CK for ICS
Industrial Networks & Protocols,industrial firewalls,Recon;Scanning/Enumeration;Vulnerability Assessment;Identity/Auth;Web/API/Application;OT/ICS;Validation/Business Impact;Reporting/Retest,AP-006;AP-007;AP-010;AP-011;AP-016;AP-035;AP-037;AP-026;AP-027;AP-028,T0840;T0842;T0830;T1691;T1692;T0848,"Direct device compromise or safety risk.; Enterprise compromise or data exfiltration.; Enterprise compromise or facility disruption.; Multi-site compromise or correlated outage.; OT compromise and plant disruption.; Process manipulation or hidden telemetry.; Production outage, equipment/process risk.; Unauthorized commands or loss of visibility.; Unauthorized cross-zone commands/data manipulation.; Unauthorized plant network access.",Critical; High,"Passive/read-only by default; active validation only under approved ROE, plant-owner approval, maintenance window and safety review; disruptive/process-changing actions require lab/digital twin or explicitly controlled validation.",Written authorization; asset owner; production status; OT safety approval; maintenance window; emergency contact; stop conditions,"Access logs, photographs where allowed, physical control evidence.; Dependency maps, access controls, logs, contingency evidence.; Flow captures, ACLs, gateway configs, protocol inventory.; Gateway config, ACLs, message logs, certificates.; Network diagrams, ACLs, system configs, vendor access records.; Network diagrams, firewall rules, flow records, packet metadata.; Protocol inventory, packet metadata/captures, ACLs, control documentation.; Routing, host configs, service relationships, logs.; WAN topology, ACLs, routes, flow logs.; Wireless config, auth evidence, RF inventory, network mapping.",MFG-E011;MFG-E045;MFG-E060;MFG-E071;MFG-E144;MFG-E156;MFG-E160;MFG-E161;MFG-E162;MFG-E197;MFG-E252;MFG-E266,NIST SP 800-115; NIST SP 800-82 Rev. 3; ISA/IEC 62443; MITRE ATT&CK for ICS
Industrial Networks & Protocols,wireless bridges,Recon;Scanning/Enumeration;Vulnerability Assessment;Identity/Auth;Web/API/Application;OT/ICS;Validation/Business Impact;Reporting/Retest,AP-006;AP-007;AP-010;AP-011;AP-016;AP-035;AP-037;AP-033,T0840;T0842;T0830;T1691;T1692;T0848,Enterprise compromise or data exfiltration.; Multi-site compromise or correlated outage.; OT compromise and plant disruption.; Process manipulation or hidden telemetry.; Unauthorized commands or loss of visibility.; Unauthorized cross-zone commands/data manipulation.; Unauthorized plant network access.; Workflow manipulation/data exposure.,Critical; High; Medium-High,"Passive/read-only by default; active validation only under approved ROE, plant-owner approval, maintenance window and safety review; disruptive/process-changing actions require lab/digital twin or explicitly controlled validation.",Written authorization; asset owner; production status; OT safety approval; maintenance window; emergency contact; stop conditions,"Flow captures, ACLs, gateway configs, protocol inventory.; Gateway config, ACLs, message logs, certificates.; MDM policy, app config, auth logs, network evidence.; Network diagrams, firewall rules, flow records, packet metadata.; Protocol inventory, packet metadata/captures, ACLs, control documentation.; Routing, host configs, service relationships, logs.; WAN topology, ACLs, routes, flow logs.; Wireless config, auth evidence, RF inventory, network mapping.",MFG-E011;MFG-E045;MFG-E068;MFG-E071;MFG-E096;MFG-E144;MFG-E160;MFG-E161;MFG-E162;MFG-E215;MFG-E216;MFG-E252;MFG-E266,NIST SP 800-115; NIST SP 800-82 Rev. 3; ISA/IEC 62443; MITRE ATT&CK for ICS
Industrial Networks & Protocols,network taps,Recon;Scanning/Enumeration;Vulnerability Assessment;Identity/Auth;Web/API/Application;OT/ICS;Validation/Business Impact;Reporting/Retest,AP-006;AP-007;AP-010;AP-011;AP-016;AP-035;AP-037,T0840;T0842;T0830;T1691;T1692;T0848,Enterprise compromise or data exfiltration.; Multi-site compromise or correlated outage.; OT compromise and plant disruption.; Process manipulation or hidden telemetry.; Unauthorized commands or loss of visibility.; Unauthorized cross-zone commands/data manipulation.; Unauthorized plant network access.,Critical; High,"Passive/read-only by default; active validation only under approved ROE, plant-owner approval, maintenance window and safety review; disruptive/process-changing actions require lab/digital twin or explicitly controlled validation.",Written authorization; asset owner; production status; OT safety approval; maintenance window; emergency contact; stop conditions,"Flow captures, ACLs, gateway configs, protocol inventory.; Gateway config, ACLs, message logs, certificates.; Network diagrams, firewall rules, flow records, packet metadata.; Protocol inventory, packet metadata/captures, ACLs, control documentation.; Routing, host configs, service relationships, logs.; WAN topology, ACLs, routes, flow logs.; Wireless config, auth evidence, RF inventory, network mapping.",MFG-E011;MFG-E045;MFG-E071;MFG-E144;MFG-E160;MFG-E161;MFG-E162;MFG-E252;MFG-E266,NIST SP 800-115; NIST SP 800-82 Rev. 3; ISA/IEC 62443; MITRE ATT&CK for ICS
Industrial Networks & Protocols,Modbus,Recon;Scanning/Enumeration;Vulnerability Assessment;Identity/Auth;Web/API/Application;OT/ICS;Validation/Business Impact;Reporting/Retest,AP-006;AP-007;AP-010;AP-011;AP-016;AP-035;AP-037,T0840;T0842;T0830;T1691;T1692;T0848,Enterprise compromise or data exfiltration.; Multi-site compromise or correlated outage.; OT compromise and plant disruption.; Process manipulation or hidden telemetry.; Unauthorized commands or loss of visibility.; Unauthorized cross-zone commands/data manipulation.; Unauthorized plant network access.,Critical; High,"Passive/read-only by default; active validation only under approved ROE, plant-owner approval, maintenance window and safety review; disruptive/process-changing actions require lab/digital twin or explicitly controlled validation.",Written authorization; asset owner; production status; OT safety approval; maintenance window; emergency contact; stop conditions,"Flow captures, ACLs, gateway configs, protocol inventory.; Gateway config, ACLs, message logs, certificates.; Network diagrams, firewall rules, flow records, packet metadata.; Protocol inventory, packet metadata/captures, ACLs, control documentation.; Routing, host configs, service relationships, logs.; WAN topology, ACLs, routes, flow logs.; Wireless config, auth evidence, RF inventory, network mapping.",MFG-E011;MFG-E045;MFG-E071;MFG-E144;MFG-E160;MFG-E161;MFG-E162;MFG-E252;MFG-E266,NIST SP 800-115; NIST SP 800-82 Rev. 3; ISA/IEC 62443; MITRE ATT&CK for ICS
Industrial Networks & Protocols,Modbus TCP,Recon;Scanning/Enumeration;Vulnerability Assessment;Identity/Auth;Web/API/Application;OT/ICS;Validation/Business Impact;Reporting/Retest,AP-006;AP-007;AP-010;AP-011;AP-016;AP-035;AP-037,T0840;T0842;T0830;T1691;T1692;T0848,Enterprise compromise or data exfiltration.; Multi-site compromise or correlated outage.; OT compromise and plant disruption.; Process manipulation or hidden telemetry.; Unauthorized commands or loss of visibility.; Unauthorized cross-zone commands/data manipulation.; Unauthorized plant network access.,Critical; High,"Passive/read-only by default; active validation only under approved ROE, plant-owner approval, maintenance window and safety review; disruptive/process-changing actions require lab/digital twin or explicitly controlled validation.",Written authorization; asset owner; production status; OT safety approval; maintenance window; emergency contact; stop conditions,"Flow captures, ACLs, gateway configs, protocol inventory.; Gateway config, ACLs, message logs, certificates.; Network diagrams, firewall rules, flow records, packet metadata.; Protocol inventory, packet metadata/captures, ACLs, control documentation.; Routing, host configs, service relationships, logs.; WAN topology, ACLs, routes, flow logs.; Wireless config, auth evidence, RF inventory, network mapping.",MFG-E011;MFG-E045;MFG-E071;MFG-E144;MFG-E160;MFG-E161;MFG-E162;MFG-E252;MFG-E266,NIST SP 800-115; NIST SP 800-82 Rev. 3; ISA/IEC 62443; MITRE ATT&CK for ICS
Industrial Networks & Protocols,OPC UA,Recon;Scanning/Enumeration;Vulnerability Assessment;Identity/Auth;Web/API/Application;OT/ICS;Validation/Business Impact;Reporting/Retest,AP-006;AP-007;AP-010;AP-011;AP-016;AP-035;AP-037,T0840;T0842;T0830;T1691;T1692;T0848,Enterprise compromise or data exfiltration.; Multi-site compromise or correlated outage.; OT compromise and plant disruption.; Process manipulation or hidden telemetry.; Unauthorized commands or loss of visibility.; Unauthorized cross-zone commands/data manipulation.; Unauthorized plant network access.,Critical; High,"Passive/read-only by default; active validation only under approved ROE, plant-owner approval, maintenance window and safety review; disruptive/process-changing actions require lab/digital twin or explicitly controlled validation.",Written authorization; asset owner; production status; OT safety approval; maintenance window; emergency contact; stop conditions,"Flow captures, ACLs, gateway configs, protocol inventory.; Gateway config, ACLs, message logs, certificates.; Network diagrams, firewall rules, flow records, packet metadata.; Protocol inventory, packet metadata/captures, ACLs, control documentation.; Routing, host configs, service relationships, logs.; WAN topology, ACLs, routes, flow logs.; Wireless config, auth evidence, RF inventory, network mapping.",MFG-E011;MFG-E045;MFG-E071;MFG-E144;MFG-E159;MFG-E160;MFG-E161;MFG-E162;MFG-E252;MFG-E266,NIST SP 800-115; NIST SP 800-82 Rev. 3; ISA/IEC 62443; MITRE ATT&CK for ICS
Industrial Networks & Protocols,EtherNet/IP,Recon;Scanning/Enumeration;Vulnerability Assessment;Identity/Auth;Web/API/Application;OT/ICS;Validation/Business Impact;Reporting/Retest,AP-006;AP-007;AP-010;AP-011;AP-016;AP-035;AP-037,T0840;T0842;T0830;T1691;T1692;T0848,Enterprise compromise or data exfiltration.; Multi-site compromise or correlated outage.; OT compromise and plant disruption.; Process manipulation or hidden telemetry.; Unauthorized commands or loss of visibility.; Unauthorized cross-zone commands/data manipulation.; Unauthorized plant network access.,Critical; High,"Passive/read-only by default; active validation only under approved ROE, plant-owner approval, maintenance window and safety review; disruptive/process-changing actions require lab/digital twin or explicitly controlled validation.",Written authorization; asset owner; production status; OT safety approval; maintenance window; emergency contact; stop conditions,"Flow captures, ACLs, gateway configs, protocol inventory.; Gateway config, ACLs, message logs, certificates.; Network diagrams, firewall rules, flow records, packet metadata.; Protocol inventory, packet metadata/captures, ACLs, control documentation.; Routing, host configs, service relationships, logs.; WAN topology, ACLs, routes, flow logs.; Wireless config, auth evidence, RF inventory, network mapping.",MFG-E011;MFG-E045;MFG-E071;MFG-E144;MFG-E160;MFG-E161;MFG-E162;MFG-E252;MFG-E266,NIST SP 800-115; NIST SP 800-82 Rev. 3; ISA/IEC 62443; MITRE ATT&CK for ICS
Industrial Networks & Protocols,PROFINET,Recon;Scanning/Enumeration;Vulnerability Assessment;Identity/Auth;Web/API/Application;OT/ICS;Validation/Business Impact;Reporting/Retest,AP-006;AP-007;AP-010;AP-011;AP-016;AP-035;AP-037,T0840;T0842;T0830;T1691;T1692;T0848,Enterprise compromise or data exfiltration.; Multi-site compromise or correlated outage.; OT compromise and plant disruption.; Process manipulation or hidden telemetry.; Unauthorized commands or loss of visibility.; Unauthorized cross-zone commands/data manipulation.; Unauthorized plant network access.,Critical; High,"Passive/read-only by default; active validation only under approved ROE, plant-owner approval, maintenance window and safety review; disruptive/process-changing actions require lab/digital twin or explicitly controlled validation.",Written authorization; asset owner; production status; OT safety approval; maintenance window; emergency contact; stop conditions,"Flow captures, ACLs, gateway configs, protocol inventory.; Gateway config, ACLs, message logs, certificates.; Network diagrams, firewall rules, flow records, packet metadata.; Protocol inventory, packet metadata/captures, ACLs, control documentation.; Routing, host configs, service relationships, logs.; WAN topology, ACLs, routes, flow logs.; Wireless config, auth evidence, RF inventory, network mapping.",MFG-E011;MFG-E045;MFG-E071;MFG-E144;MFG-E160;MFG-E161;MFG-E162;MFG-E252;MFG-E266,NIST SP 800-115; NIST SP 800-82 Rev. 3; ISA/IEC 62443; MITRE ATT&CK for ICS
Industrial Networks & Protocols,DNP3,Recon;Scanning/Enumeration;Vulnerability Assessment;Identity/Auth;Web/API/Application;OT/ICS;Validation/Business Impact;Reporting/Retest,AP-006;AP-007;AP-010;AP-011;AP-016;AP-035;AP-037,T0840;T0842;T0830;T1691;T1692;T0848,Enterprise compromise or data exfiltration.; Multi-site compromise or correlated outage.; OT compromise and plant disruption.; Process manipulation or hidden telemetry.; Unauthorized commands or loss of visibility.; Unauthorized cross-zone commands/data manipulation.; Unauthorized plant network access.,Critical; High,"Passive/read-only by default; active validation only under approved ROE, plant-owner approval, maintenance window and safety review; disruptive/process-changing actions require lab/digital twin or explicitly controlled validation.",Written authorization; asset owner; production status; OT safety approval; maintenance window; emergency contact; stop conditions,"Flow captures, ACLs, gateway configs, protocol inventory.; Gateway config, ACLs, message logs, certificates.; Network diagrams, firewall rules, flow records, packet metadata.; Protocol inventory, packet metadata/captures, ACLs, control documentation.; Routing, host configs, service relationships, logs.; WAN topology, ACLs, routes, flow logs.; Wireless config, auth evidence, RF inventory, network mapping.",MFG-E011;MFG-E045;MFG-E071;MFG-E144;MFG-E160;MFG-E161;MFG-E162;MFG-E252;MFG-E266,NIST SP 800-115; NIST SP 800-82 Rev. 3; ISA/IEC 62443; MITRE ATT&CK for ICS
Industrial Networks & Protocols,MQTT,Recon;Scanning/Enumeration;Vulnerability Assessment;Identity/Auth;Web/API/Application;OT/ICS;Validation/Business Impact;Reporting/Retest,AP-006;AP-007;AP-010;AP-011;AP-016;AP-035;AP-037,T0840;T0842;T0830;T1691;T1692;T0848,Enterprise compromise or data exfiltration.; Multi-site compromise or correlated outage.; OT compromise and plant disruption.; Process manipulation or hidden telemetry.; Unauthorized commands or loss of visibility.; Unauthorized cross-zone commands/data manipulation.; Unauthorized plant network access.,Critical; High,"Passive/read-only by default; active validation only under approved ROE, plant-owner approval, maintenance window and safety review; disruptive/process-changing actions require lab/digital twin or explicitly controlled validation.",Written authorization; asset owner; production status; OT safety approval; maintenance window; emergency contact; stop conditions,"Flow captures, ACLs, gateway configs, protocol inventory.; Gateway config, ACLs, message logs, certificates.; Network diagrams, firewall rules, flow records, packet metadata.; Protocol inventory, packet metadata/captures, ACLs, control documentation.; Routing, host configs, service relationships, logs.; WAN topology, ACLs, routes, flow logs.; Wireless config, auth evidence, RF inventory, network mapping.",MFG-E011;MFG-E045;MFG-E071;MFG-E144;MFG-E160;MFG-E161;MFG-E162;MFG-E163;MFG-E252;MFG-E266,NIST SP 800-115; NIST SP 800-82 Rev. 3; ISA/IEC 62443; MITRE ATT&CK for ICS
Industrial Networks & Protocols,AMQP,Recon;Scanning/Enumeration;Vulnerability Assessment;Identity/Auth;Web/API/Application;OT/ICS;Validation/Business Impact;Reporting/Retest,AP-006;AP-007;AP-010;AP-011;AP-016;AP-035;AP-037,T0840;T0842;T0830;T1691;T1692;T0848,Enterprise compromise or data exfiltration.; Multi-site compromise or correlated outage.; OT compromise and plant disruption.; Process manipulation or hidden telemetry.; Unauthorized commands or loss of visibility.; Unauthorized cross-zone commands/data manipulation.; Unauthorized plant network access.,Critical; High,"Passive/read-only by default; active validation only under approved ROE, plant-owner approval, maintenance window and safety review; disruptive/process-changing actions require lab/digital twin or explicitly controlled validation.",Written authorization; asset owner; production status; OT safety approval; maintenance window; emergency contact; stop conditions,"Flow captures, ACLs, gateway configs, protocol inventory.; Gateway config, ACLs, message logs, certificates.; Network diagrams, firewall rules, flow records, packet metadata.; Protocol inventory, packet metadata/captures, ACLs, control documentation.; Routing, host configs, service relationships, logs.; WAN topology, ACLs, routes, flow logs.; Wireless config, auth evidence, RF inventory, network mapping.",MFG-E011;MFG-E045;MFG-E071;MFG-E144;MFG-E160;MFG-E161;MFG-E162;MFG-E252;MFG-E266,NIST SP 800-115; NIST SP 800-82 Rev. 3; ISA/IEC 62443; MITRE ATT&CK for ICS
Industrial Networks & Protocols,HART,Recon;Scanning/Enumeration;Vulnerability Assessment;Identity/Auth;Web/API/Application;OT/ICS;Validation/Business Impact;Reporting/Retest,AP-006;AP-007;AP-010;AP-011;AP-016;AP-035;AP-037,T0840;T0842;T0830;T1691;T1692;T0848,Enterprise compromise or data exfiltration.; Multi-site compromise or correlated outage.; OT compromise and plant disruption.; Process manipulation or hidden telemetry.; Unauthorized commands or loss of visibility.; Unauthorized cross-zone commands/data manipulation.; Unauthorized plant network access.,Critical; High,"Passive/read-only by default; active validation only under approved ROE, plant-owner approval, maintenance window and safety review; disruptive/process-changing actions require lab/digital twin or explicitly controlled validation.",Written authorization; asset owner; production status; OT safety approval; maintenance window; emergency contact; stop conditions,"Flow captures, ACLs, gateway configs, protocol inventory.; Gateway config, ACLs, message logs, certificates.; Network diagrams, firewall rules, flow records, packet metadata.; Protocol inventory, packet metadata/captures, ACLs, control documentation.; Routing, host configs, service relationships, logs.; WAN topology, ACLs, routes, flow logs.; Wireless config, auth evidence, RF inventory, network mapping.",MFG-E011;MFG-E045;MFG-E071;MFG-E144;MFG-E160;MFG-E161;MFG-E162;MFG-E252;MFG-E266,NIST SP 800-115; NIST SP 800-82 Rev. 3; ISA/IEC 62443; MITRE ATT&CK for ICS
Industrial Networks & Protocols,CAN-related protocols,Recon;Scanning/Enumeration;Vulnerability Assessment;Identity/Auth;Web/API/Application;OT/ICS;Validation/Business Impact;Reporting/Retest,AP-006;AP-007;AP-010;AP-011;AP-016;AP-035;AP-037,T0840;T0842;T0830;T1691;T1692;T0848,Enterprise compromise or data exfiltration.; Multi-site compromise or correlated outage.; OT compromise and plant disruption.; Process manipulation or hidden telemetry.; Unauthorized commands or loss of visibility.; Unauthorized cross-zone commands/data manipulation.; Unauthorized plant network access.,Critical; High,"Passive/read-only by default; active validation only under approved ROE, plant-owner approval, maintenance window and safety review; disruptive/process-changing actions require lab/digital twin or explicitly controlled validation.",Written authorization; asset owner; production status; OT safety approval; maintenance window; emergency contact; stop conditions,"Flow captures, ACLs, gateway configs, protocol inventory.; Gateway config, ACLs, message logs, certificates.; Network diagrams, firewall rules, flow records, packet metadata.; Protocol inventory, packet metadata/captures, ACLs, control documentation.; Routing, host configs, service relationships, logs.; WAN topology, ACLs, routes, flow logs.; Wireless config, auth evidence, RF inventory, network mapping.",MFG-E011;MFG-E045;MFG-E071;MFG-E144;MFG-E160;MFG-E161;MFG-E162;MFG-E252;MFG-E266,NIST SP 800-115; NIST SP 800-82 Rev. 3; ISA/IEC 62443; MITRE ATT&CK for ICS
Industrial Networks & Protocols,serial protocols,Recon;Scanning/Enumeration;Vulnerability Assessment;Identity/Auth;Web/API/Application;OT/ICS;Validation/Business Impact;Reporting/Retest,AP-006;AP-007;AP-010;AP-011;AP-016;AP-035;AP-037,T0840;T0842;T0830;T1691;T1692;T0848,Enterprise compromise or data exfiltration.; Multi-site compromise or correlated outage.; OT compromise and plant disruption.; Process manipulation or hidden telemetry.; Unauthorized commands or loss of visibility.; Unauthorized cross-zone commands/data manipulation.; Unauthorized plant network access.,Critical; High,"Passive/read-only by default; active validation only under approved ROE, plant-owner approval, maintenance window and safety review; disruptive/process-changing actions require lab/digital twin or explicitly controlled validation.",Written authorization; asset owner; production status; OT safety approval; maintenance window; emergency contact; stop conditions,"Flow captures, ACLs, gateway configs, protocol inventory.; Gateway config, ACLs, message logs, certificates.; Network diagrams, firewall rules, flow records, packet metadata.; Protocol inventory, packet metadata/captures, ACLs, control documentation.; Routing, host configs, service relationships, logs.; WAN topology, ACLs, routes, flow logs.; Wireless config, auth evidence, RF inventory, network mapping.",MFG-E011;MFG-E045;MFG-E071;MFG-E144;MFG-E160;MFG-E161;MFG-E162;MFG-E252;MFG-E266,NIST SP 800-115; NIST SP 800-82 Rev. 3; ISA/IEC 62443; MITRE ATT&CK for ICS
Industrial Networks & Protocols,vendor protocols,Recon;Scanning/Enumeration;Vulnerability Assessment;Identity/Auth;Web/API/Application;OT/ICS;Validation/Business Impact;Reporting/Retest,AP-006;AP-007;AP-010;AP-011;AP-016;AP-035;AP-037;AP-002;AP-005,T0840;T0842;T0830;T1691;T1692;T0848,"Enterprise compromise or data exfiltration.; Multi-site compromise or correlated outage.; OT compromise and plant disruption.; Process manipulation or hidden telemetry.; Unauthorized OT access, process manipulation, persistence.; Unauthorized commands or loss of visibility.; Unauthorized cross-zone commands/data manipulation.; Unauthorized internal/OT reachability; account misuse.; Unauthorized plant network access.",Critical; High,"Passive/read-only by default; active validation only under approved ROE, plant-owner approval, maintenance window and safety review; disruptive/process-changing actions require lab/digital twin or explicitly controlled validation.",Written authorization; asset owner; production status; OT safety approval; maintenance window; emergency contact; stop conditions,"Flow captures, ACLs, gateway configs, protocol inventory.; Gateway config, ACLs, message logs, certificates.; Network diagrams, firewall rules, flow records, packet metadata.; Protocol inventory, packet metadata/captures, ACLs, control documentation.; Routing, host configs, service relationships, logs.; VPN config, access logs, MFA evidence, routes, ACLs, session records.; Vendor inventory, contracts, access logs, routes, jump-host records.; WAN topology, ACLs, routes, flow logs.; Wireless config, auth evidence, RF inventory, network mapping.",MFG-E011;MFG-E045;MFG-E071;MFG-E144;MFG-E160;MFG-E161;MFG-E162;MFG-E252;MFG-E266,NIST SP 800-115; NIST SP 800-82 Rev. 3; ISA/IEC 62443; MITRE ATT&CK for ICS
IIoT / Edge / Industry 4.0,smart sensors,Recon;Scanning/Enumeration;Vulnerability Assessment;Identity/Auth;Web/API/Application;OT/ICS;Validation/Business Impact;Reporting/Retest,AP-010;AP-016;AP-018;AP-021;AP-031;AP-035,T0871;T0840;T0842;T1694;T0862;T0830,"Cross-environment compromise.; Cross-system unauthorized actions/data access.; Incorrect predictions, IP/data exposure, operational decisions affected.; Unauthorized commands or loss of visibility.; Unauthorized cross-zone commands/data manipulation.; Unauthorized plant network access.",High,"Non-destructive validation by default; active testing only within written authorization, approved scope, testing window, rate limits and rollback/stop conditions.",Written authorization; confirmed scope; test accounts/access; testing window; logging/evidence plan,"Cloud IAM, route tables, security groups, API logs, architecture.; Flow captures, ACLs, gateway configs, protocol inventory.; Gateway config, ACLs, message logs, certificates.; Model/data lineage, API logs, IAM, deployment evidence.; Requests/responses, API specs, auth policies, logs.; Wireless config, auth evidence, RF inventory, network mapping.",MFG-E011;MFG-E045;MFG-E071;MFG-E144;MFG-E179;MFG-E180;MFG-E181;MFG-E252;MFG-E266,NIST SP 800-115; NIST SP 800-82 Rev. 3; ISA/IEC 62443; MITRE ATT&CK for ICS
IIoT / Edge / Industry 4.0,IIoT gateways,Recon;Scanning/Enumeration;Vulnerability Assessment;Identity/Auth;Web/API/Application;OT/ICS;Validation/Business Impact;Reporting/Retest,AP-010;AP-016;AP-018;AP-021;AP-031;AP-035,T0871;T0840;T0842;T1694;T0862;T0830,"Cross-environment compromise.; Cross-system unauthorized actions/data access.; Incorrect predictions, IP/data exposure, operational decisions affected.; Unauthorized commands or loss of visibility.; Unauthorized cross-zone commands/data manipulation.; Unauthorized plant network access.",High,"Non-destructive validation by default; active testing only within written authorization, approved scope, testing window, rate limits and rollback/stop conditions.",Written authorization; confirmed scope; test accounts/access; testing window; logging/evidence plan,"Cloud IAM, route tables, security groups, API logs, architecture.; Flow captures, ACLs, gateway configs, protocol inventory.; Gateway config, ACLs, message logs, certificates.; Model/data lineage, API logs, IAM, deployment evidence.; Requests/responses, API specs, auth policies, logs.; Wireless config, auth evidence, RF inventory, network mapping.",MFG-E011;MFG-E045;MFG-E071;MFG-E117;MFG-E144;MFG-E179;MFG-E180;MFG-E181;MFG-E252;MFG-E266,NIST SP 800-115; NIST SP 800-82 Rev. 3; ISA/IEC 62443; MITRE ATT&CK for ICS
IIoT / Edge / Industry 4.0,edge computers,Recon;Scanning/Enumeration;Vulnerability Assessment;Identity/Auth;Web/API/Application;OT/ICS;Validation/Business Impact;Reporting/Retest,AP-010;AP-016;AP-018;AP-021;AP-031;AP-035,T0871;T0840;T0842;T1694;T0862;T0830,"Cross-environment compromise.; Cross-system unauthorized actions/data access.; Incorrect predictions, IP/data exposure, operational decisions affected.; Unauthorized commands or loss of visibility.; Unauthorized cross-zone commands/data manipulation.; Unauthorized plant network access.",High,"Non-destructive validation by default; active testing only within written authorization, approved scope, testing window, rate limits and rollback/stop conditions.",Written authorization; confirmed scope; test accounts/access; testing window; logging/evidence plan,"Cloud IAM, route tables, security groups, API logs, architecture.; Flow captures, ACLs, gateway configs, protocol inventory.; Gateway config, ACLs, message logs, certificates.; Model/data lineage, API logs, IAM, deployment evidence.; Requests/responses, API specs, auth policies, logs.; Wireless config, auth evidence, RF inventory, network mapping.",MFG-E011;MFG-E045;MFG-E071;MFG-E144;MFG-E179;MFG-E180;MFG-E181;MFG-E252;MFG-E266,NIST SP 800-115; NIST SP 800-82 Rev. 3; ISA/IEC 62443; MITRE ATT&CK for ICS
IIoT / Edge / Industry 4.0,industrial PCs,Recon;Scanning/Enumeration;Vulnerability Assessment;Identity/Auth;Web/API/Application;OT/ICS;Validation/Business Impact;Reporting/Retest,AP-010;AP-016;AP-018;AP-021;AP-031;AP-035,T0871;T0840;T0842;T1694;T0862;T0830,"Cross-environment compromise.; Cross-system unauthorized actions/data access.; Incorrect predictions, IP/data exposure, operational decisions affected.; Unauthorized commands or loss of visibility.; Unauthorized cross-zone commands/data manipulation.; Unauthorized plant network access.",High,"Non-destructive validation by default; active testing only within written authorization, approved scope, testing window, rate limits and rollback/stop conditions.",Written authorization; confirmed scope; test accounts/access; testing window; logging/evidence plan,"Cloud IAM, route tables, security groups, API logs, architecture.; Flow captures, ACLs, gateway configs, protocol inventory.; Gateway config, ACLs, message logs, certificates.; Model/data lineage, API logs, IAM, deployment evidence.; Requests/responses, API specs, auth policies, logs.; Wireless config, auth evidence, RF inventory, network mapping.",MFG-E011;MFG-E045;MFG-E071;MFG-E144;MFG-E179;MFG-E180;MFG-E181;MFG-E252;MFG-E266,NIST SP 800-115; NIST SP 800-82 Rev. 3; ISA/IEC 62443; MITRE ATT&CK for ICS
IIoT / Edge / Industry 4.0,device-management platforms,Recon;Scanning/Enumeration;Vulnerability Assessment;Identity/Auth;Web/API/Application;OT/ICS;Validation/Business Impact;Reporting/Retest,AP-010;AP-016;AP-018;AP-021;AP-031;AP-035,T0871;T0840;T0842;T1694;T0862;T0830,"Cross-environment compromise.; Cross-system unauthorized actions/data access.; Incorrect predictions, IP/data exposure, operational decisions affected.; Unauthorized commands or loss of visibility.; Unauthorized cross-zone commands/data manipulation.; Unauthorized plant network access.",High,"Non-destructive validation by default; active testing only within written authorization, approved scope, testing window, rate limits and rollback/stop conditions.",Written authorization; confirmed scope; test accounts/access; testing window; logging/evidence plan,"Cloud IAM, route tables, security groups, API logs, architecture.; Flow captures, ACLs, gateway configs, protocol inventory.; Gateway config, ACLs, message logs, certificates.; Model/data lineage, API logs, IAM, deployment evidence.; Requests/responses, API specs, auth policies, logs.; Wireless config, auth evidence, RF inventory, network mapping.",MFG-E011;MFG-E045;MFG-E071;MFG-E144;MFG-E179;MFG-E180;MFG-E181;MFG-E252;MFG-E266,NIST SP 800-115; NIST SP 800-82 Rev. 3; ISA/IEC 62443; MITRE ATT&CK for ICS
IIoT / Edge / Industry 4.0,machine-monitoring platforms,Recon;Scanning/Enumeration;Vulnerability Assessment;Identity/Auth;Web/API/Application;OT/ICS;Validation/Business Impact;Reporting/Retest,AP-010;AP-016;AP-018;AP-021;AP-031;AP-035,T0871;T0840;T0842;T1694;T0862;T0830,"Cross-environment compromise.; Cross-system unauthorized actions/data access.; Incorrect predictions, IP/data exposure, operational decisions affected.; Unauthorized commands or loss of visibility.; Unauthorized cross-zone commands/data manipulation.; Unauthorized plant network access.",High,"Non-destructive validation by default; active testing only within written authorization, approved scope, testing window, rate limits and rollback/stop conditions.",Written authorization; confirmed scope; test accounts/access; testing window; logging/evidence plan,"Cloud IAM, route tables, security groups, API logs, architecture.; Flow captures, ACLs, gateway configs, protocol inventory.; Gateway config, ACLs, message logs, certificates.; Model/data lineage, API logs, IAM, deployment evidence.; Requests/responses, API specs, auth policies, logs.; Wireless config, auth evidence, RF inventory, network mapping.",MFG-E011;MFG-E045;MFG-E071;MFG-E144;MFG-E179;MFG-E180;MFG-E181;MFG-E252;MFG-E266,NIST SP 800-115; NIST SP 800-82 Rev. 3; ISA/IEC 62443; MITRE ATT&CK for ICS
IIoT / Edge / Industry 4.0,IoT APIs,Recon;Scanning/Enumeration;Vulnerability Assessment;Identity/Auth;Web/API/Application;OT/ICS;Validation/Business Impact;Reporting/Retest,AP-010;AP-016;AP-018;AP-021;AP-031;AP-035,T0871;T0840;T0842;T1694;T0862;T0830,"Cross-environment compromise.; Cross-system unauthorized actions/data access.; Incorrect predictions, IP/data exposure, operational decisions affected.; Unauthorized commands or loss of visibility.; Unauthorized cross-zone commands/data manipulation.; Unauthorized plant network access.",High,"Non-destructive validation by default; active testing only within written authorization, approved scope, testing window, rate limits and rollback/stop conditions.",Written authorization; confirmed scope; test accounts/access; testing window; logging/evidence plan,"Cloud IAM, route tables, security groups, API logs, architecture.; Flow captures, ACLs, gateway configs, protocol inventory.; Gateway config, ACLs, message logs, certificates.; Model/data lineage, API logs, IAM, deployment evidence.; Requests/responses, API specs, auth policies, logs.; Wireless config, auth evidence, RF inventory, network mapping.",MFG-E011;MFG-E045;MFG-E071;MFG-E097;MFG-E117;MFG-E144;MFG-E179;MFG-E180;MFG-E181;MFG-E252;MFG-E266,NIST SP 800-115; NIST SP 800-82 Rev. 3; ISA/IEC 62443; MITRE ATT&CK for ICS; OWASP WSTG; OWASP Top 10; OWASP API Security Top 10
IIoT / Edge / Industry 4.0,MQTT brokers,Recon;Scanning/Enumeration;Vulnerability Assessment;Identity/Auth;Web/API/Application;OT/ICS;Validation/Business Impact;Reporting/Retest,AP-010;AP-016;AP-018;AP-021;AP-031;AP-035,T0871;T0840;T0842;T1694;T0862;T0830,"Cross-environment compromise.; Cross-system unauthorized actions/data access.; Incorrect predictions, IP/data exposure, operational decisions affected.; Unauthorized commands or loss of visibility.; Unauthorized cross-zone commands/data manipulation.; Unauthorized plant network access.",High,"Non-destructive validation by default; active testing only within written authorization, approved scope, testing window, rate limits and rollback/stop conditions.",Written authorization; confirmed scope; test accounts/access; testing window; logging/evidence plan,"Cloud IAM, route tables, security groups, API logs, architecture.; Flow captures, ACLs, gateway configs, protocol inventory.; Gateway config, ACLs, message logs, certificates.; Model/data lineage, API logs, IAM, deployment evidence.; Requests/responses, API specs, auth policies, logs.; Wireless config, auth evidence, RF inventory, network mapping.",MFG-E011;MFG-E045;MFG-E071;MFG-E144;MFG-E163;MFG-E179;MFG-E180;MFG-E181;MFG-E252;MFG-E266,NIST SP 800-115; NIST SP 800-82 Rev. 3; ISA/IEC 62443; MITRE ATT&CK for ICS
IIoT / Edge / Industry 4.0,OPC gateways,Recon;Scanning/Enumeration;Vulnerability Assessment;Identity/Auth;Web/API/Application;OT/ICS;Validation/Business Impact;Reporting/Retest,AP-010;AP-016;AP-018;AP-021;AP-031;AP-035,T0871;T0840;T0842;T1694;T0862;T0830,"Cross-environment compromise.; Cross-system unauthorized actions/data access.; Incorrect predictions, IP/data exposure, operational decisions affected.; Unauthorized commands or loss of visibility.; Unauthorized cross-zone commands/data manipulation.; Unauthorized plant network access.",High,"Non-destructive validation by default; active testing only within written authorization, approved scope, testing window, rate limits and rollback/stop conditions.",Written authorization; confirmed scope; test accounts/access; testing window; logging/evidence plan,"Cloud IAM, route tables, security groups, API logs, architecture.; Flow captures, ACLs, gateway configs, protocol inventory.; Gateway config, ACLs, message logs, certificates.; Model/data lineage, API logs, IAM, deployment evidence.; Requests/responses, API specs, auth policies, logs.; Wireless config, auth evidence, RF inventory, network mapping.",MFG-E011;MFG-E045;MFG-E071;MFG-E144;MFG-E159;MFG-E179;MFG-E180;MFG-E181;MFG-E252;MFG-E266,NIST SP 800-115; NIST SP 800-82 Rev. 3; ISA/IEC 62443; MITRE ATT&CK for ICS
IIoT / Edge / Industry 4.0,remote diagnostics,Recon;Scanning/Enumeration;Vulnerability Assessment;Identity/Auth;Web/API/Application;OT/ICS;Validation/Business Impact;Reporting/Retest,AP-010;AP-016;AP-018;AP-021;AP-031;AP-035,T0871;T0840;T0842;T1694;T0862;T0830,"Cross-environment compromise.; Cross-system unauthorized actions/data access.; Incorrect predictions, IP/data exposure, operational decisions affected.; Unauthorized commands or loss of visibility.; Unauthorized cross-zone commands/data manipulation.; Unauthorized plant network access.",High,"Non-destructive validation by default; active testing only within written authorization, approved scope, testing window, rate limits and rollback/stop conditions.",Written authorization; confirmed scope; test accounts/access; testing window; logging/evidence plan,"Cloud IAM, route tables, security groups, API logs, architecture.; Flow captures, ACLs, gateway configs, protocol inventory.; Gateway config, ACLs, message logs, certificates.; Model/data lineage, API logs, IAM, deployment evidence.; Requests/responses, API specs, auth policies, logs.; Wireless config, auth evidence, RF inventory, network mapping.",MFG-E011;MFG-E045;MFG-E071;MFG-E097;MFG-E144;MFG-E179;MFG-E180;MFG-E181;MFG-E252;MFG-E266,NIST SP 800-115; NIST SP 800-82 Rev. 3; ISA/IEC 62443; MITRE ATT&CK for ICS
IIoT / Edge / Industry 4.0,predictive maintenance,Recon;Scanning/Enumeration;Vulnerability Assessment;Identity/Auth;Web/API/Application;OT/ICS;Validation/Business Impact;Reporting/Retest,AP-010;AP-016;AP-018;AP-021;AP-031;AP-035,T0871;T0840;T0842;T1694;T0862;T0830,"Cross-environment compromise.; Cross-system unauthorized actions/data access.; Incorrect predictions, IP/data exposure, operational decisions affected.; Unauthorized commands or loss of visibility.; Unauthorized cross-zone commands/data manipulation.; Unauthorized plant network access.",High,"Non-destructive validation by default; active testing only within written authorization, approved scope, testing window, rate limits and rollback/stop conditions.",Written authorization; confirmed scope; test accounts/access; testing window; logging/evidence plan,"Cloud IAM, route tables, security groups, API logs, architecture.; Flow captures, ACLs, gateway configs, protocol inventory.; Gateway config, ACLs, message logs, certificates.; Model/data lineage, API logs, IAM, deployment evidence.; Requests/responses, API specs, auth policies, logs.; Wireless config, auth evidence, RF inventory, network mapping.",MFG-E011;MFG-E045;MFG-E071;MFG-E144;MFG-E179;MFG-E180;MFG-E181;MFG-E252;MFG-E266;MFG-X478,NIST SP 800-115; NIST SP 800-82 Rev. 3; ISA/IEC 62443; MITRE ATT&CK for ICS
IIoT / Edge / Industry 4.0,digital twins,Recon;Scanning/Enumeration;Vulnerability Assessment;Identity/Auth;Web/API/Application;OT/ICS;Validation/Business Impact;Reporting/Retest,AP-010;AP-016;AP-018;AP-021;AP-031;AP-035,T0871;T0840;T0842;T1694;T0862;T0830,"Cross-environment compromise.; Cross-system unauthorized actions/data access.; Incorrect predictions, IP/data exposure, operational decisions affected.; Unauthorized commands or loss of visibility.; Unauthorized cross-zone commands/data manipulation.; Unauthorized plant network access.",High,"Non-destructive validation by default; active testing only within written authorization, approved scope, testing window, rate limits and rollback/stop conditions.",Written authorization; confirmed scope; test accounts/access; testing window; logging/evidence plan,"Cloud IAM, route tables, security groups, API logs, architecture.; Flow captures, ACLs, gateway configs, protocol inventory.; Gateway config, ACLs, message logs, certificates.; Model/data lineage, API logs, IAM, deployment evidence.; Requests/responses, API specs, auth policies, logs.; Wireless config, auth evidence, RF inventory, network mapping.",MFG-E011;MFG-E045;MFG-E071;MFG-E117;MFG-E144;MFG-E179;MFG-E180;MFG-E181;MFG-E194;MFG-E252;MFG-E266;MFG-X449,NIST SP 800-115; NIST SP 800-82 Rev. 3; ISA/IEC 62443; MITRE ATT&CK for ICS
IIoT / Edge / Industry 4.0,industrial analytics,Recon;Scanning/Enumeration;Vulnerability Assessment;Identity/Auth;Web/API/Application;OT/ICS;Validation/Business Impact;Reporting/Retest,AP-010;AP-016;AP-018;AP-021;AP-031;AP-035,T0871;T0840;T0842;T1694;T0862;T0830,"Cross-environment compromise.; Cross-system unauthorized actions/data access.; Incorrect predictions, IP/data exposure, operational decisions affected.; Unauthorized commands or loss of visibility.; Unauthorized cross-zone commands/data manipulation.; Unauthorized plant network access.",High,"Non-destructive validation by default; active testing only within written authorization, approved scope, testing window, rate limits and rollback/stop conditions.",Written authorization; confirmed scope; test accounts/access; testing window; logging/evidence plan,"Cloud IAM, route tables, security groups, API logs, architecture.; Flow captures, ACLs, gateway configs, protocol inventory.; Gateway config, ACLs, message logs, certificates.; Model/data lineage, API logs, IAM, deployment evidence.; Requests/responses, API specs, auth policies, logs.; Wireless config, auth evidence, RF inventory, network mapping.",MFG-E011;MFG-E042;MFG-E045;MFG-E071;MFG-E144;MFG-E179;MFG-E180;MFG-E181;MFG-E195;MFG-E252;MFG-E266,NIST SP 800-115; NIST SP 800-82 Rev. 3; ISA/IEC 62443; MITRE ATT&CK for ICS
IIoT / Edge / Industry 4.0,data platforms,Recon;Scanning/Enumeration;Vulnerability Assessment;Identity/Auth;Web/API/Application;OT/ICS;Validation/Business Impact;Reporting/Retest,AP-010;AP-016;AP-018;AP-021;AP-031;AP-035,T0871;T0840;T0842;T1694;T0862;T0830,"Cross-environment compromise.; Cross-system unauthorized actions/data access.; Incorrect predictions, IP/data exposure, operational decisions affected.; Unauthorized commands or loss of visibility.; Unauthorized cross-zone commands/data manipulation.; Unauthorized plant network access.",High,"Non-destructive validation by default; active testing only within written authorization, approved scope, testing window, rate limits and rollback/stop conditions.",Written authorization; confirmed scope; test accounts/access; testing window; logging/evidence plan,"Cloud IAM, route tables, security groups, API logs, architecture.; Flow captures, ACLs, gateway configs, protocol inventory.; Gateway config, ACLs, message logs, certificates.; Model/data lineage, API logs, IAM, deployment evidence.; Requests/responses, API specs, auth policies, logs.; Wireless config, auth evidence, RF inventory, network mapping.",MFG-E011;MFG-E045;MFG-E071;MFG-E144;MFG-E179;MFG-E180;MFG-E181;MFG-E252;MFG-E266,NIST SP 800-115; NIST SP 800-82 Rev. 3; ISA/IEC 62443; MITRE ATT&CK for ICS
Cloud & Digital Infrastructure,AWS,Recon;Scanning/Enumeration;Vulnerability Assessment;Identity/Auth;Web/API/Application;Validation/Business Impact;Reporting/Retest,AP-001;AP-018;AP-019;AP-022;AP-024;AP-025;AP-031;AP-037,T0859;T0871;T0846;T0884;T0862;T0822,"Broad compromise across applications/engineering/OT.; Credential compromise, enterprise access, data exposure, potential path toward OT.; Cross-environment compromise.; Extended outage and recovery failure.; IP, PII, production and commercial data exposure.; Incorrect predictions, IP/data exposure, operational decisions affected.; Multi-site compromise or correlated outage.; Production outage and recovery disruption.",Critical; High,"Non-destructive validation by default; active testing only within written authorization, approved scope, testing window, rate limits and rollback/stop conditions.",Written authorization; confirmed scope; test accounts/access; testing window; logging/evidence plan,"Backup configs, immutability evidence, restore tests, access logs.; Cloud IAM, route tables, security groups, API logs, architecture.; IAM/policy evidence, access logs, object ACLs, classification.; Internet exposure inventory; architecture; auth evidence; logs; validated observations.; Model/data lineage, API logs, IAM, deployment evidence.; Network paths, EDR controls, backup evidence, IR records.; Pipeline logs, SBOM, signatures, repo permissions, artifact hashes.; WAN topology, ACLs, routes, flow logs.",MFG-E011;MFG-E045;MFG-E071;MFG-E182;MFG-E183;MFG-E184;MFG-E252;MFG-E266,NIST SP 800-115; CIS Controls
Cloud & Digital Infrastructure,Azure,Recon;Scanning/Enumeration;Vulnerability Assessment;Identity/Auth;Web/API/Application;Validation/Business Impact;Reporting/Retest,AP-001;AP-018;AP-019;AP-022;AP-024;AP-025;AP-031;AP-037,T0859;T0871;T0846;T0884;T0862;T0822,"Broad compromise across applications/engineering/OT.; Credential compromise, enterprise access, data exposure, potential path toward OT.; Cross-environment compromise.; Extended outage and recovery failure.; IP, PII, production and commercial data exposure.; Incorrect predictions, IP/data exposure, operational decisions affected.; Multi-site compromise or correlated outage.; Production outage and recovery disruption.",Critical; High,"Non-destructive validation by default; active testing only within written authorization, approved scope, testing window, rate limits and rollback/stop conditions.",Written authorization; confirmed scope; test accounts/access; testing window; logging/evidence plan,"Backup configs, immutability evidence, restore tests, access logs.; Cloud IAM, route tables, security groups, API logs, architecture.; IAM/policy evidence, access logs, object ACLs, classification.; Internet exposure inventory; architecture; auth evidence; logs; validated observations.; Model/data lineage, API logs, IAM, deployment evidence.; Network paths, EDR controls, backup evidence, IR records.; Pipeline logs, SBOM, signatures, repo permissions, artifact hashes.; WAN topology, ACLs, routes, flow logs.",MFG-E011;MFG-E045;MFG-E071;MFG-E182;MFG-E183;MFG-E184;MFG-E252;MFG-E266,NIST SP 800-115; CIS Controls
Cloud & Digital Infrastructure,GCP,Recon;Scanning/Enumeration;Vulnerability Assessment;Identity/Auth;Web/API/Application;Validation/Business Impact;Reporting/Retest,AP-001;AP-018;AP-019;AP-022;AP-024;AP-025;AP-031;AP-037,T0859;T0871;T0846;T0884;T0862;T0822,"Broad compromise across applications/engineering/OT.; Credential compromise, enterprise access, data exposure, potential path toward OT.; Cross-environment compromise.; Extended outage and recovery failure.; IP, PII, production and commercial data exposure.; Incorrect predictions, IP/data exposure, operational decisions affected.; Multi-site compromise or correlated outage.; Production outage and recovery disruption.",Critical; High,"Non-destructive validation by default; active testing only within written authorization, approved scope, testing window, rate limits and rollback/stop conditions.",Written authorization; confirmed scope; test accounts/access; testing window; logging/evidence plan,"Backup configs, immutability evidence, restore tests, access logs.; Cloud IAM, route tables, security groups, API logs, architecture.; IAM/policy evidence, access logs, object ACLs, classification.; Internet exposure inventory; architecture; auth evidence; logs; validated observations.; Model/data lineage, API logs, IAM, deployment evidence.; Network paths, EDR controls, backup evidence, IR records.; Pipeline logs, SBOM, signatures, repo permissions, artifact hashes.; WAN topology, ACLs, routes, flow logs.",MFG-E011;MFG-E045;MFG-E071;MFG-E182;MFG-E183;MFG-E184;MFG-E252;MFG-E266,NIST SP 800-115; CIS Controls
Cloud & Digital Infrastructure,private cloud,Recon;Scanning/Enumeration;Vulnerability Assessment;Identity/Auth;Web/API/Application;Validation/Business Impact;Reporting/Retest,AP-001;AP-018;AP-019;AP-022;AP-024;AP-025;AP-031;AP-037,T0859;T0871;T0846;T0884;T0862;T0822,"Broad compromise across applications/engineering/OT.; Credential compromise, enterprise access, data exposure, potential path toward OT.; Cross-environment compromise.; Extended outage and recovery failure.; IP, PII, production and commercial data exposure.; Incorrect predictions, IP/data exposure, operational decisions affected.; Multi-site compromise or correlated outage.; Production outage and recovery disruption.",Critical; High,"Non-destructive validation by default; active testing only within written authorization, approved scope, testing window, rate limits and rollback/stop conditions.",Written authorization; confirmed scope; test accounts/access; testing window; logging/evidence plan,"Backup configs, immutability evidence, restore tests, access logs.; Cloud IAM, route tables, security groups, API logs, architecture.; IAM/policy evidence, access logs, object ACLs, classification.; Internet exposure inventory; architecture; auth evidence; logs; validated observations.; Model/data lineage, API logs, IAM, deployment evidence.; Network paths, EDR controls, backup evidence, IR records.; Pipeline logs, SBOM, signatures, repo permissions, artifact hashes.; WAN topology, ACLs, routes, flow logs.",MFG-E011;MFG-E045;MFG-E071;MFG-E097;MFG-E117;MFG-E182;MFG-E183;MFG-E184;MFG-E248;MFG-E252;MFG-E266;MFG-X305;MFG-X389;MFG-X433;MFG-X434;MFG-X435;MFG-X436;MFG-X437;MFG-X438;MFG-X440;MFG-X445,NIST SP 800-115; CIS Controls
Cloud & Digital Infrastructure,hybrid cloud,Recon;Scanning/Enumeration;Vulnerability Assessment;Identity/Auth;Web/API/Application;Validation/Business Impact;Reporting/Retest,AP-001;AP-018;AP-019;AP-022;AP-024;AP-025;AP-031;AP-037,T0859;T0871;T0846;T0884;T0862;T0822,"Broad compromise across applications/engineering/OT.; Credential compromise, enterprise access, data exposure, potential path toward OT.; Cross-environment compromise.; Extended outage and recovery failure.; IP, PII, production and commercial data exposure.; Incorrect predictions, IP/data exposure, operational decisions affected.; Multi-site compromise or correlated outage.; Production outage and recovery disruption.",Critical; High,"Non-destructive validation by default; active testing only within written authorization, approved scope, testing window, rate limits and rollback/stop conditions.",Written authorization; confirmed scope; test accounts/access; testing window; logging/evidence plan,"Backup configs, immutability evidence, restore tests, access logs.; Cloud IAM, route tables, security groups, API logs, architecture.; IAM/policy evidence, access logs, object ACLs, classification.; Internet exposure inventory; architecture; auth evidence; logs; validated observations.; Model/data lineage, API logs, IAM, deployment evidence.; Network paths, EDR controls, backup evidence, IR records.; Pipeline logs, SBOM, signatures, repo permissions, artifact hashes.; WAN topology, ACLs, routes, flow logs.",MFG-E011;MFG-E045;MFG-E071;MFG-E097;MFG-E117;MFG-E182;MFG-E183;MFG-E184;MFG-E248;MFG-E252;MFG-E266;MFG-X305;MFG-X389;MFG-X433;MFG-X434;MFG-X435;MFG-X436;MFG-X437;MFG-X438;MFG-X440;MFG-X445,NIST SP 800-115; CIS Controls
Cloud & Digital Infrastructure,VMs,Recon;Scanning/Enumeration;Vulnerability Assessment;Identity/Auth;Web/API/Application;Validation/Business Impact;Reporting/Retest,AP-001;AP-018;AP-019;AP-022;AP-024;AP-025;AP-031;AP-037,T0859;T0871;T0846;T0884;T0862;T0822,"Broad compromise across applications/engineering/OT.; Credential compromise, enterprise access, data exposure, potential path toward OT.; Cross-environment compromise.; Extended outage and recovery failure.; IP, PII, production and commercial data exposure.; Incorrect predictions, IP/data exposure, operational decisions affected.; Multi-site compromise or correlated outage.; Production outage and recovery disruption.",Critical; High,"Non-destructive validation by default; active testing only within written authorization, approved scope, testing window, rate limits and rollback/stop conditions.",Written authorization; confirmed scope; test accounts/access; testing window; logging/evidence plan,"Backup configs, immutability evidence, restore tests, access logs.; Cloud IAM, route tables, security groups, API logs, architecture.; IAM/policy evidence, access logs, object ACLs, classification.; Internet exposure inventory; architecture; auth evidence; logs; validated observations.; Model/data lineage, API logs, IAM, deployment evidence.; Network paths, EDR controls, backup evidence, IR records.; Pipeline logs, SBOM, signatures, repo permissions, artifact hashes.; WAN topology, ACLs, routes, flow logs.",MFG-E011;MFG-E045;MFG-E071;MFG-E182;MFG-E183;MFG-E184;MFG-E252;MFG-E266,NIST SP 800-115; CIS Controls
Cloud & Digital Infrastructure,containers,Recon;Scanning/Enumeration;Vulnerability Assessment;Identity/Auth;Web/API/Application;Validation/Business Impact;Reporting/Retest,AP-001;AP-018;AP-019;AP-022;AP-024;AP-025;AP-031;AP-037,T0859;T0871;T0846;T0884;T0862;T0822,"Broad compromise across applications/engineering/OT.; Credential compromise, enterprise access, data exposure, potential path toward OT.; Cross-environment compromise.; Extended outage and recovery failure.; IP, PII, production and commercial data exposure.; Incorrect predictions, IP/data exposure, operational decisions affected.; Multi-site compromise or correlated outage.; Production outage and recovery disruption.",Critical; High,"Non-destructive validation by default; active testing only within written authorization, approved scope, testing window, rate limits and rollback/stop conditions.",Written authorization; confirmed scope; test accounts/access; testing window; logging/evidence plan,"Backup configs, immutability evidence, restore tests, access logs.; Cloud IAM, route tables, security groups, API logs, architecture.; IAM/policy evidence, access logs, object ACLs, classification.; Internet exposure inventory; architecture; auth evidence; logs; validated observations.; Model/data lineage, API logs, IAM, deployment evidence.; Network paths, EDR controls, backup evidence, IR records.; Pipeline logs, SBOM, signatures, repo permissions, artifact hashes.; WAN topology, ACLs, routes, flow logs.",MFG-E011;MFG-E045;MFG-E071;MFG-E087;MFG-E182;MFG-E183;MFG-E184;MFG-E186;MFG-E252;MFG-E266;MFG-X419;MFG-X441,NIST SP 800-115; CIS Controls
Cloud & Digital Infrastructure,Kubernetes,Recon;Scanning/Enumeration;Vulnerability Assessment;Identity/Auth;Web/API/Application;Validation/Business Impact;Reporting/Retest,AP-001;AP-018;AP-019;AP-022;AP-024;AP-025;AP-031;AP-037,T0859;T0871;T0846;T0884;T0862;T0822,"Broad compromise across applications/engineering/OT.; Credential compromise, enterprise access, data exposure, potential path toward OT.; Cross-environment compromise.; Extended outage and recovery failure.; IP, PII, production and commercial data exposure.; Incorrect predictions, IP/data exposure, operational decisions affected.; Multi-site compromise or correlated outage.; Production outage and recovery disruption.",Critical; High,"Non-destructive validation by default; active testing only within written authorization, approved scope, testing window, rate limits and rollback/stop conditions.",Written authorization; confirmed scope; test accounts/access; testing window; logging/evidence plan,"Backup configs, immutability evidence, restore tests, access logs.; Cloud IAM, route tables, security groups, API logs, architecture.; IAM/policy evidence, access logs, object ACLs, classification.; Internet exposure inventory; architecture; auth evidence; logs; validated observations.; Model/data lineage, API logs, IAM, deployment evidence.; Network paths, EDR controls, backup evidence, IR records.; Pipeline logs, SBOM, signatures, repo permissions, artifact hashes.; WAN topology, ACLs, routes, flow logs.",MFG-E011;MFG-E045;MFG-E071;MFG-E087;MFG-E182;MFG-E183;MFG-E184;MFG-E187;MFG-E252;MFG-E266;MFG-X442,NIST SP 800-115; CIS Controls
Cloud & Digital Infrastructure,registries,Recon;Scanning/Enumeration;Vulnerability Assessment;Identity/Auth;Web/API/Application;Validation/Business Impact;Reporting/Retest,AP-001;AP-018;AP-019;AP-022;AP-024;AP-025;AP-031;AP-037,T0859;T0871;T0846;T0884;T0862;T0822,"Broad compromise across applications/engineering/OT.; Credential compromise, enterprise access, data exposure, potential path toward OT.; Cross-environment compromise.; Extended outage and recovery failure.; IP, PII, production and commercial data exposure.; Incorrect predictions, IP/data exposure, operational decisions affected.; Multi-site compromise or correlated outage.; Production outage and recovery disruption.",Critical; High,"Non-destructive validation by default; active testing only within written authorization, approved scope, testing window, rate limits and rollback/stop conditions.",Written authorization; confirmed scope; test accounts/access; testing window; logging/evidence plan,"Backup configs, immutability evidence, restore tests, access logs.; Cloud IAM, route tables, security groups, API logs, architecture.; IAM/policy evidence, access logs, object ACLs, classification.; Internet exposure inventory; architecture; auth evidence; logs; validated observations.; Model/data lineage, API logs, IAM, deployment evidence.; Network paths, EDR controls, backup evidence, IR records.; Pipeline logs, SBOM, signatures, repo permissions, artifact hashes.; WAN topology, ACLs, routes, flow logs.",MFG-E011;MFG-E045;MFG-E071;MFG-E182;MFG-E183;MFG-E184;MFG-E252;MFG-E266,NIST SP 800-115; CIS Controls
Cloud & Digital Infrastructure,serverless,Recon;Scanning/Enumeration;Vulnerability Assessment;Identity/Auth;Web/API/Application;Validation/Business Impact;Reporting/Retest,AP-001;AP-018;AP-019;AP-022;AP-024;AP-025;AP-031;AP-037,T0859;T0871;T0846;T0884;T0862;T0822,"Broad compromise across applications/engineering/OT.; Credential compromise, enterprise access, data exposure, potential path toward OT.; Cross-environment compromise.; Extended outage and recovery failure.; IP, PII, production and commercial data exposure.; Incorrect predictions, IP/data exposure, operational decisions affected.; Multi-site compromise or correlated outage.; Production outage and recovery disruption.",Critical; High,"Non-destructive validation by default; active testing only within written authorization, approved scope, testing window, rate limits and rollback/stop conditions.",Written authorization; confirmed scope; test accounts/access; testing window; logging/evidence plan,"Backup configs, immutability evidence, restore tests, access logs.; Cloud IAM, route tables, security groups, API logs, architecture.; IAM/policy evidence, access logs, object ACLs, classification.; Internet exposure inventory; architecture; auth evidence; logs; validated observations.; Model/data lineage, API logs, IAM, deployment evidence.; Network paths, EDR controls, backup evidence, IR records.; Pipeline logs, SBOM, signatures, repo permissions, artifact hashes.; WAN topology, ACLs, routes, flow logs.",MFG-E011;MFG-E045;MFG-E071;MFG-E097;MFG-E182;MFG-E183;MFG-E184;MFG-E188;MFG-E252;MFG-E266;MFG-X443,NIST SP 800-115; CIS Controls
Cloud & Digital Infrastructure,object storage,Recon;Scanning/Enumeration;Vulnerability Assessment;Identity/Auth;Web/API/Application;Validation/Business Impact;Reporting/Retest,AP-001;AP-018;AP-019;AP-022;AP-024;AP-025;AP-031;AP-037,T0859;T0871;T0846;T0884;T0862;T0822,"Broad compromise across applications/engineering/OT.; Credential compromise, enterprise access, data exposure, potential path toward OT.; Cross-environment compromise.; Extended outage and recovery failure.; IP, PII, production and commercial data exposure.; Incorrect predictions, IP/data exposure, operational decisions affected.; Multi-site compromise or correlated outage.; Production outage and recovery disruption.",Critical; High,"Non-destructive validation by default; active testing only within written authorization, approved scope, testing window, rate limits and rollback/stop conditions.",Written authorization; confirmed scope; test accounts/access; testing window; logging/evidence plan,"Backup configs, immutability evidence, restore tests, access logs.; Cloud IAM, route tables, security groups, API logs, architecture.; IAM/policy evidence, access logs, object ACLs, classification.; Internet exposure inventory; architecture; auth evidence; logs; validated observations.; Model/data lineage, API logs, IAM, deployment evidence.; Network paths, EDR controls, backup evidence, IR records.; Pipeline logs, SBOM, signatures, repo permissions, artifact hashes.; WAN topology, ACLs, routes, flow logs.",MFG-E011;MFG-E024;MFG-E045;MFG-E055;MFG-E071;MFG-E080;MFG-E182;MFG-E183;MFG-E184;MFG-E189;MFG-E252;MFG-E266;MFG-X439,NIST SP 800-115; CIS Controls
Cloud & Digital Infrastructure,S3,Recon;Scanning/Enumeration;Vulnerability Assessment;Identity/Auth;Web/API/Application;Validation/Business Impact;Reporting/Retest,AP-001;AP-018;AP-019;AP-022;AP-024;AP-025;AP-031;AP-037,T0859;T0871;T0846;T0884;T0862;T0822,"Broad compromise across applications/engineering/OT.; Credential compromise, enterprise access, data exposure, potential path toward OT.; Cross-environment compromise.; Extended outage and recovery failure.; IP, PII, production and commercial data exposure.; Incorrect predictions, IP/data exposure, operational decisions affected.; Multi-site compromise or correlated outage.; Production outage and recovery disruption.",Critical; High,"Non-destructive validation by default; active testing only within written authorization, approved scope, testing window, rate limits and rollback/stop conditions.",Written authorization; confirmed scope; test accounts/access; testing window; logging/evidence plan,"Backup configs, immutability evidence, restore tests, access logs.; Cloud IAM, route tables, security groups, API logs, architecture.; IAM/policy evidence, access logs, object ACLs, classification.; Internet exposure inventory; architecture; auth evidence; logs; validated observations.; Model/data lineage, API logs, IAM, deployment evidence.; Network paths, EDR controls, backup evidence, IR records.; Pipeline logs, SBOM, signatures, repo permissions, artifact hashes.; WAN topology, ACLs, routes, flow logs.",MFG-E011;MFG-E045;MFG-E071;MFG-E182;MFG-E183;MFG-E184;MFG-E189;MFG-E252;MFG-E266,NIST SP 800-115; CIS Controls
Cloud & Digital Infrastructure,Azure Blob,Recon;Scanning/Enumeration;Vulnerability Assessment;Identity/Auth;Web/API/Application;Validation/Business Impact;Reporting/Retest,AP-001;AP-018;AP-019;AP-022;AP-024;AP-025;AP-031;AP-037,T0859;T0871;T0846;T0884;T0862;T0822,"Broad compromise across applications/engineering/OT.; Credential compromise, enterprise access, data exposure, potential path toward OT.; Cross-environment compromise.; Extended outage and recovery failure.; IP, PII, production and commercial data exposure.; Incorrect predictions, IP/data exposure, operational decisions affected.; Multi-site compromise or correlated outage.; Production outage and recovery disruption.",Critical; High,"Non-destructive validation by default; active testing only within written authorization, approved scope, testing window, rate limits and rollback/stop conditions.",Written authorization; confirmed scope; test accounts/access; testing window; logging/evidence plan,"Backup configs, immutability evidence, restore tests, access logs.; Cloud IAM, route tables, security groups, API logs, architecture.; IAM/policy evidence, access logs, object ACLs, classification.; Internet exposure inventory; architecture; auth evidence; logs; validated observations.; Model/data lineage, API logs, IAM, deployment evidence.; Network paths, EDR controls, backup evidence, IR records.; Pipeline logs, SBOM, signatures, repo permissions, artifact hashes.; WAN topology, ACLs, routes, flow logs.",MFG-E011;MFG-E045;MFG-E071;MFG-E182;MFG-E183;MFG-E184;MFG-E252;MFG-E266,NIST SP 800-115; CIS Controls
Cloud & Digital Infrastructure,cloud databases,Recon;Scanning/Enumeration;Vulnerability Assessment;Identity/Auth;Web/API/Application;Validation/Business Impact;Reporting/Retest,AP-001;AP-018;AP-019;AP-022;AP-024;AP-025;AP-031;AP-037,T0859;T0871;T0846;T0884;T0862;T0822,"Broad compromise across applications/engineering/OT.; Credential compromise, enterprise access, data exposure, potential path toward OT.; Cross-environment compromise.; Extended outage and recovery failure.; IP, PII, production and commercial data exposure.; Incorrect predictions, IP/data exposure, operational decisions affected.; Multi-site compromise or correlated outage.; Production outage and recovery disruption.",Critical; High,"Non-destructive validation by default; active testing only within written authorization, approved scope, testing window, rate limits and rollback/stop conditions.",Written authorization; confirmed scope; test accounts/access; testing window; logging/evidence plan,"Backup configs, immutability evidence, restore tests, access logs.; Cloud IAM, route tables, security groups, API logs, architecture.; IAM/policy evidence, access logs, object ACLs, classification.; Internet exposure inventory; architecture; auth evidence; logs; validated observations.; Model/data lineage, API logs, IAM, deployment evidence.; Network paths, EDR controls, backup evidence, IR records.; Pipeline logs, SBOM, signatures, repo permissions, artifact hashes.; WAN topology, ACLs, routes, flow logs.",MFG-E011;MFG-E045;MFG-E071;MFG-E097;MFG-E117;MFG-E182;MFG-E183;MFG-E184;MFG-E248;MFG-E252;MFG-E266;MFG-X305;MFG-X389;MFG-X433;MFG-X434;MFG-X435;MFG-X436;MFG-X437;MFG-X438;MFG-X440;MFG-X445,NIST SP 800-115; CIS Controls
Cloud & Digital Infrastructure,data lakes,Recon;Scanning/Enumeration;Vulnerability Assessment;Identity/Auth;Web/API/Application;Validation/Business Impact;Reporting/Retest,AP-001;AP-018;AP-019;AP-022;AP-024;AP-025;AP-031;AP-037,T0859;T0871;T0846;T0884;T0862;T0822,"Broad compromise across applications/engineering/OT.; Credential compromise, enterprise access, data exposure, potential path toward OT.; Cross-environment compromise.; Extended outage and recovery failure.; IP, PII, production and commercial data exposure.; Incorrect predictions, IP/data exposure, operational decisions affected.; Multi-site compromise or correlated outage.; Production outage and recovery disruption.",Critical; High,"Non-destructive validation by default; active testing only within written authorization, approved scope, testing window, rate limits and rollback/stop conditions.",Written authorization; confirmed scope; test accounts/access; testing window; logging/evidence plan,"Backup configs, immutability evidence, restore tests, access logs.; Cloud IAM, route tables, security groups, API logs, architecture.; IAM/policy evidence, access logs, object ACLs, classification.; Internet exposure inventory; architecture; auth evidence; logs; validated observations.; Model/data lineage, API logs, IAM, deployment evidence.; Network paths, EDR controls, backup evidence, IR records.; Pipeline logs, SBOM, signatures, repo permissions, artifact hashes.; WAN topology, ACLs, routes, flow logs.",MFG-E011;MFG-E045;MFG-E071;MFG-E182;MFG-E183;MFG-E184;MFG-E252;MFG-E266,NIST SP 800-115; CIS Controls
Cloud & Digital Infrastructure,data warehouses,Recon;Scanning/Enumeration;Vulnerability Assessment;Identity/Auth;Web/API/Application;Validation/Business Impact;Reporting/Retest,AP-001;AP-018;AP-019;AP-022;AP-024;AP-025;AP-031;AP-037,T0859;T0871;T0846;T0884;T0862;T0822,"Broad compromise across applications/engineering/OT.; Credential compromise, enterprise access, data exposure, potential path toward OT.; Cross-environment compromise.; Extended outage and recovery failure.; IP, PII, production and commercial data exposure.; Incorrect predictions, IP/data exposure, operational decisions affected.; Multi-site compromise or correlated outage.; Production outage and recovery disruption.",Critical; High,"Non-destructive validation by default; active testing only within written authorization, approved scope, testing window, rate limits and rollback/stop conditions.",Written authorization; confirmed scope; test accounts/access; testing window; logging/evidence plan,"Backup configs, immutability evidence, restore tests, access logs.; Cloud IAM, route tables, security groups, API logs, architecture.; IAM/policy evidence, access logs, object ACLs, classification.; Internet exposure inventory; architecture; auth evidence; logs; validated observations.; Model/data lineage, API logs, IAM, deployment evidence.; Network paths, EDR controls, backup evidence, IR records.; Pipeline logs, SBOM, signatures, repo permissions, artifact hashes.; WAN topology, ACLs, routes, flow logs.",MFG-E011;MFG-E045;MFG-E071;MFG-E182;MFG-E183;MFG-E184;MFG-E252;MFG-E266,NIST SP 800-115; CIS Controls
Cloud & Digital Infrastructure,VPC/VNet,Recon;Scanning/Enumeration;Vulnerability Assessment;Identity/Auth;Web/API/Application;Validation/Business Impact;Reporting/Retest,AP-001;AP-018;AP-019;AP-022;AP-024;AP-025;AP-031;AP-037,T0859;T0871;T0846;T0884;T0862;T0822,"Broad compromise across applications/engineering/OT.; Credential compromise, enterprise access, data exposure, potential path toward OT.; Cross-environment compromise.; Extended outage and recovery failure.; IP, PII, production and commercial data exposure.; Incorrect predictions, IP/data exposure, operational decisions affected.; Multi-site compromise or correlated outage.; Production outage and recovery disruption.",Critical; High,"Non-destructive validation by default; active testing only within written authorization, approved scope, testing window, rate limits and rollback/stop conditions.",Written authorization; confirmed scope; test accounts/access; testing window; logging/evidence plan,"Backup configs, immutability evidence, restore tests, access logs.; Cloud IAM, route tables, security groups, API logs, architecture.; IAM/policy evidence, access logs, object ACLs, classification.; Internet exposure inventory; architecture; auth evidence; logs; validated observations.; Model/data lineage, API logs, IAM, deployment evidence.; Network paths, EDR controls, backup evidence, IR records.; Pipeline logs, SBOM, signatures, repo permissions, artifact hashes.; WAN topology, ACLs, routes, flow logs.",MFG-E011;MFG-E045;MFG-E071;MFG-E182;MFG-E183;MFG-E184;MFG-E252;MFG-E266,NIST SP 800-115; CIS Controls
Cloud & Digital Infrastructure,subnets,Recon;Scanning/Enumeration;Vulnerability Assessment;Identity/Auth;Web/API/Application;Validation/Business Impact;Reporting/Retest,AP-001;AP-018;AP-019;AP-022;AP-024;AP-025;AP-031;AP-037,T0859;T0871;T0846;T0884;T0862;T0822,"Broad compromise across applications/engineering/OT.; Credential compromise, enterprise access, data exposure, potential path toward OT.; Cross-environment compromise.; Extended outage and recovery failure.; IP, PII, production and commercial data exposure.; Incorrect predictions, IP/data exposure, operational decisions affected.; Multi-site compromise or correlated outage.; Production outage and recovery disruption.",Critical; High,"Non-destructive validation by default; active testing only within written authorization, approved scope, testing window, rate limits and rollback/stop conditions.",Written authorization; confirmed scope; test accounts/access; testing window; logging/evidence plan,"Backup configs, immutability evidence, restore tests, access logs.; Cloud IAM, route tables, security groups, API logs, architecture.; IAM/policy evidence, access logs, object ACLs, classification.; Internet exposure inventory; architecture; auth evidence; logs; validated observations.; Model/data lineage, API logs, IAM, deployment evidence.; Network paths, EDR controls, backup evidence, IR records.; Pipeline logs, SBOM, signatures, repo permissions, artifact hashes.; WAN topology, ACLs, routes, flow logs.",MFG-E011;MFG-E045;MFG-E071;MFG-E182;MFG-E183;MFG-E184;MFG-E252;MFG-E266,NIST SP 800-115; CIS Controls
Cloud & Digital Infrastructure,security groups,Recon;Scanning/Enumeration;Vulnerability Assessment;Identity/Auth;Web/API/Application;Validation/Business Impact;Reporting/Retest,AP-001;AP-018;AP-019;AP-022;AP-024;AP-025;AP-031;AP-037;AP-026;AP-027;AP-028,T0859;T0871;T0846;T0884;T0862;T0822,"Broad compromise across applications/engineering/OT.; Credential compromise, enterprise access, data exposure, potential path toward OT.; Cross-environment compromise.; Direct device compromise or safety risk.; Enterprise compromise or facility disruption.; Extended outage and recovery failure.; IP, PII, production and commercial data exposure.; Incorrect predictions, IP/data exposure, operational decisions affected.; Multi-site compromise or correlated outage.; Production outage and recovery disruption.; Production outage, equipment/process risk.",Critical; High,"Non-destructive validation by default; active testing only within written authorization, approved scope, testing window, rate limits and rollback/stop conditions.",Written authorization; confirmed scope; test accounts/access; testing window; logging/evidence plan,"Access logs, photographs where allowed, physical control evidence.; Backup configs, immutability evidence, restore tests, access logs.; Cloud IAM, route tables, security groups, API logs, architecture.; Dependency maps, access controls, logs, contingency evidence.; IAM/policy evidence, access logs, object ACLs, classification.; Internet exposure inventory; architecture; auth evidence; logs; validated observations.; Model/data lineage, API logs, IAM, deployment evidence.; Network diagrams, ACLs, system configs, vendor access records.; Network paths, EDR controls, backup evidence, IR records.; Pipeline logs, SBOM, signatures, repo permissions, artifact hashes.; WAN topology, ACLs, routes, flow logs.",MFG-E011;MFG-E045;MFG-E071;MFG-E182;MFG-E183;MFG-E184;MFG-E252;MFG-E266,NIST SP 800-115; CIS Controls
Cloud & Digital Infrastructure,NACLs,Recon;Scanning/Enumeration;Vulnerability Assessment;Identity/Auth;Web/API/Application;Validation/Business Impact;Reporting/Retest,AP-001;AP-018;AP-019;AP-022;AP-024;AP-025;AP-031;AP-037,T0859;T0871;T0846;T0884;T0862;T0822,"Broad compromise across applications/engineering/OT.; Credential compromise, enterprise access, data exposure, potential path toward OT.; Cross-environment compromise.; Extended outage and recovery failure.; IP, PII, production and commercial data exposure.; Incorrect predictions, IP/data exposure, operational decisions affected.; Multi-site compromise or correlated outage.; Production outage and recovery disruption.",Critical; High,"Non-destructive validation by default; active testing only within written authorization, approved scope, testing window, rate limits and rollback/stop conditions.",Written authorization; confirmed scope; test accounts/access; testing window; logging/evidence plan,"Backup configs, immutability evidence, restore tests, access logs.; Cloud IAM, route tables, security groups, API logs, architecture.; IAM/policy evidence, access logs, object ACLs, classification.; Internet exposure inventory; architecture; auth evidence; logs; validated observations.; Model/data lineage, API logs, IAM, deployment evidence.; Network paths, EDR controls, backup evidence, IR records.; Pipeline logs, SBOM, signatures, repo permissions, artifact hashes.; WAN topology, ACLs, routes, flow logs.",MFG-E011;MFG-E045;MFG-E071;MFG-E182;MFG-E183;MFG-E184;MFG-E252;MFG-E266,NIST SP 800-115; CIS Controls
Cloud & Digital Infrastructure,load balancers,Recon;Scanning/Enumeration;Vulnerability Assessment;Identity/Auth;Web/API/Application;Validation/Business Impact;Reporting/Retest,AP-001;AP-018;AP-019;AP-022;AP-024;AP-025;AP-031;AP-037,T0859;T0871;T0846;T0884;T0862;T0822,"Broad compromise across applications/engineering/OT.; Credential compromise, enterprise access, data exposure, potential path toward OT.; Cross-environment compromise.; Extended outage and recovery failure.; IP, PII, production and commercial data exposure.; Incorrect predictions, IP/data exposure, operational decisions affected.; Multi-site compromise or correlated outage.; Production outage and recovery disruption.",Critical; High,"Non-destructive validation by default; active testing only within written authorization, approved scope, testing window, rate limits and rollback/stop conditions.",Written authorization; confirmed scope; test accounts/access; testing window; logging/evidence plan,"Backup configs, immutability evidence, restore tests, access logs.; Cloud IAM, route tables, security groups, API logs, architecture.; IAM/policy evidence, access logs, object ACLs, classification.; Internet exposure inventory; architecture; auth evidence; logs; validated observations.; Model/data lineage, API logs, IAM, deployment evidence.; Network paths, EDR controls, backup evidence, IR records.; Pipeline logs, SBOM, signatures, repo permissions, artifact hashes.; WAN topology, ACLs, routes, flow logs.",MFG-E011;MFG-E045;MFG-E071;MFG-E097;MFG-E182;MFG-E183;MFG-E184;MFG-E252;MFG-E266,NIST SP 800-115; CIS Controls
Cloud & Digital Infrastructure,API gateways,Recon;Scanning/Enumeration;Vulnerability Assessment;Identity/Auth;Web/API/Application;Validation/Business Impact;Reporting/Retest,AP-001;AP-018;AP-019;AP-022;AP-024;AP-025;AP-031;AP-037;AP-021;AP-035,T0859;T0871;T0846;T0884;T0862;T0822,"Broad compromise across applications/engineering/OT.; Credential compromise, enterprise access, data exposure, potential path toward OT.; Cross-environment compromise.; Cross-system unauthorized actions/data access.; Extended outage and recovery failure.; IP, PII, production and commercial data exposure.; Incorrect predictions, IP/data exposure, operational decisions affected.; Multi-site compromise or correlated outage.; Production outage and recovery disruption.; Unauthorized cross-zone commands/data manipulation.",Critical; High,"Non-destructive validation by default; active testing only within written authorization, approved scope, testing window, rate limits and rollback/stop conditions.",Written authorization; confirmed scope; test accounts/access; testing window; logging/evidence plan,"Backup configs, immutability evidence, restore tests, access logs.; Cloud IAM, route tables, security groups, API logs, architecture.; Gateway config, ACLs, message logs, certificates.; IAM/policy evidence, access logs, object ACLs, classification.; Internet exposure inventory; architecture; auth evidence; logs; validated observations.; Model/data lineage, API logs, IAM, deployment evidence.; Network paths, EDR controls, backup evidence, IR records.; Pipeline logs, SBOM, signatures, repo permissions, artifact hashes.; Requests/responses, API specs, auth policies, logs.; WAN topology, ACLs, routes, flow logs.",MFG-E011;MFG-E045;MFG-E048;MFG-E071;MFG-E074;MFG-E097;MFG-E109;MFG-E117;MFG-E118;MFG-E141;MFG-E182;MFG-E183;MFG-E184;MFG-E191;MFG-E233;MFG-E247;MFG-E252;MFG-E266;MFG-X452,NIST SP 800-115; OWASP WSTG; OWASP Top 10; OWASP API Security Top 10; CIS Controls
Cloud & Digital Infrastructure,IAM,Recon;Scanning/Enumeration;Vulnerability Assessment;Identity/Auth;Web/API/Application;Validation/Business Impact;Reporting/Retest,AP-001;AP-018;AP-019;AP-022;AP-024;AP-025;AP-031;AP-037,T0859;T0871;T0846;T0884;T0862;T0822,"Broad compromise across applications/engineering/OT.; Credential compromise, enterprise access, data exposure, potential path toward OT.; Cross-environment compromise.; Extended outage and recovery failure.; IP, PII, production and commercial data exposure.; Incorrect predictions, IP/data exposure, operational decisions affected.; Multi-site compromise or correlated outage.; Production outage and recovery disruption.",Critical; High,"Non-destructive validation by default; active testing only within written authorization, approved scope, testing window, rate limits and rollback/stop conditions.",Written authorization; confirmed scope; test accounts/access; testing window; logging/evidence plan,"Backup configs, immutability evidence, restore tests, access logs.; Cloud IAM, route tables, security groups, API logs, architecture.; IAM/policy evidence, access logs, object ACLs, classification.; Internet exposure inventory; architecture; auth evidence; logs; validated observations.; Model/data lineage, API logs, IAM, deployment evidence.; Network paths, EDR controls, backup evidence, IR records.; Pipeline logs, SBOM, signatures, repo permissions, artifact hashes.; WAN topology, ACLs, routes, flow logs.",MFG-E011;MFG-E045;MFG-E071;MFG-E097;MFG-E108;MFG-E182;MFG-E183;MFG-E184;MFG-E252;MFG-E266;MFG-X435,NIST SP 800-115; CIS Controls
Cloud & Digital Infrastructure,service accounts,Recon;Scanning/Enumeration;Vulnerability Assessment;Identity/Auth;Web/API/Application;Validation/Business Impact;Reporting/Retest,AP-001;AP-018;AP-019;AP-022;AP-024;AP-025;AP-031;AP-037,T0859;T0871;T0846;T0884;T0862;T0822,"Broad compromise across applications/engineering/OT.; Credential compromise, enterprise access, data exposure, potential path toward OT.; Cross-environment compromise.; Extended outage and recovery failure.; IP, PII, production and commercial data exposure.; Incorrect predictions, IP/data exposure, operational decisions affected.; Multi-site compromise or correlated outage.; Production outage and recovery disruption.",Critical; High,"Non-destructive validation by default; active testing only within written authorization, approved scope, testing window, rate limits and rollback/stop conditions.",Written authorization; confirmed scope; test accounts/access; testing window; logging/evidence plan,"Backup configs, immutability evidence, restore tests, access logs.; Cloud IAM, route tables, security groups, API logs, architecture.; IAM/policy evidence, access logs, object ACLs, classification.; Internet exposure inventory; architecture; auth evidence; logs; validated observations.; Model/data lineage, API logs, IAM, deployment evidence.; Network paths, EDR controls, backup evidence, IR records.; Pipeline logs, SBOM, signatures, repo permissions, artifact hashes.; WAN topology, ACLs, routes, flow logs.",MFG-E011;MFG-E045;MFG-E071;MFG-E097;MFG-E182;MFG-E183;MFG-E184;MFG-E252;MFG-E266,NIST SP 800-115; CIS Controls
Cloud & Digital Infrastructure,secrets,Recon;Scanning/Enumeration;Vulnerability Assessment;Identity/Auth;Web/API/Application;Validation/Business Impact;Reporting/Retest,AP-001;AP-018;AP-019;AP-022;AP-024;AP-025;AP-031;AP-037,T0859;T0871;T0846;T0884;T0862;T0822,"Broad compromise across applications/engineering/OT.; Credential compromise, enterprise access, data exposure, potential path toward OT.; Cross-environment compromise.; Extended outage and recovery failure.; IP, PII, production and commercial data exposure.; Incorrect predictions, IP/data exposure, operational decisions affected.; Multi-site compromise or correlated outage.; Production outage and recovery disruption.",Critical; High,"Non-destructive validation by default; active testing only within written authorization, approved scope, testing window, rate limits and rollback/stop conditions.",Written authorization; confirmed scope; test accounts/access; testing window; logging/evidence plan,"Backup configs, immutability evidence, restore tests, access logs.; Cloud IAM, route tables, security groups, API logs, architecture.; IAM/policy evidence, access logs, object ACLs, classification.; Internet exposure inventory; architecture; auth evidence; logs; validated observations.; Model/data lineage, API logs, IAM, deployment evidence.; Network paths, EDR controls, backup evidence, IR records.; Pipeline logs, SBOM, signatures, repo permissions, artifact hashes.; WAN topology, ACLs, routes, flow logs.",MFG-E011;MFG-E045;MFG-E071;MFG-E182;MFG-E183;MFG-E184;MFG-E193;MFG-E232;MFG-E252;MFG-E266;MFG-X425,NIST SP 800-115; CIS Controls
Cloud & Digital Infrastructure,cloud keys,Recon;Scanning/Enumeration;Vulnerability Assessment;Identity/Auth;Web/API/Application;Validation/Business Impact;Reporting/Retest,AP-001;AP-018;AP-019;AP-022;AP-024;AP-025;AP-031;AP-037,T0859;T0871;T0846;T0884;T0862;T0822,"Broad compromise across applications/engineering/OT.; Credential compromise, enterprise access, data exposure, potential path toward OT.; Cross-environment compromise.; Extended outage and recovery failure.; IP, PII, production and commercial data exposure.; Incorrect predictions, IP/data exposure, operational decisions affected.; Multi-site compromise or correlated outage.; Production outage and recovery disruption.",Critical; High,"Non-destructive validation by default; active testing only within written authorization, approved scope, testing window, rate limits and rollback/stop conditions.",Written authorization; confirmed scope; test accounts/access; testing window; logging/evidence plan,"Backup configs, immutability evidence, restore tests, access logs.; Cloud IAM, route tables, security groups, API logs, architecture.; IAM/policy evidence, access logs, object ACLs, classification.; Internet exposure inventory; architecture; auth evidence; logs; validated observations.; Model/data lineage, API logs, IAM, deployment evidence.; Network paths, EDR controls, backup evidence, IR records.; Pipeline logs, SBOM, signatures, repo permissions, artifact hashes.; WAN topology, ACLs, routes, flow logs.",MFG-E011;MFG-E045;MFG-E071;MFG-E097;MFG-E117;MFG-E182;MFG-E183;MFG-E184;MFG-E248;MFG-E252;MFG-E266;MFG-X305;MFG-X389;MFG-X433;MFG-X434;MFG-X435;MFG-X436;MFG-X437;MFG-X438;MFG-X440;MFG-X445,NIST SP 800-115; CIS Controls
Cloud & Digital Infrastructure,private endpoints,Recon;Scanning/Enumeration;Vulnerability Assessment;Identity/Auth;Web/API/Application;Validation/Business Impact;Reporting/Retest,AP-001;AP-018;AP-019;AP-022;AP-024;AP-025;AP-031;AP-037,T0859;T0871;T0846;T0884;T0862;T0822,"Broad compromise across applications/engineering/OT.; Credential compromise, enterprise access, data exposure, potential path toward OT.; Cross-environment compromise.; Extended outage and recovery failure.; IP, PII, production and commercial data exposure.; Incorrect predictions, IP/data exposure, operational decisions affected.; Multi-site compromise or correlated outage.; Production outage and recovery disruption.",Critical; High,"Non-destructive validation by default; active testing only within written authorization, approved scope, testing window, rate limits and rollback/stop conditions.",Written authorization; confirmed scope; test accounts/access; testing window; logging/evidence plan,"Backup configs, immutability evidence, restore tests, access logs.; Cloud IAM, route tables, security groups, API logs, architecture.; IAM/policy evidence, access logs, object ACLs, classification.; Internet exposure inventory; architecture; auth evidence; logs; validated observations.; Model/data lineage, API logs, IAM, deployment evidence.; Network paths, EDR controls, backup evidence, IR records.; Pipeline logs, SBOM, signatures, repo permissions, artifact hashes.; WAN topology, ACLs, routes, flow logs.",MFG-E011;MFG-E045;MFG-E071;MFG-E182;MFG-E183;MFG-E184;MFG-E252;MFG-E266,NIST SP 800-115; CIS Controls
API & Integration,REST,Recon;Scanning/Enumeration;Vulnerability Assessment;Identity/Auth;Web/API/Application;Validation/Business Impact;Reporting/Retest,AP-018;AP-020;AP-021;AP-035;AP-031;AP-038,T0871;T0859;T0840;T0884;T1692,"Bad product decisions, recall/compliance impact.; Cross-environment compromise.; Cross-system unauthorized actions/data access.; Incorrect predictions, IP/data exposure, operational decisions affected.; Production/quality/inventory manipulation.; Unauthorized cross-zone commands/data manipulation.",High,"Non-destructive validation by default; active testing only within written authorization, approved scope, testing window, rate limits and rollback/stop conditions.",Written authorization; confirmed scope; test accounts/access; testing window; logging/evidence plan,"API logs, role matrices, interface configs, transaction evidence.; Cloud IAM, route tables, security groups, API logs, architecture.; Gateway config, ACLs, message logs, certificates.; Model/data lineage, API logs, IAM, deployment evidence.; Requests/responses, API specs, auth policies, logs.; Transaction/audit logs, role matrices, integrity checks.",MFG-E011;MFG-E045;MFG-E071;MFG-E124;MFG-E125;MFG-E191;MFG-E252;MFG-E266;MFG-X364;MFG-X430,NIST SP 800-115; OWASP WSTG; OWASP Top 10; OWASP API Security Top 10
API & Integration,SOAP,Recon;Scanning/Enumeration;Vulnerability Assessment;Identity/Auth;Web/API/Application;Validation/Business Impact;Reporting/Retest,AP-018;AP-020;AP-021;AP-035;AP-031;AP-038,T0871;T0859;T0840;T0884;T1692,"Bad product decisions, recall/compliance impact.; Cross-environment compromise.; Cross-system unauthorized actions/data access.; Incorrect predictions, IP/data exposure, operational decisions affected.; Production/quality/inventory manipulation.; Unauthorized cross-zone commands/data manipulation.",High,"Non-destructive validation by default; active testing only within written authorization, approved scope, testing window, rate limits and rollback/stop conditions.",Written authorization; confirmed scope; test accounts/access; testing window; logging/evidence plan,"API logs, role matrices, interface configs, transaction evidence.; Cloud IAM, route tables, security groups, API logs, architecture.; Gateway config, ACLs, message logs, certificates.; Model/data lineage, API logs, IAM, deployment evidence.; Requests/responses, API specs, auth policies, logs.; Transaction/audit logs, role matrices, integrity checks.",MFG-E011;MFG-E045;MFG-E071;MFG-E124;MFG-E125;MFG-E191;MFG-E252;MFG-E266,NIST SP 800-115; OWASP WSTG; OWASP Top 10; OWASP API Security Top 10
API & Integration,GraphQL,Recon;Scanning/Enumeration;Vulnerability Assessment;Identity/Auth;Web/API/Application;Validation/Business Impact;Reporting/Retest,AP-018;AP-020;AP-021;AP-035;AP-031;AP-038,T0871;T0859;T0840;T0884;T1692,"Bad product decisions, recall/compliance impact.; Cross-environment compromise.; Cross-system unauthorized actions/data access.; Incorrect predictions, IP/data exposure, operational decisions affected.; Production/quality/inventory manipulation.; Unauthorized cross-zone commands/data manipulation.",High,"Non-destructive validation by default; active testing only within written authorization, approved scope, testing window, rate limits and rollback/stop conditions.",Written authorization; confirmed scope; test accounts/access; testing window; logging/evidence plan,"API logs, role matrices, interface configs, transaction evidence.; Cloud IAM, route tables, security groups, API logs, architecture.; Gateway config, ACLs, message logs, certificates.; Model/data lineage, API logs, IAM, deployment evidence.; Requests/responses, API specs, auth policies, logs.; Transaction/audit logs, role matrices, integrity checks.",MFG-E011;MFG-E045;MFG-E071;MFG-E124;MFG-E125;MFG-E191;MFG-E252;MFG-E266,NIST SP 800-115; OWASP WSTG; OWASP Top 10; OWASP API Security Top 10
API & Integration,WebSockets,Recon;Scanning/Enumeration;Vulnerability Assessment;Identity/Auth;Web/API/Application;Validation/Business Impact;Reporting/Retest,AP-018;AP-020;AP-021;AP-035;AP-031;AP-038,T0871;T0859;T0840;T0884;T1692,"Bad product decisions, recall/compliance impact.; Cross-environment compromise.; Cross-system unauthorized actions/data access.; Incorrect predictions, IP/data exposure, operational decisions affected.; Production/quality/inventory manipulation.; Unauthorized cross-zone commands/data manipulation.",High,"Non-destructive validation by default; active testing only within written authorization, approved scope, testing window, rate limits and rollback/stop conditions.",Written authorization; confirmed scope; test accounts/access; testing window; logging/evidence plan,"API logs, role matrices, interface configs, transaction evidence.; Cloud IAM, route tables, security groups, API logs, architecture.; Gateway config, ACLs, message logs, certificates.; Model/data lineage, API logs, IAM, deployment evidence.; Requests/responses, API specs, auth policies, logs.; Transaction/audit logs, role matrices, integrity checks.",MFG-E011;MFG-E045;MFG-E071;MFG-E097;MFG-E117;MFG-E124;MFG-E125;MFG-E191;MFG-E252;MFG-E266,NIST SP 800-115; OWASP WSTG; OWASP Top 10; OWASP API Security Top 10
API & Integration,gRPC,Recon;Scanning/Enumeration;Vulnerability Assessment;Identity/Auth;Web/API/Application;Validation/Business Impact;Reporting/Retest,AP-018;AP-020;AP-021;AP-035;AP-031;AP-038,T0871;T0859;T0840;T0884;T1692,"Bad product decisions, recall/compliance impact.; Cross-environment compromise.; Cross-system unauthorized actions/data access.; Incorrect predictions, IP/data exposure, operational decisions affected.; Production/quality/inventory manipulation.; Unauthorized cross-zone commands/data manipulation.",High,"Non-destructive validation by default; active testing only within written authorization, approved scope, testing window, rate limits and rollback/stop conditions.",Written authorization; confirmed scope; test accounts/access; testing window; logging/evidence plan,"API logs, role matrices, interface configs, transaction evidence.; Cloud IAM, route tables, security groups, API logs, architecture.; Gateway config, ACLs, message logs, certificates.; Model/data lineage, API logs, IAM, deployment evidence.; Requests/responses, API specs, auth policies, logs.; Transaction/audit logs, role matrices, integrity checks.",MFG-E011;MFG-E045;MFG-E071;MFG-E124;MFG-E125;MFG-E191;MFG-E252;MFG-E266,NIST SP 800-115; OWASP WSTG; OWASP Top 10; OWASP API Security Top 10
API & Integration,vendor APIs,Recon;Scanning/Enumeration;Vulnerability Assessment;Identity/Auth;Web/API/Application;Validation/Business Impact;Reporting/Retest,AP-018;AP-020;AP-021;AP-035;AP-031;AP-038;AP-002;AP-005,T0871;T0859;T0840;T0884;T1692,"Bad product decisions, recall/compliance impact.; Cross-environment compromise.; Cross-system unauthorized actions/data access.; Incorrect predictions, IP/data exposure, operational decisions affected.; Production/quality/inventory manipulation.; Unauthorized OT access, process manipulation, persistence.; Unauthorized cross-zone commands/data manipulation.; Unauthorized internal/OT reachability; account misuse.",High,"Non-destructive validation by default; active testing only within written authorization, approved scope, testing window, rate limits and rollback/stop conditions.",Written authorization; confirmed scope; test accounts/access; testing window; logging/evidence plan,"API logs, role matrices, interface configs, transaction evidence.; Cloud IAM, route tables, security groups, API logs, architecture.; Gateway config, ACLs, message logs, certificates.; Model/data lineage, API logs, IAM, deployment evidence.; Requests/responses, API specs, auth policies, logs.; Transaction/audit logs, role matrices, integrity checks.; VPN config, access logs, MFA evidence, routes, ACLs, session records.; Vendor inventory, contracts, access logs, routes, jump-host records.",MFG-E011;MFG-E045;MFG-E071;MFG-E097;MFG-E117;MFG-E124;MFG-E125;MFG-E191;MFG-E252;MFG-E266,NIST SP 800-115; OWASP WSTG; OWASP Top 10; OWASP API Security Top 10
API & Integration,cloud APIs,Recon;Scanning/Enumeration;Vulnerability Assessment;Identity/Auth;Web/API/Application;Validation/Business Impact;Reporting/Retest,AP-018;AP-020;AP-021;AP-035;AP-031;AP-038;AP-019;AP-022,T0871;T0859;T0840;T0884;T1692,"Bad product decisions, recall/compliance impact.; Broad compromise across applications/engineering/OT.; Cross-environment compromise.; Cross-system unauthorized actions/data access.; IP, PII, production and commercial data exposure.; Incorrect predictions, IP/data exposure, operational decisions affected.; Production/quality/inventory manipulation.; Unauthorized cross-zone commands/data manipulation.",Critical; High,"Non-destructive validation by default; active testing only within written authorization, approved scope, testing window, rate limits and rollback/stop conditions.",Written authorization; confirmed scope; test accounts/access; testing window; logging/evidence plan,"API logs, role matrices, interface configs, transaction evidence.; Cloud IAM, route tables, security groups, API logs, architecture.; Gateway config, ACLs, message logs, certificates.; IAM/policy evidence, access logs, object ACLs, classification.; Model/data lineage, API logs, IAM, deployment evidence.; Pipeline logs, SBOM, signatures, repo permissions, artifact hashes.; Requests/responses, API specs, auth policies, logs.; Transaction/audit logs, role matrices, integrity checks.",MFG-E011;MFG-E045;MFG-E071;MFG-E097;MFG-E117;MFG-E124;MFG-E125;MFG-E191;MFG-E252;MFG-E266;MFG-X305;MFG-X389;MFG-X433;MFG-X434;MFG-X435;MFG-X436;MFG-X437;MFG-X438;MFG-X440;MFG-X445,NIST SP 800-115; OWASP WSTG; OWASP Top 10; OWASP API Security Top 10
API & Integration,mobile APIs,Recon;Scanning/Enumeration;Vulnerability Assessment;Identity/Auth;Web/API/Application;Validation/Business Impact;Reporting/Retest,AP-018;AP-020;AP-021;AP-035;AP-031;AP-038;AP-016;AP-033,T0871;T0859;T0840;T0884;T1692,"Bad product decisions, recall/compliance impact.; Cross-environment compromise.; Cross-system unauthorized actions/data access.; Incorrect predictions, IP/data exposure, operational decisions affected.; Production/quality/inventory manipulation.; Unauthorized cross-zone commands/data manipulation.; Unauthorized plant network access.; Workflow manipulation/data exposure.",High; Medium-High,"Non-destructive validation by default; active testing only within written authorization, approved scope, testing window, rate limits and rollback/stop conditions.",Written authorization; confirmed scope; test accounts/access; testing window; logging/evidence plan,"API logs, role matrices, interface configs, transaction evidence.; Cloud IAM, route tables, security groups, API logs, architecture.; Gateway config, ACLs, message logs, certificates.; MDM policy, app config, auth logs, network evidence.; Model/data lineage, API logs, IAM, deployment evidence.; Requests/responses, API specs, auth policies, logs.; Transaction/audit logs, role matrices, integrity checks.; Wireless config, auth evidence, RF inventory, network mapping.",MFG-E011;MFG-E045;MFG-E071;MFG-E097;MFG-E117;MFG-E124;MFG-E125;MFG-E191;MFG-E252;MFG-E266,NIST SP 800-115; OWASP WSTG; OWASP Top 10; OWASP API Security Top 10
API & Integration,ERP APIs,Recon;Scanning/Enumeration;Vulnerability Assessment;Identity/Auth;Web/API/Application;Validation/Business Impact;Reporting/Retest,AP-018;AP-020;AP-021;AP-035;AP-031;AP-038,T0871;T0859;T0840;T0884;T1692,"Bad product decisions, recall/compliance impact.; Cross-environment compromise.; Cross-system unauthorized actions/data access.; Incorrect predictions, IP/data exposure, operational decisions affected.; Production/quality/inventory manipulation.; Unauthorized cross-zone commands/data manipulation.",High,"Non-destructive validation by default; active testing only within written authorization, approved scope, testing window, rate limits and rollback/stop conditions.",Written authorization; confirmed scope; test accounts/access; testing window; logging/evidence plan,"API logs, role matrices, interface configs, transaction evidence.; Cloud IAM, route tables, security groups, API logs, architecture.; Gateway config, ACLs, message logs, certificates.; Model/data lineage, API logs, IAM, deployment evidence.; Requests/responses, API specs, auth policies, logs.; Transaction/audit logs, role matrices, integrity checks.",MFG-E011;MFG-E016;MFG-E027;MFG-E045;MFG-E071;MFG-E097;MFG-E110;MFG-E117;MFG-E124;MFG-E125;MFG-E127;MFG-E128;MFG-E191;MFG-E252;MFG-E266;MFG-X305;MFG-X318,NIST SP 800-115; OWASP WSTG; OWASP Top 10; OWASP API Security Top 10
API & Integration,MES APIs,Recon;Scanning/Enumeration;Vulnerability Assessment;Identity/Auth;Web/API/Application;Validation/Business Impact;Reporting/Retest,AP-018;AP-020;AP-021;AP-035;AP-031;AP-038,T0871;T0859;T0840;T0884;T1692,"Bad product decisions, recall/compliance impact.; Cross-environment compromise.; Cross-system unauthorized actions/data access.; Incorrect predictions, IP/data exposure, operational decisions affected.; Production/quality/inventory manipulation.; Unauthorized cross-zone commands/data manipulation.",High,"Non-destructive validation by default; active testing only within written authorization, approved scope, testing window, rate limits and rollback/stop conditions.",Written authorization; confirmed scope; test accounts/access; testing window; logging/evidence plan,"API logs, role matrices, interface configs, transaction evidence.; Cloud IAM, route tables, security groups, API logs, architecture.; Gateway config, ACLs, message logs, certificates.; Model/data lineage, API logs, IAM, deployment evidence.; Requests/responses, API specs, auth policies, logs.; Transaction/audit logs, role matrices, integrity checks.",MFG-E011;MFG-E028;MFG-E045;MFG-E071;MFG-E097;MFG-E111;MFG-E117;MFG-E124;MFG-E125;MFG-E129;MFG-E191;MFG-E252;MFG-E266,NIST SP 800-115; OWASP WSTG; OWASP Top 10; OWASP API Security Top 10
API & Integration,PLM APIs,Recon;Scanning/Enumeration;Vulnerability Assessment;Identity/Auth;Web/API/Application;Validation/Business Impact;Reporting/Retest,AP-018;AP-020;AP-021;AP-035;AP-031;AP-038;AP-008;AP-009;AP-032,T0871;T0859;T0840;T0884;T1692,"Bad product decisions, recall/compliance impact.; Cross-environment compromise.; Cross-system unauthorized actions/data access.; IP loss and competitive exposure.; Incorrect predictions, IP/data exposure, operational decisions affected.; PLC/DCS manipulation, IP theft, unsafe process change.; Persistent process manipulation.; Production/quality/inventory manipulation.; Unauthorized cross-zone commands/data manipulation.",Critical; High,"Non-destructive validation by default; active testing only within written authorization, approved scope, testing window, rate limits and rollback/stop conditions.",Written authorization; confirmed scope; test accounts/access; testing window; logging/evidence plan,"API logs, role matrices, interface configs, transaction evidence.; Access logs, permissions, sample evidence, DLP alerts.; Cloud IAM, route tables, security groups, API logs, architecture.; Gateway config, ACLs, message logs, certificates.; Model/data lineage, API logs, IAM, deployment evidence.; Project hashes, access logs, engineering configs, change records.; Project integrity evidence, approvals, hashes, backup status.; Requests/responses, API specs, auth policies, logs.; Transaction/audit logs, role matrices, integrity checks.",MFG-E011;MFG-E035;MFG-E045;MFG-E071;MFG-E097;MFG-E117;MFG-E124;MFG-E125;MFG-E173;MFG-E191;MFG-E252;MFG-E266,NIST SP 800-115; OWASP WSTG; OWASP Top 10; OWASP API Security Top 10
API & Integration,IoT APIs,Recon;Scanning/Enumeration;Vulnerability Assessment;Identity/Auth;Web/API/Application;Validation/Business Impact;Reporting/Retest,AP-018;AP-020;AP-021;AP-035;AP-031;AP-038,T0871;T0859;T0840;T0884;T1692,"Bad product decisions, recall/compliance impact.; Cross-environment compromise.; Cross-system unauthorized actions/data access.; Incorrect predictions, IP/data exposure, operational decisions affected.; Production/quality/inventory manipulation.; Unauthorized cross-zone commands/data manipulation.",High,"Non-destructive validation by default; active testing only within written authorization, approved scope, testing window, rate limits and rollback/stop conditions.",Written authorization; confirmed scope; test accounts/access; testing window; logging/evidence plan,"API logs, role matrices, interface configs, transaction evidence.; Cloud IAM, route tables, security groups, API logs, architecture.; Gateway config, ACLs, message logs, certificates.; Model/data lineage, API logs, IAM, deployment evidence.; Requests/responses, API specs, auth policies, logs.; Transaction/audit logs, role matrices, integrity checks.",MFG-E011;MFG-E045;MFG-E071;MFG-E097;MFG-E117;MFG-E124;MFG-E125;MFG-E191;MFG-E252;MFG-E266,NIST SP 800-115; OWASP WSTG; OWASP Top 10; OWASP API Security Top 10
API & Integration,webhooks,Recon;Scanning/Enumeration;Vulnerability Assessment;Identity/Auth;Web/API/Application;Validation/Business Impact;Reporting/Retest,AP-018;AP-020;AP-021;AP-035;AP-031;AP-038,T0871;T0859;T0840;T0884;T1692,"Bad product decisions, recall/compliance impact.; Cross-environment compromise.; Cross-system unauthorized actions/data access.; Incorrect predictions, IP/data exposure, operational decisions affected.; Production/quality/inventory manipulation.; Unauthorized cross-zone commands/data manipulation.",High,"Non-destructive validation by default; active testing only within written authorization, approved scope, testing window, rate limits and rollback/stop conditions.",Written authorization; confirmed scope; test accounts/access; testing window; logging/evidence plan,"API logs, role matrices, interface configs, transaction evidence.; Cloud IAM, route tables, security groups, API logs, architecture.; Gateway config, ACLs, message logs, certificates.; Model/data lineage, API logs, IAM, deployment evidence.; Requests/responses, API specs, auth policies, logs.; Transaction/audit logs, role matrices, integrity checks.",MFG-E011;MFG-E045;MFG-E071;MFG-E097;MFG-E117;MFG-E124;MFG-E125;MFG-E191;MFG-E252;MFG-E266,NIST SP 800-115; OWASP WSTG; OWASP Top 10; OWASP API Security Top 10
API & Integration,ESB,Recon;Scanning/Enumeration;Vulnerability Assessment;Identity/Auth;Web/API/Application;Validation/Business Impact;Reporting/Retest,AP-018;AP-020;AP-021;AP-035;AP-031;AP-038,T0871;T0859;T0840;T0884;T1692,"Bad product decisions, recall/compliance impact.; Cross-environment compromise.; Cross-system unauthorized actions/data access.; Incorrect predictions, IP/data exposure, operational decisions affected.; Production/quality/inventory manipulation.; Unauthorized cross-zone commands/data manipulation.",High,"Non-destructive validation by default; active testing only within written authorization, approved scope, testing window, rate limits and rollback/stop conditions.",Written authorization; confirmed scope; test accounts/access; testing window; logging/evidence plan,"API logs, role matrices, interface configs, transaction evidence.; Cloud IAM, route tables, security groups, API logs, architecture.; Gateway config, ACLs, message logs, certificates.; Model/data lineage, API logs, IAM, deployment evidence.; Requests/responses, API specs, auth policies, logs.; Transaction/audit logs, role matrices, integrity checks.",MFG-E011;MFG-E045;MFG-E071;MFG-E124;MFG-E125;MFG-E191;MFG-E252;MFG-E266,NIST SP 800-115; OWASP WSTG; OWASP Top 10; OWASP API Security Top 10
API & Integration,message brokers,Recon;Scanning/Enumeration;Vulnerability Assessment;Identity/Auth;Web/API/Application;Validation/Business Impact;Reporting/Retest,AP-018;AP-020;AP-021;AP-035;AP-031;AP-038,T0871;T0859;T0840;T0884;T1692,"Bad product decisions, recall/compliance impact.; Cross-environment compromise.; Cross-system unauthorized actions/data access.; Incorrect predictions, IP/data exposure, operational decisions affected.; Production/quality/inventory manipulation.; Unauthorized cross-zone commands/data manipulation.",High,"Non-destructive validation by default; active testing only within written authorization, approved scope, testing window, rate limits and rollback/stop conditions.",Written authorization; confirmed scope; test accounts/access; testing window; logging/evidence plan,"API logs, role matrices, interface configs, transaction evidence.; Cloud IAM, route tables, security groups, API logs, architecture.; Gateway config, ACLs, message logs, certificates.; Model/data lineage, API logs, IAM, deployment evidence.; Requests/responses, API specs, auth policies, logs.; Transaction/audit logs, role matrices, integrity checks.",MFG-E011;MFG-E045;MFG-E071;MFG-E097;MFG-E117;MFG-E124;MFG-E125;MFG-E140;MFG-E191;MFG-E252;MFG-E266,NIST SP 800-115; OWASP WSTG; OWASP Top 10; OWASP API Security Top 10
API & Integration,ETL pipelines,Recon;Scanning/Enumeration;Vulnerability Assessment;Identity/Auth;Web/API/Application;Validation/Business Impact;Reporting/Retest,AP-018;AP-020;AP-021;AP-035;AP-031;AP-038,T0871;T0859;T0840;T0884;T1692,"Bad product decisions, recall/compliance impact.; Cross-environment compromise.; Cross-system unauthorized actions/data access.; Incorrect predictions, IP/data exposure, operational decisions affected.; Production/quality/inventory manipulation.; Unauthorized cross-zone commands/data manipulation.",High,"Non-destructive validation by default; active testing only within written authorization, approved scope, testing window, rate limits and rollback/stop conditions.",Written authorization; confirmed scope; test accounts/access; testing window; logging/evidence plan,"API logs, role matrices, interface configs, transaction evidence.; Cloud IAM, route tables, security groups, API logs, architecture.; Gateway config, ACLs, message logs, certificates.; Model/data lineage, API logs, IAM, deployment evidence.; Requests/responses, API specs, auth policies, logs.; Transaction/audit logs, role matrices, integrity checks.",MFG-E011;MFG-E045;MFG-E071;MFG-E124;MFG-E125;MFG-E191;MFG-E252;MFG-E266,NIST SP 800-115; OWASP WSTG; OWASP Top 10; OWASP API Security Top 10
API & Integration,event buses,Recon;Scanning/Enumeration;Vulnerability Assessment;Identity/Auth;Web/API/Application;Validation/Business Impact;Reporting/Retest,AP-018;AP-020;AP-021;AP-035;AP-031;AP-038,T0871;T0859;T0840;T0884;T1692,"Bad product decisions, recall/compliance impact.; Cross-environment compromise.; Cross-system unauthorized actions/data access.; Incorrect predictions, IP/data exposure, operational decisions affected.; Production/quality/inventory manipulation.; Unauthorized cross-zone commands/data manipulation.",High,"Non-destructive validation by default; active testing only within written authorization, approved scope, testing window, rate limits and rollback/stop conditions.",Written authorization; confirmed scope; test accounts/access; testing window; logging/evidence plan,"API logs, role matrices, interface configs, transaction evidence.; Cloud IAM, route tables, security groups, API logs, architecture.; Gateway config, ACLs, message logs, certificates.; Model/data lineage, API logs, IAM, deployment evidence.; Requests/responses, API specs, auth policies, logs.; Transaction/audit logs, role matrices, integrity checks.",MFG-E011;MFG-E045;MFG-E071;MFG-E124;MFG-E125;MFG-E191;MFG-E252;MFG-E266,NIST SP 800-115; OWASP WSTG; OWASP Top 10; OWASP API Security Top 10
API & Integration,SFTP/file integrations,Recon;Scanning/Enumeration;Vulnerability Assessment;Identity/Auth;Web/API/Application;Validation/Business Impact;Reporting/Retest,AP-018;AP-020;AP-021;AP-035;AP-031;AP-038,T0871;T0859;T0840;T0884;T1692,"Bad product decisions, recall/compliance impact.; Cross-environment compromise.; Cross-system unauthorized actions/data access.; Incorrect predictions, IP/data exposure, operational decisions affected.; Production/quality/inventory manipulation.; Unauthorized cross-zone commands/data manipulation.",High,"Non-destructive validation by default; active testing only within written authorization, approved scope, testing window, rate limits and rollback/stop conditions.",Written authorization; confirmed scope; test accounts/access; testing window; logging/evidence plan,"API logs, role matrices, interface configs, transaction evidence.; Cloud IAM, route tables, security groups, API logs, architecture.; Gateway config, ACLs, message logs, certificates.; Model/data lineage, API logs, IAM, deployment evidence.; Requests/responses, API specs, auth policies, logs.; Transaction/audit logs, role matrices, integrity checks.",MFG-E011;MFG-E045;MFG-E071;MFG-E124;MFG-E125;MFG-E191;MFG-E252;MFG-E266,NIST SP 800-115; OWASP WSTG; OWASP Top 10; OWASP API Security Top 10
API & Integration,middleware,Recon;Scanning/Enumeration;Vulnerability Assessment;Identity/Auth;Web/API/Application;Validation/Business Impact;Reporting/Retest,AP-018;AP-020;AP-021;AP-035;AP-031;AP-038,T0871;T0859;T0840;T0884;T1692,"Bad product decisions, recall/compliance impact.; Cross-environment compromise.; Cross-system unauthorized actions/data access.; Incorrect predictions, IP/data exposure, operational decisions affected.; Production/quality/inventory manipulation.; Unauthorized cross-zone commands/data manipulation.",High,"Non-destructive validation by default; active testing only within written authorization, approved scope, testing window, rate limits and rollback/stop conditions.",Written authorization; confirmed scope; test accounts/access; testing window; logging/evidence plan,"API logs, role matrices, interface configs, transaction evidence.; Cloud IAM, route tables, security groups, API logs, architecture.; Gateway config, ACLs, message logs, certificates.; Model/data lineage, API logs, IAM, deployment evidence.; Requests/responses, API specs, auth policies, logs.; Transaction/audit logs, role matrices, integrity checks.",MFG-E011;MFG-E045;MFG-E071;MFG-E124;MFG-E125;MFG-E139;MFG-E191;MFG-E252;MFG-E266,NIST SP 800-115; OWASP WSTG; OWASP Top 10; OWASP API Security Top 10
Remote Access & Third Parties,SSL VPN,Recon;Scanning/Enumeration;Vulnerability Assessment;Identity/Auth;Web/API/Application;Validation/Business Impact;Reporting/Retest,AP-002;AP-005;AP-018;AP-022;AP-034;AP-037;AP-040,T0822;T0859;T0886;T0864;T0884,"Broad compromise across applications/engineering/OT.; Broad compromise or unsafe software.; Cross-environment compromise.; Multi-site compromise or correlated outage.; Unauthorized OT access, process manipulation, persistence.; Unauthorized entry into OT or data exposure.; Unauthorized internal/OT reachability; account misuse.",Critical; High,"Non-destructive validation by default; active testing only within written authorization, approved scope, testing window, rate limits and rollback/stop conditions.",Written authorization; confirmed scope; test accounts/access; testing window; logging/evidence plan,"Asset check-in/out, posture evidence, access logs.; Cloud IAM, route tables, security groups, API logs, architecture.; Pipeline logs, SBOM, signatures, repo permissions, artifact hashes.; VPN config, access logs, MFA evidence, routes, ACLs, session records.; Vendor attestations, hashes/signatures, SBOM, change records.; Vendor inventory, contracts, access logs, routes, jump-host records.; WAN topology, ACLs, routes, flow logs.",MFG-E011;MFG-E019;MFG-E045;MFG-E050;MFG-E071;MFG-E075;MFG-E097;MFG-E200;MFG-E204;MFG-E205;MFG-E246;MFG-E252;MFG-E266,NIST SP 800-115; CIS Controls
Remote Access & Third Parties,IPsec VPN,Recon;Scanning/Enumeration;Vulnerability Assessment;Identity/Auth;Web/API/Application;Validation/Business Impact;Reporting/Retest,AP-002;AP-005;AP-018;AP-022;AP-034;AP-037;AP-040,T0822;T0859;T0886;T0864;T0884,"Broad compromise across applications/engineering/OT.; Broad compromise or unsafe software.; Cross-environment compromise.; Multi-site compromise or correlated outage.; Unauthorized OT access, process manipulation, persistence.; Unauthorized entry into OT or data exposure.; Unauthorized internal/OT reachability; account misuse.",Critical; High,"Non-destructive validation by default; active testing only within written authorization, approved scope, testing window, rate limits and rollback/stop conditions.",Written authorization; confirmed scope; test accounts/access; testing window; logging/evidence plan,"Asset check-in/out, posture evidence, access logs.; Cloud IAM, route tables, security groups, API logs, architecture.; Pipeline logs, SBOM, signatures, repo permissions, artifact hashes.; VPN config, access logs, MFA evidence, routes, ACLs, session records.; Vendor attestations, hashes/signatures, SBOM, change records.; Vendor inventory, contracts, access logs, routes, jump-host records.; WAN topology, ACLs, routes, flow logs.",MFG-E011;MFG-E019;MFG-E045;MFG-E050;MFG-E071;MFG-E075;MFG-E097;MFG-E200;MFG-E204;MFG-E205;MFG-E246;MFG-E252;MFG-E266,NIST SP 800-115; CIS Controls
Remote Access & Third Parties,site-to-site VPN,Recon;Scanning/Enumeration;Vulnerability Assessment;Identity/Auth;Web/API/Application;Validation/Business Impact;Reporting/Retest,AP-002;AP-005;AP-018;AP-022;AP-034;AP-037;AP-040,T0822;T0859;T0886;T0864;T0884,"Broad compromise across applications/engineering/OT.; Broad compromise or unsafe software.; Cross-environment compromise.; Multi-site compromise or correlated outage.; Unauthorized OT access, process manipulation, persistence.; Unauthorized entry into OT or data exposure.; Unauthorized internal/OT reachability; account misuse.",Critical; High,"Non-destructive validation by default; active testing only within written authorization, approved scope, testing window, rate limits and rollback/stop conditions.",Written authorization; confirmed scope; test accounts/access; testing window; logging/evidence plan,"Asset check-in/out, posture evidence, access logs.; Cloud IAM, route tables, security groups, API logs, architecture.; Pipeline logs, SBOM, signatures, repo permissions, artifact hashes.; VPN config, access logs, MFA evidence, routes, ACLs, session records.; Vendor attestations, hashes/signatures, SBOM, change records.; Vendor inventory, contracts, access logs, routes, jump-host records.; WAN topology, ACLs, routes, flow logs.",MFG-E011;MFG-E019;MFG-E045;MFG-E050;MFG-E071;MFG-E075;MFG-E097;MFG-E200;MFG-E204;MFG-E205;MFG-E246;MFG-E252;MFG-E266,NIST SP 800-115; CIS Controls
Remote Access & Third Parties,vendor VPN,Recon;Scanning/Enumeration;Vulnerability Assessment;Identity/Auth;Web/API/Application;Validation/Business Impact;Reporting/Retest,AP-002;AP-005;AP-018;AP-022;AP-034;AP-037;AP-040,T0822;T0859;T0886;T0864;T0884,"Broad compromise across applications/engineering/OT.; Broad compromise or unsafe software.; Cross-environment compromise.; Multi-site compromise or correlated outage.; Unauthorized OT access, process manipulation, persistence.; Unauthorized entry into OT or data exposure.; Unauthorized internal/OT reachability; account misuse.",Critical; High,"Non-destructive validation by default; active testing only within written authorization, approved scope, testing window, rate limits and rollback/stop conditions.",Written authorization; confirmed scope; test accounts/access; testing window; logging/evidence plan,"Asset check-in/out, posture evidence, access logs.; Cloud IAM, route tables, security groups, API logs, architecture.; Pipeline logs, SBOM, signatures, repo permissions, artifact hashes.; VPN config, access logs, MFA evidence, routes, ACLs, session records.; Vendor attestations, hashes/signatures, SBOM, change records.; Vendor inventory, contracts, access logs, routes, jump-host records.; WAN topology, ACLs, routes, flow logs.",MFG-E011;MFG-E019;MFG-E045;MFG-E050;MFG-E071;MFG-E075;MFG-E097;MFG-E200;MFG-E204;MFG-E205;MFG-E246;MFG-E252;MFG-E266,NIST SP 800-115; CIS Controls
Remote Access & Third Parties,RDP,Recon;Scanning/Enumeration;Vulnerability Assessment;Identity/Auth;Web/API/Application;Validation/Business Impact;Reporting/Retest,AP-002;AP-005;AP-018;AP-022;AP-034;AP-037;AP-040,T0822;T0859;T0886;T0864;T0884,"Broad compromise across applications/engineering/OT.; Broad compromise or unsafe software.; Cross-environment compromise.; Multi-site compromise or correlated outage.; Unauthorized OT access, process manipulation, persistence.; Unauthorized entry into OT or data exposure.; Unauthorized internal/OT reachability; account misuse.",Critical; High,"Non-destructive validation by default; active testing only within written authorization, approved scope, testing window, rate limits and rollback/stop conditions.",Written authorization; confirmed scope; test accounts/access; testing window; logging/evidence plan,"Asset check-in/out, posture evidence, access logs.; Cloud IAM, route tables, security groups, API logs, architecture.; Pipeline logs, SBOM, signatures, repo permissions, artifact hashes.; VPN config, access logs, MFA evidence, routes, ACLs, session records.; Vendor attestations, hashes/signatures, SBOM, change records.; Vendor inventory, contracts, access logs, routes, jump-host records.; WAN topology, ACLs, routes, flow logs.",MFG-E011;MFG-E045;MFG-E071;MFG-E200;MFG-E201;MFG-E204;MFG-E205;MFG-E252;MFG-E266,NIST SP 800-115; CIS Controls
Remote Access & Third Parties,SSH,Recon;Scanning/Enumeration;Vulnerability Assessment;Identity/Auth;Web/API/Application;Validation/Business Impact;Reporting/Retest,AP-002;AP-005;AP-018;AP-022;AP-034;AP-037;AP-040,T0822;T0859;T0886;T0864;T0884,"Broad compromise across applications/engineering/OT.; Broad compromise or unsafe software.; Cross-environment compromise.; Multi-site compromise or correlated outage.; Unauthorized OT access, process manipulation, persistence.; Unauthorized entry into OT or data exposure.; Unauthorized internal/OT reachability; account misuse.",Critical; High,"Non-destructive validation by default; active testing only within written authorization, approved scope, testing window, rate limits and rollback/stop conditions.",Written authorization; confirmed scope; test accounts/access; testing window; logging/evidence plan,"Asset check-in/out, posture evidence, access logs.; Cloud IAM, route tables, security groups, API logs, architecture.; Pipeline logs, SBOM, signatures, repo permissions, artifact hashes.; VPN config, access logs, MFA evidence, routes, ACLs, session records.; Vendor attestations, hashes/signatures, SBOM, change records.; Vendor inventory, contracts, access logs, routes, jump-host records.; WAN topology, ACLs, routes, flow logs.",MFG-E011;MFG-E045;MFG-E071;MFG-E200;MFG-E202;MFG-E204;MFG-E205;MFG-E252;MFG-E266,NIST SP 800-115; CIS Controls
Remote Access & Third Parties,VNC,Recon;Scanning/Enumeration;Vulnerability Assessment;Identity/Auth;Web/API/Application;Validation/Business Impact;Reporting/Retest,AP-002;AP-005;AP-018;AP-022;AP-034;AP-037;AP-040,T0822;T0859;T0886;T0864;T0884,"Broad compromise across applications/engineering/OT.; Broad compromise or unsafe software.; Cross-environment compromise.; Multi-site compromise or correlated outage.; Unauthorized OT access, process manipulation, persistence.; Unauthorized entry into OT or data exposure.; Unauthorized internal/OT reachability; account misuse.",Critical; High,"Non-destructive validation by default; active testing only within written authorization, approved scope, testing window, rate limits and rollback/stop conditions.",Written authorization; confirmed scope; test accounts/access; testing window; logging/evidence plan,"Asset check-in/out, posture evidence, access logs.; Cloud IAM, route tables, security groups, API logs, architecture.; Pipeline logs, SBOM, signatures, repo permissions, artifact hashes.; VPN config, access logs, MFA evidence, routes, ACLs, session records.; Vendor attestations, hashes/signatures, SBOM, change records.; Vendor inventory, contracts, access logs, routes, jump-host records.; WAN topology, ACLs, routes, flow logs.",MFG-E011;MFG-E045;MFG-E071;MFG-E200;MFG-E204;MFG-E205;MFG-E252;MFG-E266,NIST SP 800-115; CIS Controls
Remote Access & Third Parties,jump servers,Recon;Scanning/Enumeration;Vulnerability Assessment;Identity/Auth;Web/API/Application;Validation/Business Impact;Reporting/Retest,AP-002;AP-005;AP-018;AP-022;AP-034;AP-037;AP-040,T0822;T0859;T0886;T0864;T0884,"Broad compromise across applications/engineering/OT.; Broad compromise or unsafe software.; Cross-environment compromise.; Multi-site compromise or correlated outage.; Unauthorized OT access, process manipulation, persistence.; Unauthorized entry into OT or data exposure.; Unauthorized internal/OT reachability; account misuse.",Critical; High,"Non-destructive validation by default; active testing only within written authorization, approved scope, testing window, rate limits and rollback/stop conditions.",Written authorization; confirmed scope; test accounts/access; testing window; logging/evidence plan,"Asset check-in/out, posture evidence, access logs.; Cloud IAM, route tables, security groups, API logs, architecture.; Pipeline logs, SBOM, signatures, repo permissions, artifact hashes.; VPN config, access logs, MFA evidence, routes, ACLs, session records.; Vendor attestations, hashes/signatures, SBOM, change records.; Vendor inventory, contracts, access logs, routes, jump-host records.; WAN topology, ACLs, routes, flow logs.",MFG-E011;MFG-E045;MFG-E071;MFG-E097;MFG-E200;MFG-E204;MFG-E205;MFG-E252;MFG-E266,NIST SP 800-115; CIS Controls
Remote Access & Third Parties,bastions,Recon;Scanning/Enumeration;Vulnerability Assessment;Identity/Auth;Web/API/Application;Validation/Business Impact;Reporting/Retest,AP-002;AP-005;AP-018;AP-022;AP-034;AP-037;AP-040,T0822;T0859;T0886;T0864;T0884,"Broad compromise across applications/engineering/OT.; Broad compromise or unsafe software.; Cross-environment compromise.; Multi-site compromise or correlated outage.; Unauthorized OT access, process manipulation, persistence.; Unauthorized entry into OT or data exposure.; Unauthorized internal/OT reachability; account misuse.",Critical; High,"Non-destructive validation by default; active testing only within written authorization, approved scope, testing window, rate limits and rollback/stop conditions.",Written authorization; confirmed scope; test accounts/access; testing window; logging/evidence plan,"Asset check-in/out, posture evidence, access logs.; Cloud IAM, route tables, security groups, API logs, architecture.; Pipeline logs, SBOM, signatures, repo permissions, artifact hashes.; VPN config, access logs, MFA evidence, routes, ACLs, session records.; Vendor attestations, hashes/signatures, SBOM, change records.; Vendor inventory, contracts, access logs, routes, jump-host records.; WAN topology, ACLs, routes, flow logs.",MFG-E011;MFG-E045;MFG-E071;MFG-E200;MFG-E204;MFG-E205;MFG-E252;MFG-E266,NIST SP 800-115; CIS Controls
Remote Access & Third Parties,remote support platforms,Recon;Scanning/Enumeration;Vulnerability Assessment;Identity/Auth;Web/API/Application;Validation/Business Impact;Reporting/Retest,AP-002;AP-005;AP-018;AP-022;AP-034;AP-037;AP-040,T0822;T0859;T0886;T0864;T0884,"Broad compromise across applications/engineering/OT.; Broad compromise or unsafe software.; Cross-environment compromise.; Multi-site compromise or correlated outage.; Unauthorized OT access, process manipulation, persistence.; Unauthorized entry into OT or data exposure.; Unauthorized internal/OT reachability; account misuse.",Critical; High,"Non-destructive validation by default; active testing only within written authorization, approved scope, testing window, rate limits and rollback/stop conditions.",Written authorization; confirmed scope; test accounts/access; testing window; logging/evidence plan,"Asset check-in/out, posture evidence, access logs.; Cloud IAM, route tables, security groups, API logs, architecture.; Pipeline logs, SBOM, signatures, repo permissions, artifact hashes.; VPN config, access logs, MFA evidence, routes, ACLs, session records.; Vendor attestations, hashes/signatures, SBOM, change records.; Vendor inventory, contracts, access logs, routes, jump-host records.; WAN topology, ACLs, routes, flow logs.",MFG-E011;MFG-E045;MFG-E071;MFG-E097;MFG-E200;MFG-E204;MFG-E205;MFG-E252;MFG-E266,NIST SP 800-115; CIS Controls
Remote Access & Third Parties,vendor maintenance,Recon;Scanning/Enumeration;Vulnerability Assessment;Identity/Auth;Web/API/Application;Validation/Business Impact;Reporting/Retest,AP-002;AP-005;AP-018;AP-022;AP-034;AP-037;AP-040;AP-031,T0822;T0859;T0886;T0864;T0884,"Broad compromise across applications/engineering/OT.; Broad compromise or unsafe software.; Cross-environment compromise.; Incorrect predictions, IP/data exposure, operational decisions affected.; Multi-site compromise or correlated outage.; Unauthorized OT access, process manipulation, persistence.; Unauthorized entry into OT or data exposure.; Unauthorized internal/OT reachability; account misuse.",Critical; High,"Non-destructive validation by default; active testing only within written authorization, approved scope, testing window, rate limits and rollback/stop conditions.",Written authorization; confirmed scope; test accounts/access; testing window; logging/evidence plan,"Asset check-in/out, posture evidence, access logs.; Cloud IAM, route tables, security groups, API logs, architecture.; Model/data lineage, API logs, IAM, deployment evidence.; Pipeline logs, SBOM, signatures, repo permissions, artifact hashes.; VPN config, access logs, MFA evidence, routes, ACLs, session records.; Vendor attestations, hashes/signatures, SBOM, change records.; Vendor inventory, contracts, access logs, routes, jump-host records.; WAN topology, ACLs, routes, flow logs.",MFG-E011;MFG-E045;MFG-E071;MFG-E200;MFG-E204;MFG-E205;MFG-E252;MFG-E266;MFG-X478,NIST SP 800-115; CIS Controls
Remote Access & Third Parties,MSPs,Recon;Scanning/Enumeration;Vulnerability Assessment;Identity/Auth;Web/API/Application;Validation/Business Impact;Reporting/Retest,AP-002;AP-005;AP-018;AP-022;AP-034;AP-037;AP-040,T0822;T0859;T0886;T0864;T0884,"Broad compromise across applications/engineering/OT.; Broad compromise or unsafe software.; Cross-environment compromise.; Multi-site compromise or correlated outage.; Unauthorized OT access, process manipulation, persistence.; Unauthorized entry into OT or data exposure.; Unauthorized internal/OT reachability; account misuse.",Critical; High,"Non-destructive validation by default; active testing only within written authorization, approved scope, testing window, rate limits and rollback/stop conditions.",Written authorization; confirmed scope; test accounts/access; testing window; logging/evidence plan,"Asset check-in/out, posture evidence, access logs.; Cloud IAM, route tables, security groups, API logs, architecture.; Pipeline logs, SBOM, signatures, repo permissions, artifact hashes.; VPN config, access logs, MFA evidence, routes, ACLs, session records.; Vendor attestations, hashes/signatures, SBOM, change records.; Vendor inventory, contracts, access logs, routes, jump-host records.; WAN topology, ACLs, routes, flow logs.",MFG-E011;MFG-E045;MFG-E071;MFG-E200;MFG-E204;MFG-E205;MFG-E252;MFG-E266,NIST SP 800-115; CIS Controls
Remote Access & Third Parties,MSSPs,Recon;Scanning/Enumeration;Vulnerability Assessment;Identity/Auth;Web/API/Application;Validation/Business Impact;Reporting/Retest,AP-002;AP-005;AP-018;AP-022;AP-034;AP-037;AP-040,T0822;T0859;T0886;T0864;T0884,"Broad compromise across applications/engineering/OT.; Broad compromise or unsafe software.; Cross-environment compromise.; Multi-site compromise or correlated outage.; Unauthorized OT access, process manipulation, persistence.; Unauthorized entry into OT or data exposure.; Unauthorized internal/OT reachability; account misuse.",Critical; High,"Non-destructive validation by default; active testing only within written authorization, approved scope, testing window, rate limits and rollback/stop conditions.",Written authorization; confirmed scope; test accounts/access; testing window; logging/evidence plan,"Asset check-in/out, posture evidence, access logs.; Cloud IAM, route tables, security groups, API logs, architecture.; Pipeline logs, SBOM, signatures, repo permissions, artifact hashes.; VPN config, access logs, MFA evidence, routes, ACLs, session records.; Vendor attestations, hashes/signatures, SBOM, change records.; Vendor inventory, contracts, access logs, routes, jump-host records.; WAN topology, ACLs, routes, flow logs.",MFG-E011;MFG-E045;MFG-E071;MFG-E200;MFG-E204;MFG-E205;MFG-E252;MFG-E266,NIST SP 800-115; CIS Controls
Remote Access & Third Parties,system integrators,Recon;Scanning/Enumeration;Vulnerability Assessment;Identity/Auth;Web/API/Application;Validation/Business Impact;Reporting/Retest,AP-002;AP-005;AP-018;AP-022;AP-034;AP-037;AP-040,T0822;T0859;T0886;T0864;T0884,"Broad compromise across applications/engineering/OT.; Broad compromise or unsafe software.; Cross-environment compromise.; Multi-site compromise or correlated outage.; Unauthorized OT access, process manipulation, persistence.; Unauthorized entry into OT or data exposure.; Unauthorized internal/OT reachability; account misuse.",Critical; High,"Non-destructive validation by default; active testing only within written authorization, approved scope, testing window, rate limits and rollback/stop conditions.",Written authorization; confirmed scope; test accounts/access; testing window; logging/evidence plan,"Asset check-in/out, posture evidence, access logs.; Cloud IAM, route tables, security groups, API logs, architecture.; Pipeline logs, SBOM, signatures, repo permissions, artifact hashes.; VPN config, access logs, MFA evidence, routes, ACLs, session records.; Vendor attestations, hashes/signatures, SBOM, change records.; Vendor inventory, contracts, access logs, routes, jump-host records.; WAN topology, ACLs, routes, flow logs.",MFG-E011;MFG-E045;MFG-E071;MFG-E200;MFG-E204;MFG-E205;MFG-E252;MFG-E266,NIST SP 800-115; CIS Controls
Remote Access & Third Parties,equipment vendors,Recon;Scanning/Enumeration;Vulnerability Assessment;Identity/Auth;Web/API/Application;Validation/Business Impact;Reporting/Retest,AP-002;AP-005;AP-018;AP-022;AP-034;AP-037;AP-040,T0822;T0859;T0886;T0864;T0884,"Broad compromise across applications/engineering/OT.; Broad compromise or unsafe software.; Cross-environment compromise.; Multi-site compromise or correlated outage.; Unauthorized OT access, process manipulation, persistence.; Unauthorized entry into OT or data exposure.; Unauthorized internal/OT reachability; account misuse.",Critical; High,"Non-destructive validation by default; active testing only within written authorization, approved scope, testing window, rate limits and rollback/stop conditions.",Written authorization; confirmed scope; test accounts/access; testing window; logging/evidence plan,"Asset check-in/out, posture evidence, access logs.; Cloud IAM, route tables, security groups, API logs, architecture.; Pipeline logs, SBOM, signatures, repo permissions, artifact hashes.; VPN config, access logs, MFA evidence, routes, ACLs, session records.; Vendor attestations, hashes/signatures, SBOM, change records.; Vendor inventory, contracts, access logs, routes, jump-host records.; WAN topology, ACLs, routes, flow logs.",MFG-E011;MFG-E045;MFG-E071;MFG-E200;MFG-E204;MFG-E205;MFG-E252;MFG-E266,NIST SP 800-115; CIS Controls
Remote Access & Third Parties,software vendors,Recon;Scanning/Enumeration;Vulnerability Assessment;Identity/Auth;Web/API/Application;Validation/Business Impact;Reporting/Retest,AP-002;AP-005;AP-018;AP-022;AP-034;AP-037;AP-040,T0822;T0859;T0886;T0864;T0884,"Broad compromise across applications/engineering/OT.; Broad compromise or unsafe software.; Cross-environment compromise.; Multi-site compromise or correlated outage.; Unauthorized OT access, process manipulation, persistence.; Unauthorized entry into OT or data exposure.; Unauthorized internal/OT reachability; account misuse.",Critical; High,"Non-destructive validation by default; active testing only within written authorization, approved scope, testing window, rate limits and rollback/stop conditions.",Written authorization; confirmed scope; test accounts/access; testing window; logging/evidence plan,"Asset check-in/out, posture evidence, access logs.; Cloud IAM, route tables, security groups, API logs, architecture.; Pipeline logs, SBOM, signatures, repo permissions, artifact hashes.; VPN config, access logs, MFA evidence, routes, ACLs, session records.; Vendor attestations, hashes/signatures, SBOM, change records.; Vendor inventory, contracts, access logs, routes, jump-host records.; WAN topology, ACLs, routes, flow logs.",MFG-E011;MFG-E045;MFG-E071;MFG-E200;MFG-E204;MFG-E205;MFG-E252;MFG-E266,NIST SP 800-115; CIS Controls
Remote Access & Third Parties,maintenance contractors,Recon;Scanning/Enumeration;Vulnerability Assessment;Identity/Auth;Web/API/Application;Validation/Business Impact;Reporting/Retest,AP-002;AP-005;AP-018;AP-022;AP-034;AP-037;AP-040;AP-031,T0822;T0859;T0886;T0864;T0884,"Broad compromise across applications/engineering/OT.; Broad compromise or unsafe software.; Cross-environment compromise.; Incorrect predictions, IP/data exposure, operational decisions affected.; Multi-site compromise or correlated outage.; Unauthorized OT access, process manipulation, persistence.; Unauthorized entry into OT or data exposure.; Unauthorized internal/OT reachability; account misuse.",Critical; High,"Non-destructive validation by default; active testing only within written authorization, approved scope, testing window, rate limits and rollback/stop conditions.",Written authorization; confirmed scope; test accounts/access; testing window; logging/evidence plan,"Asset check-in/out, posture evidence, access logs.; Cloud IAM, route tables, security groups, API logs, architecture.; Model/data lineage, API logs, IAM, deployment evidence.; Pipeline logs, SBOM, signatures, repo permissions, artifact hashes.; VPN config, access logs, MFA evidence, routes, ACLs, session records.; Vendor attestations, hashes/signatures, SBOM, change records.; Vendor inventory, contracts, access logs, routes, jump-host records.; WAN topology, ACLs, routes, flow logs.",MFG-E011;MFG-E045;MFG-E071;MFG-E200;MFG-E204;MFG-E205;MFG-E252;MFG-E266;MFG-X478,NIST SP 800-115; CIS Controls
Remote Access & Third Parties,remote engineering,Recon;Scanning/Enumeration;Vulnerability Assessment;Identity/Auth;Web/API/Application;Validation/Business Impact;Reporting/Retest,AP-002;AP-005;AP-018;AP-022;AP-034;AP-037;AP-040;AP-008;AP-009;AP-032,T0822;T0859;T0886;T0864;T0884,"Broad compromise across applications/engineering/OT.; Broad compromise or unsafe software.; Cross-environment compromise.; IP loss and competitive exposure.; Multi-site compromise or correlated outage.; PLC/DCS manipulation, IP theft, unsafe process change.; Persistent process manipulation.; Unauthorized OT access, process manipulation, persistence.; Unauthorized entry into OT or data exposure.; Unauthorized internal/OT reachability; account misuse.",Critical; High,"Non-destructive validation by default; active testing only within written authorization, approved scope, testing window, rate limits and rollback/stop conditions.",Written authorization; confirmed scope; test accounts/access; testing window; logging/evidence plan,"Access logs, permissions, sample evidence, DLP alerts.; Asset check-in/out, posture evidence, access logs.; Cloud IAM, route tables, security groups, API logs, architecture.; Pipeline logs, SBOM, signatures, repo permissions, artifact hashes.; Project hashes, access logs, engineering configs, change records.; Project integrity evidence, approvals, hashes, backup status.; VPN config, access logs, MFA evidence, routes, ACLs, session records.; Vendor attestations, hashes/signatures, SBOM, change records.; Vendor inventory, contracts, access logs, routes, jump-host records.; WAN topology, ACLs, routes, flow logs.",MFG-E011;MFG-E045;MFG-E071;MFG-E097;MFG-E200;MFG-E204;MFG-E205;MFG-E252;MFG-E266,NIST SP 800-115; CIS Controls
Remote Access & Third Parties,third-party APIs,Recon;Scanning/Enumeration;Vulnerability Assessment;Identity/Auth;Web/API/Application;Validation/Business Impact;Reporting/Retest,AP-002;AP-005;AP-018;AP-022;AP-034;AP-037;AP-040;AP-021;AP-035,T0822;T0859;T0886;T0864;T0884,"Broad compromise across applications/engineering/OT.; Broad compromise or unsafe software.; Cross-environment compromise.; Cross-system unauthorized actions/data access.; Multi-site compromise or correlated outage.; Unauthorized OT access, process manipulation, persistence.; Unauthorized cross-zone commands/data manipulation.; Unauthorized entry into OT or data exposure.; Unauthorized internal/OT reachability; account misuse.",Critical; High,"Non-destructive validation by default; active testing only within written authorization, approved scope, testing window, rate limits and rollback/stop conditions.",Written authorization; confirmed scope; test accounts/access; testing window; logging/evidence plan,"Asset check-in/out, posture evidence, access logs.; Cloud IAM, route tables, security groups, API logs, architecture.; Gateway config, ACLs, message logs, certificates.; Pipeline logs, SBOM, signatures, repo permissions, artifact hashes.; Requests/responses, API specs, auth policies, logs.; VPN config, access logs, MFA evidence, routes, ACLs, session records.; Vendor attestations, hashes/signatures, SBOM, change records.; Vendor inventory, contracts, access logs, routes, jump-host records.; WAN topology, ACLs, routes, flow logs.",MFG-E011;MFG-E045;MFG-E071;MFG-E097;MFG-E117;MFG-E200;MFG-E204;MFG-E205;MFG-E252;MFG-E266,NIST SP 800-115; OWASP WSTG; OWASP Top 10; OWASP API Security Top 10; CIS Controls
Remote Access & Third Parties,software update channels,Recon;Scanning/Enumeration;Vulnerability Assessment;Identity/Auth;Web/API/Application;Validation/Business Impact;Reporting/Retest,AP-002;AP-005;AP-018;AP-022;AP-034;AP-037;AP-040,T0822;T0859;T0886;T0864;T0884,"Broad compromise across applications/engineering/OT.; Broad compromise or unsafe software.; Cross-environment compromise.; Multi-site compromise or correlated outage.; Unauthorized OT access, process manipulation, persistence.; Unauthorized entry into OT or data exposure.; Unauthorized internal/OT reachability; account misuse.",Critical; High,"Non-destructive validation by default; active testing only within written authorization, approved scope, testing window, rate limits and rollback/stop conditions.",Written authorization; confirmed scope; test accounts/access; testing window; logging/evidence plan,"Asset check-in/out, posture evidence, access logs.; Cloud IAM, route tables, security groups, API logs, architecture.; Pipeline logs, SBOM, signatures, repo permissions, artifact hashes.; VPN config, access logs, MFA evidence, routes, ACLs, session records.; Vendor attestations, hashes/signatures, SBOM, change records.; Vendor inventory, contracts, access logs, routes, jump-host records.; WAN topology, ACLs, routes, flow logs.",MFG-E011;MFG-E045;MFG-E071;MFG-E200;MFG-E204;MFG-E205;MFG-E210;MFG-E252;MFG-E266,NIST SP 800-115; CIS Controls
Data & Information,PII,Recon;Scanning/Enumeration;Vulnerability Assessment;Identity/Auth;Web/API/Application;Validation/Business Impact;Reporting/Retest,AP-019;AP-032;AP-038;AP-024;AP-031,T0811;T0893;T0882;T0842;T0809,"Bad product decisions, recall/compliance impact.; Extended outage and recovery failure.; IP loss and competitive exposure.; IP, PII, production and commercial data exposure.; Incorrect predictions, IP/data exposure, operational decisions affected.",Critical; High,"Non-destructive validation by default; active testing only within written authorization, approved scope, testing window, rate limits and rollback/stop conditions.",Written authorization; confirmed scope; test accounts/access; testing window; logging/evidence plan,"Access logs, permissions, sample evidence, DLP alerts.; Backup configs, immutability evidence, restore tests, access logs.; IAM/policy evidence, access logs, object ACLs, classification.; Model/data lineage, API logs, IAM, deployment evidence.; Transaction/audit logs, role matrices, integrity checks.",MFG-E011;MFG-E071;MFG-E217;MFG-E218;MFG-E232;MFG-E252;MFG-E266,NIST SP 800-115
Data & Information,employee data,Recon;Scanning/Enumeration;Vulnerability Assessment;Identity/Auth;Web/API/Application;Validation/Business Impact;Reporting/Retest,AP-019;AP-032;AP-038;AP-024;AP-031,T0811;T0893;T0882;T0842;T0809,"Bad product decisions, recall/compliance impact.; Extended outage and recovery failure.; IP loss and competitive exposure.; IP, PII, production and commercial data exposure.; Incorrect predictions, IP/data exposure, operational decisions affected.",Critical; High,"Non-destructive validation by default; active testing only within written authorization, approved scope, testing window, rate limits and rollback/stop conditions.",Written authorization; confirmed scope; test accounts/access; testing window; logging/evidence plan,"Access logs, permissions, sample evidence, DLP alerts.; Backup configs, immutability evidence, restore tests, access logs.; IAM/policy evidence, access logs, object ACLs, classification.; Model/data lineage, API logs, IAM, deployment evidence.; Transaction/audit logs, role matrices, integrity checks.",MFG-E011;MFG-E071;MFG-E217;MFG-E218;MFG-E219;MFG-E220;MFG-E232;MFG-E252;MFG-E266,NIST SP 800-115
Data & Information,customer data,Recon;Scanning/Enumeration;Vulnerability Assessment;Identity/Auth;Web/API/Application;Validation/Business Impact;Reporting/Retest,AP-019;AP-032;AP-038;AP-024;AP-031,T0811;T0893;T0882;T0842;T0809,"Bad product decisions, recall/compliance impact.; Extended outage and recovery failure.; IP loss and competitive exposure.; IP, PII, production and commercial data exposure.; Incorrect predictions, IP/data exposure, operational decisions affected.",Critical; High,"Non-destructive validation by default; active testing only within written authorization, approved scope, testing window, rate limits and rollback/stop conditions.",Written authorization; confirmed scope; test accounts/access; testing window; logging/evidence plan,"Access logs, permissions, sample evidence, DLP alerts.; Backup configs, immutability evidence, restore tests, access logs.; IAM/policy evidence, access logs, object ACLs, classification.; Model/data lineage, API logs, IAM, deployment evidence.; Transaction/audit logs, role matrices, integrity checks.",MFG-E011;MFG-E071;MFG-E217;MFG-E218;MFG-E219;MFG-E220;MFG-E232;MFG-E252;MFG-E266,NIST SP 800-115
Data & Information,supplier data,Recon;Scanning/Enumeration;Vulnerability Assessment;Identity/Auth;Web/API/Application;Validation/Business Impact;Reporting/Retest,AP-019;AP-032;AP-038;AP-024;AP-031,T0811;T0893;T0882;T0842;T0809,"Bad product decisions, recall/compliance impact.; Extended outage and recovery failure.; IP loss and competitive exposure.; IP, PII, production and commercial data exposure.; Incorrect predictions, IP/data exposure, operational decisions affected.",Critical; High,"Non-destructive validation by default; active testing only within written authorization, approved scope, testing window, rate limits and rollback/stop conditions.",Written authorization; confirmed scope; test accounts/access; testing window; logging/evidence plan,"Access logs, permissions, sample evidence, DLP alerts.; Backup configs, immutability evidence, restore tests, access logs.; IAM/policy evidence, access logs, object ACLs, classification.; Model/data lineage, API logs, IAM, deployment evidence.; Transaction/audit logs, role matrices, integrity checks.",MFG-E011;MFG-E071;MFG-E217;MFG-E218;MFG-E221;MFG-E232;MFG-E252;MFG-E266,NIST SP 800-115
Data & Information,financial data,Recon;Scanning/Enumeration;Vulnerability Assessment;Identity/Auth;Web/API/Application;Validation/Business Impact;Reporting/Retest,AP-019;AP-032;AP-038;AP-024;AP-031,T0811;T0893;T0882;T0842;T0809,"Bad product decisions, recall/compliance impact.; Extended outage and recovery failure.; IP loss and competitive exposure.; IP, PII, production and commercial data exposure.; Incorrect predictions, IP/data exposure, operational decisions affected.",Critical; High,"Non-destructive validation by default; active testing only within written authorization, approved scope, testing window, rate limits and rollback/stop conditions.",Written authorization; confirmed scope; test accounts/access; testing window; logging/evidence plan,"Access logs, permissions, sample evidence, DLP alerts.; Backup configs, immutability evidence, restore tests, access logs.; IAM/policy evidence, access logs, object ACLs, classification.; Model/data lineage, API logs, IAM, deployment evidence.; Transaction/audit logs, role matrices, integrity checks.",MFG-E011;MFG-E071;MFG-E217;MFG-E218;MFG-E222;MFG-E232;MFG-E252;MFG-E266,NIST SP 800-115
Data & Information,production data,Recon;Scanning/Enumeration;Vulnerability Assessment;Identity/Auth;Web/API/Application;Validation/Business Impact;Reporting/Retest,AP-019;AP-032;AP-038;AP-024;AP-031,T0811;T0893;T0882;T0842;T0809,"Bad product decisions, recall/compliance impact.; Extended outage and recovery failure.; IP loss and competitive exposure.; IP, PII, production and commercial data exposure.; Incorrect predictions, IP/data exposure, operational decisions affected.",Critical; High,"Non-destructive validation by default; active testing only within written authorization, approved scope, testing window, rate limits and rollback/stop conditions.",Written authorization; confirmed scope; test accounts/access; testing window; logging/evidence plan,"Access logs, permissions, sample evidence, DLP alerts.; Backup configs, immutability evidence, restore tests, access logs.; IAM/policy evidence, access logs, object ACLs, classification.; Model/data lineage, API logs, IAM, deployment evidence.; Transaction/audit logs, role matrices, integrity checks.",MFG-E011;MFG-E071;MFG-E217;MFG-E218;MFG-E223;MFG-E232;MFG-E252;MFG-E266,NIST SP 800-115
Data & Information,quality data,Recon;Scanning/Enumeration;Vulnerability Assessment;Identity/Auth;Web/API/Application;Validation/Business Impact;Reporting/Retest,AP-019;AP-032;AP-038;AP-024;AP-031,T0811;T0893;T0882;T0842;T0809,"Bad product decisions, recall/compliance impact.; Extended outage and recovery failure.; IP loss and competitive exposure.; IP, PII, production and commercial data exposure.; Incorrect predictions, IP/data exposure, operational decisions affected.",Critical; High,"Non-destructive validation by default; active testing only within written authorization, approved scope, testing window, rate limits and rollback/stop conditions.",Written authorization; confirmed scope; test accounts/access; testing window; logging/evidence plan,"Access logs, permissions, sample evidence, DLP alerts.; Backup configs, immutability evidence, restore tests, access logs.; IAM/policy evidence, access logs, object ACLs, classification.; Model/data lineage, API logs, IAM, deployment evidence.; Transaction/audit logs, role matrices, integrity checks.",MFG-E011;MFG-E071;MFG-E217;MFG-E218;MFG-E224;MFG-E232;MFG-E252;MFG-E266;MFG-X489,NIST SP 800-115
Data & Information,machine telemetry,Recon;Scanning/Enumeration;Vulnerability Assessment;Identity/Auth;Web/API/Application;Validation/Business Impact;Reporting/Retest,AP-019;AP-032;AP-038;AP-024;AP-031,T0811;T0893;T0882;T0842;T0809,"Bad product decisions, recall/compliance impact.; Extended outage and recovery failure.; IP loss and competitive exposure.; IP, PII, production and commercial data exposure.; Incorrect predictions, IP/data exposure, operational decisions affected.",Critical; High,"Non-destructive validation by default; active testing only within written authorization, approved scope, testing window, rate limits and rollback/stop conditions.",Written authorization; confirmed scope; test accounts/access; testing window; logging/evidence plan,"Access logs, permissions, sample evidence, DLP alerts.; Backup configs, immutability evidence, restore tests, access logs.; IAM/policy evidence, access logs, object ACLs, classification.; Model/data lineage, API logs, IAM, deployment evidence.; Transaction/audit logs, role matrices, integrity checks.",MFG-E011;MFG-E071;MFG-E217;MFG-E218;MFG-E232;MFG-E252;MFG-E266,NIST SP 800-115
Data & Information,process parameters,Recon;Scanning/Enumeration;Vulnerability Assessment;Identity/Auth;Web/API/Application;Validation/Business Impact;Reporting/Retest,AP-019;AP-032;AP-038;AP-024;AP-031,T0811;T0893;T0882;T0842;T0809,"Bad product decisions, recall/compliance impact.; Extended outage and recovery failure.; IP loss and competitive exposure.; IP, PII, production and commercial data exposure.; Incorrect predictions, IP/data exposure, operational decisions affected.",Critical; High,"Non-destructive validation by default; active testing only within written authorization, approved scope, testing window, rate limits and rollback/stop conditions.",Written authorization; confirmed scope; test accounts/access; testing window; logging/evidence plan,"Access logs, permissions, sample evidence, DLP alerts.; Backup configs, immutability evidence, restore tests, access logs.; IAM/policy evidence, access logs, object ACLs, classification.; Model/data lineage, API logs, IAM, deployment evidence.; Transaction/audit logs, role matrices, integrity checks.",MFG-E011;MFG-E071;MFG-E217;MFG-E218;MFG-E232;MFG-E252;MFG-E266,NIST SP 800-115
Data & Information,recipes,Recon;Scanning/Enumeration;Vulnerability Assessment;Identity/Auth;Web/API/Application;Validation/Business Impact;Reporting/Retest,AP-019;AP-032;AP-038;AP-024;AP-031,T0811;T0893;T0882;T0842;T0809,"Bad product decisions, recall/compliance impact.; Extended outage and recovery failure.; IP loss and competitive exposure.; IP, PII, production and commercial data exposure.; Incorrect predictions, IP/data exposure, operational decisions affected.",Critical; High,"Non-destructive validation by default; active testing only within written authorization, approved scope, testing window, rate limits and rollback/stop conditions.",Written authorization; confirmed scope; test accounts/access; testing window; logging/evidence plan,"Access logs, permissions, sample evidence, DLP alerts.; Backup configs, immutability evidence, restore tests, access logs.; IAM/policy evidence, access logs, object ACLs, classification.; Model/data lineage, API logs, IAM, deployment evidence.; Transaction/audit logs, role matrices, integrity checks.",MFG-E011;MFG-E071;MFG-E217;MFG-E218;MFG-E232;MFG-E252;MFG-E266,NIST SP 800-115
Data & Information,CAD/IP,Recon;Scanning/Enumeration;Vulnerability Assessment;Identity/Auth;Web/API/Application;Validation/Business Impact;Reporting/Retest,AP-019;AP-032;AP-038;AP-024;AP-031;AP-008;AP-009,T0811;T0893;T0882;T0842;T0809,"Bad product decisions, recall/compliance impact.; Extended outage and recovery failure.; IP loss and competitive exposure.; IP, PII, production and commercial data exposure.; Incorrect predictions, IP/data exposure, operational decisions affected.; PLC/DCS manipulation, IP theft, unsafe process change.; Persistent process manipulation.",Critical; High,"Non-destructive validation by default; active testing only within written authorization, approved scope, testing window, rate limits and rollback/stop conditions.",Written authorization; confirmed scope; test accounts/access; testing window; logging/evidence plan,"Access logs, permissions, sample evidence, DLP alerts.; Backup configs, immutability evidence, restore tests, access logs.; IAM/policy evidence, access logs, object ACLs, classification.; Model/data lineage, API logs, IAM, deployment evidence.; Project hashes, access logs, engineering configs, change records.; Project integrity evidence, approvals, hashes, backup status.; Transaction/audit logs, role matrices, integrity checks.",MFG-E011;MFG-E035;MFG-E071;MFG-E097;MFG-E117;MFG-E172;MFG-E217;MFG-E218;MFG-E225;MFG-E232;MFG-E252;MFG-E266,NIST SP 800-115
Data & Information,drawings,Recon;Scanning/Enumeration;Vulnerability Assessment;Identity/Auth;Web/API/Application;Validation/Business Impact;Reporting/Retest,AP-019;AP-032;AP-038;AP-024;AP-031;AP-008;AP-009;AP-036,T0811;T0893;T0882;T0842;T0809,"Bad product decisions, recall/compliance impact.; Extended outage and recovery failure.; IP loss and competitive exposure.; IP, PII, production and commercial data exposure.; Incorrect predictions, IP/data exposure, operational decisions affected.; PLC/DCS manipulation, IP theft, unsafe process change.; Persistent compromise after recovery.; Persistent process manipulation.",Critical; High,"Non-destructive validation by default; active testing only within written authorization, approved scope, testing window, rate limits and rollback/stop conditions.",Written authorization; confirmed scope; test accounts/access; testing window; logging/evidence plan,"Access logs, permissions, sample evidence, DLP alerts.; Backup configs, immutability evidence, restore tests, access logs.; Hashes, restore logs, golden image records, approvals.; IAM/policy evidence, access logs, object ACLs, classification.; Model/data lineage, API logs, IAM, deployment evidence.; Project hashes, access logs, engineering configs, change records.; Project integrity evidence, approvals, hashes, backup status.; Transaction/audit logs, role matrices, integrity checks.",MFG-E011;MFG-E071;MFG-E217;MFG-E218;MFG-E226;MFG-E232;MFG-E252;MFG-E266;MFG-X366,NIST SP 800-115
Data & Information,BOM,Recon;Scanning/Enumeration;Vulnerability Assessment;Identity/Auth;Web/API/Application;Validation/Business Impact;Reporting/Retest,AP-019;AP-032;AP-038;AP-024;AP-031;AP-008;AP-009,T0811;T0893;T0882;T0842;T0809,"Bad product decisions, recall/compliance impact.; Extended outage and recovery failure.; IP loss and competitive exposure.; IP, PII, production and commercial data exposure.; Incorrect predictions, IP/data exposure, operational decisions affected.; PLC/DCS manipulation, IP theft, unsafe process change.; Persistent process manipulation.",Critical; High,"Non-destructive validation by default; active testing only within written authorization, approved scope, testing window, rate limits and rollback/stop conditions.",Written authorization; confirmed scope; test accounts/access; testing window; logging/evidence plan,"Access logs, permissions, sample evidence, DLP alerts.; Backup configs, immutability evidence, restore tests, access logs.; IAM/policy evidence, access logs, object ACLs, classification.; Model/data lineage, API logs, IAM, deployment evidence.; Project hashes, access logs, engineering configs, change records.; Project integrity evidence, approvals, hashes, backup status.; Transaction/audit logs, role matrices, integrity checks.",MFG-E011;MFG-E071;MFG-E217;MFG-E218;MFG-E232;MFG-E252;MFG-E266;MFG-X418,NIST SP 800-115
Data & Information,source code,Recon;Scanning/Enumeration;Vulnerability Assessment;Identity/Auth;Web/API/Application;Validation/Business Impact;Reporting/Retest,AP-019;AP-032;AP-038;AP-024;AP-031;AP-008;AP-009,T0811;T0893;T0882;T0842;T0809,"Bad product decisions, recall/compliance impact.; Extended outage and recovery failure.; IP loss and competitive exposure.; IP, PII, production and commercial data exposure.; Incorrect predictions, IP/data exposure, operational decisions affected.; PLC/DCS manipulation, IP theft, unsafe process change.; Persistent process manipulation.",Critical; High,"Non-destructive validation by default; active testing only within written authorization, approved scope, testing window, rate limits and rollback/stop conditions.",Written authorization; confirmed scope; test accounts/access; testing window; logging/evidence plan,"Access logs, permissions, sample evidence, DLP alerts.; Backup configs, immutability evidence, restore tests, access logs.; IAM/policy evidence, access logs, object ACLs, classification.; Model/data lineage, API logs, IAM, deployment evidence.; Project hashes, access logs, engineering configs, change records.; Project integrity evidence, approvals, hashes, backup status.; Transaction/audit logs, role matrices, integrity checks.",MFG-E011;MFG-E071;MFG-E178;MFG-E217;MFG-E218;MFG-E227;MFG-E232;MFG-E252;MFG-E266,NIST SP 800-115
Data & Information,firmware,Recon;Scanning/Enumeration;Vulnerability Assessment;Identity/Auth;Web/API/Application;Validation/Business Impact;Reporting/Retest,AP-019;AP-032;AP-038;AP-024;AP-031;AP-008;AP-009,T0811;T0893;T0882;T0842;T0809,"Bad product decisions, recall/compliance impact.; Extended outage and recovery failure.; IP loss and competitive exposure.; IP, PII, production and commercial data exposure.; Incorrect predictions, IP/data exposure, operational decisions affected.; PLC/DCS manipulation, IP theft, unsafe process change.; Persistent process manipulation.",Critical; High,"Non-destructive validation by default; active testing only within written authorization, approved scope, testing window, rate limits and rollback/stop conditions.",Written authorization; confirmed scope; test accounts/access; testing window; logging/evidence plan,"Access logs, permissions, sample evidence, DLP alerts.; Backup configs, immutability evidence, restore tests, access logs.; IAM/policy evidence, access logs, object ACLs, classification.; Model/data lineage, API logs, IAM, deployment evidence.; Project hashes, access logs, engineering configs, change records.; Project integrity evidence, approvals, hashes, backup status.; Transaction/audit logs, role matrices, integrity checks.",MFG-E011;MFG-E071;MFG-E177;MFG-E210;MFG-E217;MFG-E218;MFG-E227;MFG-E232;MFG-E252;MFG-E266;MFG-X423,NIST SP 800-115
Data & Information,credentials,Recon;Scanning/Enumeration;Vulnerability Assessment;Identity/Auth;Web/API/Application;Validation/Business Impact;Reporting/Retest,AP-019;AP-032;AP-038;AP-024;AP-031,T0811;T0893;T0882;T0842;T0809,"Bad product decisions, recall/compliance impact.; Extended outage and recovery failure.; IP loss and competitive exposure.; IP, PII, production and commercial data exposure.; Incorrect predictions, IP/data exposure, operational decisions affected.",Critical; High,"Non-destructive validation by default; active testing only within written authorization, approved scope, testing window, rate limits and rollback/stop conditions.",Written authorization; confirmed scope; test accounts/access; testing window; logging/evidence plan,"Access logs, permissions, sample evidence, DLP alerts.; Backup configs, immutability evidence, restore tests, access logs.; IAM/policy evidence, access logs, object ACLs, classification.; Model/data lineage, API logs, IAM, deployment evidence.; Transaction/audit logs, role matrices, integrity checks.",MFG-E011;MFG-E071;MFG-E217;MFG-E218;MFG-E232;MFG-E252;MFG-E266,NIST SP 800-115
Data & Information,API keys,Recon;Scanning/Enumeration;Vulnerability Assessment;Identity/Auth;Web/API/Application;Validation/Business Impact;Reporting/Retest,AP-019;AP-032;AP-038;AP-024;AP-031;AP-021;AP-035,T0811;T0893;T0882;T0842;T0809,"Bad product decisions, recall/compliance impact.; Cross-system unauthorized actions/data access.; Extended outage and recovery failure.; IP loss and competitive exposure.; IP, PII, production and commercial data exposure.; Incorrect predictions, IP/data exposure, operational decisions affected.; Unauthorized cross-zone commands/data manipulation.",Critical; High,"Non-destructive validation by default; active testing only within written authorization, approved scope, testing window, rate limits and rollback/stop conditions.",Written authorization; confirmed scope; test accounts/access; testing window; logging/evidence plan,"Access logs, permissions, sample evidence, DLP alerts.; Backup configs, immutability evidence, restore tests, access logs.; Gateway config, ACLs, message logs, certificates.; IAM/policy evidence, access logs, object ACLs, classification.; Model/data lineage, API logs, IAM, deployment evidence.; Requests/responses, API specs, auth policies, logs.; Transaction/audit logs, role matrices, integrity checks.",MFG-E011;MFG-E048;MFG-E071;MFG-E074;MFG-E097;MFG-E109;MFG-E117;MFG-E118;MFG-E141;MFG-E191;MFG-E217;MFG-E218;MFG-E232;MFG-E233;MFG-E247;MFG-E252;MFG-E266;MFG-X452,NIST SP 800-115; OWASP WSTG; OWASP Top 10; OWASP API Security Top 10
Data & Information,tokens,Recon;Scanning/Enumeration;Vulnerability Assessment;Identity/Auth;Web/API/Application;Validation/Business Impact;Reporting/Retest,AP-019;AP-032;AP-038;AP-024;AP-031,T0811;T0893;T0882;T0842;T0809,"Bad product decisions, recall/compliance impact.; Extended outage and recovery failure.; IP loss and competitive exposure.; IP, PII, production and commercial data exposure.; Incorrect predictions, IP/data exposure, operational decisions affected.",Critical; High,"Non-destructive validation by default; active testing only within written authorization, approved scope, testing window, rate limits and rollback/stop conditions.",Written authorization; confirmed scope; test accounts/access; testing window; logging/evidence plan,"Access logs, permissions, sample evidence, DLP alerts.; Backup configs, immutability evidence, restore tests, access logs.; IAM/policy evidence, access logs, object ACLs, classification.; Model/data lineage, API logs, IAM, deployment evidence.; Transaction/audit logs, role matrices, integrity checks.",MFG-E011;MFG-E071;MFG-E217;MFG-E218;MFG-E232;MFG-E252;MFG-E266,NIST SP 800-115
Data & Information,certificates,Recon;Scanning/Enumeration;Vulnerability Assessment;Identity/Auth;Web/API/Application;Validation/Business Impact;Reporting/Retest,AP-019;AP-032;AP-038;AP-024;AP-031,T0811;T0893;T0882;T0842;T0809,"Bad product decisions, recall/compliance impact.; Extended outage and recovery failure.; IP loss and competitive exposure.; IP, PII, production and commercial data exposure.; Incorrect predictions, IP/data exposure, operational decisions affected.",Critical; High,"Non-destructive validation by default; active testing only within written authorization, approved scope, testing window, rate limits and rollback/stop conditions.",Written authorization; confirmed scope; test accounts/access; testing window; logging/evidence plan,"Access logs, permissions, sample evidence, DLP alerts.; Backup configs, immutability evidence, restore tests, access logs.; IAM/policy evidence, access logs, object ACLs, classification.; Model/data lineage, API logs, IAM, deployment evidence.; Transaction/audit logs, role matrices, integrity checks.",MFG-E011;MFG-E071;MFG-E217;MFG-E218;MFG-E232;MFG-E252;MFG-E266,NIST SP 800-115
Data & Information,private keys,Recon;Scanning/Enumeration;Vulnerability Assessment;Identity/Auth;Web/API/Application;Validation/Business Impact;Reporting/Retest,AP-019;AP-032;AP-038;AP-024;AP-031,T0811;T0893;T0882;T0842;T0809,"Bad product decisions, recall/compliance impact.; Extended outage and recovery failure.; IP loss and competitive exposure.; IP, PII, production and commercial data exposure.; Incorrect predictions, IP/data exposure, operational decisions affected.",Critical; High,"Non-destructive validation by default; active testing only within written authorization, approved scope, testing window, rate limits and rollback/stop conditions.",Written authorization; confirmed scope; test accounts/access; testing window; logging/evidence plan,"Access logs, permissions, sample evidence, DLP alerts.; Backup configs, immutability evidence, restore tests, access logs.; IAM/policy evidence, access logs, object ACLs, classification.; Model/data lineage, API logs, IAM, deployment evidence.; Transaction/audit logs, role matrices, integrity checks.",MFG-E011;MFG-E071;MFG-E217;MFG-E218;MFG-E232;MFG-E252;MFG-E266,NIST SP 800-115
Data & Information,configuration files,Recon;Scanning/Enumeration;Vulnerability Assessment;Identity/Auth;Web/API/Application;Validation/Business Impact;Reporting/Retest,AP-019;AP-032;AP-038;AP-024;AP-031,T0811;T0893;T0882;T0842;T0809,"Bad product decisions, recall/compliance impact.; Extended outage and recovery failure.; IP loss and competitive exposure.; IP, PII, production and commercial data exposure.; Incorrect predictions, IP/data exposure, operational decisions affected.",Critical; High,"Non-destructive validation by default; active testing only within written authorization, approved scope, testing window, rate limits and rollback/stop conditions.",Written authorization; confirmed scope; test accounts/access; testing window; logging/evidence plan,"Access logs, permissions, sample evidence, DLP alerts.; Backup configs, immutability evidence, restore tests, access logs.; IAM/policy evidence, access logs, object ACLs, classification.; Model/data lineage, API logs, IAM, deployment evidence.; Transaction/audit logs, role matrices, integrity checks.",MFG-E011;MFG-E071;MFG-E217;MFG-E218;MFG-E232;MFG-E252;MFG-E266,NIST SP 800-115
Data & Information,backups,Recon;Scanning/Enumeration;Vulnerability Assessment;Identity/Auth;Web/API/Application;Validation/Business Impact;Reporting/Retest,AP-019;AP-032;AP-038;AP-024;AP-031;AP-036;AP-026;AP-027;AP-028,T0811;T0893;T0882;T0842;T0809,"Bad product decisions, recall/compliance impact.; Direct device compromise or safety risk.; Enterprise compromise or facility disruption.; Extended outage and recovery failure.; IP loss and competitive exposure.; IP, PII, production and commercial data exposure.; Incorrect predictions, IP/data exposure, operational decisions affected.; Persistent compromise after recovery.; Production outage, equipment/process risk.",Critical; High,"Non-destructive validation by default; active testing only within written authorization, approved scope, testing window, rate limits and rollback/stop conditions.",Written authorization; confirmed scope; test accounts/access; testing window; logging/evidence plan,"Access logs, permissions, sample evidence, DLP alerts.; Access logs, photographs where allowed, physical control evidence.; Backup configs, immutability evidence, restore tests, access logs.; Dependency maps, access controls, logs, contingency evidence.; Hashes, restore logs, golden image records, approvals.; IAM/policy evidence, access logs, object ACLs, classification.; Model/data lineage, API logs, IAM, deployment evidence.; Network diagrams, ACLs, system configs, vendor access records.; Transaction/audit logs, role matrices, integrity checks.",MFG-E011;MFG-E071;MFG-E217;MFG-E218;MFG-E232;MFG-E252;MFG-E266;MFG-X363,NIST SP 800-115
Backup / DR,backup servers,Recon;Scanning/Enumeration;Vulnerability Assessment;Identity/Auth;Web/API/Application;Validation/Business Impact;Reporting/Retest,AP-024;AP-025;AP-036,T0809;T0826;T0862;T0893,Extended outage and recovery failure.; Persistent compromise after recovery.; Production outage and recovery disruption.,Critical,"Non-destructive validation by default; active testing only within written authorization, approved scope, testing window, rate limits and rollback/stop conditions.",Written authorization; confirmed scope; test accounts/access; testing window; logging/evidence plan,"Backup configs, immutability evidence, restore tests, access logs.; Hashes, restore logs, golden image records, approvals.; Network paths, EDR controls, backup evidence, IR records.",MFG-E011;MFG-E045;MFG-E070;MFG-E071;MFG-E086;MFG-E097;MFG-E168;MFG-E231;MFG-E252;MFG-E266;MFG-X361;MFG-X362;MFG-X365;MFG-X366;MFG-X367;MFG-X368;MFG-X369,NIST SP 800-115
Backup / DR,backup repositories,Recon;Scanning/Enumeration;Vulnerability Assessment;Identity/Auth;Web/API/Application;Validation/Business Impact;Reporting/Retest,AP-024;AP-025;AP-036,T0809;T0826;T0862;T0893,Extended outage and recovery failure.; Persistent compromise after recovery.; Production outage and recovery disruption.,Critical,"Non-destructive validation by default; active testing only within written authorization, approved scope, testing window, rate limits and rollback/stop conditions.",Written authorization; confirmed scope; test accounts/access; testing window; logging/evidence plan,"Backup configs, immutability evidence, restore tests, access logs.; Hashes, restore logs, golden image records, approvals.; Network paths, EDR controls, backup evidence, IR records.",MFG-E011;MFG-E045;MFG-E070;MFG-E071;MFG-E086;MFG-E168;MFG-E231;MFG-E252;MFG-E266;MFG-X361;MFG-X362;MFG-X365;MFG-X366;MFG-X367;MFG-X368;MFG-X369,NIST SP 800-115
Backup / DR,offline backups,Recon;Scanning/Enumeration;Vulnerability Assessment;Identity/Auth;Web/API/Application;Validation/Business Impact;Reporting/Retest,AP-024;AP-025;AP-036;AP-026;AP-027;AP-028,T0809;T0826;T0862;T0893,"Direct device compromise or safety risk.; Enterprise compromise or facility disruption.; Extended outage and recovery failure.; Persistent compromise after recovery.; Production outage and recovery disruption.; Production outage, equipment/process risk.",Critical; High,"Non-destructive validation by default; active testing only within written authorization, approved scope, testing window, rate limits and rollback/stop conditions.",Written authorization; confirmed scope; test accounts/access; testing window; logging/evidence plan,"Access logs, photographs where allowed, physical control evidence.; Backup configs, immutability evidence, restore tests, access logs.; Dependency maps, access controls, logs, contingency evidence.; Hashes, restore logs, golden image records, approvals.; Network diagrams, ACLs, system configs, vendor access records.; Network paths, EDR controls, backup evidence, IR records.",MFG-E011;MFG-E045;MFG-E070;MFG-E071;MFG-E231;MFG-E252;MFG-E266;MFG-X363,NIST SP 800-115
Backup / DR,immutable backups,Recon;Scanning/Enumeration;Vulnerability Assessment;Identity/Auth;Web/API/Application;Validation/Business Impact;Reporting/Retest,AP-024;AP-025;AP-036;AP-026;AP-027;AP-028;AP-016;AP-033,T0809;T0826;T0862;T0893,"Direct device compromise or safety risk.; Enterprise compromise or facility disruption.; Extended outage and recovery failure.; Persistent compromise after recovery.; Production outage and recovery disruption.; Production outage, equipment/process risk.; Unauthorized plant network access.; Workflow manipulation/data exposure.",Critical; High; Medium-High,"Non-destructive validation by default; active testing only within written authorization, approved scope, testing window, rate limits and rollback/stop conditions.",Written authorization; confirmed scope; test accounts/access; testing window; logging/evidence plan,"Access logs, photographs where allowed, physical control evidence.; Backup configs, immutability evidence, restore tests, access logs.; Dependency maps, access controls, logs, contingency evidence.; Hashes, restore logs, golden image records, approvals.; MDM policy, app config, auth logs, network evidence.; Network diagrams, ACLs, system configs, vendor access records.; Network paths, EDR controls, backup evidence, IR records.; Wireless config, auth evidence, RF inventory, network mapping.",MFG-E011;MFG-E045;MFG-E070;MFG-E071;MFG-E231;MFG-E252;MFG-E266;MFG-X363,NIST SP 800-115
Backup / DR,cloud backups,Recon;Scanning/Enumeration;Vulnerability Assessment;Identity/Auth;Web/API/Application;Validation/Business Impact;Reporting/Retest,AP-024;AP-025;AP-036;AP-018;AP-019;AP-022;AP-026;AP-027;AP-028,T0809;T0826;T0862;T0893,"Broad compromise across applications/engineering/OT.; Cross-environment compromise.; Direct device compromise or safety risk.; Enterprise compromise or facility disruption.; Extended outage and recovery failure.; IP, PII, production and commercial data exposure.; Persistent compromise after recovery.; Production outage and recovery disruption.; Production outage, equipment/process risk.",Critical; High,"Non-destructive validation by default; active testing only within written authorization, approved scope, testing window, rate limits and rollback/stop conditions.",Written authorization; confirmed scope; test accounts/access; testing window; logging/evidence plan,"Access logs, photographs where allowed, physical control evidence.; Backup configs, immutability evidence, restore tests, access logs.; Cloud IAM, route tables, security groups, API logs, architecture.; Dependency maps, access controls, logs, contingency evidence.; Hashes, restore logs, golden image records, approvals.; IAM/policy evidence, access logs, object ACLs, classification.; Network diagrams, ACLs, system configs, vendor access records.; Network paths, EDR controls, backup evidence, IR records.; Pipeline logs, SBOM, signatures, repo permissions, artifact hashes.",MFG-E011;MFG-E045;MFG-E070;MFG-E071;MFG-E097;MFG-E117;MFG-E231;MFG-E248;MFG-E252;MFG-E266;MFG-X305;MFG-X363;MFG-X389;MFG-X433;MFG-X434;MFG-X435;MFG-X436;MFG-X437;MFG-X438;MFG-X440;MFG-X445,NIST SP 800-115
Backup / DR,replication,Recon;Scanning/Enumeration;Vulnerability Assessment;Identity/Auth;Web/API/Application;Validation/Business Impact;Reporting/Retest,AP-024;AP-025;AP-036,T0809;T0826;T0862;T0893,Extended outage and recovery failure.; Persistent compromise after recovery.; Production outage and recovery disruption.,Critical,"Non-destructive validation by default; active testing only within written authorization, approved scope, testing window, rate limits and rollback/stop conditions.",Written authorization; confirmed scope; test accounts/access; testing window; logging/evidence plan,"Backup configs, immutability evidence, restore tests, access logs.; Hashes, restore logs, golden image records, approvals.; Network paths, EDR controls, backup evidence, IR records.",MFG-E011;MFG-E045;MFG-E070;MFG-E071;MFG-E231;MFG-E252;MFG-E266,NIST SP 800-115
Backup / DR,snapshots,Recon;Scanning/Enumeration;Vulnerability Assessment;Identity/Auth;Web/API/Application;Validation/Business Impact;Reporting/Retest,AP-024;AP-025;AP-036,T0809;T0826;T0862;T0893,Extended outage and recovery failure.; Persistent compromise after recovery.; Production outage and recovery disruption.,Critical,"Non-destructive validation by default; active testing only within written authorization, approved scope, testing window, rate limits and rollback/stop conditions.",Written authorization; confirmed scope; test accounts/access; testing window; logging/evidence plan,"Backup configs, immutability evidence, restore tests, access logs.; Hashes, restore logs, golden image records, approvals.; Network paths, EDR controls, backup evidence, IR records.",MFG-E011;MFG-E045;MFG-E070;MFG-E071;MFG-E231;MFG-E252;MFG-E266,NIST SP 800-115
Backup / DR,database backups,Recon;Scanning/Enumeration;Vulnerability Assessment;Identity/Auth;Web/API/Application;Validation/Business Impact;Reporting/Retest,AP-024;AP-025;AP-036;AP-026;AP-027;AP-028,T0809;T0826;T0862;T0893,"Direct device compromise or safety risk.; Enterprise compromise or facility disruption.; Extended outage and recovery failure.; Persistent compromise after recovery.; Production outage and recovery disruption.; Production outage, equipment/process risk.",Critical; High,"Non-destructive validation by default; active testing only within written authorization, approved scope, testing window, rate limits and rollback/stop conditions.",Written authorization; confirmed scope; test accounts/access; testing window; logging/evidence plan,"Access logs, photographs where allowed, physical control evidence.; Backup configs, immutability evidence, restore tests, access logs.; Dependency maps, access controls, logs, contingency evidence.; Hashes, restore logs, golden image records, approvals.; Network diagrams, ACLs, system configs, vendor access records.; Network paths, EDR controls, backup evidence, IR records.",MFG-E011;MFG-E045;MFG-E070;MFG-E071;MFG-E117;MFG-E231;MFG-E252;MFG-E266;MFG-X363,NIST SP 800-115
Backup / DR,PLC backups,Recon;Scanning/Enumeration;Vulnerability Assessment;Identity/Auth;Web/API/Application;Validation/Business Impact;Reporting/Retest,AP-024;AP-025;AP-036;AP-011;AP-012;AP-013;AP-026;AP-027;AP-028,T0809;T0826;T0862;T0893,"Direct device compromise or safety risk.; Enterprise compromise or facility disruption.; Extended outage and recovery failure.; Loss of control, production impact, safety impact.; Loss of view/control and delayed response.; Persistent compromise after recovery.; Process manipulation or hidden telemetry.; Production outage and recovery disruption.; Production outage, equipment/process risk.",Critical; High,"Passive/read-only by default; active validation only under approved ROE, plant-owner approval, maintenance window and safety review; disruptive/process-changing actions require lab/digital twin or explicitly controlled validation.",Written authorization; confirmed scope; test accounts/access; testing window; logging/evidence plan,"Access logs, photographs where allowed, physical control evidence.; Backup configs, immutability evidence, restore tests, access logs.; Controller config, project backup, change logs, access logs.; Dependency maps, access controls, logs, contingency evidence.; HMI config, sessions, logs, screen evidence.; Hashes, restore logs, golden image records, approvals.; Network diagrams, ACLs, system configs, vendor access records.; Network paths, EDR controls, backup evidence, IR records.; Protocol inventory, packet metadata/captures, ACLs, control documentation.",MFG-E011;MFG-E039;MFG-E045;MFG-E064;MFG-E070;MFG-E071;MFG-E093;MFG-E097;MFG-E150;MFG-E231;MFG-E252;MFG-E266;MFG-X310;MFG-X363;MFG-X365,NIST SP 800-115
Backup / DR,SCADA backups,Recon;Scanning/Enumeration;Vulnerability Assessment;Identity/Auth;Web/API/Application;Validation/Business Impact;Reporting/Retest,AP-024;AP-025;AP-036;AP-011;AP-012;AP-013;AP-008;AP-009;AP-032;AP-026;AP-027;AP-028,T0809;T0826;T0862;T0893,"Direct device compromise or safety risk.; Enterprise compromise or facility disruption.; Extended outage and recovery failure.; IP loss and competitive exposure.; Loss of control, production impact, safety impact.; Loss of view/control and delayed response.; PLC/DCS manipulation, IP theft, unsafe process change.; Persistent compromise after recovery.; Persistent process manipulation.; Process manipulation or hidden telemetry.; Production outage and recovery disruption.; Production outage, equipment/process risk.",Critical; High,"Passive/read-only by default; active validation only under approved ROE, plant-owner approval, maintenance window and safety review; disruptive/process-changing actions require lab/digital twin or explicitly controlled validation.",Written authorization; confirmed scope; test accounts/access; testing window; logging/evidence plan,"Access logs, permissions, sample evidence, DLP alerts.; Access logs, photographs where allowed, physical control evidence.; Backup configs, immutability evidence, restore tests, access logs.; Controller config, project backup, change logs, access logs.; Dependency maps, access controls, logs, contingency evidence.; HMI config, sessions, logs, screen evidence.; Hashes, restore logs, golden image records, approvals.; Network diagrams, ACLs, system configs, vendor access records.; Network paths, EDR controls, backup evidence, IR records.; Project hashes, access logs, engineering configs, change records.; Project integrity evidence, approvals, hashes, backup status.; Protocol inventory, packet metadata/captures, ACLs, control documentation.",MFG-E011;MFG-E038;MFG-E045;MFG-E063;MFG-E070;MFG-E071;MFG-E092;MFG-E097;MFG-E117;MFG-E148;MFG-E226;MFG-E231;MFG-E249;MFG-E252;MFG-E266;MFG-X363;MFG-X366,NIST SP 800-115
Backup / DR,HMI backups,Recon;Scanning/Enumeration;Vulnerability Assessment;Identity/Auth;Web/API/Application;Validation/Business Impact;Reporting/Retest,AP-024;AP-025;AP-036;AP-011;AP-012;AP-013;AP-026;AP-027;AP-028,T0809;T0826;T0862;T0893,"Direct device compromise or safety risk.; Enterprise compromise or facility disruption.; Extended outage and recovery failure.; Loss of control, production impact, safety impact.; Loss of view/control and delayed response.; Persistent compromise after recovery.; Process manipulation or hidden telemetry.; Production outage and recovery disruption.; Production outage, equipment/process risk.",Critical; High,"Passive/read-only by default; active validation only under approved ROE, plant-owner approval, maintenance window and safety review; disruptive/process-changing actions require lab/digital twin or explicitly controlled validation.",Written authorization; confirmed scope; test accounts/access; testing window; logging/evidence plan,"Access logs, photographs where allowed, physical control evidence.; Backup configs, immutability evidence, restore tests, access logs.; Controller config, project backup, change logs, access logs.; Dependency maps, access controls, logs, contingency evidence.; HMI config, sessions, logs, screen evidence.; Hashes, restore logs, golden image records, approvals.; Network diagrams, ACLs, system configs, vendor access records.; Network paths, EDR controls, backup evidence, IR records.; Protocol inventory, packet metadata/captures, ACLs, control documentation.",MFG-E011;MFG-E039;MFG-E045;MFG-E064;MFG-E070;MFG-E071;MFG-E093;MFG-E097;MFG-E151;MFG-E231;MFG-E249;MFG-E252;MFG-E266;MFG-X363;MFG-X367,NIST SP 800-115
Backup / DR,engineering backups,Recon;Scanning/Enumeration;Vulnerability Assessment;Identity/Auth;Web/API/Application;Validation/Business Impact;Reporting/Retest,AP-024;AP-025;AP-036;AP-008;AP-009;AP-032;AP-026;AP-027;AP-028,T0809;T0826;T0862;T0893,"Direct device compromise or safety risk.; Enterprise compromise or facility disruption.; Extended outage and recovery failure.; IP loss and competitive exposure.; PLC/DCS manipulation, IP theft, unsafe process change.; Persistent compromise after recovery.; Persistent process manipulation.; Production outage and recovery disruption.; Production outage, equipment/process risk.",Critical; High,"Non-destructive validation by default; active testing only within written authorization, approved scope, testing window, rate limits and rollback/stop conditions.",Written authorization; confirmed scope; test accounts/access; testing window; logging/evidence plan,"Access logs, permissions, sample evidence, DLP alerts.; Access logs, photographs where allowed, physical control evidence.; Backup configs, immutability evidence, restore tests, access logs.; Dependency maps, access controls, logs, contingency evidence.; Hashes, restore logs, golden image records, approvals.; Network diagrams, ACLs, system configs, vendor access records.; Network paths, EDR controls, backup evidence, IR records.; Project hashes, access logs, engineering configs, change records.; Project integrity evidence, approvals, hashes, backup status.",MFG-E011;MFG-E045;MFG-E070;MFG-E071;MFG-E231;MFG-E252;MFG-E266;MFG-X363;MFG-X368,NIST SP 800-115
Backup / DR,disaster-recovery systems,Recon;Scanning/Enumeration;Vulnerability Assessment;Identity/Auth;Web/API/Application;Validation/Business Impact;Reporting/Retest,AP-024;AP-025;AP-036,T0809;T0826;T0862;T0893,Extended outage and recovery failure.; Persistent compromise after recovery.; Production outage and recovery disruption.,Critical,"Non-destructive validation by default; active testing only within written authorization, approved scope, testing window, rate limits and rollback/stop conditions.",Written authorization; confirmed scope; test accounts/access; testing window; logging/evidence plan,"Backup configs, immutability evidence, restore tests, access logs.; Hashes, restore logs, golden image records, approvals.; Network paths, EDR controls, backup evidence, IR records.",MFG-E011;MFG-E045;MFG-E070;MFG-E071;MFG-E231;MFG-E252;MFG-E266;MFG-X335;MFG-X371;MFG-X416,NIST SP 800-115
Security Monitoring,SIEM,Recon;Scanning/Enumeration;Vulnerability Assessment;Identity/Auth;Web/API/Application;Validation/Business Impact;Reporting/Retest,AP-029;AP-030;AP-025;AP-006;AP-011,T0842;T0840;T0872;T0820;T0801,Authentication bypass or forensic blind spots.; Delayed detection and response.; OT compromise and plant disruption.; Process manipulation or hidden telemetry.; Production outage and recovery disruption.,Critical; High,"Non-destructive validation by default; active testing only within written authorization, approved scope, testing window, rate limits and rollback/stop conditions.",Written authorization; confirmed scope; test accounts/access; testing window; logging/evidence plan,"Log samples, detection rules, alert evidence, time synchronization.; Network diagrams, firewall rules, flow records, packet metadata.; Network paths, EDR controls, backup evidence, IR records.; PKI configs, certificate inventory, time-source evidence, logs.; Protocol inventory, packet metadata/captures, ACLs, control documentation.",MFG-E011;MFG-E045;MFG-E071;MFG-E235;MFG-E242;MFG-E250;MFG-E252;MFG-E266;MFG-X399,NIST SP 800-115
Security Monitoring,SOAR,Recon;Scanning/Enumeration;Vulnerability Assessment;Identity/Auth;Web/API/Application;Validation/Business Impact;Reporting/Retest,AP-029;AP-030;AP-025;AP-006;AP-011,T0842;T0840;T0872;T0820;T0801,Authentication bypass or forensic blind spots.; Delayed detection and response.; OT compromise and plant disruption.; Process manipulation or hidden telemetry.; Production outage and recovery disruption.,Critical; High,"Non-destructive validation by default; active testing only within written authorization, approved scope, testing window, rate limits and rollback/stop conditions.",Written authorization; confirmed scope; test accounts/access; testing window; logging/evidence plan,"Log samples, detection rules, alert evidence, time synchronization.; Network diagrams, firewall rules, flow records, packet metadata.; Network paths, EDR controls, backup evidence, IR records.; PKI configs, certificate inventory, time-source evidence, logs.; Protocol inventory, packet metadata/captures, ACLs, control documentation.",MFG-E011;MFG-E045;MFG-E071;MFG-E235;MFG-E236;MFG-E242;MFG-E250;MFG-E252;MFG-E266,NIST SP 800-115
Security Monitoring,EDR,Recon;Scanning/Enumeration;Vulnerability Assessment;Identity/Auth;Web/API/Application;Validation/Business Impact;Reporting/Retest,AP-029;AP-030;AP-025;AP-006;AP-011;AP-024;AP-036,T0842;T0840;T0872;T0820;T0801,Authentication bypass or forensic blind spots.; Delayed detection and response.; Extended outage and recovery failure.; OT compromise and plant disruption.; Persistent compromise after recovery.; Process manipulation or hidden telemetry.; Production outage and recovery disruption.,Critical; High,"Non-destructive validation by default; active testing only within written authorization, approved scope, testing window, rate limits and rollback/stop conditions.",Written authorization; confirmed scope; test accounts/access; testing window; logging/evidence plan,"Backup configs, immutability evidence, restore tests, access logs.; Hashes, restore logs, golden image records, approvals.; Log samples, detection rules, alert evidence, time synchronization.; Network diagrams, firewall rules, flow records, packet metadata.; Network paths, EDR controls, backup evidence, IR records.; PKI configs, certificate inventory, time-source evidence, logs.; Protocol inventory, packet metadata/captures, ACLs, control documentation.",MFG-E011;MFG-E045;MFG-E071;MFG-E235;MFG-E237;MFG-E239;MFG-E242;MFG-E250;MFG-E252;MFG-E266,NIST SP 800-115
Security Monitoring,XDR,Recon;Scanning/Enumeration;Vulnerability Assessment;Identity/Auth;Web/API/Application;Validation/Business Impact;Reporting/Retest,AP-029;AP-030;AP-025;AP-006;AP-011;AP-024;AP-036,T0842;T0840;T0872;T0820;T0801,Authentication bypass or forensic blind spots.; Delayed detection and response.; Extended outage and recovery failure.; OT compromise and plant disruption.; Persistent compromise after recovery.; Process manipulation or hidden telemetry.; Production outage and recovery disruption.,Critical; High,"Non-destructive validation by default; active testing only within written authorization, approved scope, testing window, rate limits and rollback/stop conditions.",Written authorization; confirmed scope; test accounts/access; testing window; logging/evidence plan,"Backup configs, immutability evidence, restore tests, access logs.; Hashes, restore logs, golden image records, approvals.; Log samples, detection rules, alert evidence, time synchronization.; Network diagrams, firewall rules, flow records, packet metadata.; Network paths, EDR controls, backup evidence, IR records.; PKI configs, certificate inventory, time-source evidence, logs.; Protocol inventory, packet metadata/captures, ACLs, control documentation.",MFG-E011;MFG-E045;MFG-E071;MFG-E235;MFG-E237;MFG-E239;MFG-E242;MFG-E250;MFG-E252;MFG-E266,NIST SP 800-115
Security Monitoring,IDS,Recon;Scanning/Enumeration;Vulnerability Assessment;Identity/Auth;Web/API/Application;Validation/Business Impact;Reporting/Retest,AP-029;AP-030;AP-025;AP-006;AP-011,T0842;T0840;T0872;T0820;T0801,Authentication bypass or forensic blind spots.; Delayed detection and response.; OT compromise and plant disruption.; Process manipulation or hidden telemetry.; Production outage and recovery disruption.,Critical; High,"Non-destructive validation by default; active testing only within written authorization, approved scope, testing window, rate limits and rollback/stop conditions.",Written authorization; confirmed scope; test accounts/access; testing window; logging/evidence plan,"Log samples, detection rules, alert evidence, time synchronization.; Network diagrams, firewall rules, flow records, packet metadata.; Network paths, EDR controls, backup evidence, IR records.; PKI configs, certificate inventory, time-source evidence, logs.; Protocol inventory, packet metadata/captures, ACLs, control documentation.",MFG-E011;MFG-E045;MFG-E071;MFG-E235;MFG-E238;MFG-E242;MFG-E243;MFG-E250;MFG-E252;MFG-E266;MFG-X400,NIST SP 800-115
Security Monitoring,IPS,Recon;Scanning/Enumeration;Vulnerability Assessment;Identity/Auth;Web/API/Application;Validation/Business Impact;Reporting/Retest,AP-029;AP-030;AP-025;AP-006;AP-011,T0842;T0840;T0872;T0820;T0801,Authentication bypass or forensic blind spots.; Delayed detection and response.; OT compromise and plant disruption.; Process manipulation or hidden telemetry.; Production outage and recovery disruption.,Critical; High,"Non-destructive validation by default; active testing only within written authorization, approved scope, testing window, rate limits and rollback/stop conditions.",Written authorization; confirmed scope; test accounts/access; testing window; logging/evidence plan,"Log samples, detection rules, alert evidence, time synchronization.; Network diagrams, firewall rules, flow records, packet metadata.; Network paths, EDR controls, backup evidence, IR records.; PKI configs, certificate inventory, time-source evidence, logs.; Protocol inventory, packet metadata/captures, ACLs, control documentation.",MFG-E011;MFG-E045;MFG-E071;MFG-E235;MFG-E238;MFG-E242;MFG-E250;MFG-E252;MFG-E266,NIST SP 800-115
Security Monitoring,NDR,Recon;Scanning/Enumeration;Vulnerability Assessment;Identity/Auth;Web/API/Application;Validation/Business Impact;Reporting/Retest,AP-029;AP-030;AP-025;AP-006;AP-011;AP-024;AP-036,T0842;T0840;T0872;T0820;T0801,Authentication bypass or forensic blind spots.; Delayed detection and response.; Extended outage and recovery failure.; OT compromise and plant disruption.; Persistent compromise after recovery.; Process manipulation or hidden telemetry.; Production outage and recovery disruption.,Critical; High,"Non-destructive validation by default; active testing only within written authorization, approved scope, testing window, rate limits and rollback/stop conditions.",Written authorization; confirmed scope; test accounts/access; testing window; logging/evidence plan,"Backup configs, immutability evidence, restore tests, access logs.; Hashes, restore logs, golden image records, approvals.; Log samples, detection rules, alert evidence, time synchronization.; Network diagrams, firewall rules, flow records, packet metadata.; Network paths, EDR controls, backup evidence, IR records.; PKI configs, certificate inventory, time-source evidence, logs.; Protocol inventory, packet metadata/captures, ACLs, control documentation.",MFG-E011;MFG-E045;MFG-E071;MFG-E235;MFG-E237;MFG-E239;MFG-E242;MFG-E250;MFG-E252;MFG-E266,NIST SP 800-115
Security Monitoring,vulnerability management,Recon;Scanning/Enumeration;Vulnerability Assessment;Identity/Auth;Web/API/Application;Validation/Business Impact;Reporting/Retest,AP-029;AP-030;AP-025;AP-006;AP-011,T0842;T0840;T0872;T0820;T0801,Authentication bypass or forensic blind spots.; Delayed detection and response.; OT compromise and plant disruption.; Process manipulation or hidden telemetry.; Production outage and recovery disruption.,Critical; High,"Non-destructive validation by default; active testing only within written authorization, approved scope, testing window, rate limits and rollback/stop conditions.",Written authorization; confirmed scope; test accounts/access; testing window; logging/evidence plan,"Log samples, detection rules, alert evidence, time synchronization.; Network diagrams, firewall rules, flow records, packet metadata.; Network paths, EDR controls, backup evidence, IR records.; PKI configs, certificate inventory, time-source evidence, logs.; Protocol inventory, packet metadata/captures, ACLs, control documentation.",MFG-E011;MFG-E045;MFG-E071;MFG-E235;MFG-E240;MFG-E242;MFG-E250;MFG-E252;MFG-E266;MFG-X329,NIST SP 800-115
Security Monitoring,patch management,Recon;Scanning/Enumeration;Vulnerability Assessment;Identity/Auth;Web/API/Application;Validation/Business Impact;Reporting/Retest,AP-029;AP-030;AP-025;AP-006;AP-011,T0842;T0840;T0872;T0820;T0801,Authentication bypass or forensic blind spots.; Delayed detection and response.; OT compromise and plant disruption.; Process manipulation or hidden telemetry.; Production outage and recovery disruption.,Critical; High,"Non-destructive validation by default; active testing only within written authorization, approved scope, testing window, rate limits and rollback/stop conditions.",Written authorization; confirmed scope; test accounts/access; testing window; logging/evidence plan,"Log samples, detection rules, alert evidence, time synchronization.; Network diagrams, firewall rules, flow records, packet metadata.; Network paths, EDR controls, backup evidence, IR records.; PKI configs, certificate inventory, time-source evidence, logs.; Protocol inventory, packet metadata/captures, ACLs, control documentation.",MFG-E011;MFG-E045;MFG-E071;MFG-E169;MFG-E235;MFG-E241;MFG-E242;MFG-E250;MFG-E252;MFG-E266;MFG-X330,NIST SP 800-115
Security Monitoring,OT IDS,Recon;Scanning/Enumeration;Vulnerability Assessment;Identity/Auth;Web/API/Application;Validation/Business Impact;Reporting/Retest,AP-029;AP-030;AP-025;AP-006;AP-011,T0842;T0840;T0872;T0820;T0801,Authentication bypass or forensic blind spots.; Delayed detection and response.; OT compromise and plant disruption.; Process manipulation or hidden telemetry.; Production outage and recovery disruption.,Critical; High,"Non-destructive validation by default; active testing only within written authorization, approved scope, testing window, rate limits and rollback/stop conditions.",Written authorization; confirmed scope; test accounts/access; testing window; logging/evidence plan,"Log samples, detection rules, alert evidence, time synchronization.; Network diagrams, firewall rules, flow records, packet metadata.; Network paths, EDR controls, backup evidence, IR records.; PKI configs, certificate inventory, time-source evidence, logs.; Protocol inventory, packet metadata/captures, ACLs, control documentation.",MFG-E011;MFG-E045;MFG-E071;MFG-E235;MFG-E238;MFG-E242;MFG-E243;MFG-E250;MFG-E252;MFG-E266;MFG-X400,NIST SP 800-115
Security Monitoring,OT network monitoring,Recon;Scanning/Enumeration;Vulnerability Assessment;Identity/Auth;Web/API/Application;Validation/Business Impact;Reporting/Retest,AP-029;AP-030;AP-025;AP-006;AP-011,T0842;T0840;T0872;T0820;T0801,Authentication bypass or forensic blind spots.; Delayed detection and response.; OT compromise and plant disruption.; Process manipulation or hidden telemetry.; Production outage and recovery disruption.,Critical; High,"Non-destructive validation by default; active testing only within written authorization, approved scope, testing window, rate limits and rollback/stop conditions.",Written authorization; confirmed scope; test accounts/access; testing window; logging/evidence plan,"Log samples, detection rules, alert evidence, time synchronization.; Network diagrams, firewall rules, flow records, packet metadata.; Network paths, EDR controls, backup evidence, IR records.; PKI configs, certificate inventory, time-source evidence, logs.; Protocol inventory, packet metadata/captures, ACLs, control documentation.",MFG-E011;MFG-E045;MFG-E071;MFG-E235;MFG-E242;MFG-E250;MFG-E252;MFG-E266,NIST SP 800-115
Security Monitoring,asset discovery,Recon;Scanning/Enumeration;Vulnerability Assessment;Identity/Auth;Web/API/Application;Validation/Business Impact;Reporting/Retest,AP-029;AP-030;AP-025;AP-006;AP-011,T0842;T0840;T0872;T0820;T0801,Authentication bypass or forensic blind spots.; Delayed detection and response.; OT compromise and plant disruption.; Process manipulation or hidden telemetry.; Production outage and recovery disruption.,Critical; High,"Non-destructive validation by default; active testing only within written authorization, approved scope, testing window, rate limits and rollback/stop conditions.",Written authorization; confirmed scope; test accounts/access; testing window; logging/evidence plan,"Log samples, detection rules, alert evidence, time synchronization.; Network diagrams, firewall rules, flow records, packet metadata.; Network paths, EDR controls, backup evidence, IR records.; PKI configs, certificate inventory, time-source evidence, logs.; Protocol inventory, packet metadata/captures, ACLs, control documentation.",MFG-E011;MFG-E023;MFG-E045;MFG-E071;MFG-E235;MFG-E242;MFG-E250;MFG-E252;MFG-E266,NIST SP 800-115
Security Monitoring,log servers,Recon;Scanning/Enumeration;Vulnerability Assessment;Identity/Auth;Web/API/Application;Validation/Business Impact;Reporting/Retest,AP-029;AP-030;AP-025;AP-006;AP-011,T0842;T0840;T0872;T0820;T0801,Authentication bypass or forensic blind spots.; Delayed detection and response.; OT compromise and plant disruption.; Process manipulation or hidden telemetry.; Production outage and recovery disruption.,Critical; High,"Non-destructive validation by default; active testing only within written authorization, approved scope, testing window, rate limits and rollback/stop conditions.",Written authorization; confirmed scope; test accounts/access; testing window; logging/evidence plan,"Log samples, detection rules, alert evidence, time synchronization.; Network diagrams, firewall rules, flow records, packet metadata.; Network paths, EDR controls, backup evidence, IR records.; PKI configs, certificate inventory, time-source evidence, logs.; Protocol inventory, packet metadata/captures, ACLs, control documentation.",MFG-E011;MFG-E045;MFG-E071;MFG-E097;MFG-E235;MFG-E242;MFG-E250;MFG-E252;MFG-E266,NIST SP 800-115
Security Monitoring,Windows logs,Recon;Scanning/Enumeration;Vulnerability Assessment;Identity/Auth;Web/API/Application;Validation/Business Impact;Reporting/Retest,AP-029;AP-030;AP-025;AP-006;AP-011,T0842;T0840;T0872;T0820;T0801,Authentication bypass or forensic blind spots.; Delayed detection and response.; OT compromise and plant disruption.; Process manipulation or hidden telemetry.; Production outage and recovery disruption.,Critical; High,"Non-destructive validation by default; active testing only within written authorization, approved scope, testing window, rate limits and rollback/stop conditions.",Written authorization; confirmed scope; test accounts/access; testing window; logging/evidence plan,"Log samples, detection rules, alert evidence, time synchronization.; Network diagrams, firewall rules, flow records, packet metadata.; Network paths, EDR controls, backup evidence, IR records.; PKI configs, certificate inventory, time-source evidence, logs.; Protocol inventory, packet metadata/captures, ACLs, control documentation.",MFG-E011;MFG-E045;MFG-E071;MFG-E235;MFG-E242;MFG-E250;MFG-E252;MFG-E266,NIST SP 800-115
Security Monitoring,firewall logs,Recon;Scanning/Enumeration;Vulnerability Assessment;Identity/Auth;Web/API/Application;Validation/Business Impact;Reporting/Retest,AP-029;AP-030;AP-025;AP-006;AP-011;AP-026;AP-027;AP-028,T0842;T0840;T0872;T0820;T0801,"Authentication bypass or forensic blind spots.; Delayed detection and response.; Direct device compromise or safety risk.; Enterprise compromise or facility disruption.; OT compromise and plant disruption.; Process manipulation or hidden telemetry.; Production outage and recovery disruption.; Production outage, equipment/process risk.",Critical; High,"Non-destructive validation by default; active testing only within written authorization, approved scope, testing window, rate limits and rollback/stop conditions.",Written authorization; confirmed scope; test accounts/access; testing window; logging/evidence plan,"Access logs, photographs where allowed, physical control evidence.; Dependency maps, access controls, logs, contingency evidence.; Log samples, detection rules, alert evidence, time synchronization.; Network diagrams, ACLs, system configs, vendor access records.; Network diagrams, firewall rules, flow records, packet metadata.; Network paths, EDR controls, backup evidence, IR records.; PKI configs, certificate inventory, time-source evidence, logs.; Protocol inventory, packet metadata/captures, ACLs, control documentation.",MFG-E011;MFG-E045;MFG-E060;MFG-E071;MFG-E156;MFG-E197;MFG-E235;MFG-E242;MFG-E250;MFG-E252;MFG-E266,NIST SP 800-115
Security Monitoring,VPN logs,Recon;Scanning/Enumeration;Vulnerability Assessment;Identity/Auth;Web/API/Application;Validation/Business Impact;Reporting/Retest,AP-029;AP-030;AP-025;AP-006;AP-011;AP-002;AP-005,T0842;T0840;T0872;T0820;T0801,"Authentication bypass or forensic blind spots.; Delayed detection and response.; OT compromise and plant disruption.; Process manipulation or hidden telemetry.; Production outage and recovery disruption.; Unauthorized OT access, process manipulation, persistence.; Unauthorized internal/OT reachability; account misuse.",Critical; High,"Non-destructive validation by default; active testing only within written authorization, approved scope, testing window, rate limits and rollback/stop conditions.",Written authorization; confirmed scope; test accounts/access; testing window; logging/evidence plan,"Log samples, detection rules, alert evidence, time synchronization.; Network diagrams, firewall rules, flow records, packet metadata.; Network paths, EDR controls, backup evidence, IR records.; PKI configs, certificate inventory, time-source evidence, logs.; Protocol inventory, packet metadata/captures, ACLs, control documentation.; VPN config, access logs, MFA evidence, routes, ACLs, session records.; Vendor inventory, contracts, access logs, routes, jump-host records.",MFG-E011;MFG-E019;MFG-E045;MFG-E050;MFG-E071;MFG-E075;MFG-E097;MFG-E200;MFG-E235;MFG-E242;MFG-E246;MFG-E250;MFG-E252;MFG-E266,NIST SP 800-115
Security Monitoring,application logs,Recon;Scanning/Enumeration;Vulnerability Assessment;Identity/Auth;Web/API/Application;Validation/Business Impact;Reporting/Retest,AP-029;AP-030;AP-025;AP-006;AP-011,T0842;T0840;T0872;T0820;T0801,Authentication bypass or forensic blind spots.; Delayed detection and response.; OT compromise and plant disruption.; Process manipulation or hidden telemetry.; Production outage and recovery disruption.,Critical; High,"Non-destructive validation by default; active testing only within written authorization, approved scope, testing window, rate limits and rollback/stop conditions.",Written authorization; confirmed scope; test accounts/access; testing window; logging/evidence plan,"Log samples, detection rules, alert evidence, time synchronization.; Network diagrams, firewall rules, flow records, packet metadata.; Network paths, EDR controls, backup evidence, IR records.; PKI configs, certificate inventory, time-source evidence, logs.; Protocol inventory, packet metadata/captures, ACLs, control documentation.",MFG-E011;MFG-E045;MFG-E071;MFG-E235;MFG-E242;MFG-E250;MFG-E252;MFG-E266,NIST SP 800-115
Security Monitoring,API logs,Recon;Scanning/Enumeration;Vulnerability Assessment;Identity/Auth;Web/API/Application;Validation/Business Impact;Reporting/Retest,AP-029;AP-030;AP-025;AP-006;AP-011;AP-021;AP-035,T0842;T0840;T0872;T0820;T0801,Authentication bypass or forensic blind spots.; Cross-system unauthorized actions/data access.; Delayed detection and response.; OT compromise and plant disruption.; Process manipulation or hidden telemetry.; Production outage and recovery disruption.; Unauthorized cross-zone commands/data manipulation.,Critical; High,"Non-destructive validation by default; active testing only within written authorization, approved scope, testing window, rate limits and rollback/stop conditions.",Written authorization; confirmed scope; test accounts/access; testing window; logging/evidence plan,"Gateway config, ACLs, message logs, certificates.; Log samples, detection rules, alert evidence, time synchronization.; Network diagrams, firewall rules, flow records, packet metadata.; Network paths, EDR controls, backup evidence, IR records.; PKI configs, certificate inventory, time-source evidence, logs.; Protocol inventory, packet metadata/captures, ACLs, control documentation.; Requests/responses, API specs, auth policies, logs.",MFG-E011;MFG-E045;MFG-E048;MFG-E071;MFG-E074;MFG-E097;MFG-E109;MFG-E117;MFG-E118;MFG-E141;MFG-E191;MFG-E233;MFG-E235;MFG-E242;MFG-E247;MFG-E250;MFG-E252;MFG-E266;MFG-X452,NIST SP 800-115; OWASP WSTG; OWASP Top 10; OWASP API Security Top 10
Security Monitoring,cloud logs,Recon;Scanning/Enumeration;Vulnerability Assessment;Identity/Auth;Web/API/Application;Validation/Business Impact;Reporting/Retest,AP-029;AP-030;AP-025;AP-006;AP-011;AP-018;AP-019;AP-022,T0842;T0840;T0872;T0820;T0801,"Authentication bypass or forensic blind spots.; Broad compromise across applications/engineering/OT.; Cross-environment compromise.; Delayed detection and response.; IP, PII, production and commercial data exposure.; OT compromise and plant disruption.; Process manipulation or hidden telemetry.; Production outage and recovery disruption.",Critical; High,"Non-destructive validation by default; active testing only within written authorization, approved scope, testing window, rate limits and rollback/stop conditions.",Written authorization; confirmed scope; test accounts/access; testing window; logging/evidence plan,"Cloud IAM, route tables, security groups, API logs, architecture.; IAM/policy evidence, access logs, object ACLs, classification.; Log samples, detection rules, alert evidence, time synchronization.; Network diagrams, firewall rules, flow records, packet metadata.; Network paths, EDR controls, backup evidence, IR records.; PKI configs, certificate inventory, time-source evidence, logs.; Pipeline logs, SBOM, signatures, repo permissions, artifact hashes.; Protocol inventory, packet metadata/captures, ACLs, control documentation.",MFG-E011;MFG-E045;MFG-E071;MFG-E097;MFG-E117;MFG-E235;MFG-E242;MFG-E248;MFG-E250;MFG-E252;MFG-E266;MFG-X305;MFG-X389;MFG-X433;MFG-X434;MFG-X435;MFG-X436;MFG-X437;MFG-X438;MFG-X440;MFG-X445,NIST SP 800-115
Security Monitoring,SCADA logs,Recon;Scanning/Enumeration;Vulnerability Assessment;Identity/Auth;Web/API/Application;Validation/Business Impact;Reporting/Retest,AP-029;AP-030;AP-025;AP-006;AP-011;AP-012;AP-013;AP-008;AP-009;AP-032,T0842;T0840;T0872;T0820;T0801,"Authentication bypass or forensic blind spots.; Delayed detection and response.; IP loss and competitive exposure.; Loss of control, production impact, safety impact.; Loss of view/control and delayed response.; OT compromise and plant disruption.; PLC/DCS manipulation, IP theft, unsafe process change.; Persistent process manipulation.; Process manipulation or hidden telemetry.; Production outage and recovery disruption.",Critical; High,"Passive/read-only by default; active validation only under approved ROE, plant-owner approval, maintenance window and safety review; disruptive/process-changing actions require lab/digital twin or explicitly controlled validation.",Written authorization; confirmed scope; test accounts/access; testing window; logging/evidence plan,"Access logs, permissions, sample evidence, DLP alerts.; Controller config, project backup, change logs, access logs.; HMI config, sessions, logs, screen evidence.; Log samples, detection rules, alert evidence, time synchronization.; Network diagrams, firewall rules, flow records, packet metadata.; Network paths, EDR controls, backup evidence, IR records.; PKI configs, certificate inventory, time-source evidence, logs.; Project hashes, access logs, engineering configs, change records.; Project integrity evidence, approvals, hashes, backup status.; Protocol inventory, packet metadata/captures, ACLs, control documentation.",MFG-E011;MFG-E038;MFG-E045;MFG-E063;MFG-E071;MFG-E092;MFG-E097;MFG-E117;MFG-E148;MFG-E235;MFG-E242;MFG-E249;MFG-E250;MFG-E252;MFG-E266;MFG-X366,NIST SP 800-115
Security Monitoring,HMI logs,Recon;Scanning/Enumeration;Vulnerability Assessment;Identity/Auth;Web/API/Application;Validation/Business Impact;Reporting/Retest,AP-029;AP-030;AP-025;AP-006;AP-011;AP-012;AP-013,T0842;T0840;T0872;T0820;T0801,"Authentication bypass or forensic blind spots.; Delayed detection and response.; Loss of control, production impact, safety impact.; Loss of view/control and delayed response.; OT compromise and plant disruption.; Process manipulation or hidden telemetry.; Production outage and recovery disruption.",Critical; High,"Passive/read-only by default; active validation only under approved ROE, plant-owner approval, maintenance window and safety review; disruptive/process-changing actions require lab/digital twin or explicitly controlled validation.",Written authorization; confirmed scope; test accounts/access; testing window; logging/evidence plan,"Controller config, project backup, change logs, access logs.; HMI config, sessions, logs, screen evidence.; Log samples, detection rules, alert evidence, time synchronization.; Network diagrams, firewall rules, flow records, packet metadata.; Network paths, EDR controls, backup evidence, IR records.; PKI configs, certificate inventory, time-source evidence, logs.; Protocol inventory, packet metadata/captures, ACLs, control documentation.",MFG-E011;MFG-E039;MFG-E045;MFG-E064;MFG-E071;MFG-E093;MFG-E097;MFG-E151;MFG-E235;MFG-E242;MFG-E249;MFG-E250;MFG-E252;MFG-E266;MFG-X367,NIST SP 800-115
Security Monitoring,authentication logs,Recon;Scanning/Enumeration;Vulnerability Assessment;Identity/Auth;Web/API/Application;Validation/Business Impact;Reporting/Retest,AP-029;AP-030;AP-025;AP-006;AP-011,T0842;T0840;T0872;T0820;T0801,Authentication bypass or forensic blind spots.; Delayed detection and response.; OT compromise and plant disruption.; Process manipulation or hidden telemetry.; Production outage and recovery disruption.,Critical; High,"Non-destructive validation by default; active testing only within written authorization, approved scope, testing window, rate limits and rollback/stop conditions.",Written authorization; confirmed scope; test accounts/access; testing window; logging/evidence plan,"Log samples, detection rules, alert evidence, time synchronization.; Network diagrams, firewall rules, flow records, packet metadata.; Network paths, EDR controls, backup evidence, IR records.; PKI configs, certificate inventory, time-source evidence, logs.; Protocol inventory, packet metadata/captures, ACLs, control documentation.",MFG-E011;MFG-E045;MFG-E071;MFG-E235;MFG-E242;MFG-E250;MFG-E252;MFG-E266,NIST SP 800-115
Wireless / Mobile,corporate Wi-Fi,Recon;Scanning/Enumeration;Vulnerability Assessment;Identity/Auth;Web/API/Application;Validation/Business Impact;Reporting/Retest,AP-016;AP-017;AP-033;AP-039;AP-040,T0860;T0887;T0846;T0847;T0859,Malware introduction and OT compromise.; Material flow interruption and production delay.; Unauthorized entry into OT or data exposure.; Unauthorized plant network access.; Workflow manipulation/data exposure.,High; Medium-High,"Non-destructive validation by default; active testing only within written authorization, approved scope, testing window, rate limits and rollback/stop conditions.",Written authorization; confirmed scope; test accounts/access; testing window; logging/evidence plan,"Asset check-in/out, posture evidence, access logs.; MDM policy, app config, auth logs, network evidence.; Media policy, logs, endpoint controls, approval records.; Wireless config, auth evidence, RF inventory, network mapping.; Workflow logs, device inventory, API evidence.",MFG-E011;MFG-E045;MFG-E069;MFG-E071;MFG-E215;MFG-E216;MFG-E252;MFG-E266,NIST SP 800-115
Wireless / Mobile,industrial Wi-Fi,Recon;Scanning/Enumeration;Vulnerability Assessment;Identity/Auth;Web/API/Application;Validation/Business Impact;Reporting/Retest,AP-016;AP-017;AP-033;AP-039;AP-040,T0860;T0887;T0846;T0847;T0859,Malware introduction and OT compromise.; Material flow interruption and production delay.; Unauthorized entry into OT or data exposure.; Unauthorized plant network access.; Workflow manipulation/data exposure.,High; Medium-High,"Non-destructive validation by default; active testing only within written authorization, approved scope, testing window, rate limits and rollback/stop conditions.",Written authorization; confirmed scope; test accounts/access; testing window; logging/evidence plan,"Asset check-in/out, posture evidence, access logs.; MDM policy, app config, auth logs, network evidence.; Media policy, logs, endpoint controls, approval records.; Wireless config, auth evidence, RF inventory, network mapping.; Workflow logs, device inventory, API evidence.",MFG-E011;MFG-E045;MFG-E069;MFG-E071;MFG-E215;MFG-E216;MFG-E252;MFG-E266,NIST SP 800-115
Wireless / Mobile,wireless sensors,Recon;Scanning/Enumeration;Vulnerability Assessment;Identity/Auth;Web/API/Application;Validation/Business Impact;Reporting/Retest,AP-016;AP-017;AP-033;AP-039;AP-040,T0860;T0887;T0846;T0847;T0859,Malware introduction and OT compromise.; Material flow interruption and production delay.; Unauthorized entry into OT or data exposure.; Unauthorized plant network access.; Workflow manipulation/data exposure.,High; Medium-High,"Non-destructive validation by default; active testing only within written authorization, approved scope, testing window, rate limits and rollback/stop conditions.",Written authorization; confirmed scope; test accounts/access; testing window; logging/evidence plan,"Asset check-in/out, posture evidence, access logs.; MDM policy, app config, auth logs, network evidence.; Media policy, logs, endpoint controls, approval records.; Wireless config, auth evidence, RF inventory, network mapping.; Workflow logs, device inventory, API evidence.",MFG-E011;MFG-E045;MFG-E068;MFG-E069;MFG-E071;MFG-E096;MFG-E215;MFG-E216;MFG-E252;MFG-E266,NIST SP 800-115
Wireless / Mobile,Bluetooth,Recon;Scanning/Enumeration;Vulnerability Assessment;Identity/Auth;Web/API/Application;Validation/Business Impact;Reporting/Retest,AP-016;AP-017;AP-033;AP-039;AP-040,T0860;T0887;T0846;T0847;T0859,Malware introduction and OT compromise.; Material flow interruption and production delay.; Unauthorized entry into OT or data exposure.; Unauthorized plant network access.; Workflow manipulation/data exposure.,High; Medium-High,"Non-destructive validation by default; active testing only within written authorization, approved scope, testing window, rate limits and rollback/stop conditions.",Written authorization; confirmed scope; test accounts/access; testing window; logging/evidence plan,"Asset check-in/out, posture evidence, access logs.; MDM policy, app config, auth logs, network evidence.; Media policy, logs, endpoint controls, approval records.; Wireless config, auth evidence, RF inventory, network mapping.; Workflow logs, device inventory, API evidence.",MFG-E011;MFG-E045;MFG-E069;MFG-E071;MFG-E215;MFG-E216;MFG-E252;MFG-E266,NIST SP 800-115
Wireless / Mobile,BLE,Recon;Scanning/Enumeration;Vulnerability Assessment;Identity/Auth;Web/API/Application;Validation/Business Impact;Reporting/Retest,AP-016;AP-017;AP-033;AP-039;AP-040,T0860;T0887;T0846;T0847;T0859,Malware introduction and OT compromise.; Material flow interruption and production delay.; Unauthorized entry into OT or data exposure.; Unauthorized plant network access.; Workflow manipulation/data exposure.,High; Medium-High,"Non-destructive validation by default; active testing only within written authorization, approved scope, testing window, rate limits and rollback/stop conditions.",Written authorization; confirmed scope; test accounts/access; testing window; logging/evidence plan,"Asset check-in/out, posture evidence, access logs.; MDM policy, app config, auth logs, network evidence.; Media policy, logs, endpoint controls, approval records.; Wireless config, auth evidence, RF inventory, network mapping.; Workflow logs, device inventory, API evidence.",MFG-E011;MFG-E045;MFG-E069;MFG-E071;MFG-E170;MFG-E215;MFG-E216;MFG-E252;MFG-E266;MFG-X343;MFG-X356,NIST SP 800-115
Wireless / Mobile,RFID,Recon;Scanning/Enumeration;Vulnerability Assessment;Identity/Auth;Web/API/Application;Validation/Business Impact;Reporting/Retest,AP-016;AP-017;AP-033;AP-039;AP-040,T0860;T0887;T0846;T0847;T0859,Malware introduction and OT compromise.; Material flow interruption and production delay.; Unauthorized entry into OT or data exposure.; Unauthorized plant network access.; Workflow manipulation/data exposure.,High; Medium-High,"Non-destructive validation by default; active testing only within written authorization, approved scope, testing window, rate limits and rollback/stop conditions.",Written authorization; confirmed scope; test accounts/access; testing window; logging/evidence plan,"Asset check-in/out, posture evidence, access logs.; MDM policy, app config, auth logs, network evidence.; Media policy, logs, endpoint controls, approval records.; Wireless config, auth evidence, RF inventory, network mapping.; Workflow logs, device inventory, API evidence.",MFG-E011;MFG-E045;MFG-E069;MFG-E071;MFG-E215;MFG-E216;MFG-E252;MFG-E266;MFG-X461,NIST SP 800-115
Wireless / Mobile,NFC,Recon;Scanning/Enumeration;Vulnerability Assessment;Identity/Auth;Web/API/Application;Validation/Business Impact;Reporting/Retest,AP-016;AP-017;AP-033;AP-039;AP-040,T0860;T0887;T0846;T0847;T0859,Malware introduction and OT compromise.; Material flow interruption and production delay.; Unauthorized entry into OT or data exposure.; Unauthorized plant network access.; Workflow manipulation/data exposure.,High; Medium-High,"Non-destructive validation by default; active testing only within written authorization, approved scope, testing window, rate limits and rollback/stop conditions.",Written authorization; confirmed scope; test accounts/access; testing window; logging/evidence plan,"Asset check-in/out, posture evidence, access logs.; MDM policy, app config, auth logs, network evidence.; Media policy, logs, endpoint controls, approval records.; Wireless config, auth evidence, RF inventory, network mapping.; Workflow logs, device inventory, API evidence.",MFG-E011;MFG-E045;MFG-E069;MFG-E071;MFG-E215;MFG-E216;MFG-E252;MFG-E266,NIST SP 800-115
Wireless / Mobile,wireless controllers,Recon;Scanning/Enumeration;Vulnerability Assessment;Identity/Auth;Web/API/Application;Validation/Business Impact;Reporting/Retest,AP-016;AP-017;AP-033;AP-039;AP-040,T0860;T0887;T0846;T0847;T0859,Malware introduction and OT compromise.; Material flow interruption and production delay.; Unauthorized entry into OT or data exposure.; Unauthorized plant network access.; Workflow manipulation/data exposure.,High; Medium-High,"Non-destructive validation by default; active testing only within written authorization, approved scope, testing window, rate limits and rollback/stop conditions.",Written authorization; confirmed scope; test accounts/access; testing window; logging/evidence plan,"Asset check-in/out, posture evidence, access logs.; MDM policy, app config, auth logs, network evidence.; Media policy, logs, endpoint controls, approval records.; Wireless config, auth evidence, RF inventory, network mapping.; Workflow logs, device inventory, API evidence.",MFG-E011;MFG-E045;MFG-E068;MFG-E069;MFG-E071;MFG-E096;MFG-E215;MFG-E216;MFG-E252;MFG-E266,NIST SP 800-115
Wireless / Mobile,tablets,Recon;Scanning/Enumeration;Vulnerability Assessment;Identity/Auth;Web/API/Application;Validation/Business Impact;Reporting/Retest,AP-016;AP-017;AP-033;AP-039;AP-040,T0860;T0887;T0846;T0847;T0859,Malware introduction and OT compromise.; Material flow interruption and production delay.; Unauthorized entry into OT or data exposure.; Unauthorized plant network access.; Workflow manipulation/data exposure.,High; Medium-High,"Non-destructive validation by default; active testing only within written authorization, approved scope, testing window, rate limits and rollback/stop conditions.",Written authorization; confirmed scope; test accounts/access; testing window; logging/evidence plan,"Asset check-in/out, posture evidence, access logs.; MDM policy, app config, auth logs, network evidence.; Media policy, logs, endpoint controls, approval records.; Wireless config, auth evidence, RF inventory, network mapping.; Workflow logs, device inventory, API evidence.",MFG-E011;MFG-E045;MFG-E069;MFG-E071;MFG-E215;MFG-E216;MFG-E252;MFG-E266,NIST SP 800-115
Wireless / Mobile,rugged tablets,Recon;Scanning/Enumeration;Vulnerability Assessment;Identity/Auth;Web/API/Application;Validation/Business Impact;Reporting/Retest,AP-016;AP-017;AP-033;AP-039;AP-040,T0860;T0887;T0846;T0847;T0859,Malware introduction and OT compromise.; Material flow interruption and production delay.; Unauthorized entry into OT or data exposure.; Unauthorized plant network access.; Workflow manipulation/data exposure.,High; Medium-High,"Non-destructive validation by default; active testing only within written authorization, approved scope, testing window, rate limits and rollback/stop conditions.",Written authorization; confirmed scope; test accounts/access; testing window; logging/evidence plan,"Asset check-in/out, posture evidence, access logs.; MDM policy, app config, auth logs, network evidence.; Media policy, logs, endpoint controls, approval records.; Wireless config, auth evidence, RF inventory, network mapping.; Workflow logs, device inventory, API evidence.",MFG-E011;MFG-E045;MFG-E069;MFG-E071;MFG-E215;MFG-E216;MFG-E252;MFG-E266,NIST SP 800-115
Wireless / Mobile,barcode scanners,Recon;Scanning/Enumeration;Vulnerability Assessment;Identity/Auth;Web/API/Application;Validation/Business Impact;Reporting/Retest,AP-016;AP-017;AP-033;AP-039;AP-040,T0860;T0887;T0846;T0847;T0859,Malware introduction and OT compromise.; Material flow interruption and production delay.; Unauthorized entry into OT or data exposure.; Unauthorized plant network access.; Workflow manipulation/data exposure.,High; Medium-High,"Non-destructive validation by default; active testing only within written authorization, approved scope, testing window, rate limits and rollback/stop conditions.",Written authorization; confirmed scope; test accounts/access; testing window; logging/evidence plan,"Asset check-in/out, posture evidence, access logs.; MDM policy, app config, auth logs, network evidence.; Media policy, logs, endpoint controls, approval records.; Wireless config, auth evidence, RF inventory, network mapping.; Workflow logs, device inventory, API evidence.",MFG-E011;MFG-E045;MFG-E069;MFG-E071;MFG-E215;MFG-E216;MFG-E252;MFG-E266,NIST SP 800-115
Wireless / Mobile,RFID readers,Recon;Scanning/Enumeration;Vulnerability Assessment;Identity/Auth;Web/API/Application;Validation/Business Impact;Reporting/Retest,AP-016;AP-017;AP-033;AP-039;AP-040,T0860;T0887;T0846;T0847;T0859,Malware introduction and OT compromise.; Material flow interruption and production delay.; Unauthorized entry into OT or data exposure.; Unauthorized plant network access.; Workflow manipulation/data exposure.,High; Medium-High,"Non-destructive validation by default; active testing only within written authorization, approved scope, testing window, rate limits and rollback/stop conditions.",Written authorization; confirmed scope; test accounts/access; testing window; logging/evidence plan,"Asset check-in/out, posture evidence, access logs.; MDM policy, app config, auth logs, network evidence.; Media policy, logs, endpoint controls, approval records.; Wireless config, auth evidence, RF inventory, network mapping.; Workflow logs, device inventory, API evidence.",MFG-E011;MFG-E045;MFG-E069;MFG-E071;MFG-E097;MFG-E215;MFG-E216;MFG-E252;MFG-E266;MFG-X461,NIST SP 800-115
Wireless / Mobile,mobile printers,Recon;Scanning/Enumeration;Vulnerability Assessment;Identity/Auth;Web/API/Application;Validation/Business Impact;Reporting/Retest,AP-016;AP-017;AP-033;AP-039;AP-040,T0860;T0887;T0846;T0847;T0859,Malware introduction and OT compromise.; Material flow interruption and production delay.; Unauthorized entry into OT or data exposure.; Unauthorized plant network access.; Workflow manipulation/data exposure.,High; Medium-High,"Non-destructive validation by default; active testing only within written authorization, approved scope, testing window, rate limits and rollback/stop conditions.",Written authorization; confirmed scope; test accounts/access; testing window; logging/evidence plan,"Asset check-in/out, posture evidence, access logs.; MDM policy, app config, auth logs, network evidence.; Media policy, logs, endpoint controls, approval records.; Wireless config, auth evidence, RF inventory, network mapping.; Workflow logs, device inventory, API evidence.",MFG-E011;MFG-E045;MFG-E069;MFG-E071;MFG-E215;MFG-E216;MFG-E252;MFG-E266,NIST SP 800-115; OWASP WSTG; OWASP Top 10; OWASP API Security Top 10
Wireless / Mobile,forklift terminals,Recon;Scanning/Enumeration;Vulnerability Assessment;Identity/Auth;Web/API/Application;Validation/Business Impact;Reporting/Retest,AP-016;AP-017;AP-033;AP-039;AP-040,T0860;T0887;T0846;T0847;T0859,Malware introduction and OT compromise.; Material flow interruption and production delay.; Unauthorized entry into OT or data exposure.; Unauthorized plant network access.; Workflow manipulation/data exposure.,High; Medium-High,"Non-destructive validation by default; active testing only within written authorization, approved scope, testing window, rate limits and rollback/stop conditions.",Written authorization; confirmed scope; test accounts/access; testing window; logging/evidence plan,"Asset check-in/out, posture evidence, access logs.; MDM policy, app config, auth logs, network evidence.; Media policy, logs, endpoint controls, approval records.; Wireless config, auth evidence, RF inventory, network mapping.; Workflow logs, device inventory, API evidence.",MFG-E011;MFG-E045;MFG-E069;MFG-E071;MFG-E215;MFG-E216;MFG-E252;MFG-E266,NIST SP 800-115
Wireless / Mobile,mobile manufacturing applications,Recon;Scanning/Enumeration;Vulnerability Assessment;Identity/Auth;Web/API/Application;Validation/Business Impact;Reporting/Retest,AP-016;AP-017;AP-033;AP-039;AP-040,T0860;T0887;T0846;T0847;T0859,Malware introduction and OT compromise.; Material flow interruption and production delay.; Unauthorized entry into OT or data exposure.; Unauthorized plant network access.; Workflow manipulation/data exposure.,High; Medium-High,"Non-destructive validation by default; active testing only within written authorization, approved scope, testing window, rate limits and rollback/stop conditions.",Written authorization; confirmed scope; test accounts/access; testing window; logging/evidence plan,"Asset check-in/out, posture evidence, access logs.; MDM policy, app config, auth logs, network evidence.; Media policy, logs, endpoint controls, approval records.; Wireless config, auth evidence, RF inventory, network mapping.; Workflow logs, device inventory, API evidence.",MFG-E011;MFG-E045;MFG-E069;MFG-E071;MFG-E215;MFG-E216;MFG-E252;MFG-E266,NIST SP 800-115; OWASP WSTG; OWASP Top 10; OWASP API Security Top 10
Physical / Facility / Safety,CCTV,Recon;Scanning/Enumeration;Vulnerability Assessment;Identity/Auth;Web/API/Application;OT/ICS;Validation/Business Impact;Reporting/Retest,AP-015;AP-026;AP-027;AP-028;AP-040,T0847;T0864;T0860;T0837;T0880;T0826,"Direct device compromise or safety risk.; Enterprise compromise or facility disruption.; Loss of protection/safety; personnel/environmental risk.; Production outage, equipment/process risk.; Unauthorized entry into OT or data exposure.",Critical; High,"Passive/read-only by default; active validation only under approved ROE, plant-owner approval, maintenance window and safety review; disruptive/process-changing actions require lab/digital twin or explicitly controlled validation.",Written authorization; asset owner; production status; OT safety approval; maintenance window; emergency contact; stop conditions,"Access logs, photographs where allowed, physical control evidence.; Architecture, access lists, safety lifecycle evidence, logs, approvals.; Asset check-in/out, posture evidence, access logs.; Dependency maps, access controls, logs, contingency evidence.; Network diagrams, ACLs, system configs, vendor access records.",MFG-E011;MFG-E045;MFG-E071;MFG-E144;MFG-E252;MFG-E266;MFG-X309;MFG-X310;MFG-X311,NIST SP 800-115
Physical / Facility / Safety,NVR,Recon;Scanning/Enumeration;Vulnerability Assessment;Identity/Auth;Web/API/Application;OT/ICS;Validation/Business Impact;Reporting/Retest,AP-015;AP-026;AP-027;AP-028;AP-040,T0847;T0864;T0860;T0837;T0880;T0826,"Direct device compromise or safety risk.; Enterprise compromise or facility disruption.; Loss of protection/safety; personnel/environmental risk.; Production outage, equipment/process risk.; Unauthorized entry into OT or data exposure.",Critical; High,"Passive/read-only by default; active validation only under approved ROE, plant-owner approval, maintenance window and safety review; disruptive/process-changing actions require lab/digital twin or explicitly controlled validation.",Written authorization; asset owner; production status; OT safety approval; maintenance window; emergency contact; stop conditions,"Access logs, photographs where allowed, physical control evidence.; Architecture, access lists, safety lifecycle evidence, logs, approvals.; Asset check-in/out, posture evidence, access logs.; Dependency maps, access controls, logs, contingency evidence.; Network diagrams, ACLs, system configs, vendor access records.",MFG-E011;MFG-E045;MFG-E071;MFG-E144;MFG-E252;MFG-E266;MFG-X309;MFG-X310;MFG-X311,NIST SP 800-115
Physical / Facility / Safety,DVR,Recon;Scanning/Enumeration;Vulnerability Assessment;Identity/Auth;Web/API/Application;OT/ICS;Validation/Business Impact;Reporting/Retest,AP-015;AP-026;AP-027;AP-028;AP-040,T0847;T0864;T0860;T0837;T0880;T0826,"Direct device compromise or safety risk.; Enterprise compromise or facility disruption.; Loss of protection/safety; personnel/environmental risk.; Production outage, equipment/process risk.; Unauthorized entry into OT or data exposure.",Critical; High,"Passive/read-only by default; active validation only under approved ROE, plant-owner approval, maintenance window and safety review; disruptive/process-changing actions require lab/digital twin or explicitly controlled validation.",Written authorization; asset owner; production status; OT safety approval; maintenance window; emergency contact; stop conditions,"Access logs, photographs where allowed, physical control evidence.; Architecture, access lists, safety lifecycle evidence, logs, approvals.; Asset check-in/out, posture evidence, access logs.; Dependency maps, access controls, logs, contingency evidence.; Network diagrams, ACLs, system configs, vendor access records.",MFG-E011;MFG-E045;MFG-E071;MFG-E144;MFG-E252;MFG-E266;MFG-X309;MFG-X310;MFG-X311,NIST SP 800-115
Physical / Facility / Safety,access control,Recon;Scanning/Enumeration;Vulnerability Assessment;Identity/Auth;Web/API/Application;OT/ICS;Validation/Business Impact;Reporting/Retest,AP-015;AP-026;AP-027;AP-028;AP-040,T0847;T0864;T0860;T0837;T0880;T0826,"Direct device compromise or safety risk.; Enterprise compromise or facility disruption.; Loss of protection/safety; personnel/environmental risk.; Production outage, equipment/process risk.; Unauthorized entry into OT or data exposure.",Critical; High,"Passive/read-only by default; active validation only under approved ROE, plant-owner approval, maintenance window and safety review; disruptive/process-changing actions require lab/digital twin or explicitly controlled validation.",Written authorization; asset owner; production status; OT safety approval; maintenance window; emergency contact; stop conditions,"Access logs, photographs where allowed, physical control evidence.; Architecture, access lists, safety lifecycle evidence, logs, approvals.; Asset check-in/out, posture evidence, access logs.; Dependency maps, access controls, logs, contingency evidence.; Network diagrams, ACLs, system configs, vendor access records.",MFG-E011;MFG-E045;MFG-E071;MFG-E120;MFG-E144;MFG-E252;MFG-E266;MFG-X309;MFG-X310;MFG-X311;MFG-X352;MFG-X485,NIST SP 800-115
Physical / Facility / Safety,badge readers,Recon;Scanning/Enumeration;Vulnerability Assessment;Identity/Auth;Web/API/Application;OT/ICS;Validation/Business Impact;Reporting/Retest,AP-015;AP-026;AP-027;AP-028;AP-040,T0847;T0864;T0860;T0837;T0880;T0826,"Direct device compromise or safety risk.; Enterprise compromise or facility disruption.; Loss of protection/safety; personnel/environmental risk.; Production outage, equipment/process risk.; Unauthorized entry into OT or data exposure.",Critical; High,"Passive/read-only by default; active validation only under approved ROE, plant-owner approval, maintenance window and safety review; disruptive/process-changing actions require lab/digital twin or explicitly controlled validation.",Written authorization; asset owner; production status; OT safety approval; maintenance window; emergency contact; stop conditions,"Access logs, photographs where allowed, physical control evidence.; Architecture, access lists, safety lifecycle evidence, logs, approvals.; Asset check-in/out, posture evidence, access logs.; Dependency maps, access controls, logs, contingency evidence.; Network diagrams, ACLs, system configs, vendor access records.",MFG-E011;MFG-E045;MFG-E071;MFG-E097;MFG-E144;MFG-E252;MFG-E266;MFG-X309;MFG-X310;MFG-X311;MFG-X352,NIST SP 800-115
Physical / Facility / Safety,biometrics,Recon;Scanning/Enumeration;Vulnerability Assessment;Identity/Auth;Web/API/Application;OT/ICS;Validation/Business Impact;Reporting/Retest,AP-015;AP-026;AP-027;AP-028;AP-040,T0847;T0864;T0860;T0837;T0880;T0826,"Direct device compromise or safety risk.; Enterprise compromise or facility disruption.; Loss of protection/safety; personnel/environmental risk.; Production outage, equipment/process risk.; Unauthorized entry into OT or data exposure.",Critical; High,"Passive/read-only by default; active validation only under approved ROE, plant-owner approval, maintenance window and safety review; disruptive/process-changing actions require lab/digital twin or explicitly controlled validation.",Written authorization; asset owner; production status; OT safety approval; maintenance window; emergency contact; stop conditions,"Access logs, photographs where allowed, physical control evidence.; Architecture, access lists, safety lifecycle evidence, logs, approvals.; Asset check-in/out, posture evidence, access logs.; Dependency maps, access controls, logs, contingency evidence.; Network diagrams, ACLs, system configs, vendor access records.",MFG-E011;MFG-E045;MFG-E071;MFG-E144;MFG-E252;MFG-E266;MFG-X309;MFG-X310;MFG-X311,NIST SP 800-115
Physical / Facility / Safety,turnstiles,Recon;Scanning/Enumeration;Vulnerability Assessment;Identity/Auth;Web/API/Application;OT/ICS;Validation/Business Impact;Reporting/Retest,AP-015;AP-026;AP-027;AP-028;AP-040,T0847;T0864;T0860;T0837;T0880;T0826,"Direct device compromise or safety risk.; Enterprise compromise or facility disruption.; Loss of protection/safety; personnel/environmental risk.; Production outage, equipment/process risk.; Unauthorized entry into OT or data exposure.",Critical; High,"Passive/read-only by default; active validation only under approved ROE, plant-owner approval, maintenance window and safety review; disruptive/process-changing actions require lab/digital twin or explicitly controlled validation.",Written authorization; asset owner; production status; OT safety approval; maintenance window; emergency contact; stop conditions,"Access logs, photographs where allowed, physical control evidence.; Architecture, access lists, safety lifecycle evidence, logs, approvals.; Asset check-in/out, posture evidence, access logs.; Dependency maps, access controls, logs, contingency evidence.; Network diagrams, ACLs, system configs, vendor access records.",MFG-E011;MFG-E045;MFG-E071;MFG-E144;MFG-E252;MFG-E266;MFG-X309;MFG-X310;MFG-X311,NIST SP 800-115
Physical / Facility / Safety,visitor management,Recon;Scanning/Enumeration;Vulnerability Assessment;Identity/Auth;Web/API/Application;OT/ICS;Validation/Business Impact;Reporting/Retest,AP-015;AP-026;AP-027;AP-028;AP-040,T0847;T0864;T0860;T0837;T0880;T0826,"Direct device compromise or safety risk.; Enterprise compromise or facility disruption.; Loss of protection/safety; personnel/environmental risk.; Production outage, equipment/process risk.; Unauthorized entry into OT or data exposure.",Critical; High,"Passive/read-only by default; active validation only under approved ROE, plant-owner approval, maintenance window and safety review; disruptive/process-changing actions require lab/digital twin or explicitly controlled validation.",Written authorization; asset owner; production status; OT safety approval; maintenance window; emergency contact; stop conditions,"Access logs, photographs where allowed, physical control evidence.; Architecture, access lists, safety lifecycle evidence, logs, approvals.; Asset check-in/out, posture evidence, access logs.; Dependency maps, access controls, logs, contingency evidence.; Network diagrams, ACLs, system configs, vendor access records.",MFG-E011;MFG-E045;MFG-E071;MFG-E144;MFG-E252;MFG-E266;MFG-X309;MFG-X310;MFG-X311;MFG-X354,NIST SP 800-115
Physical / Facility / Safety,BMS,Recon;Scanning/Enumeration;Vulnerability Assessment;Identity/Auth;Web/API/Application;OT/ICS;Validation/Business Impact;Reporting/Retest,AP-015;AP-026;AP-027;AP-028;AP-040,T0847;T0864;T0860;T0837;T0880;T0826,"Direct device compromise or safety risk.; Enterprise compromise or facility disruption.; Loss of protection/safety; personnel/environmental risk.; Production outage, equipment/process risk.; Unauthorized entry into OT or data exposure.",Critical; High,"Passive/read-only by default; active validation only under approved ROE, plant-owner approval, maintenance window and safety review; disruptive/process-changing actions require lab/digital twin or explicitly controlled validation.",Written authorization; asset owner; production status; OT safety approval; maintenance window; emergency contact; stop conditions,"Access logs, photographs where allowed, physical control evidence.; Architecture, access lists, safety lifecycle evidence, logs, approvals.; Asset check-in/out, posture evidence, access logs.; Dependency maps, access controls, logs, contingency evidence.; Network diagrams, ACLs, system configs, vendor access records.",MFG-E011;MFG-E045;MFG-E071;MFG-E144;MFG-E252;MFG-E266;MFG-X309;MFG-X310;MFG-X311,NIST SP 800-115
Physical / Facility / Safety,HVAC,Recon;Scanning/Enumeration;Vulnerability Assessment;Identity/Auth;Web/API/Application;OT/ICS;Validation/Business Impact;Reporting/Retest,AP-015;AP-026;AP-027;AP-028;AP-040,T0847;T0864;T0860;T0837;T0880;T0826,"Direct device compromise or safety risk.; Enterprise compromise or facility disruption.; Loss of protection/safety; personnel/environmental risk.; Production outage, equipment/process risk.; Unauthorized entry into OT or data exposure.",Critical; High,"Passive/read-only by default; active validation only under approved ROE, plant-owner approval, maintenance window and safety review; disruptive/process-changing actions require lab/digital twin or explicitly controlled validation.",Written authorization; asset owner; production status; OT safety approval; maintenance window; emergency contact; stop conditions,"Access logs, photographs where allowed, physical control evidence.; Architecture, access lists, safety lifecycle evidence, logs, approvals.; Asset check-in/out, posture evidence, access logs.; Dependency maps, access controls, logs, contingency evidence.; Network diagrams, ACLs, system configs, vendor access records.",MFG-E011;MFG-E045;MFG-E071;MFG-E144;MFG-E252;MFG-E266;MFG-X309;MFG-X310;MFG-X311,NIST SP 800-115
Physical / Facility / Safety,lighting control,Recon;Scanning/Enumeration;Vulnerability Assessment;Identity/Auth;Web/API/Application;OT/ICS;Validation/Business Impact;Reporting/Retest,AP-015;AP-026;AP-027;AP-028;AP-040,T0847;T0864;T0860;T0837;T0880;T0826,"Direct device compromise or safety risk.; Enterprise compromise or facility disruption.; Loss of protection/safety; personnel/environmental risk.; Production outage, equipment/process risk.; Unauthorized entry into OT or data exposure.",Critical; High,"Passive/read-only by default; active validation only under approved ROE, plant-owner approval, maintenance window and safety review; disruptive/process-changing actions require lab/digital twin or explicitly controlled validation.",Written authorization; asset owner; production status; OT safety approval; maintenance window; emergency contact; stop conditions,"Access logs, photographs where allowed, physical control evidence.; Architecture, access lists, safety lifecycle evidence, logs, approvals.; Asset check-in/out, posture evidence, access logs.; Dependency maps, access controls, logs, contingency evidence.; Network diagrams, ACLs, system configs, vendor access records.",MFG-E011;MFG-E045;MFG-E071;MFG-E144;MFG-E252;MFG-E266;MFG-X309;MFG-X310;MFG-X311,NIST SP 800-115
Physical / Facility / Safety,fire alarm systems,Recon;Scanning/Enumeration;Vulnerability Assessment;Identity/Auth;Web/API/Application;OT/ICS;Validation/Business Impact;Reporting/Retest,AP-015;AP-026;AP-027;AP-028;AP-040,T0847;T0864;T0860;T0837;T0880;T0826,"Direct device compromise or safety risk.; Enterprise compromise or facility disruption.; Loss of protection/safety; personnel/environmental risk.; Production outage, equipment/process risk.; Unauthorized entry into OT or data exposure.",Critical; High,"Passive/read-only by default; active validation only under approved ROE, plant-owner approval, maintenance window and safety review; disruptive/process-changing actions require lab/digital twin or explicitly controlled validation.",Written authorization; asset owner; production status; OT safety approval; maintenance window; emergency contact; stop conditions,"Access logs, photographs where allowed, physical control evidence.; Architecture, access lists, safety lifecycle evidence, logs, approvals.; Asset check-in/out, posture evidence, access logs.; Dependency maps, access controls, logs, contingency evidence.; Network diagrams, ACLs, system configs, vendor access records.",MFG-E011;MFG-E045;MFG-E071;MFG-E144;MFG-E252;MFG-E266;MFG-X309;MFG-X310;MFG-X311,NIST SP 800-115
Physical / Facility / Safety,power monitoring,Recon;Scanning/Enumeration;Vulnerability Assessment;Identity/Auth;Web/API/Application;OT/ICS;Validation/Business Impact;Reporting/Retest,AP-015;AP-026;AP-027;AP-028;AP-040,T0847;T0864;T0860;T0837;T0880;T0826,"Direct device compromise or safety risk.; Enterprise compromise or facility disruption.; Loss of protection/safety; personnel/environmental risk.; Production outage, equipment/process risk.; Unauthorized entry into OT or data exposure.",Critical; High,"Passive/read-only by default; active validation only under approved ROE, plant-owner approval, maintenance window and safety review; disruptive/process-changing actions require lab/digital twin or explicitly controlled validation.",Written authorization; asset owner; production status; OT safety approval; maintenance window; emergency contact; stop conditions,"Access logs, photographs where allowed, physical control evidence.; Architecture, access lists, safety lifecycle evidence, logs, approvals.; Asset check-in/out, posture evidence, access logs.; Dependency maps, access controls, logs, contingency evidence.; Network diagrams, ACLs, system configs, vendor access records.",MFG-E011;MFG-E045;MFG-E071;MFG-E144;MFG-E252;MFG-E266;MFG-X309;MFG-X310;MFG-X311,NIST SP 800-115
Physical / Facility / Safety,UPS,Recon;Scanning/Enumeration;Vulnerability Assessment;Identity/Auth;Web/API/Application;OT/ICS;Validation/Business Impact;Reporting/Retest,AP-015;AP-026;AP-027;AP-028;AP-040,T0847;T0864;T0860;T0837;T0880;T0826,"Direct device compromise or safety risk.; Enterprise compromise or facility disruption.; Loss of protection/safety; personnel/environmental risk.; Production outage, equipment/process risk.; Unauthorized entry into OT or data exposure.",Critical; High,"Passive/read-only by default; active validation only under approved ROE, plant-owner approval, maintenance window and safety review; disruptive/process-changing actions require lab/digital twin or explicitly controlled validation.",Written authorization; asset owner; production status; OT safety approval; maintenance window; emergency contact; stop conditions,"Access logs, photographs where allowed, physical control evidence.; Architecture, access lists, safety lifecycle evidence, logs, approvals.; Asset check-in/out, posture evidence, access logs.; Dependency maps, access controls, logs, contingency evidence.; Network diagrams, ACLs, system configs, vendor access records.",MFG-E011;MFG-E045;MFG-E071;MFG-E144;MFG-E252;MFG-E266;MFG-X309;MFG-X310;MFG-X311;MFG-X363,NIST SP 800-115
Physical / Facility / Safety,generators,Recon;Scanning/Enumeration;Vulnerability Assessment;Identity/Auth;Web/API/Application;OT/ICS;Validation/Business Impact;Reporting/Retest,AP-015;AP-026;AP-027;AP-028;AP-040,T0847;T0864;T0860;T0837;T0880;T0826,"Direct device compromise or safety risk.; Enterprise compromise or facility disruption.; Loss of protection/safety; personnel/environmental risk.; Production outage, equipment/process risk.; Unauthorized entry into OT or data exposure.",Critical; High,"Passive/read-only by default; active validation only under approved ROE, plant-owner approval, maintenance window and safety review; disruptive/process-changing actions require lab/digital twin or explicitly controlled validation.",Written authorization; asset owner; production status; OT safety approval; maintenance window; emergency contact; stop conditions,"Access logs, photographs where allowed, physical control evidence.; Architecture, access lists, safety lifecycle evidence, logs, approvals.; Asset check-in/out, posture evidence, access logs.; Dependency maps, access controls, logs, contingency evidence.; Network diagrams, ACLs, system configs, vendor access records.",MFG-E011;MFG-E045;MFG-E071;MFG-E144;MFG-E252;MFG-E266;MFG-X309;MFG-X310;MFG-X311,NIST SP 800-115
Physical / Facility / Safety,environmental monitoring,Recon;Scanning/Enumeration;Vulnerability Assessment;Identity/Auth;Web/API/Application;OT/ICS;Validation/Business Impact;Reporting/Retest,AP-015;AP-026;AP-027;AP-028;AP-040,T0847;T0864;T0860;T0837;T0880;T0826,"Direct device compromise or safety risk.; Enterprise compromise or facility disruption.; Loss of protection/safety; personnel/environmental risk.; Production outage, equipment/process risk.; Unauthorized entry into OT or data exposure.",Critical; High,"Passive/read-only by default; active validation only under approved ROE, plant-owner approval, maintenance window and safety review; disruptive/process-changing actions require lab/digital twin or explicitly controlled validation.",Written authorization; asset owner; production status; OT safety approval; maintenance window; emergency contact; stop conditions,"Access logs, photographs where allowed, physical control evidence.; Architecture, access lists, safety lifecycle evidence, logs, approvals.; Asset check-in/out, posture evidence, access logs.; Dependency maps, access controls, logs, contingency evidence.; Network diagrams, ACLs, system configs, vendor access records.",MFG-E011;MFG-E045;MFG-E071;MFG-E144;MFG-E252;MFG-E266;MFG-X309;MFG-X310;MFG-X311;MFG-X474,NIST SP 800-115
Physical / Facility / Safety,safety PLC,Recon;Scanning/Enumeration;Vulnerability Assessment;Identity/Auth;Web/API/Application;OT/ICS;Validation/Business Impact;Reporting/Retest,AP-015;AP-026;AP-027;AP-028;AP-040;AP-011;AP-012;AP-013,T0847;T0864;T0860;T0837;T0880;T0826,"Direct device compromise or safety risk.; Enterprise compromise or facility disruption.; Loss of control, production impact, safety impact.; Loss of protection/safety; personnel/environmental risk.; Loss of view/control and delayed response.; Process manipulation or hidden telemetry.; Production outage, equipment/process risk.; Unauthorized entry into OT or data exposure.",Critical; High,"Passive/read-only by default; active validation only under approved ROE, plant-owner approval, maintenance window and safety review; disruptive/process-changing actions require lab/digital twin or explicitly controlled validation.",Written authorization; asset owner; production status; OT safety approval; maintenance window; emergency contact; stop conditions,"Access logs, photographs where allowed, physical control evidence.; Architecture, access lists, safety lifecycle evidence, logs, approvals.; Asset check-in/out, posture evidence, access logs.; Controller config, project backup, change logs, access logs.; Dependency maps, access controls, logs, contingency evidence.; HMI config, sessions, logs, screen evidence.; Network diagrams, ACLs, system configs, vendor access records.; Protocol inventory, packet metadata/captures, ACLs, control documentation.",MFG-E011;MFG-E045;MFG-E071;MFG-E097;MFG-E144;MFG-E167;MFG-E252;MFG-E256;MFG-E257;MFG-E259;MFG-E262;MFG-E266;MFG-X309;MFG-X310;MFG-X311;MFG-X312;MFG-X365;MFG-X395;MFG-X479,NIST SP 800-115
Physical / Facility / Safety,safety controllers,Recon;Scanning/Enumeration;Vulnerability Assessment;Identity/Auth;Web/API/Application;OT/ICS;Validation/Business Impact;Reporting/Retest,AP-015;AP-026;AP-027;AP-028;AP-040;AP-011;AP-012;AP-013,T0847;T0864;T0860;T0837;T0880;T0826,"Direct device compromise or safety risk.; Enterprise compromise or facility disruption.; Loss of control, production impact, safety impact.; Loss of protection/safety; personnel/environmental risk.; Loss of view/control and delayed response.; Process manipulation or hidden telemetry.; Production outage, equipment/process risk.; Unauthorized entry into OT or data exposure.",Critical; High,"Passive/read-only by default; active validation only under approved ROE, plant-owner approval, maintenance window and safety review; disruptive/process-changing actions require lab/digital twin or explicitly controlled validation.",Written authorization; asset owner; production status; OT safety approval; maintenance window; emergency contact; stop conditions,"Access logs, photographs where allowed, physical control evidence.; Architecture, access lists, safety lifecycle evidence, logs, approvals.; Asset check-in/out, posture evidence, access logs.; Controller config, project backup, change logs, access logs.; Dependency maps, access controls, logs, contingency evidence.; HMI config, sessions, logs, screen evidence.; Network diagrams, ACLs, system configs, vendor access records.; Protocol inventory, packet metadata/captures, ACLs, control documentation.",MFG-E006;MFG-E011;MFG-E045;MFG-E071;MFG-E144;MFG-E167;MFG-E252;MFG-E259;MFG-E266;MFG-X309;MFG-X310;MFG-X311;MFG-X312;MFG-X395;MFG-X479,NIST SP 800-115
Physical / Facility / Safety,emergency stops,Recon;Scanning/Enumeration;Vulnerability Assessment;Identity/Auth;Web/API/Application;OT/ICS;Validation/Business Impact;Reporting/Retest,AP-015;AP-026;AP-027;AP-028;AP-040,T0847;T0864;T0860;T0837;T0880;T0826,"Direct device compromise or safety risk.; Enterprise compromise or facility disruption.; Loss of protection/safety; personnel/environmental risk.; Production outage, equipment/process risk.; Unauthorized entry into OT or data exposure.",Critical; High,"Passive/read-only by default; active validation only under approved ROE, plant-owner approval, maintenance window and safety review; disruptive/process-changing actions require lab/digital twin or explicitly controlled validation.",Written authorization; asset owner; production status; OT safety approval; maintenance window; emergency contact; stop conditions,"Access logs, photographs where allowed, physical control evidence.; Architecture, access lists, safety lifecycle evidence, logs, approvals.; Asset check-in/out, posture evidence, access logs.; Dependency maps, access controls, logs, contingency evidence.; Network diagrams, ACLs, system configs, vendor access records.",MFG-E011;MFG-E045;MFG-E071;MFG-E144;MFG-E252;MFG-E266;MFG-X309;MFG-X310;MFG-X311;MFG-X480,NIST SP 800-115
Physical / Facility / Safety,safety interlocks,Recon;Scanning/Enumeration;Vulnerability Assessment;Identity/Auth;Web/API/Application;OT/ICS;Validation/Business Impact;Reporting/Retest,AP-015;AP-026;AP-027;AP-028;AP-040,T0847;T0864;T0860;T0837;T0880;T0826,"Direct device compromise or safety risk.; Enterprise compromise or facility disruption.; Loss of protection/safety; personnel/environmental risk.; Production outage, equipment/process risk.; Unauthorized entry into OT or data exposure.",Critical; High,"Passive/read-only by default; active validation only under approved ROE, plant-owner approval, maintenance window and safety review; disruptive/process-changing actions require lab/digital twin or explicitly controlled validation.",Written authorization; asset owner; production status; OT safety approval; maintenance window; emergency contact; stop conditions,"Access logs, photographs where allowed, physical control evidence.; Architecture, access lists, safety lifecycle evidence, logs, approvals.; Asset check-in/out, posture evidence, access logs.; Dependency maps, access controls, logs, contingency evidence.; Network diagrams, ACLs, system configs, vendor access records.",MFG-E006;MFG-E011;MFG-E045;MFG-E071;MFG-E144;MFG-E167;MFG-E252;MFG-E259;MFG-E266;MFG-X309;MFG-X310;MFG-X311;MFG-X312;MFG-X395;MFG-X479,NIST SP 800-115
Physical / Facility / Safety,fire/gas systems,Recon;Scanning/Enumeration;Vulnerability Assessment;Identity/Auth;Web/API/Application;OT/ICS;Validation/Business Impact;Reporting/Retest,AP-015;AP-026;AP-027;AP-028;AP-040,T0847;T0864;T0860;T0837;T0880;T0826,"Direct device compromise or safety risk.; Enterprise compromise or facility disruption.; Loss of protection/safety; personnel/environmental risk.; Production outage, equipment/process risk.; Unauthorized entry into OT or data exposure.",Critical; High,"Passive/read-only by default; active validation only under approved ROE, plant-owner approval, maintenance window and safety review; disruptive/process-changing actions require lab/digital twin or explicitly controlled validation.",Written authorization; asset owner; production status; OT safety approval; maintenance window; emergency contact; stop conditions,"Access logs, photographs where allowed, physical control evidence.; Architecture, access lists, safety lifecycle evidence, logs, approvals.; Asset check-in/out, posture evidence, access logs.; Dependency maps, access controls, logs, contingency evidence.; Network diagrams, ACLs, system configs, vendor access records.",MFG-E011;MFG-E045;MFG-E071;MFG-E144;MFG-E252;MFG-E266;MFG-X309;MFG-X310;MFG-X311,NIST SP 800-115
Software Supply Chain / DevSecOps,Git,Recon;Scanning/Enumeration;Vulnerability Assessment;Identity/Auth;Web/API/Application;Validation/Business Impact;Reporting/Retest,AP-022;AP-023;AP-034;AP-036,T0862;T0873;T1693;T0849;T0894,Broad compromise across applications/engineering/OT.; Broad compromise or unsafe software.; Device compromise and process/safety effects.; Persistent compromise after recovery.,Critical; High,"Non-destructive validation by default; active testing only within written authorization, approved scope, testing window, rate limits and rollback/stop conditions.",Written authorization; confirmed scope; test accounts/access; testing window; logging/evidence plan,"Firmware hashes/signatures, update records, vendor evidence.; Hashes, restore logs, golden image records, approvals.; Pipeline logs, SBOM, signatures, repo permissions, artifact hashes.; Vendor attestations, hashes/signatures, SBOM, change records.",MFG-E011;MFG-E045;MFG-E071;MFG-E117;MFG-E194;MFG-E211;MFG-E212;MFG-E213;MFG-E252;MFG-E266;MFG-X449,NIST SP 800-115; CIS Controls
Software Supply Chain / DevSecOps,GitHub,Recon;Scanning/Enumeration;Vulnerability Assessment;Identity/Auth;Web/API/Application;Validation/Business Impact;Reporting/Retest,AP-022;AP-023;AP-034;AP-036,T0862;T0873;T1693;T0849;T0894,Broad compromise across applications/engineering/OT.; Broad compromise or unsafe software.; Device compromise and process/safety effects.; Persistent compromise after recovery.,Critical; High,"Non-destructive validation by default; active testing only within written authorization, approved scope, testing window, rate limits and rollback/stop conditions.",Written authorization; confirmed scope; test accounts/access; testing window; logging/evidence plan,"Firmware hashes/signatures, update records, vendor evidence.; Hashes, restore logs, golden image records, approvals.; Pipeline logs, SBOM, signatures, repo permissions, artifact hashes.; Vendor attestations, hashes/signatures, SBOM, change records.",MFG-E011;MFG-E045;MFG-E071;MFG-E117;MFG-E211;MFG-E212;MFG-E213;MFG-E252;MFG-E266,NIST SP 800-115; CIS Controls
Software Supply Chain / DevSecOps,GitLab,Recon;Scanning/Enumeration;Vulnerability Assessment;Identity/Auth;Web/API/Application;Validation/Business Impact;Reporting/Retest,AP-022;AP-023;AP-034;AP-036,T0862;T0873;T1693;T0849;T0894,Broad compromise across applications/engineering/OT.; Broad compromise or unsafe software.; Device compromise and process/safety effects.; Persistent compromise after recovery.,Critical; High,"Non-destructive validation by default; active testing only within written authorization, approved scope, testing window, rate limits and rollback/stop conditions.",Written authorization; confirmed scope; test accounts/access; testing window; logging/evidence plan,"Firmware hashes/signatures, update records, vendor evidence.; Hashes, restore logs, golden image records, approvals.; Pipeline logs, SBOM, signatures, repo permissions, artifact hashes.; Vendor attestations, hashes/signatures, SBOM, change records.",MFG-E011;MFG-E045;MFG-E071;MFG-E117;MFG-E211;MFG-E212;MFG-E213;MFG-E252;MFG-E266,NIST SP 800-115; CIS Controls
Software Supply Chain / DevSecOps,Bitbucket,Recon;Scanning/Enumeration;Vulnerability Assessment;Identity/Auth;Web/API/Application;Validation/Business Impact;Reporting/Retest,AP-022;AP-023;AP-034;AP-036,T0862;T0873;T1693;T0849;T0894,Broad compromise across applications/engineering/OT.; Broad compromise or unsafe software.; Device compromise and process/safety effects.; Persistent compromise after recovery.,Critical; High,"Non-destructive validation by default; active testing only within written authorization, approved scope, testing window, rate limits and rollback/stop conditions.",Written authorization; confirmed scope; test accounts/access; testing window; logging/evidence plan,"Firmware hashes/signatures, update records, vendor evidence.; Hashes, restore logs, golden image records, approvals.; Pipeline logs, SBOM, signatures, repo permissions, artifact hashes.; Vendor attestations, hashes/signatures, SBOM, change records.",MFG-E011;MFG-E045;MFG-E071;MFG-E211;MFG-E212;MFG-E213;MFG-E252;MFG-E266,NIST SP 800-115; CIS Controls
Software Supply Chain / DevSecOps,Jenkins,Recon;Scanning/Enumeration;Vulnerability Assessment;Identity/Auth;Web/API/Application;Validation/Business Impact;Reporting/Retest,AP-022;AP-023;AP-034;AP-036,T0862;T0873;T1693;T0849;T0894,Broad compromise across applications/engineering/OT.; Broad compromise or unsafe software.; Device compromise and process/safety effects.; Persistent compromise after recovery.,Critical; High,"Non-destructive validation by default; active testing only within written authorization, approved scope, testing window, rate limits and rollback/stop conditions.",Written authorization; confirmed scope; test accounts/access; testing window; logging/evidence plan,"Firmware hashes/signatures, update records, vendor evidence.; Hashes, restore logs, golden image records, approvals.; Pipeline logs, SBOM, signatures, repo permissions, artifact hashes.; Vendor attestations, hashes/signatures, SBOM, change records.",MFG-E011;MFG-E045;MFG-E071;MFG-E117;MFG-E211;MFG-E212;MFG-E213;MFG-E252;MFG-E266,NIST SP 800-115; CIS Controls
Software Supply Chain / DevSecOps,CI/CD,Recon;Scanning/Enumeration;Vulnerability Assessment;Identity/Auth;Web/API/Application;Validation/Business Impact;Reporting/Retest,AP-022;AP-023;AP-034;AP-036,T0862;T0873;T1693;T0849;T0894,Broad compromise across applications/engineering/OT.; Broad compromise or unsafe software.; Device compromise and process/safety effects.; Persistent compromise after recovery.,Critical; High,"Non-destructive validation by default; active testing only within written authorization, approved scope, testing window, rate limits and rollback/stop conditions.",Written authorization; confirmed scope; test accounts/access; testing window; logging/evidence plan,"Firmware hashes/signatures, update records, vendor evidence.; Hashes, restore logs, golden image records, approvals.; Pipeline logs, SBOM, signatures, repo permissions, artifact hashes.; Vendor attestations, hashes/signatures, SBOM, change records.",MFG-E011;MFG-E045;MFG-E071;MFG-E088;MFG-E211;MFG-E212;MFG-E213;MFG-E252;MFG-E266;MFG-X420,NIST SP 800-115; CIS Controls
Software Supply Chain / DevSecOps,build servers,Recon;Scanning/Enumeration;Vulnerability Assessment;Identity/Auth;Web/API/Application;Validation/Business Impact;Reporting/Retest,AP-022;AP-023;AP-034;AP-036,T0862;T0873;T1693;T0849;T0894,Broad compromise across applications/engineering/OT.; Broad compromise or unsafe software.; Device compromise and process/safety effects.; Persistent compromise after recovery.,Critical; High,"Non-destructive validation by default; active testing only within written authorization, approved scope, testing window, rate limits and rollback/stop conditions.",Written authorization; confirmed scope; test accounts/access; testing window; logging/evidence plan,"Firmware hashes/signatures, update records, vendor evidence.; Hashes, restore logs, golden image records, approvals.; Pipeline logs, SBOM, signatures, repo permissions, artifact hashes.; Vendor attestations, hashes/signatures, SBOM, change records.",MFG-E011;MFG-E045;MFG-E071;MFG-E097;MFG-E211;MFG-E212;MFG-E213;MFG-E252;MFG-E266,NIST SP 800-115; CIS Controls
Software Supply Chain / DevSecOps,artifact repositories,Recon;Scanning/Enumeration;Vulnerability Assessment;Identity/Auth;Web/API/Application;Validation/Business Impact;Reporting/Retest,AP-022;AP-023;AP-034;AP-036,T0862;T0873;T1693;T0849;T0894,Broad compromise across applications/engineering/OT.; Broad compromise or unsafe software.; Device compromise and process/safety effects.; Persistent compromise after recovery.,Critical; High,"Non-destructive validation by default; active testing only within written authorization, approved scope, testing window, rate limits and rollback/stop conditions.",Written authorization; confirmed scope; test accounts/access; testing window; logging/evidence plan,"Firmware hashes/signatures, update records, vendor evidence.; Hashes, restore logs, golden image records, approvals.; Pipeline logs, SBOM, signatures, repo permissions, artifact hashes.; Vendor attestations, hashes/signatures, SBOM, change records.",MFG-E011;MFG-E045;MFG-E071;MFG-E117;MFG-E211;MFG-E212;MFG-E213;MFG-E252;MFG-E266,NIST SP 800-115; CIS Controls
Software Supply Chain / DevSecOps,container registries,Recon;Scanning/Enumeration;Vulnerability Assessment;Identity/Auth;Web/API/Application;Validation/Business Impact;Reporting/Retest,AP-022;AP-023;AP-034;AP-036;AP-018;AP-019;AP-031,T0862;T0873;T1693;T0849;T0894,"Broad compromise across applications/engineering/OT.; Broad compromise or unsafe software.; Cross-environment compromise.; Device compromise and process/safety effects.; IP, PII, production and commercial data exposure.; Incorrect predictions, IP/data exposure, operational decisions affected.; Persistent compromise after recovery.",Critical; High,"Non-destructive validation by default; active testing only within written authorization, approved scope, testing window, rate limits and rollback/stop conditions.",Written authorization; confirmed scope; test accounts/access; testing window; logging/evidence plan,"Cloud IAM, route tables, security groups, API logs, architecture.; Firmware hashes/signatures, update records, vendor evidence.; Hashes, restore logs, golden image records, approvals.; IAM/policy evidence, access logs, object ACLs, classification.; Model/data lineage, API logs, IAM, deployment evidence.; Pipeline logs, SBOM, signatures, repo permissions, artifact hashes.; Vendor attestations, hashes/signatures, SBOM, change records.",MFG-E011;MFG-E045;MFG-E071;MFG-E087;MFG-E186;MFG-E211;MFG-E212;MFG-E213;MFG-E252;MFG-E266;MFG-X419;MFG-X441,NIST SP 800-115; CIS Controls
Software Supply Chain / DevSecOps,package repositories,Recon;Scanning/Enumeration;Vulnerability Assessment;Identity/Auth;Web/API/Application;Validation/Business Impact;Reporting/Retest,AP-022;AP-023;AP-034;AP-036;AP-011;AP-012;AP-013,T0862;T0873;T1693;T0849;T0894,"Broad compromise across applications/engineering/OT.; Broad compromise or unsafe software.; Device compromise and process/safety effects.; Loss of control, production impact, safety impact.; Loss of view/control and delayed response.; Persistent compromise after recovery.; Process manipulation or hidden telemetry.",Critical; High,"Non-destructive validation by default; active testing only within written authorization, approved scope, testing window, rate limits and rollback/stop conditions.",Written authorization; confirmed scope; test accounts/access; testing window; logging/evidence plan,"Controller config, project backup, change logs, access logs.; Firmware hashes/signatures, update records, vendor evidence.; HMI config, sessions, logs, screen evidence.; Hashes, restore logs, golden image records, approvals.; Pipeline logs, SBOM, signatures, repo permissions, artifact hashes.; Protocol inventory, packet metadata/captures, ACLs, control documentation.; Vendor attestations, hashes/signatures, SBOM, change records.",MFG-E011;MFG-E045;MFG-E071;MFG-E211;MFG-E212;MFG-E213;MFG-E214;MFG-E252;MFG-E266,NIST SP 800-115; CIS Controls
Software Supply Chain / DevSecOps,dependency management,Recon;Scanning/Enumeration;Vulnerability Assessment;Identity/Auth;Web/API/Application;Validation/Business Impact;Reporting/Retest,AP-022;AP-023;AP-034;AP-036,T0862;T0873;T1693;T0849;T0894,Broad compromise across applications/engineering/OT.; Broad compromise or unsafe software.; Device compromise and process/safety effects.; Persistent compromise after recovery.,Critical; High,"Non-destructive validation by default; active testing only within written authorization, approved scope, testing window, rate limits and rollback/stop conditions.",Written authorization; confirmed scope; test accounts/access; testing window; logging/evidence plan,"Firmware hashes/signatures, update records, vendor evidence.; Hashes, restore logs, golden image records, approvals.; Pipeline logs, SBOM, signatures, repo permissions, artifact hashes.; Vendor attestations, hashes/signatures, SBOM, change records.",MFG-E011;MFG-E045;MFG-E071;MFG-E211;MFG-E212;MFG-E213;MFG-E252;MFG-E266,NIST SP 800-115; CIS Controls
Software Supply Chain / DevSecOps,code signing,Recon;Scanning/Enumeration;Vulnerability Assessment;Identity/Auth;Web/API/Application;Validation/Business Impact;Reporting/Retest,AP-022;AP-023;AP-034;AP-036,T0862;T0873;T1693;T0849;T0894,Broad compromise across applications/engineering/OT.; Broad compromise or unsafe software.; Device compromise and process/safety effects.; Persistent compromise after recovery.,Critical; High,"Non-destructive validation by default; active testing only within written authorization, approved scope, testing window, rate limits and rollback/stop conditions.",Written authorization; confirmed scope; test accounts/access; testing window; logging/evidence plan,"Firmware hashes/signatures, update records, vendor evidence.; Hashes, restore logs, golden image records, approvals.; Pipeline logs, SBOM, signatures, repo permissions, artifact hashes.; Vendor attestations, hashes/signatures, SBOM, change records.",MFG-E011;MFG-E045;MFG-E071;MFG-E211;MFG-E212;MFG-E213;MFG-E252;MFG-E266;MFG-X422,NIST SP 800-115; CIS Controls
Software Supply Chain / DevSecOps,secrets management,Recon;Scanning/Enumeration;Vulnerability Assessment;Identity/Auth;Web/API/Application;Validation/Business Impact;Reporting/Retest,AP-022;AP-023;AP-034;AP-036,T0862;T0873;T1693;T0849;T0894,Broad compromise across applications/engineering/OT.; Broad compromise or unsafe software.; Device compromise and process/safety effects.; Persistent compromise after recovery.,Critical; High,"Non-destructive validation by default; active testing only within written authorization, approved scope, testing window, rate limits and rollback/stop conditions.",Written authorization; confirmed scope; test accounts/access; testing window; logging/evidence plan,"Firmware hashes/signatures, update records, vendor evidence.; Hashes, restore logs, golden image records, approvals.; Pipeline logs, SBOM, signatures, repo permissions, artifact hashes.; Vendor attestations, hashes/signatures, SBOM, change records.",MFG-E011;MFG-E045;MFG-E071;MFG-E211;MFG-E212;MFG-E213;MFG-E252;MFG-E266;MFG-X425,NIST SP 800-115; CIS Controls
Software Supply Chain / DevSecOps,Infrastructure-as-Code,Recon;Scanning/Enumeration;Vulnerability Assessment;Identity/Auth;Web/API/Application;Validation/Business Impact;Reporting/Retest,AP-022;AP-023;AP-034;AP-036,T0862;T0873;T1693;T0849;T0894,Broad compromise across applications/engineering/OT.; Broad compromise or unsafe software.; Device compromise and process/safety effects.; Persistent compromise after recovery.,Critical; High,"Non-destructive validation by default; active testing only within written authorization, approved scope, testing window, rate limits and rollback/stop conditions.",Written authorization; confirmed scope; test accounts/access; testing window; logging/evidence plan,"Firmware hashes/signatures, update records, vendor evidence.; Hashes, restore logs, golden image records, approvals.; Pipeline logs, SBOM, signatures, repo permissions, artifact hashes.; Vendor attestations, hashes/signatures, SBOM, change records.",MFG-E011;MFG-E045;MFG-E071;MFG-E211;MFG-E212;MFG-E213;MFG-E252;MFG-E266,NIST SP 800-115; CIS Controls
Software Supply Chain / DevSecOps,configuration repositories,Recon;Scanning/Enumeration;Vulnerability Assessment;Identity/Auth;Web/API/Application;Validation/Business Impact;Reporting/Retest,AP-022;AP-023;AP-034;AP-036,T0862;T0873;T1693;T0849;T0894,Broad compromise across applications/engineering/OT.; Broad compromise or unsafe software.; Device compromise and process/safety effects.; Persistent compromise after recovery.,Critical; High,"Non-destructive validation by default; active testing only within written authorization, approved scope, testing window, rate limits and rollback/stop conditions.",Written authorization; confirmed scope; test accounts/access; testing window; logging/evidence plan,"Firmware hashes/signatures, update records, vendor evidence.; Hashes, restore logs, golden image records, approvals.; Pipeline logs, SBOM, signatures, repo permissions, artifact hashes.; Vendor attestations, hashes/signatures, SBOM, change records.",MFG-E011;MFG-E045;MFG-E071;MFG-E211;MFG-E212;MFG-E213;MFG-E252;MFG-E266,NIST SP 800-115; CIS Controls
Identity & Privilege,employees,Recon;Scanning/Enumeration;Vulnerability Assessment;Identity/Auth;Web/API/Application;Validation/Business Impact;Reporting/Retest,AP-003;AP-005;AP-006;AP-007;AP-020;AP-021;AP-030,T1694;T0859;T0890;T0892;T0846,"Authentication bypass or forensic blind spots.; Cross-system unauthorized actions/data access.; Enterprise compromise or data exfiltration.; OT compromise and plant disruption.; Production/quality/inventory manipulation.; Unauthorized OT access, process manipulation, persistence.; Unauthorized privileged access and downstream compromise.",Critical; High,"Non-destructive validation by default; active testing only within written authorization, approved scope, testing window, rate limits and rollback/stop conditions.",Written authorization; confirmed scope; test accounts/access; testing window; logging/evidence plan,"API logs, role matrices, interface configs, transaction evidence.; IAM exports, group memberships, MFA/PAM settings, audit logs.; Network diagrams, firewall rules, flow records, packet metadata.; PKI configs, certificate inventory, time-source evidence, logs.; Requests/responses, API specs, auth policies, logs.; Routing, host configs, service relationships, logs.; Vendor inventory, contracts, access logs, routes, jump-host records.",MFG-E011;MFG-E045;MFG-E071;MFG-E097;MFG-E104;MFG-E108;MFG-E252;MFG-E266,NIST SP 800-115; CIS Controls
Identity & Privilege,operators,Recon;Scanning/Enumeration;Vulnerability Assessment;Identity/Auth;Web/API/Application;Validation/Business Impact;Reporting/Retest,AP-003;AP-005;AP-006;AP-007;AP-020;AP-021;AP-030,T1694;T0859;T0890;T0892;T0846,"Authentication bypass or forensic blind spots.; Cross-system unauthorized actions/data access.; Enterprise compromise or data exfiltration.; OT compromise and plant disruption.; Production/quality/inventory manipulation.; Unauthorized OT access, process manipulation, persistence.; Unauthorized privileged access and downstream compromise.",Critical; High,"Non-destructive validation by default; active testing only within written authorization, approved scope, testing window, rate limits and rollback/stop conditions.",Written authorization; confirmed scope; test accounts/access; testing window; logging/evidence plan,"API logs, role matrices, interface configs, transaction evidence.; IAM exports, group memberships, MFA/PAM settings, audit logs.; Network diagrams, firewall rules, flow records, packet metadata.; PKI configs, certificate inventory, time-source evidence, logs.; Requests/responses, API specs, auth policies, logs.; Routing, host configs, service relationships, logs.; Vendor inventory, contracts, access logs, routes, jump-host records.",MFG-E011;MFG-E045;MFG-E071;MFG-E097;MFG-E104;MFG-E108;MFG-E252;MFG-E266,NIST SP 800-115; CIS Controls
Identity & Privilege,engineers,Recon;Scanning/Enumeration;Vulnerability Assessment;Identity/Auth;Web/API/Application;Validation/Business Impact;Reporting/Retest,AP-003;AP-005;AP-006;AP-007;AP-020;AP-021;AP-030,T1694;T0859;T0890;T0892;T0846,"Authentication bypass or forensic blind spots.; Cross-system unauthorized actions/data access.; Enterprise compromise or data exfiltration.; OT compromise and plant disruption.; Production/quality/inventory manipulation.; Unauthorized OT access, process manipulation, persistence.; Unauthorized privileged access and downstream compromise.",Critical; High,"Non-destructive validation by default; active testing only within written authorization, approved scope, testing window, rate limits and rollback/stop conditions.",Written authorization; confirmed scope; test accounts/access; testing window; logging/evidence plan,"API logs, role matrices, interface configs, transaction evidence.; IAM exports, group memberships, MFA/PAM settings, audit logs.; Network diagrams, firewall rules, flow records, packet metadata.; PKI configs, certificate inventory, time-source evidence, logs.; Requests/responses, API specs, auth policies, logs.; Routing, host configs, service relationships, logs.; Vendor inventory, contracts, access logs, routes, jump-host records.",MFG-E011;MFG-E045;MFG-E071;MFG-E097;MFG-E104;MFG-E108;MFG-E252;MFG-E266,NIST SP 800-115; CIS Controls
Identity & Privilege,IT admins,Recon;Scanning/Enumeration;Vulnerability Assessment;Identity/Auth;Web/API/Application;Validation/Business Impact;Reporting/Retest,AP-003;AP-005;AP-006;AP-007;AP-020;AP-021;AP-030,T1694;T0859;T0890;T0892;T0846,"Authentication bypass or forensic blind spots.; Cross-system unauthorized actions/data access.; Enterprise compromise or data exfiltration.; OT compromise and plant disruption.; Production/quality/inventory manipulation.; Unauthorized OT access, process manipulation, persistence.; Unauthorized privileged access and downstream compromise.",Critical; High,"Non-destructive validation by default; active testing only within written authorization, approved scope, testing window, rate limits and rollback/stop conditions.",Written authorization; confirmed scope; test accounts/access; testing window; logging/evidence plan,"API logs, role matrices, interface configs, transaction evidence.; IAM exports, group memberships, MFA/PAM settings, audit logs.; Network diagrams, firewall rules, flow records, packet metadata.; PKI configs, certificate inventory, time-source evidence, logs.; Requests/responses, API specs, auth policies, logs.; Routing, host configs, service relationships, logs.; Vendor inventory, contracts, access logs, routes, jump-host records.",MFG-E011;MFG-E045;MFG-E071;MFG-E097;MFG-E104;MFG-E108;MFG-E252;MFG-E266,NIST SP 800-115; CIS Controls
Identity & Privilege,OT admins,Recon;Scanning/Enumeration;Vulnerability Assessment;Identity/Auth;Web/API/Application;Validation/Business Impact;Reporting/Retest,AP-003;AP-005;AP-006;AP-007;AP-020;AP-021;AP-030,T1694;T0859;T0890;T0892;T0846,"Authentication bypass or forensic blind spots.; Cross-system unauthorized actions/data access.; Enterprise compromise or data exfiltration.; OT compromise and plant disruption.; Production/quality/inventory manipulation.; Unauthorized OT access, process manipulation, persistence.; Unauthorized privileged access and downstream compromise.",Critical; High,"Non-destructive validation by default; active testing only within written authorization, approved scope, testing window, rate limits and rollback/stop conditions.",Written authorization; confirmed scope; test accounts/access; testing window; logging/evidence plan,"API logs, role matrices, interface configs, transaction evidence.; IAM exports, group memberships, MFA/PAM settings, audit logs.; Network diagrams, firewall rules, flow records, packet metadata.; PKI configs, certificate inventory, time-source evidence, logs.; Requests/responses, API specs, auth policies, logs.; Routing, host configs, service relationships, logs.; Vendor inventory, contracts, access logs, routes, jump-host records.",MFG-E011;MFG-E045;MFG-E071;MFG-E097;MFG-E104;MFG-E108;MFG-E252;MFG-E266,NIST SP 800-115; CIS Controls
Identity & Privilege,domain admins,Recon;Scanning/Enumeration;Vulnerability Assessment;Identity/Auth;Web/API/Application;Validation/Business Impact;Reporting/Retest,AP-003;AP-005;AP-006;AP-007;AP-020;AP-021;AP-030;AP-031,T1694;T0859;T0890;T0892;T0846,"Authentication bypass or forensic blind spots.; Cross-system unauthorized actions/data access.; Enterprise compromise or data exfiltration.; Incorrect predictions, IP/data exposure, operational decisions affected.; OT compromise and plant disruption.; Production/quality/inventory manipulation.; Unauthorized OT access, process manipulation, persistence.; Unauthorized privileged access and downstream compromise.",Critical; High,"Non-destructive validation by default; active testing only within written authorization, approved scope, testing window, rate limits and rollback/stop conditions.",Written authorization; confirmed scope; test accounts/access; testing window; logging/evidence plan,"API logs, role matrices, interface configs, transaction evidence.; IAM exports, group memberships, MFA/PAM settings, audit logs.; Model/data lineage, API logs, IAM, deployment evidence.; Network diagrams, firewall rules, flow records, packet metadata.; PKI configs, certificate inventory, time-source evidence, logs.; Requests/responses, API specs, auth policies, logs.; Routing, host configs, service relationships, logs.; Vendor inventory, contracts, access logs, routes, jump-host records.",MFG-E011;MFG-E012;MFG-E045;MFG-E071;MFG-E097;MFG-E104;MFG-E108;MFG-E252;MFG-E266,NIST SP 800-115; CIS Controls
Identity & Privilege,application admins,Recon;Scanning/Enumeration;Vulnerability Assessment;Identity/Auth;Web/API/Application;Validation/Business Impact;Reporting/Retest,AP-003;AP-005;AP-006;AP-007;AP-020;AP-021;AP-030,T1694;T0859;T0890;T0892;T0846,"Authentication bypass or forensic blind spots.; Cross-system unauthorized actions/data access.; Enterprise compromise or data exfiltration.; OT compromise and plant disruption.; Production/quality/inventory manipulation.; Unauthorized OT access, process manipulation, persistence.; Unauthorized privileged access and downstream compromise.",Critical; High,"Non-destructive validation by default; active testing only within written authorization, approved scope, testing window, rate limits and rollback/stop conditions.",Written authorization; confirmed scope; test accounts/access; testing window; logging/evidence plan,"API logs, role matrices, interface configs, transaction evidence.; IAM exports, group memberships, MFA/PAM settings, audit logs.; Network diagrams, firewall rules, flow records, packet metadata.; PKI configs, certificate inventory, time-source evidence, logs.; Requests/responses, API specs, auth policies, logs.; Routing, host configs, service relationships, logs.; Vendor inventory, contracts, access logs, routes, jump-host records.",MFG-E011;MFG-E045;MFG-E071;MFG-E097;MFG-E104;MFG-E108;MFG-E252;MFG-E266,NIST SP 800-115; CIS Controls
Identity & Privilege,DBAs,Recon;Scanning/Enumeration;Vulnerability Assessment;Identity/Auth;Web/API/Application;Validation/Business Impact;Reporting/Retest,AP-003;AP-005;AP-006;AP-007;AP-020;AP-021;AP-030,T1694;T0859;T0890;T0892;T0846,"Authentication bypass or forensic blind spots.; Cross-system unauthorized actions/data access.; Enterprise compromise or data exfiltration.; OT compromise and plant disruption.; Production/quality/inventory manipulation.; Unauthorized OT access, process manipulation, persistence.; Unauthorized privileged access and downstream compromise.",Critical; High,"Non-destructive validation by default; active testing only within written authorization, approved scope, testing window, rate limits and rollback/stop conditions.",Written authorization; confirmed scope; test accounts/access; testing window; logging/evidence plan,"API logs, role matrices, interface configs, transaction evidence.; IAM exports, group memberships, MFA/PAM settings, audit logs.; Network diagrams, firewall rules, flow records, packet metadata.; PKI configs, certificate inventory, time-source evidence, logs.; Requests/responses, API specs, auth policies, logs.; Routing, host configs, service relationships, logs.; Vendor inventory, contracts, access logs, routes, jump-host records.",MFG-E011;MFG-E045;MFG-E071;MFG-E097;MFG-E104;MFG-E108;MFG-E252;MFG-E266,NIST SP 800-115; CIS Controls
Identity & Privilege,vendors,Recon;Scanning/Enumeration;Vulnerability Assessment;Identity/Auth;Web/API/Application;Validation/Business Impact;Reporting/Retest,AP-003;AP-005;AP-006;AP-007;AP-020;AP-021;AP-030;AP-002,T1694;T0859;T0890;T0892;T0846,"Authentication bypass or forensic blind spots.; Cross-system unauthorized actions/data access.; Enterprise compromise or data exfiltration.; OT compromise and plant disruption.; Production/quality/inventory manipulation.; Unauthorized OT access, process manipulation, persistence.; Unauthorized internal/OT reachability; account misuse.; Unauthorized privileged access and downstream compromise.",Critical; High,"Non-destructive validation by default; active testing only within written authorization, approved scope, testing window, rate limits and rollback/stop conditions.",Written authorization; confirmed scope; test accounts/access; testing window; logging/evidence plan,"API logs, role matrices, interface configs, transaction evidence.; IAM exports, group memberships, MFA/PAM settings, audit logs.; Network diagrams, firewall rules, flow records, packet metadata.; PKI configs, certificate inventory, time-source evidence, logs.; Requests/responses, API specs, auth policies, logs.; Routing, host configs, service relationships, logs.; VPN config, access logs, MFA evidence, routes, ACLs, session records.; Vendor inventory, contracts, access logs, routes, jump-host records.",MFG-E011;MFG-E045;MFG-E071;MFG-E097;MFG-E104;MFG-E108;MFG-E252;MFG-E266,NIST SP 800-115; CIS Controls
Identity & Privilege,contractors,Recon;Scanning/Enumeration;Vulnerability Assessment;Identity/Auth;Web/API/Application;Validation/Business Impact;Reporting/Retest,AP-003;AP-005;AP-006;AP-007;AP-020;AP-021;AP-030,T1694;T0859;T0890;T0892;T0846,"Authentication bypass or forensic blind spots.; Cross-system unauthorized actions/data access.; Enterprise compromise or data exfiltration.; OT compromise and plant disruption.; Production/quality/inventory manipulation.; Unauthorized OT access, process manipulation, persistence.; Unauthorized privileged access and downstream compromise.",Critical; High,"Non-destructive validation by default; active testing only within written authorization, approved scope, testing window, rate limits and rollback/stop conditions.",Written authorization; confirmed scope; test accounts/access; testing window; logging/evidence plan,"API logs, role matrices, interface configs, transaction evidence.; IAM exports, group memberships, MFA/PAM settings, audit logs.; Network diagrams, firewall rules, flow records, packet metadata.; PKI configs, certificate inventory, time-source evidence, logs.; Requests/responses, API specs, auth policies, logs.; Routing, host configs, service relationships, logs.; Vendor inventory, contracts, access logs, routes, jump-host records.",MFG-E011;MFG-E045;MFG-E071;MFG-E097;MFG-E104;MFG-E108;MFG-E252;MFG-E266,NIST SP 800-115; CIS Controls
Identity & Privilege,service accounts,Recon;Scanning/Enumeration;Vulnerability Assessment;Identity/Auth;Web/API/Application;Validation/Business Impact;Reporting/Retest,AP-003;AP-005;AP-006;AP-007;AP-020;AP-021;AP-030,T1694;T0859;T0890;T0892;T0846,"Authentication bypass or forensic blind spots.; Cross-system unauthorized actions/data access.; Enterprise compromise or data exfiltration.; OT compromise and plant disruption.; Production/quality/inventory manipulation.; Unauthorized OT access, process manipulation, persistence.; Unauthorized privileged access and downstream compromise.",Critical; High,"Non-destructive validation by default; active testing only within written authorization, approved scope, testing window, rate limits and rollback/stop conditions.",Written authorization; confirmed scope; test accounts/access; testing window; logging/evidence plan,"API logs, role matrices, interface configs, transaction evidence.; IAM exports, group memberships, MFA/PAM settings, audit logs.; Network diagrams, firewall rules, flow records, packet metadata.; PKI configs, certificate inventory, time-source evidence, logs.; Requests/responses, API specs, auth policies, logs.; Routing, host configs, service relationships, logs.; Vendor inventory, contracts, access logs, routes, jump-host records.",MFG-E011;MFG-E045;MFG-E071;MFG-E097;MFG-E104;MFG-E108;MFG-E252;MFG-E266,NIST SP 800-115; CIS Controls
Identity & Privilege,machine accounts,Recon;Scanning/Enumeration;Vulnerability Assessment;Identity/Auth;Web/API/Application;Validation/Business Impact;Reporting/Retest,AP-003;AP-005;AP-006;AP-007;AP-020;AP-021;AP-030,T1694;T0859;T0890;T0892;T0846,"Authentication bypass or forensic blind spots.; Cross-system unauthorized actions/data access.; Enterprise compromise or data exfiltration.; OT compromise and plant disruption.; Production/quality/inventory manipulation.; Unauthorized OT access, process manipulation, persistence.; Unauthorized privileged access and downstream compromise.",Critical; High,"Non-destructive validation by default; active testing only within written authorization, approved scope, testing window, rate limits and rollback/stop conditions.",Written authorization; confirmed scope; test accounts/access; testing window; logging/evidence plan,"API logs, role matrices, interface configs, transaction evidence.; IAM exports, group memberships, MFA/PAM settings, audit logs.; Network diagrams, firewall rules, flow records, packet metadata.; PKI configs, certificate inventory, time-source evidence, logs.; Requests/responses, API specs, auth policies, logs.; Routing, host configs, service relationships, logs.; Vendor inventory, contracts, access logs, routes, jump-host records.",MFG-E011;MFG-E045;MFG-E071;MFG-E097;MFG-E104;MFG-E108;MFG-E252;MFG-E266,NIST SP 800-115; CIS Controls
Identity & Privilege,API identities,Recon;Scanning/Enumeration;Vulnerability Assessment;Identity/Auth;Web/API/Application;Validation/Business Impact;Reporting/Retest,AP-003;AP-005;AP-006;AP-007;AP-020;AP-021;AP-030;AP-035,T1694;T0859;T0890;T0892;T0846,"Authentication bypass or forensic blind spots.; Cross-system unauthorized actions/data access.; Enterprise compromise or data exfiltration.; OT compromise and plant disruption.; Production/quality/inventory manipulation.; Unauthorized OT access, process manipulation, persistence.; Unauthorized cross-zone commands/data manipulation.; Unauthorized privileged access and downstream compromise.",Critical; High,"Non-destructive validation by default; active testing only within written authorization, approved scope, testing window, rate limits and rollback/stop conditions.",Written authorization; confirmed scope; test accounts/access; testing window; logging/evidence plan,"API logs, role matrices, interface configs, transaction evidence.; Gateway config, ACLs, message logs, certificates.; IAM exports, group memberships, MFA/PAM settings, audit logs.; Network diagrams, firewall rules, flow records, packet metadata.; PKI configs, certificate inventory, time-source evidence, logs.; Requests/responses, API specs, auth policies, logs.; Routing, host configs, service relationships, logs.; Vendor inventory, contracts, access logs, routes, jump-host records.",MFG-E011;MFG-E045;MFG-E048;MFG-E071;MFG-E074;MFG-E097;MFG-E104;MFG-E108;MFG-E109;MFG-E117;MFG-E118;MFG-E141;MFG-E191;MFG-E233;MFG-E247;MFG-E252;MFG-E266;MFG-X452,NIST SP 800-115; OWASP WSTG; OWASP Top 10; OWASP API Security Top 10; CIS Controls
Identity & Privilege,cloud identities,Recon;Scanning/Enumeration;Vulnerability Assessment;Identity/Auth;Web/API/Application;Validation/Business Impact;Reporting/Retest,AP-003;AP-005;AP-006;AP-007;AP-020;AP-021;AP-030;AP-018;AP-019;AP-022,T1694;T0859;T0890;T0892;T0846,"Authentication bypass or forensic blind spots.; Broad compromise across applications/engineering/OT.; Cross-environment compromise.; Cross-system unauthorized actions/data access.; Enterprise compromise or data exfiltration.; IP, PII, production and commercial data exposure.; OT compromise and plant disruption.; Production/quality/inventory manipulation.; Unauthorized OT access, process manipulation, persistence.; Unauthorized privileged access and downstream compromise.",Critical; High,"Non-destructive validation by default; active testing only within written authorization, approved scope, testing window, rate limits and rollback/stop conditions.",Written authorization; confirmed scope; test accounts/access; testing window; logging/evidence plan,"API logs, role matrices, interface configs, transaction evidence.; Cloud IAM, route tables, security groups, API logs, architecture.; IAM exports, group memberships, MFA/PAM settings, audit logs.; IAM/policy evidence, access logs, object ACLs, classification.; Network diagrams, firewall rules, flow records, packet metadata.; PKI configs, certificate inventory, time-source evidence, logs.; Pipeline logs, SBOM, signatures, repo permissions, artifact hashes.; Requests/responses, API specs, auth policies, logs.; Routing, host configs, service relationships, logs.; Vendor inventory, contracts, access logs, routes, jump-host records.",MFG-E011;MFG-E045;MFG-E071;MFG-E097;MFG-E104;MFG-E108;MFG-E117;MFG-E248;MFG-E252;MFG-E266;MFG-X305;MFG-X389;MFG-X433;MFG-X434;MFG-X435;MFG-X436;MFG-X437;MFG-X438;MFG-X440;MFG-X445,NIST SP 800-115; CIS Controls
Identity & Privilege,break-glass accounts,Recon;Scanning/Enumeration;Vulnerability Assessment;Identity/Auth;Web/API/Application;Validation/Business Impact;Reporting/Retest,AP-003;AP-005;AP-006;AP-007;AP-020;AP-021;AP-030,T1694;T0859;T0890;T0892;T0846,"Authentication bypass or forensic blind spots.; Cross-system unauthorized actions/data access.; Enterprise compromise or data exfiltration.; OT compromise and plant disruption.; Production/quality/inventory manipulation.; Unauthorized OT access, process manipulation, persistence.; Unauthorized privileged access and downstream compromise.",Critical; High,"Non-destructive validation by default; active testing only within written authorization, approved scope, testing window, rate limits and rollback/stop conditions.",Written authorization; confirmed scope; test accounts/access; testing window; logging/evidence plan,"API logs, role matrices, interface configs, transaction evidence.; IAM exports, group memberships, MFA/PAM settings, audit logs.; Network diagrams, firewall rules, flow records, packet metadata.; PKI configs, certificate inventory, time-source evidence, logs.; Requests/responses, API specs, auth policies, logs.; Routing, host configs, service relationships, logs.; Vendor inventory, contracts, access logs, routes, jump-host records.",MFG-E011;MFG-E045;MFG-E071;MFG-E097;MFG-E104;MFG-E108;MFG-E252;MFG-E266,NIST SP 800-115; CIS Controls
Identity & Privilege,shared accounts,Recon;Scanning/Enumeration;Vulnerability Assessment;Identity/Auth;Web/API/Application;Validation/Business Impact;Reporting/Retest,AP-003;AP-005;AP-006;AP-007;AP-020;AP-021;AP-030,T1694;T0859;T0890;T0892;T0846,"Authentication bypass or forensic blind spots.; Cross-system unauthorized actions/data access.; Enterprise compromise or data exfiltration.; OT compromise and plant disruption.; Production/quality/inventory manipulation.; Unauthorized OT access, process manipulation, persistence.; Unauthorized privileged access and downstream compromise.",Critical; High,"Non-destructive validation by default; active testing only within written authorization, approved scope, testing window, rate limits and rollback/stop conditions.",Written authorization; confirmed scope; test accounts/access; testing window; logging/evidence plan,"API logs, role matrices, interface configs, transaction evidence.; IAM exports, group memberships, MFA/PAM settings, audit logs.; Network diagrams, firewall rules, flow records, packet metadata.; PKI configs, certificate inventory, time-source evidence, logs.; Requests/responses, API specs, auth policies, logs.; Routing, host configs, service relationships, logs.; Vendor inventory, contracts, access logs, routes, jump-host records.",MFG-E011;MFG-E045;MFG-E071;MFG-E097;MFG-E104;MFG-E108;MFG-E252;MFG-E266,NIST SP 800-115; CIS Controls
Identity & Privilege,dormant accounts,Recon;Scanning/Enumeration;Vulnerability Assessment;Identity/Auth;Web/API/Application;Validation/Business Impact;Reporting/Retest,AP-003;AP-005;AP-006;AP-007;AP-020;AP-021;AP-030,T1694;T0859;T0890;T0892;T0846,"Authentication bypass or forensic blind spots.; Cross-system unauthorized actions/data access.; Enterprise compromise or data exfiltration.; OT compromise and plant disruption.; Production/quality/inventory manipulation.; Unauthorized OT access, process manipulation, persistence.; Unauthorized privileged access and downstream compromise.",Critical; High,"Non-destructive validation by default; active testing only within written authorization, approved scope, testing window, rate limits and rollback/stop conditions.",Written authorization; confirmed scope; test accounts/access; testing window; logging/evidence plan,"API logs, role matrices, interface configs, transaction evidence.; IAM exports, group memberships, MFA/PAM settings, audit logs.; Network diagrams, firewall rules, flow records, packet metadata.; PKI configs, certificate inventory, time-source evidence, logs.; Requests/responses, API specs, auth policies, logs.; Routing, host configs, service relationships, logs.; Vendor inventory, contracts, access logs, routes, jump-host records.",MFG-E011;MFG-E045;MFG-E071;MFG-E097;MFG-E104;MFG-E108;MFG-E252;MFG-E266,NIST SP 800-115; CIS Controls
Cryptographic / Time Services,TLS certificates,Recon;Scanning/Enumeration;Vulnerability Assessment;Identity/Auth;Web/API/Application;Validation/Business Impact;Reporting/Retest,AP-030;AP-018;AP-021;AP-029,T1694;T0859;T0830;T0820;T0842,Authentication bypass or forensic blind spots.; Cross-environment compromise.; Cross-system unauthorized actions/data access.; Delayed detection and response.,High,"Non-destructive validation by default; active testing only within written authorization, approved scope, testing window, rate limits and rollback/stop conditions.",Written authorization; confirmed scope; test accounts/access; testing window; logging/evidence plan,"Cloud IAM, route tables, security groups, API logs, architecture.; Log samples, detection rules, alert evidence, time synchronization.; PKI configs, certificate inventory, time-source evidence, logs.; Requests/responses, API specs, auth policies, logs.",MFG-E011;MFG-E045;MFG-E071;MFG-E109;MFG-E234;MFG-E252;MFG-E266,NIST SP 800-115
Cryptographic / Time Services,internal certificates,Recon;Scanning/Enumeration;Vulnerability Assessment;Identity/Auth;Web/API/Application;Validation/Business Impact;Reporting/Retest,AP-030;AP-018;AP-021;AP-029,T1694;T0859;T0830;T0820;T0842,Authentication bypass or forensic blind spots.; Cross-environment compromise.; Cross-system unauthorized actions/data access.; Delayed detection and response.,High,"Non-destructive validation by default; active testing only within written authorization, approved scope, testing window, rate limits and rollback/stop conditions.",Written authorization; confirmed scope; test accounts/access; testing window; logging/evidence plan,"Cloud IAM, route tables, security groups, API logs, architecture.; Log samples, detection rules, alert evidence, time synchronization.; PKI configs, certificate inventory, time-source evidence, logs.; Requests/responses, API specs, auth policies, logs.",MFG-E011;MFG-E045;MFG-E071;MFG-E109;MFG-E234;MFG-E252;MFG-E266,NIST SP 800-115
Cryptographic / Time Services,PKI,Recon;Scanning/Enumeration;Vulnerability Assessment;Identity/Auth;Web/API/Application;Validation/Business Impact;Reporting/Retest,AP-030;AP-018;AP-021;AP-029,T1694;T0859;T0830;T0820;T0842,Authentication bypass or forensic blind spots.; Cross-environment compromise.; Cross-system unauthorized actions/data access.; Delayed detection and response.,High,"Non-destructive validation by default; active testing only within written authorization, approved scope, testing window, rate limits and rollback/stop conditions.",Written authorization; confirmed scope; test accounts/access; testing window; logging/evidence plan,"Cloud IAM, route tables, security groups, API logs, architecture.; Log samples, detection rules, alert evidence, time synchronization.; PKI configs, certificate inventory, time-source evidence, logs.; Requests/responses, API specs, auth policies, logs.",MFG-E011;MFG-E045;MFG-E071;MFG-E109;MFG-E234;MFG-E252;MFG-E266,NIST SP 800-115
Cryptographic / Time Services,device certificates,Recon;Scanning/Enumeration;Vulnerability Assessment;Identity/Auth;Web/API/Application;Validation/Business Impact;Reporting/Retest,AP-030;AP-018;AP-021;AP-029,T1694;T0859;T0830;T0820;T0842,Authentication bypass or forensic blind spots.; Cross-environment compromise.; Cross-system unauthorized actions/data access.; Delayed detection and response.,High,"Non-destructive validation by default; active testing only within written authorization, approved scope, testing window, rate limits and rollback/stop conditions.",Written authorization; confirmed scope; test accounts/access; testing window; logging/evidence plan,"Cloud IAM, route tables, security groups, API logs, architecture.; Log samples, detection rules, alert evidence, time synchronization.; PKI configs, certificate inventory, time-source evidence, logs.; Requests/responses, API specs, auth policies, logs.",MFG-E011;MFG-E045;MFG-E071;MFG-E109;MFG-E234;MFG-E252;MFG-E266,NIST SP 800-115
Cryptographic / Time Services,code-signing certificates,Recon;Scanning/Enumeration;Vulnerability Assessment;Identity/Auth;Web/API/Application;Validation/Business Impact;Reporting/Retest,AP-030;AP-018;AP-021;AP-029,T1694;T0859;T0830;T0820;T0842,Authentication bypass or forensic blind spots.; Cross-environment compromise.; Cross-system unauthorized actions/data access.; Delayed detection and response.,High,"Non-destructive validation by default; active testing only within written authorization, approved scope, testing window, rate limits and rollback/stop conditions.",Written authorization; confirmed scope; test accounts/access; testing window; logging/evidence plan,"Cloud IAM, route tables, security groups, API logs, architecture.; Log samples, detection rules, alert evidence, time synchronization.; PKI configs, certificate inventory, time-source evidence, logs.; Requests/responses, API specs, auth policies, logs.",MFG-E011;MFG-E045;MFG-E071;MFG-E109;MFG-E234;MFG-E252;MFG-E266;MFG-X422,NIST SP 800-115
Cryptographic / Time Services,key-management,Recon;Scanning/Enumeration;Vulnerability Assessment;Identity/Auth;Web/API/Application;Validation/Business Impact;Reporting/Retest,AP-030;AP-018;AP-021;AP-029,T1694;T0859;T0830;T0820;T0842,Authentication bypass or forensic blind spots.; Cross-environment compromise.; Cross-system unauthorized actions/data access.; Delayed detection and response.,High,"Non-destructive validation by default; active testing only within written authorization, approved scope, testing window, rate limits and rollback/stop conditions.",Written authorization; confirmed scope; test accounts/access; testing window; logging/evidence plan,"Cloud IAM, route tables, security groups, API logs, architecture.; Log samples, detection rules, alert evidence, time synchronization.; PKI configs, certificate inventory, time-source evidence, logs.; Requests/responses, API specs, auth policies, logs.",MFG-E011;MFG-E045;MFG-E071;MFG-E109;MFG-E193;MFG-E234;MFG-E252;MFG-E266;MFG-X432,NIST SP 800-115
Cryptographic / Time Services,NTP,Recon;Scanning/Enumeration;Vulnerability Assessment;Identity/Auth;Web/API/Application;Validation/Business Impact;Reporting/Retest,AP-030;AP-018;AP-021;AP-029,T1694;T0859;T0830;T0820;T0842,Authentication bypass or forensic blind spots.; Cross-environment compromise.; Cross-system unauthorized actions/data access.; Delayed detection and response.,High,"Non-destructive validation by default; active testing only within written authorization, approved scope, testing window, rate limits and rollback/stop conditions.",Written authorization; confirmed scope; test accounts/access; testing window; logging/evidence plan,"Cloud IAM, route tables, security groups, API logs, architecture.; Log samples, detection rules, alert evidence, time synchronization.; PKI configs, certificate inventory, time-source evidence, logs.; Requests/responses, API specs, auth policies, logs.",MFG-E011;MFG-E045;MFG-E071;MFG-E109;MFG-E234;MFG-E252;MFG-E266,NIST SP 800-115
Cryptographic / Time Services,PTP,Recon;Scanning/Enumeration;Vulnerability Assessment;Identity/Auth;Web/API/Application;Validation/Business Impact;Reporting/Retest,AP-030;AP-018;AP-021;AP-029,T1694;T0859;T0830;T0820;T0842,Authentication bypass or forensic blind spots.; Cross-environment compromise.; Cross-system unauthorized actions/data access.; Delayed detection and response.,High,"Non-destructive validation by default; active testing only within written authorization, approved scope, testing window, rate limits and rollback/stop conditions.",Written authorization; confirmed scope; test accounts/access; testing window; logging/evidence plan,"Cloud IAM, route tables, security groups, API logs, architecture.; Log samples, detection rules, alert evidence, time synchronization.; PKI configs, certificate inventory, time-source evidence, logs.; Requests/responses, API specs, auth policies, logs.",MFG-E011;MFG-E045;MFG-E071;MFG-E109;MFG-E234;MFG-E252;MFG-E266,NIST SP 800-115
Cryptographic / Time Services,GPS time,Recon;Scanning/Enumeration;Vulnerability Assessment;Identity/Auth;Web/API/Application;Validation/Business Impact;Reporting/Retest,AP-030;AP-018;AP-021;AP-029,T1694;T0859;T0830;T0820;T0842,Authentication bypass or forensic blind spots.; Cross-environment compromise.; Cross-system unauthorized actions/data access.; Delayed detection and response.,High,"Non-destructive validation by default; active testing only within written authorization, approved scope, testing window, rate limits and rollback/stop conditions.",Written authorization; confirmed scope; test accounts/access; testing window; logging/evidence plan,"Cloud IAM, route tables, security groups, API logs, architecture.; Log samples, detection rules, alert evidence, time synchronization.; PKI configs, certificate inventory, time-source evidence, logs.; Requests/responses, API specs, auth policies, logs.",MFG-E011;MFG-E045;MFG-E071;MFG-E109;MFG-E234;MFG-E252;MFG-E266,NIST SP 800-115
Cryptographic / Time Services,industrial time synchronization,Recon;Scanning/Enumeration;Vulnerability Assessment;Identity/Auth;Web/API/Application;Validation/Business Impact;Reporting/Retest,AP-030;AP-018;AP-021;AP-029,T1694;T0859;T0830;T0820;T0842,Authentication bypass or forensic blind spots.; Cross-environment compromise.; Cross-system unauthorized actions/data access.; Delayed detection and response.,High,"Non-destructive validation by default; active testing only within written authorization, approved scope, testing window, rate limits and rollback/stop conditions.",Written authorization; confirmed scope; test accounts/access; testing window; logging/evidence plan,"Cloud IAM, route tables, security groups, API logs, architecture.; Log samples, detection rules, alert evidence, time synchronization.; PKI configs, certificate inventory, time-source evidence, logs.; Requests/responses, API specs, auth policies, logs.",MFG-E011;MFG-E045;MFG-E071;MFG-E109;MFG-E234;MFG-E252;MFG-E266,NIST SP 800-115
Plant Utilities,electrical systems,Recon;Scanning/Enumeration;Vulnerability Assessment;Identity/Auth;Web/API/Application;OT/ICS;Validation/Business Impact;Reporting/Retest,AP-028;AP-015;AP-006;AP-025,T0831;T0836;T0837;T0880;T0826,"Loss of protection/safety; personnel/environmental risk.; OT compromise and plant disruption.; Production outage and recovery disruption.; Production outage, equipment/process risk.",Critical,"Passive/read-only by default; active validation only under approved ROE, plant-owner approval, maintenance window and safety review; disruptive/process-changing actions require lab/digital twin or explicitly controlled validation.",Written authorization; asset owner; production status; OT safety approval; maintenance window; emergency contact; stop conditions,"Architecture, access lists, safety lifecycle evidence, logs, approvals.; Dependency maps, access controls, logs, contingency evidence.; Network diagrams, firewall rules, flow records, packet metadata.; Network paths, EDR controls, backup evidence, IR records.",MFG-E011;MFG-E045;MFG-E071;MFG-E144;MFG-E252;MFG-E266;MFG-X350;MFG-X351;MFG-X352,NIST SP 800-115; NIST SP 800-82 Rev. 3; ISA/IEC 62443; MITRE ATT&CK for ICS
Plant Utilities,smart meters,Recon;Scanning/Enumeration;Vulnerability Assessment;Identity/Auth;Web/API/Application;OT/ICS;Validation/Business Impact;Reporting/Retest,AP-028;AP-015;AP-006;AP-025,T0831;T0836;T0837;T0880;T0826,"Loss of protection/safety; personnel/environmental risk.; OT compromise and plant disruption.; Production outage and recovery disruption.; Production outage, equipment/process risk.",Critical,"Passive/read-only by default; active validation only under approved ROE, plant-owner approval, maintenance window and safety review; disruptive/process-changing actions require lab/digital twin or explicitly controlled validation.",Written authorization; asset owner; production status; OT safety approval; maintenance window; emergency contact; stop conditions,"Architecture, access lists, safety lifecycle evidence, logs, approvals.; Dependency maps, access controls, logs, contingency evidence.; Network diagrams, firewall rules, flow records, packet metadata.; Network paths, EDR controls, backup evidence, IR records.",MFG-E011;MFG-E045;MFG-E071;MFG-E144;MFG-E252;MFG-E266;MFG-X350;MFG-X351;MFG-X352,NIST SP 800-115; NIST SP 800-82 Rev. 3; ISA/IEC 62443; MITRE ATT&CK for ICS
Plant Utilities,compressed air,Recon;Scanning/Enumeration;Vulnerability Assessment;Identity/Auth;Web/API/Application;OT/ICS;Validation/Business Impact;Reporting/Retest,AP-028;AP-015;AP-006;AP-025;AP-031,T0831;T0836;T0837;T0880;T0826,"Incorrect predictions, IP/data exposure, operational decisions affected.; Loss of protection/safety; personnel/environmental risk.; OT compromise and plant disruption.; Production outage and recovery disruption.; Production outage, equipment/process risk.",Critical; High,"Passive/read-only by default; active validation only under approved ROE, plant-owner approval, maintenance window and safety review; disruptive/process-changing actions require lab/digital twin or explicitly controlled validation.",Written authorization; asset owner; production status; OT safety approval; maintenance window; emergency contact; stop conditions,"Architecture, access lists, safety lifecycle evidence, logs, approvals.; Dependency maps, access controls, logs, contingency evidence.; Model/data lineage, API logs, IAM, deployment evidence.; Network diagrams, firewall rules, flow records, packet metadata.; Network paths, EDR controls, backup evidence, IR records.",MFG-E011;MFG-E045;MFG-E071;MFG-E144;MFG-E252;MFG-E266;MFG-X350;MFG-X351;MFG-X352,NIST SP 800-115; NIST SP 800-82 Rev. 3; ISA/IEC 62443; MITRE ATT&CK for ICS
Plant Utilities,steam,Recon;Scanning/Enumeration;Vulnerability Assessment;Identity/Auth;Web/API/Application;OT/ICS;Validation/Business Impact;Reporting/Retest,AP-028;AP-015;AP-006;AP-025,T0831;T0836;T0837;T0880;T0826,"Loss of protection/safety; personnel/environmental risk.; OT compromise and plant disruption.; Production outage and recovery disruption.; Production outage, equipment/process risk.",Critical,"Passive/read-only by default; active validation only under approved ROE, plant-owner approval, maintenance window and safety review; disruptive/process-changing actions require lab/digital twin or explicitly controlled validation.",Written authorization; asset owner; production status; OT safety approval; maintenance window; emergency contact; stop conditions,"Architecture, access lists, safety lifecycle evidence, logs, approvals.; Dependency maps, access controls, logs, contingency evidence.; Network diagrams, firewall rules, flow records, packet metadata.; Network paths, EDR controls, backup evidence, IR records.",MFG-E011;MFG-E045;MFG-E071;MFG-E144;MFG-E252;MFG-E266;MFG-X350;MFG-X351;MFG-X352,NIST SP 800-115; NIST SP 800-82 Rev. 3; ISA/IEC 62443; MITRE ATT&CK for ICS
Plant Utilities,water,Recon;Scanning/Enumeration;Vulnerability Assessment;Identity/Auth;Web/API/Application;OT/ICS;Validation/Business Impact;Reporting/Retest,AP-028;AP-015;AP-006;AP-025,T0831;T0836;T0837;T0880;T0826,"Loss of protection/safety; personnel/environmental risk.; OT compromise and plant disruption.; Production outage and recovery disruption.; Production outage, equipment/process risk.",Critical,"Passive/read-only by default; active validation only under approved ROE, plant-owner approval, maintenance window and safety review; disruptive/process-changing actions require lab/digital twin or explicitly controlled validation.",Written authorization; asset owner; production status; OT safety approval; maintenance window; emergency contact; stop conditions,"Architecture, access lists, safety lifecycle evidence, logs, approvals.; Dependency maps, access controls, logs, contingency evidence.; Network diagrams, firewall rules, flow records, packet metadata.; Network paths, EDR controls, backup evidence, IR records.",MFG-E011;MFG-E045;MFG-E071;MFG-E144;MFG-E252;MFG-E266;MFG-X350;MFG-X351;MFG-X352,NIST SP 800-115; NIST SP 800-82 Rev. 3; ISA/IEC 62443; MITRE ATT&CK for ICS
Plant Utilities,cooling,Recon;Scanning/Enumeration;Vulnerability Assessment;Identity/Auth;Web/API/Application;OT/ICS;Validation/Business Impact;Reporting/Retest,AP-028;AP-015;AP-006;AP-025,T0831;T0836;T0837;T0880;T0826,"Loss of protection/safety; personnel/environmental risk.; OT compromise and plant disruption.; Production outage and recovery disruption.; Production outage, equipment/process risk.",Critical,"Passive/read-only by default; active validation only under approved ROE, plant-owner approval, maintenance window and safety review; disruptive/process-changing actions require lab/digital twin or explicitly controlled validation.",Written authorization; asset owner; production status; OT safety approval; maintenance window; emergency contact; stop conditions,"Architecture, access lists, safety lifecycle evidence, logs, approvals.; Dependency maps, access controls, logs, contingency evidence.; Network diagrams, firewall rules, flow records, packet metadata.; Network paths, EDR controls, backup evidence, IR records.",MFG-E011;MFG-E045;MFG-E071;MFG-E144;MFG-E252;MFG-E266;MFG-X350;MFG-X351;MFG-X352,NIST SP 800-115; NIST SP 800-82 Rev. 3; ISA/IEC 62443; MITRE ATT&CK for ICS
Plant Utilities,HVAC,Recon;Scanning/Enumeration;Vulnerability Assessment;Identity/Auth;Web/API/Application;OT/ICS;Validation/Business Impact;Reporting/Retest,AP-028;AP-015;AP-006;AP-025;AP-026;AP-027,T0831;T0836;T0837;T0880;T0826,"Direct device compromise or safety risk.; Enterprise compromise or facility disruption.; Loss of protection/safety; personnel/environmental risk.; OT compromise and plant disruption.; Production outage and recovery disruption.; Production outage, equipment/process risk.",Critical; High,"Passive/read-only by default; active validation only under approved ROE, plant-owner approval, maintenance window and safety review; disruptive/process-changing actions require lab/digital twin or explicitly controlled validation.",Written authorization; asset owner; production status; OT safety approval; maintenance window; emergency contact; stop conditions,"Access logs, photographs where allowed, physical control evidence.; Architecture, access lists, safety lifecycle evidence, logs, approvals.; Dependency maps, access controls, logs, contingency evidence.; Network diagrams, ACLs, system configs, vendor access records.; Network diagrams, firewall rules, flow records, packet metadata.; Network paths, EDR controls, backup evidence, IR records.",MFG-E011;MFG-E045;MFG-E071;MFG-E144;MFG-E252;MFG-E266;MFG-X350;MFG-X351;MFG-X352,NIST SP 800-115; NIST SP 800-82 Rev. 3; ISA/IEC 62443; MITRE ATT&CK for ICS
Plant Utilities,energy management,Recon;Scanning/Enumeration;Vulnerability Assessment;Identity/Auth;Web/API/Application;OT/ICS;Validation/Business Impact;Reporting/Retest,AP-028;AP-015;AP-006;AP-025,T0831;T0836;T0837;T0880;T0826,"Loss of protection/safety; personnel/environmental risk.; OT compromise and plant disruption.; Production outage and recovery disruption.; Production outage, equipment/process risk.",Critical,"Passive/read-only by default; active validation only under approved ROE, plant-owner approval, maintenance window and safety review; disruptive/process-changing actions require lab/digital twin or explicitly controlled validation.",Written authorization; asset owner; production status; OT safety approval; maintenance window; emergency contact; stop conditions,"Architecture, access lists, safety lifecycle evidence, logs, approvals.; Dependency maps, access controls, logs, contingency evidence.; Network diagrams, firewall rules, flow records, packet metadata.; Network paths, EDR controls, backup evidence, IR records.",MFG-E011;MFG-E045;MFG-E071;MFG-E144;MFG-E252;MFG-E266;MFG-X350;MFG-X351;MFG-X352;MFG-X472,NIST SP 800-115; NIST SP 800-82 Rev. 3; ISA/IEC 62443; MITRE ATT&CK for ICS
Plant Utilities,utility monitoring,Recon;Scanning/Enumeration;Vulnerability Assessment;Identity/Auth;Web/API/Application;OT/ICS;Validation/Business Impact;Reporting/Retest,AP-028;AP-015;AP-006;AP-025,T0831;T0836;T0837;T0880;T0826,"Loss of protection/safety; personnel/environmental risk.; OT compromise and plant disruption.; Production outage and recovery disruption.; Production outage, equipment/process risk.",Critical,"Passive/read-only by default; active validation only under approved ROE, plant-owner approval, maintenance window and safety review; disruptive/process-changing actions require lab/digital twin or explicitly controlled validation.",Written authorization; asset owner; production status; OT safety approval; maintenance window; emergency contact; stop conditions,"Architecture, access lists, safety lifecycle evidence, logs, approvals.; Dependency maps, access controls, logs, contingency evidence.; Network diagrams, firewall rules, flow records, packet metadata.; Network paths, EDR controls, backup evidence, IR records.",MFG-E011;MFG-E045;MFG-E071;MFG-E144;MFG-E252;MFG-E266;MFG-X350;MFG-X351;MFG-X352,NIST SP 800-115; NIST SP 800-82 Rev. 3; ISA/IEC 62443; MITRE ATT&CK for ICS
AI / Analytics,AI/ML platforms,Recon;Scanning/Enumeration;Vulnerability Assessment;Identity/Auth;Web/API/Application;Validation/Business Impact;Reporting/Retest,AP-019;AP-020;AP-031;AP-032;AP-035,T0871;T0811;T0862;T0832;T0859,"IP loss and competitive exposure.; IP, PII, production and commercial data exposure.; Incorrect predictions, IP/data exposure, operational decisions affected.; Production/quality/inventory manipulation.; Unauthorized cross-zone commands/data manipulation.",High,"Non-destructive validation by default; active testing only within written authorization, approved scope, testing window, rate limits and rollback/stop conditions.",Written authorization; confirmed scope; test accounts/access; testing window; logging/evidence plan,"API logs, role matrices, interface configs, transaction evidence.; Access logs, permissions, sample evidence, DLP alerts.; Gateway config, ACLs, message logs, certificates.; IAM/policy evidence, access logs, object ACLs, classification.; Model/data lineage, API logs, IAM, deployment evidence.",MFG-E011;MFG-E045;MFG-E071;MFG-E195;MFG-E196;MFG-E252;MFG-E266;MFG-X440,NIST SP 800-115
AI / Analytics,predictive maintenance,Recon;Scanning/Enumeration;Vulnerability Assessment;Identity/Auth;Web/API/Application;Validation/Business Impact;Reporting/Retest,AP-019;AP-020;AP-031;AP-032;AP-035,T0871;T0811;T0862;T0832;T0859,"IP loss and competitive exposure.; IP, PII, production and commercial data exposure.; Incorrect predictions, IP/data exposure, operational decisions affected.; Production/quality/inventory manipulation.; Unauthorized cross-zone commands/data manipulation.",High,"Non-destructive validation by default; active testing only within written authorization, approved scope, testing window, rate limits and rollback/stop conditions.",Written authorization; confirmed scope; test accounts/access; testing window; logging/evidence plan,"API logs, role matrices, interface configs, transaction evidence.; Access logs, permissions, sample evidence, DLP alerts.; Gateway config, ACLs, message logs, certificates.; IAM/policy evidence, access logs, object ACLs, classification.; Model/data lineage, API logs, IAM, deployment evidence.",MFG-E011;MFG-E045;MFG-E071;MFG-E195;MFG-E196;MFG-E252;MFG-E266;MFG-X440;MFG-X478,NIST SP 800-115
AI / Analytics,computer vision,Recon;Scanning/Enumeration;Vulnerability Assessment;Identity/Auth;Web/API/Application;Validation/Business Impact;Reporting/Retest,AP-019;AP-020;AP-031;AP-032;AP-035,T0871;T0811;T0862;T0832;T0859,"IP loss and competitive exposure.; IP, PII, production and commercial data exposure.; Incorrect predictions, IP/data exposure, operational decisions affected.; Production/quality/inventory manipulation.; Unauthorized cross-zone commands/data manipulation.",High,"Non-destructive validation by default; active testing only within written authorization, approved scope, testing window, rate limits and rollback/stop conditions.",Written authorization; confirmed scope; test accounts/access; testing window; logging/evidence plan,"API logs, role matrices, interface configs, transaction evidence.; Access logs, permissions, sample evidence, DLP alerts.; Gateway config, ACLs, message logs, certificates.; IAM/policy evidence, access logs, object ACLs, classification.; Model/data lineage, API logs, IAM, deployment evidence.",MFG-E011;MFG-E045;MFG-E071;MFG-E195;MFG-E196;MFG-E252;MFG-E266;MFG-X440,NIST SP 800-115
AI / Analytics,ML pipelines,Recon;Scanning/Enumeration;Vulnerability Assessment;Identity/Auth;Web/API/Application;Validation/Business Impact;Reporting/Retest,AP-019;AP-020;AP-031;AP-032;AP-035,T0871;T0811;T0862;T0832;T0859,"IP loss and competitive exposure.; IP, PII, production and commercial data exposure.; Incorrect predictions, IP/data exposure, operational decisions affected.; Production/quality/inventory manipulation.; Unauthorized cross-zone commands/data manipulation.",High,"Non-destructive validation by default; active testing only within written authorization, approved scope, testing window, rate limits and rollback/stop conditions.",Written authorization; confirmed scope; test accounts/access; testing window; logging/evidence plan,"API logs, role matrices, interface configs, transaction evidence.; Access logs, permissions, sample evidence, DLP alerts.; Gateway config, ACLs, message logs, certificates.; IAM/policy evidence, access logs, object ACLs, classification.; Model/data lineage, API logs, IAM, deployment evidence.",MFG-E011;MFG-E045;MFG-E071;MFG-E195;MFG-E196;MFG-E252;MFG-E266;MFG-X440;MFG-X450,NIST SP 800-115
AI / Analytics,analytics platforms,Recon;Scanning/Enumeration;Vulnerability Assessment;Identity/Auth;Web/API/Application;Validation/Business Impact;Reporting/Retest,AP-019;AP-020;AP-031;AP-032;AP-035,T0871;T0811;T0862;T0832;T0859,"IP loss and competitive exposure.; IP, PII, production and commercial data exposure.; Incorrect predictions, IP/data exposure, operational decisions affected.; Production/quality/inventory manipulation.; Unauthorized cross-zone commands/data manipulation.",High,"Non-destructive validation by default; active testing only within written authorization, approved scope, testing window, rate limits and rollback/stop conditions.",Written authorization; confirmed scope; test accounts/access; testing window; logging/evidence plan,"API logs, role matrices, interface configs, transaction evidence.; Access logs, permissions, sample evidence, DLP alerts.; Gateway config, ACLs, message logs, certificates.; IAM/policy evidence, access logs, object ACLs, classification.; Model/data lineage, API logs, IAM, deployment evidence.",MFG-E011;MFG-E045;MFG-E071;MFG-E195;MFG-E196;MFG-E252;MFG-E266;MFG-X440,NIST SP 800-115
AI / Analytics,data science platforms,Recon;Scanning/Enumeration;Vulnerability Assessment;Identity/Auth;Web/API/Application;Validation/Business Impact;Reporting/Retest,AP-019;AP-020;AP-031;AP-032;AP-035,T0871;T0811;T0862;T0832;T0859,"IP loss and competitive exposure.; IP, PII, production and commercial data exposure.; Incorrect predictions, IP/data exposure, operational decisions affected.; Production/quality/inventory manipulation.; Unauthorized cross-zone commands/data manipulation.",High,"Non-destructive validation by default; active testing only within written authorization, approved scope, testing window, rate limits and rollback/stop conditions.",Written authorization; confirmed scope; test accounts/access; testing window; logging/evidence plan,"API logs, role matrices, interface configs, transaction evidence.; Access logs, permissions, sample evidence, DLP alerts.; Gateway config, ACLs, message logs, certificates.; IAM/policy evidence, access logs, object ACLs, classification.; Model/data lineage, API logs, IAM, deployment evidence.",MFG-E011;MFG-E045;MFG-E071;MFG-E195;MFG-E196;MFG-E252;MFG-E266;MFG-X440,NIST SP 800-115
AI / Analytics,AI APIs,Recon;Scanning/Enumeration;Vulnerability Assessment;Identity/Auth;Web/API/Application;Validation/Business Impact;Reporting/Retest,AP-019;AP-020;AP-031;AP-032;AP-035;AP-021,T0871;T0811;T0862;T0832;T0859,"Cross-system unauthorized actions/data access.; IP loss and competitive exposure.; IP, PII, production and commercial data exposure.; Incorrect predictions, IP/data exposure, operational decisions affected.; Production/quality/inventory manipulation.; Unauthorized cross-zone commands/data manipulation.",High,"Non-destructive validation by default; active testing only within written authorization, approved scope, testing window, rate limits and rollback/stop conditions.",Written authorization; confirmed scope; test accounts/access; testing window; logging/evidence plan,"API logs, role matrices, interface configs, transaction evidence.; Access logs, permissions, sample evidence, DLP alerts.; Gateway config, ACLs, message logs, certificates.; IAM/policy evidence, access logs, object ACLs, classification.; Model/data lineage, API logs, IAM, deployment evidence.; Requests/responses, API specs, auth policies, logs.",MFG-E011;MFG-E045;MFG-E071;MFG-E097;MFG-E117;MFG-E195;MFG-E196;MFG-E252;MFG-E266;MFG-X440;MFG-X452,NIST SP 800-115; OWASP WSTG; OWASP Top 10; OWASP API Security Top 10
AI / Analytics,model serving,Recon;Scanning/Enumeration;Vulnerability Assessment;Identity/Auth;Web/API/Application;Validation/Business Impact;Reporting/Retest,AP-019;AP-020;AP-031;AP-032;AP-035,T0871;T0811;T0862;T0832;T0859,"IP loss and competitive exposure.; IP, PII, production and commercial data exposure.; Incorrect predictions, IP/data exposure, operational decisions affected.; Production/quality/inventory manipulation.; Unauthorized cross-zone commands/data manipulation.",High,"Non-destructive validation by default; active testing only within written authorization, approved scope, testing window, rate limits and rollback/stop conditions.",Written authorization; confirmed scope; test accounts/access; testing window; logging/evidence plan,"API logs, role matrices, interface configs, transaction evidence.; Access logs, permissions, sample evidence, DLP alerts.; Gateway config, ACLs, message logs, certificates.; IAM/policy evidence, access logs, object ACLs, classification.; Model/data lineage, API logs, IAM, deployment evidence.",MFG-E011;MFG-E045;MFG-E071;MFG-E195;MFG-E196;MFG-E252;MFG-E266;MFG-X440,NIST SP 800-115
AI / Analytics,generative AI systems,Recon;Scanning/Enumeration;Vulnerability Assessment;Identity/Auth;Web/API/Application;Validation/Business Impact;Reporting/Retest,AP-019;AP-020;AP-031;AP-032;AP-035,T0871;T0811;T0862;T0832;T0859,"IP loss and competitive exposure.; IP, PII, production and commercial data exposure.; Incorrect predictions, IP/data exposure, operational decisions affected.; Production/quality/inventory manipulation.; Unauthorized cross-zone commands/data manipulation.",High,"Non-destructive validation by default; active testing only within written authorization, approved scope, testing window, rate limits and rollback/stop conditions.",Written authorization; confirmed scope; test accounts/access; testing window; logging/evidence plan,"API logs, role matrices, interface configs, transaction evidence.; Access logs, permissions, sample evidence, DLP alerts.; Gateway config, ACLs, message logs, certificates.; IAM/policy evidence, access logs, object ACLs, classification.; Model/data lineage, API logs, IAM, deployment evidence.",MFG-E011;MFG-E045;MFG-E071;MFG-E195;MFG-E196;MFG-E252;MFG-E266;MFG-X440,NIST SP 800-115
